CustomerID,Permanencia,Compras,Canasta_Prom,Ticket_Prom,Precio_Prom,Precio_Max,Productos Distintos,Pct_Devoluciones,Comprador Local,Nomada
12347.0,0.49700716154521635,0.8003467725008181,0.9966824941682991,1.0955274603770881,-0.24235448580535354,-0.07426329780256188,0.8893223210263874,-0.8039250393948271,0,0
12348.0,0.3464138259971809,0.29945468039331957,1.40897023947711,0.5222027388437381,-1.1481910240768762,1.162232255027529,-0.41184883109283577,-0.8039250393948271,0,0
12349.0,1.14957828225337,0.07422339860702587,1.0946005810241881,1.896757971854386,0.48326321483631696,3.4184575305454614,0.9633903749728084,0.9153033772197167,0,0
12350.0,-1.0552626048729952,-1.0577180989205999,0.3128801098140292,0.2651869668620285,-0.2113043848241434,1.162232255027529,-0.7135169018659211,-0.8039250393948271,0,0
12351.0,-1.0552626048729952,-1.0577180989205999,0.6167361401019108,0.12166878292867744,-0.6956647300438601,-0.07426329780256188,-0.5488939424337871,-0.8039250393948271,0,0
12352.0,0.31938425295009765,1.048245697623346,-0.763712842312241,0.04759571373468385,1.0869432657617262,3.6747583439196623,0.41227490000197986,1.073874783839221,0,0
12353.0,-0.2675436189294251,-0.5568260068131017,-0.35480874479920405,-0.41103885108970983,-0.04196979713310354,-0.3319664456362507,-0.47751296500053947,-0.8039250393948271,0,0
12354.0,-1.0552626048729952,-1.0577180989205999,1.3831284537619843,1.8621087726661611,0.04312408297227384,0.22741126261658207,0.26039076371065795,-0.8039250393948271,0,0
12355.0,0.3078001502156334,-0.5568260068131017,0.6593663175722636,0.7396922628951539,-0.17366469244813573,-0.07426329780256188,-0.14488409814227088,-0.8039250393948271,0,0
12356.0,0.49700716154521635,0.48988501576479315,1.4609712691068175,1.8403031301177168,-0.08163578065686868,0.7703274506147764,0.733267206846029,-0.8039250393948271,0,0
12357.0,0.3155228853719429,-0.20143741171417867,2.923615092288712,4.224458197650075,0.5114950904006578,4.594707444569586,1.4833947981088922,-0.8039250393948271,0,0
12358.0,1.7635357271799759,0.29945468039331957,0.4112894716093757,1.4145685853073573,0.9365346857152546,1.162232255027529,0.23209955581276964,-0.8039250393948271,0,0
12359.0,1.558883245537774,1.048245697623346,0.6739979580908622,1.6044790026149391,0.7638817640016279,2.5996183390222924,1.6107485536704966,1.3056202738679257,0,0
12360.0,1.273142044754322,0.8003467725008181,0.7935445282472663,0.8965330531736951,-0.18592239718777226,1.162232255027529,1.0839267715139342,0.31649817812236203,0,0
12361.0,0.4699775884981331,0.07422339860702587,-0.9869361500848558,-1.0412316454509312,0.1392325220773318,0.09725622010391866,-0.6691621147691496,-0.8039250393948271,0,0
12362.0,1.7828425650707498,1.1557353675997408,0.3438162160203257,0.7769173146593894,0.287165290077683,2.4769240261503347,1.2700372201923964,0.9917078520475852,0,0
12363.0,-0.5417007169784127,-0.5568260068131017,0.3505727320698112,0.004021815925503766,-0.5048693197966752,-0.5602283770286947,-0.47751296500053947,-0.8039250393948271,0,0
12364.0,-0.6498190091667458,0.07422339860702587,1.012969871546307,0.24002614093341348,-0.9962143057993413,0.09725622010391866,0.41227490000197986,-0.8039250393948271,0,0
12365.0,-1.0552626048729952,-0.5568260068131017,-0.56689802315073,0.20821102920004217,0.9752158663607419,3.493695383463087,-0.5124273288630706,1.4608215350480005,0,0
12366.0,-1.0552626048729952,-1.0577180989205999,0.7527691762964093,0.8136581632366965,-0.21725561824101738,-1.9207421836798164,-1.947407439306109,-0.8039250393948271,0,0
12367.0,-1.0552626048729952,-1.0577180989205999,0.1726983116698862,-0.6632821349320794,-0.879630346819643,0.29175106031440495,-1.0461457687241897,-0.8039250393948271,0,0
12368.0,-1.0552626048729952,-1.0577180989205999,0.8703573965225405,1.6407783122242179,0.5141008012483779,0.09371390337111857,-0.6691621147691496,-0.8039250393948271,0,0
12369.0,-0.17487079705371097,-0.20143741171417867,1.1148467656149614,1.0547321357346242,-0.4239007207687308,1.162232255027529,0.6158724655605186,-0.8039250393948271,0,0
12370.0,1.3272011908484886,0.6548432754922423,1.000375021635418,1.0999422004870427,-0.2425872045023237,1.162232255027529,1.123709777120437,-0.8039250393948271,0,1
12371.0,1.2654193095980126,0.29945468039331957,0.720138147283273,1.4763921565435967,0.5431822554434846,1.162232255027529,0.9394364476328624,-0.8039250393948271,0,0
12372.0,-0.18645489978817523,-0.20143741171417867,0.6318139560105275,0.616011854348389,-0.2617907796342428,0.29175106031440495,-0.1679944637358899,-0.8039250393948271,0,0
12373.0,0.34255245841902615,-0.20143741171417867,0.1664452688392444,0.4243816153285928,0.1458768864772013,1.162232255027529,-0.12240697358821374,-0.8039250393948271,0,0
12374.0,1.1186873416281318,0.07422339860702587,0.904238065777796,1.3607156493142518,0.1521805708084356,1.162232255027529,0.5101826507817058,-0.8039250393948271,0,0
12375.0,-0.7154622579953767,-0.5568260068131017,-0.5425172234610122,-0.2512996025481604,0.3909217773733934,1.162232255027529,-0.8630868935309756,1.4608215350480005,0,0
12376.0,-0.9471443126846619,-0.5568260068131017,-0.22140759327582904,-0.12199577720923016,0.08505877703732509,1.162232255027529,-1.0461457687241897,-0.8039250393948271,0,0
12377.0,0.002752111541407747,0.07422339860702587,1.3754395489512716,1.5467931582929968,-0.26759239024064224,1.162232255027529,0.9084756515476784,-0.8039250393948271,0,0
12378.0,0.6167095564680137,-0.5568260068131017,2.6190554224102525,3.1171169481965775,-0.26295012080150654,1.1608512063238763,1.5437428598137455,-0.8039250393948271,0,0
12379.0,0.6939369080311089,0.07422339860702587,0.3492488759839693,0.5261588453619763,0.00845912051847275,0.09725622010391866,0.26039076371065795,0.9153033772197167,0,0
12380.0,1.4198740127242027,1.1557353675997408,0.7851566538599358,1.5830537560332,0.5719734854828317,5.24346134303585,1.0632876017895492,1.2321901792666519,0,0
12381.0,-0.6112053333851982,0.29945468039331957,0.09918321199807652,0.39944667238791953,0.21125886921899995,1.162232255027529,0.41227490000197986,0.7169161657937569,0,0
12383.0,-0.40655285174299627,0.29945468039331957,0.7901089281871587,0.40331466169170976,-0.6415217003377087,0.29175106031440495,0.5599168914235233,0.7169161657937569,0,0
12384.0,-0.6961554201046029,-0.5568260068131017,-0.9123884530256321,0.08363835966766153,1.375181240617388,1.162232255027529,-0.38088803500765217,1.4608215350480005,0,0
12385.0,-1.0552626048729952,-1.0577180989205999,1.5389232455351918,2.660796180958086,0.7231563019738747,0.09725622010391866,0.3523677281481314,1.7659550299964637,0,0
12386.0,-0.9432829451065071,-0.5568260068131017,0.19735618962128842,-0.4273674309225639,-0.7133774273048595,-0.7231586611558216,-1.1175267461574372,-0.8039250393948271,0,0
12387.0,-1.0552626048729952,-1.0577180989205999,-0.1026281569786321,-0.8801937816093645,-0.7757806266249584,0.22741126261658207,-1.195715760389244,-0.8039250393948271,0,0
12388.0,1.134132811940751,0.8003467725008181,0.5707432390546828,0.7788988698653616,-0.01934386105440624,-0.2142740832441155,0.5502083316528148,-0.8039250393948271,0,0
12389.0,-0.07833660759984211,-0.20143741171417867,0.35409513752682215,0.7510641689000075,0.24411978756769223,-0.3319664456362507,-0.018424472070835033,-0.8039250393948271,0,0
12390.0,-1.0552626048729952,-1.0577180989205999,0.9432393872796042,0.9424744661750695,-0.3256709311107303,0.22741126261658207,-0.21626507557551844,-0.8039250393948271,0,0
12391.0,1.4198740127242027,0.48988501576479315,0.34703885295913234,0.7060188966539919,0.20437550204321894,1.932129182619007,1.4182523581621846,0.5566200963305212,0,0
12392.0,-1.0552626048729952,-1.0577180989205999,-0.7548805010380715,-0.21610537251151885,0.7479810126180748,-0.3319664456362507,-1.3787746355824586,-0.8039250393948271,0,0
12393.0,0.31938425295009765,0.48988501576479315,0.42471723781902304,0.5087450282459157,-0.10807147831145611,-0.07426329780256188,0.32712377558849165,0.5566200963305212,0,0
12394.0,-0.46061199783716283,-0.5568260068131017,1.1038903007741174,1.1413820141624353,-0.3289668567409935,0.29175106031440495,-0.38088803500765217,-0.8039250393948271,0,1
12395.0,1.195914693191227,1.5111239626986637,0.4005610783470504,0.18274454600264162,-0.39789805233946085,1.1608512063238763,1.0036970504436913,0.7169161657937569,0,0
12396.0,-1.0552626048729952,-1.0577180989205999,1.5011054772429662,1.6610298232680762,-0.3102677140576525,-0.23305906672429438,0.3523677281481314,-0.8039250393948271,0,0
12397.0,-0.6691258470575195,-0.5568260068131017,1.572897195605505,2.0121902003541017,-0.04978881011023304,0.22741126261658207,0.778854696993705,-0.8039250393948271,0,0
12398.0,-1.0552626048729952,-1.0577180989205999,2.431019920406789,2.429098541670742,-0.6754351925946858,1.162232255027529,0.5695118981833196,-0.8039250393948271,0,0
12399.0,0.9719553736582512,0.6548432754922423,0.8166052305187119,0.02518978966567371,-0.9724129567298609,0.09725622010391866,0.3768580162303092,-0.8039250393948271,0,0
12400.0,-1.0552626048729952,-1.0577180989205999,-0.5186723091502936,-0.39860488196416094,0.19266050230222692,-1.0222871175758335,-1.0461457687241897,-0.8039250393948271,0,0
12401.0,-1.0552626048729952,-1.0577180989205999,-2.728485364824289,-1.6039309222105338,2.2954679007195327,0.09725622010391866,-1.6147785724478398,-0.8039250393948271,0,0
12402.0,0.28463194474670483,0.48988501576479315,-0.4464456490852954,-0.37086816743909723,0.1234070175653465,0.09725622010391866,0.019738861289862828,0.5566200963305212,0,0
12403.0,0.7673028920160492,-0.5568260068131017,-0.13525918599176848,0.8391296481919345,1.0801309153460332,0.29175106031440495,-1.6147785724478398,1.4608215350480005,0,0
12404.0,-1.0552626048729952,-1.0577180989205999,-4.672365083494027,-1.9910218857936828,6.599716310383915,1.6704577771100464,-2.516040243029759,-0.8039250393948271,0,0
12405.0,-1.0552626048729952,-1.0577180989205999,1.903709089771483,2.490050973278813,0.014051147601407687,1.162232255027529,0.20279773648307728,-0.8039250393948271,0,0
12406.0,1.5511605103814645,0.29945468039331957,1.6581378392787036,2.0925537412969977,-0.07756903992592165,0.09371390337111857,0.807897153777444,1.3056202738679257,0,0
12407.0,-0.2250685755697228,0.29945468039331957,0.704975078266057,0.29427838922267724,-0.6431160077472303,0.29175106031440495,0.24636711066584036,-0.8039250393948271,0,0
12408.0,0.7441346865471207,0.8003467725008181,0.6873684588183592,0.9244029256171284,-0.020927402833723872,1.0134691263446138,0.733267206846029,1.6719867635063792,0,0
12409.0,0.8252234056883705,0.6548432754922423,2.753904792987899,3.405590604067207,-0.14509842828196354,0.843979790974327,1.1662742139876363,1.7209480676302453,0,0
12410.0,-0.30615729471097264,-0.20143741171417867,-0.27973309019988574,0.2793725081903654,0.6204361232986669,1.162232255027529,-0.12240697358821374,1.1620610054185785,0,0
12411.0,-1.0552626048729952,-1.0577180989205999,-0.07094999616330684,0.3151401188018726,0.35667768671377303,-0.3319664456362507,-0.5124273288630706,-0.8039250393948271,0,0
12412.0,0.7402733189689659,0.48988501576479315,0.8796045313582759,0.6164577294407231,-0.5533716426305801,0.29175106031440495,0.5403834989422175,1.1620610054185785,0,0
12413.0,0.24215690138700255,0.07422339860702587,-0.6601764738788992,-0.13128335670517666,0.7054274378011723,0.843979790974327,-0.018424472070835033,1.4608215350480005,0,1
12414.0,-0.10536618064692539,0.48988501576479315,-0.623844618483062,-0.7475045389715704,-0.038012346606461786,2.4769240261503347,-0.5488939424337871,1.1620610054185785,0,0
12415.0,0.8870052869388466,2.2457965188165505,3.357738637600917,3.996751592506487,-0.31145681725861374,3.5923832584983155,2.0119236382450216,0.616793403030325,0,0
12416.0,-1.0552626048729952,-1.0577180989205999,-0.11882099381998272,-0.41652710248752395,-0.3451415996618582,-1.7601883558991351,-1.0461457687241897,-0.8039250393948271,0,0
12417.0,1.7635357271799759,1.8470577950787128,-0.017645945876385277,0.291172967730315,0.2545610417304061,0.843979790974327,1.5111020227440544,1.2017201856048274,0,1
12418.0,0.9449258006111679,0.07422339860702587,0.6613551355952684,0.8273703816460778,-0.08731528501250096,-0.3319664456362507,0.6158724655605186,0.9153033772197167,0,0
12419.0,-0.9471443126846619,-0.5568260068131017,-0.2625245113706964,-0.12237417946956075,0.14058554935767784,0.7703274506147764,-0.47751296500053947,-0.8039250393948271,0,0
12420.0,-1.0552626048729952,-1.0577180989205999,0.9184405949329226,1.0623351343657754,-0.17748507539840097,0.22741126261658207,-0.2944540898073254,-0.8039250393948271,0,0
12421.0,0.8368075084228348,0.48988501576479315,-0.32810216725672203,-0.553701445107752,-0.22127713790789685,0.7703274506147764,0.03817477705094321,1.1620610054185785,0,0
12422.0,1.3619534990518813,1.656627459707239,0.03815512221165503,0.1521750986817893,0.028020994510034515,4.312602482361668,0.9574671454424988,0.8615676530235191,0,1
12423.0,0.7402733189689659,1.048245697623346,0.21128476404556187,-0.06554047342460784,-0.40703268317373187,0.29175106031440495,0.9021407650415885,0.14676385148134682,0,1
12424.0,0.4352252802947403,0.07422339860702587,1.3334855567217314,1.512012949983346,-0.24993007472325612,-0.3319664456362507,0.4998634741417061,1.6719867635063792,0,0
12425.0,0.3734433990442642,-0.5568260068131017,1.4685513867746005,1.569095342149389,-0.35901573980489077,-0.07426329780256188,0.5883716650135135,1.4608215350480005,0,0
12426.0,0.7518574217034302,-0.5568260068131017,0.7380584434119645,1.217145430377339,0.22407123515436103,0.29175106031440495,0.4462258301354361,1.4608215350480005,0,0
12427.0,0.2962160474811691,-0.20143741171417867,0.2014118950089062,0.0004028622342829588,-0.3326348445646599,0.29175106031440495,-0.38088803500765217,1.6204927696584461,0,0
12428.0,-0.05902976970906833,0.9305040858134475,1.0590762664864433,1.5898381464231268,0.18911748494708544,3.322780194649353,1.4739471267887907,1.1620610054185785,0,0
12429.0,1.0182917845961084,0.8003467725008181,0.9682329517005105,1.411297815781035,0.11974309157947126,0.7703274506147764,0.8763004011681347,0.31649817812236203,0,1
12430.0,-1.0552626048729952,-1.0577180989205999,-0.24864500529645414,-0.0961626346176288,0.1499768518074663,1.162232255027529,-1.0461457687241897,-0.8039250393948271,0,0
12431.0,1.4855172615528336,2.2024463901776357,0.16132341417382579,0.4706601301842307,0.2033173445931614,0.22741126261658207,1.4283596366411153,0.8107045800741712,0,1
12432.0,-0.5532848197128769,0.29945468039331957,0.9650837479573795,1.7739880723972636,0.5301009014904509,4.375252582245368,0.7563775724396483,-0.8039250393948271,0,0
12433.0,0.7827483623286682,1.048245697623346,2.398976464299131,2.4651152188084513,-0.6096995416285758,0.09371390337111857,1.5552974695031356,0.14676385148134682,0,0
12434.0,0.0915635658389671,-0.20143741171417867,0.19938593750563494,0.39482018495896937,0.06950148202129823,-0.3319664456362507,0.31420439478743356,1.6204927696584461,0,0
12435.0,1.4855172615528336,0.48988501576479315,1.8642226137494007,2.906588004546944,0.5298792764166271,0.09371390337111857,0.5976414102639861,-0.8039250393948271,0,0
12436.0,-1.0552626048729952,-1.0577180989205999,0.3869996526675594,0.8373374053433819,0.29376894162255307,1.162232255027529,-0.7604075912169913,-0.8039250393948271,0,0
12437.0,1.7867039326489045,2.6430654602262895,0.35666198993234965,0.2272817373631876,-0.3026060658199287,0.29175106031440495,1.5231222191235918,0.7394234160208862,0,0
12438.0,-0.5687302900254959,-0.5568260068131017,1.4992713264633708,2.267944718794113,0.3256789424405116,1.162232255027529,0.5599168914235233,-0.8039250393948271,0,0
12439.0,-0.8892237990123406,-0.5568260068131017,0.5350615532925883,1.0131066870987633,0.2814975008975935,0.09371390337111857,0.4006383399877607,1.4608215350480005,0,0
12440.0,-0.0706138724435326,-0.5568260068131017,0.12489763192668875,0.6062818296504476,0.40623908744604,1.162232255027529,-0.5488939424337871,1.4608215350480005,0,0
12441.0,-1.0552626048729952,-1.0577180989205999,-0.21247832535746608,-0.6264209748254904,-0.4318415614833546,0.29175106031440495,-1.0461457687241897,-0.8039250393948271,0,0
12442.0,-1.0552626048729952,-1.0577180989205999,0.22741074112491402,-0.6381243874600654,-0.9135037518133425,0.7703274506147764,-0.980481634816486,-0.8039250393948271,0,0
12443.0,-1.0552626048729952,-1.0577180989205999,0.22741074112491402,0.7723772158058366,0.4481103627311307,1.162232255027529,-0.5488939424337871,-0.8039250393948271,0,0
12444.0,-0.47605746814978184,0.29945468039331957,0.4848045712811853,1.7593915040194246,1.2533274391484477,1.162232255027529,0.9633903749728084,-0.8039250393948271,0,0
12445.0,0.48156169123259734,-0.5568260068131017,-0.38566105877315654,-0.319901323260552,0.09550653537836983,0.7703274506147764,-0.4440240814723802,1.4608215350480005,0,0
12446.0,-1.0552626048729952,-1.0577180989205999,0.9401703613921558,1.761049798857615,0.5515936208259637,0.09371390337111857,0.26039076371065795,-0.8039250393948271,0,0
12447.0,-1.0552626048729952,-1.0577180989205999,0.27383065290268127,0.7473904734914919,0.353051370869291,0.09725622010391866,-0.38088803500765217,-0.8039250393948271,0,0
12448.0,-1.0552626048729952,-1.0577180989205999,0.5395170007362131,0.6678065013585408,-0.09343754834578799,1.7010479979872455,-0.5124273288630706,-0.8039250393948271,0,0
12449.0,0.5510663076393829,0.48988501576479315,1.0239309568067227,1.463772534885314,0.10074211197421115,0.29175106031440495,0.8828371985110838,-0.8039250393948271,0,1
12450.0,0.17265228498021695,0.29945468039331957,-0.5497741062223781,-0.940860746194713,-0.32618071549720296,-0.07426329780256188,-0.2415090281351582,1.3056202738679257,0,0
12451.0,0.9487871681893226,0.8003467725008181,2.2410072026152767,2.3850850328780817,-0.5041178992049672,1.162232255027529,1.727964547003231,0.9153033772197167,0,0
12452.0,-1.0552626048729952,-0.5568260068131017,-0.5011263753236017,-0.3337485755381189,0.23959958085180744,1.162232255027529,-0.5488939424337871,1.4608215350480005,0,0
12453.0,-1.0552626048729952,-1.0577180989205999,1.2599329684305292,1.2853045696309964,-0.3790079513753538,-0.7231586611558216,0.019738861289862828,-0.8039250393948271,0,0
12454.0,0.35413656115349046,0.29945468039331957,2.5394300893290147,3.4016456356267226,0.1323408219505248,3.0688001717572195,-0.4440240814723802,1.6968657294740452,0,0
12455.0,1.446903585771286,1.048245697623346,0.871012727214606,1.0339042327302097,-0.1459939327391317,1.1608512063238763,1.2618743296985702,-0.8039250393948271,0,1
12456.0,-0.24437541346049657,-0.20143741171417867,1.4120249881853724,1.8378186239366343,-0.020514776379728598,1.162232255027529,0.7410432245545576,1.1620610054185785,0,0
12457.0,0.36958203146610946,0.8003467725008181,-0.07976638720980002,0.41932071078158684,0.4884247176308367,1.162232255027529,0.32712377558849165,1.6719867635063792,0,1
12458.0,0.5510663076393829,0.07422339860702587,0.5549685325075681,0.6523308667359488,-0.1290603588685103,1.162232255027529,0.42374870558137934,-0.8039250393948271,0,0
12459.0,-1.0552626048729952,-1.0577180989205999,0.6042419529416526,0.6826065957676075,-0.16122039817703956,0.7703274506147764,-0.47751296500053947,-0.8039250393948271,0,0
12460.0,-1.0552626048729952,-1.0577180989205999,0.1538300112587326,0.23327224581265105,-0.039916134721306853,0.09725622010391866,-0.6691621147691496,-0.8039250393948271,0,0
12461.0,-0.8235805501837098,-0.5568260068131017,-0.028849831277695092,0.554062307920737,0.5702979549079763,1.162232255027529,-0.14488409814227088,-0.8039250393948271,0,0
12462.0,0.045227154901110046,-0.5568260068131017,0.6453415617959198,1.049574923921799,0.1686974415991357,0.7703274506147764,0.15678397263081445,1.7659550299964637,0,0
12463.0,-0.32932550017990114,0.07422339860702587,0.2963164304027624,0.2724736133534255,-0.18321354055955472,0.29175106031440495,0.3523677281481314,1.6719867635063792,0,0
12464.0,0.09928630099527662,0.8003467725008181,-2.4863969421307504,-0.8107262707530827,2.963219148138025,0.22741126261658207,-1.4883189463764042,-0.8039250393948271,0,0
12465.0,-0.46833473299347234,-0.5568260068131017,0.5238422193080833,0.4069259306146436,-0.33253889254989893,0.09725622010391866,0.07384838550817617,1.4608215350480005,0,0
12466.0,-1.0552626048729952,-1.0577180989205999,-4.672365083494027,-2.136888776611997,6.3701645184799185,1.549529248326863,-2.516040243029759,-0.8039250393948271,0,0
12467.0,-1.0552626048729952,-1.0577180989205999,-0.14357263607961768,-0.9893712780642142,-0.822608757080449,-1.1639429167840407,-1.195715760389244,1.7659550299964637,0,0
12468.0,0.8561143463136085,0.29945468039331957,1.1821358422840196,1.336499208008282,-0.23509138136209332,0.29175106031440495,0.8957565793121419,1.7659550299964637,0,0
12469.0,-1.0012034587788285,-0.5568260068131017,2.3351355554062816,2.3426832111597844,-0.6461462772693817,-0.07426329780256188,0.4788273542195676,-0.8039250393948271,0,0
12470.0,-1.0552626048729952,-1.0577180989205999,-0.47249938654325196,-0.3549627092164621,0.17646990806839571,0.16253566624592464,-0.47751296500053947,-0.8039250393948271,0,0
12471.0,1.7635357271799759,3.49934614743271,0.40128586562456636,0.8289084880965618,0.26436322865224143,3.1668501334254113,1.4643893830357921,1.5952173884540575,0,0
12472.0,1.62066512678825,1.7867847730198683,1.4157531104334713,1.5446357093786098,-0.3188581049656906,0.843979790974327,1.8263950259350321,1.7514922178544727,0,0
12473.0,-0.4297210572119248,0.29945468039331957,1.2932893950859072,1.4325071326847678,-0.27815191761654023,4.101396540263076,0.9751100560900954,1.6968657294740452,0,0
12474.0,1.4507649533494409,2.367404649905085,0.5982802048532669,0.5117395862271598,-0.32196341926452154,1.7010479979872455,1.7665503127759508,1.667591395071394,0,0
12475.0,0.31938425295009765,-0.5568260068131017,1.0385315234956893,1.0030206240061754,-0.38228471101060696,0.29175106031440495,0.20279773648307728,-0.8039250393948271,0,0
12476.0,0.8213620381102158,2.0120160548061623,0.5502891452558627,1.0922495356490671,0.34855950805620606,0.5055184603984593,1.741791229237234,1.609994081539992,0,0
12477.0,1.2654193095980126,0.9305040858134475,1.6528748395148196,2.8659763276708072,0.797311125260337,0.22741126261658207,1.5834914375827365,1.1620610054185785,0,0
12478.0,-1.0552626048729952,-1.0577180989205999,0.50793764233685,1.2340340633794185,0.5727520057078318,1.292464186651415,-0.12240697358821374,-0.8039250393948271,0,0
12479.0,-1.0552626048729952,-1.0577180989205999,1.037127122098632,0.8851792356830508,-0.489938509800364,0.29175106031440495,-0.2415090281351582,1.8596832102061218,0,0
12480.0,0.7943324650631325,0.6548432754922423,1.1357001898784553,1.4203069036778342,-0.09219546116342953,0.29175106031440495,1.1662742139876363,0.42541977181113405,0,0
12481.0,1.2036374283475364,1.5111239626986637,1.271015090220445,1.4763776300108464,-0.20746306390995423,3.4407958071325884,1.441645169524136,0.7169161657937569,0,0
12482.0,-0.757937301355079,2.287676865127367,1.9951861090189351,1.482194014496452,-0.9914176272621519,4.627269914751426,0.0008790944596697093,0.17146691500164532,0,0
12483.0,1.493239996709143,1.7867847730198683,-0.27360883908678363,-0.02837338720094498,0.2589696357176571,1.162232255027529,0.38883434171884856,1.3434851924743079,0,0
12484.0,1.4507649533494409,1.254616278688769,0.6636708246873176,0.8945697576152158,-0.02088684650775259,0.7703274506147764,1.672692210788646,1.1620610054185785,0,0
12485.0,-1.0552626048729952,-1.0577180989205999,1.1157185213289837,1.2872504190052596,-0.20103530862190078,-0.44035248611375827,-0.1679944637358899,-0.8039250393948271,0,0
12486.0,-1.0552626048729952,-1.0577180989205999,1.36873146619559,1.807821744066719,0.005096571981143745,1.162232255027529,0.12460872225127,-0.8039250393948271,0,0
12487.0,-1.0552626048729952,-1.0577180989205999,0.17891552024749155,0.04910333194182965,-0.2578446299391432,-1.606782133071617,-2.18341137617149,1.7659550299964637,0,0
12488.0,-0.8004123447147813,-0.20143741171417867,0.1932852657913164,0.6166622586974134,0.32040091160162554,0.29175106031440495,0.07384838550817617,-0.8039250393948271,0,0
12489.0,-1.0552626048729952,-1.0577180989205999,-0.3649956734261198,0.2673425052204209,0.7347189931125774,0.29175106031440495,-0.8101418318588084,-0.8039250393948271,0,0
12490.0,1.7751198299144402,1.9045263848297673,0.6974597686014007,0.7222942883772797,-0.23866017926567026,1.4312217274967531,1.2453007614479012,-0.2880077351467733,0,0
12491.0,-1.0552626048729952,-1.0577180989205999,0.6125873781522663,0.7005954464776707,-0.15369858626662086,0.29175106031440495,-0.41184883109283577,-0.8039250393948271,0,0
12492.0,0.2576023716996216,-0.20143741171417867,0.004420576082459907,-0.19511211039449525,-0.281431273902578,0.29175106031440495,-0.07921996423456719,-0.8039250393948271,0,0
12493.0,-0.9316988423720429,-0.5568260068131017,-0.38045769183112654,-0.3237807084157777,0.08429820956928341,0.29175106031440495,-0.5870572757944853,1.4608215350480005,0,0
12494.0,1.1109646064718224,0.9305040858134475,-0.3270035343246331,-0.4223293267831986,-0.0899573155548869,0.29175106031440495,0.5502083316528148,1.7326327145592921,0,0
12495.0,-1.0552626048729952,-1.0577180989205999,-0.13525918599176848,0.3557328189234968,0.49602483606296194,1.162232255027529,-0.7135169018659211,1.7659550299964637,0,0
12496.0,-1.0552626048729952,-0.5568260068131017,-2.319158880727085,-3.122493929587227,-0.25830392403625607,-1.277214299835045,-1.1175267461574372,-0.8039250393948271,0,0
12497.0,1.1186873416281318,-0.20143741171417867,2.7639236206178865,2.75885682496374,-0.7501011576417507,0.29175106031440495,-0.018424472070835033,1.1620610054185785,0,0
12498.0,-0.9162533720594239,-0.20143741171417867,-1.0967119057658503,-0.9714638654322947,0.37204591704155204,0.29175106031440495,-0.5488939424337871,-0.8039250393948271,0,0
12499.0,-1.0552626048729952,-1.0577180989205999,0.774467898160967,0.48750827762710774,-0.5502985000128382,0.29175106031440495,-0.351053338929104,-0.8039250393948271,0,0
12500.0,1.4546263209275956,1.7867847730198683,0.20183793072132308,0.1770576705462804,-0.15937215440970173,0.5055184603984593,0.5976414102639861,1.1172059901002778,0,0
12501.0,-1.0552626048729952,-1.0577180989205999,2.69786583275805,2.8144160304784567,-0.6330047471452869,0.29175106031440495,1.0258703928331887,1.7659550299964637,0,0
12502.0,-0.22892994314787754,0.29945468039331957,0.11507946602518795,1.356090403168151,1.335349991399001,0.7703274506147764,0.7174904951184494,-0.8039250393948271,0,0
12503.0,-1.0552626048729952,-1.0577180989205999,1.4446854897655141,1.9197569072497755,0.022169847251281214,3.118886631089241,-2.18341137617149,1.7659550299964637,0,0
12504.0,1.176607855300453,0.07422339860702587,-0.2718771548759853,-0.46984863960356904,-0.20850225410315001,0.29175106031440495,-1.0461457687241897,1.4608215350480005,0,0
12505.0,-1.0552626048729952,-1.0577180989205999,0.8505111127076004,1.695395197805712,0.6070870634448787,0.7703274506147764,0.0008790944596697093,1.8596832102061218,0,0
12506.0,-1.0552626048729952,-1.0577180989205999,-1.97649003873061,-1.7887408854816382,0.7377127930957225,-0.5602283770286947,-0.47751296500053947,-0.8039250393948271,0,0
12507.0,0.6823528052966445,0.07422339860702587,0.8260354749630356,0.7024138660865582,-0.4132508670223831,0.7703274506147764,0.07384838550817617,0.9153033772197167,0,0
12508.0,-1.0436785021385309,-0.5568260068131017,-0.08667345873840847,-0.4396921650189805,-0.4055877316704892,-1.0222871175758335,0.24636711066584036,-0.8039250393948271,0,0
12509.0,-1.0552626048729952,-1.0577180989205999,-1.0572566512332655,-0.6035416247558713,0.7445830683272151,0.29175106031440495,-1.3787746355824586,-0.8039250393948271,0,0
12510.0,1.2345283689727746,0.9305040858134475,0.46910386415012345,1.0042423680564403,0.3648112391820791,4.749944490269996,0.651162367871365,1.6862906204510737,0,0
12511.0,-1.0552626048729952,-1.0577180989205999,2.679466862772266,3.294478814970274,-0.16262456229993225,0.40232454155815495,1.2241015527489714,1.7659550299964637,0,0
12512.0,-1.0552626048729952,-0.5568260068131017,-1.1694118205087707,-1.873503600916971,-0.4674859958576504,-0.5602283770286947,-0.2415090281351582,-0.8039250393948271,0,0
12513.0,-1.0552626048729952,-1.0577180989205999,1.2344592277986843,1.0890845824849487,-0.5302539526097598,0.29175106031440495,-0.14488409814227088,1.7659550299964637,0,0
12514.0,0.3888888693568832,-0.5568260068131017,1.131291514955286,1.4517055026720658,-0.0542117214738831,-0.07426329780256188,0.4788273542195676,-0.8039250393948271,0,0
12515.0,-1.0552626048729952,-1.0577180989205999,-0.12700895666835094,0.4524059469010779,0.5966464782516723,1.0150421207218105,-0.7604075912169913,-0.8039250393948271,0,0
12516.0,0.9603712709237869,0.07422339860702587,1.2937332077031527,1.1958008536571552,-0.5012805067930476,0.29175106031440495,0.12460872225127,-0.8039250393948271,0,0
12517.0,-0.4297210572119248,0.29945468039331957,0.6700628796826338,0.8145512053104195,-0.1116315390703471,0.29175106031440495,1.387161169686037,0.7169161657937569,0,0
12518.0,-0.630512171275972,0.29945468039331957,0.6274492534063799,0.5472531173430698,-0.3231573307418141,0.29175106031440495,0.5599168914235233,-0.8039250393948271,0,0
12519.0,0.5394822049049186,-0.5568260068131017,0.315616302759299,0.37791087500494763,-0.10117670994397933,0.29175106031440495,-0.1679944637358899,1.4608215350480005,0,0
12520.0,-0.30615729471097264,0.29945468039331957,0.7223944391073955,0.8842795106433865,-0.10778730121638824,0.29175106031440495,0.8563715573771615,0.7169161657937569,0,0
12521.0,-1.0552626048729952,-1.0577180989205999,0.7992464613483503,1.0607224681364356,-0.02581291143759213,0.29175106031440495,-0.07921996423456719,-0.8039250393948271,0,0
12522.0,-1.008926193935138,-0.5568260068131017,-0.45012952334722056,-1.4233998502793852,-0.8611198397138865,0.29175106031440495,-1.0461457687241897,-0.8039250393948271,0,0
12523.0,1.6978924783513452,2.0120160548061623,-0.4291554092880954,-0.5028030482467791,-0.039656131319252975,0.6467390474220279,1.1616524342925765,1.086100284898418,0,0
12524.0,1.493239996709143,1.656627459707239,1.1370365391458255,1.1799028750101428,-0.3320568891962159,0.29175106031440495,1.0684962778653564,-0.18473051374715874,0,0
12525.0,-0.4799188357279366,-0.20143741171417867,0.1517131326793463,0.22460616900907993,-0.04613539710817963,0.29175106031440495,0.23209955581276964,1.8473187889165001,0,0
12526.0,-0.6922940525264482,-0.20143741171417867,0.3852924927122681,0.6354111305682408,0.07592573227348494,0.29175106031440495,0.3398428478240282,-0.8039250393948271,0,0
12527.0,0.674630070140335,0.29945468039331957,-0.362950621118913,-0.8507316135433154,-0.4638410283585474,0.29175106031440495,-0.38088803500765217,-0.8039250393948271,0,0
12528.0,0.11473177130789564,0.48988501576479315,-0.16890218959256986,0.21480117846754954,0.38325902021173613,0.29175106031440495,0.14085407936492755,1.1620610054185785,0,0
12529.0,-1.0552626048729952,-1.0577180989205999,0.2851317960049527,0.1902269649856432,-0.2507931966976634,-0.3319664456362507,-0.5488939424337871,1.7659550299964637,0,0
12530.0,1.195914693191227,0.9305040858134475,0.772476890210484,0.5680086471046977,-0.4752127225306286,1.0134691263446138,0.651162367871365,1.1620610054185785,0,0
12531.0,1.5395764076470002,-0.5568260068131017,1.4417859782105078,1.7115747264539434,-0.18742326067242374,0.843979790974327,0.8893223210263874,1.4608215350480005,0,0
12532.0,-1.0552626048729952,-1.0577180989205999,0.04022910473531481,0.3265893579464779,0.21300567267573386,0.29175106031440495,-0.7604075912169913,-0.8039250393948271,0,0
12533.0,-0.6266508036978172,-0.5568260068131017,0.9401703613921558,1.2399364295540707,-0.024123351101134324,0.29175106031440495,0.32712377558849165,1.8596832102061218,0,0
12534.0,-1.0552626048729952,-1.0577180989205999,1.605839467314452,1.8744109461649083,-0.23080541231388008,0.3469702689073076,0.32712377558849165,-0.8039250393948271,0,0
12535.0,-0.6884326849482933,-0.5568260068131017,-0.3198894109460272,0.35868165358430226,0.7759544209923579,-0.44035248611375827,-0.3222656930578095,-0.8039250393948271,0,0
12536.0,-0.9934807236225189,-0.20143741171417867,1.997334730316529,3.716192139646035,1.3176491409949764,6.391225127333525,1.4802576481060286,1.6204927696584461,0,0
12537.0,-1.0552626048729952,-1.0577180989205999,1.2035618514198851,1.3342541112033868,-0.2637714441444744,1.162232255027529,0.019738861289862828,-0.8039250393948271,0,0
12538.0,0.29235467990301434,-0.5568260068131017,0.14106633547931893,0.20623626465609268,-0.05124822531858412,0.09371390337111857,-0.19177478749334104,-0.8039250393948271,0,0
12539.0,1.6245264943664048,0.6548432754922423,1.6005972435391438,2.4008206458527237,0.33156407876793115,0.7703274506147764,1.5290669098179432,0.42541977181113405,0,0
12540.0,1.6978924783513452,2.442297391715952,0.8830949344808258,1.2207349551164592,0.03109365710056905,0.843979790974327,1.7325993826424944,0.07951852525571697,0,0
12541.0,-0.08605934275615161,-0.20143741171417867,0.46434899929541584,0.23497945978803997,-0.42425253544027136,0.7703274506147764,0.07384838550817617,-0.8039250393948271,0,0
12542.0,-0.45288926268085333,-0.5568260068131017,0.6167361401019108,-0.1807231866048757,-0.9382090173392532,-0.07426329780256188,-0.0584501529419441,1.7659550299964637,0,0
12543.0,-1.0552626048729952,-1.0577180989205999,1.6657223730137143,1.7306986584586355,-0.4402559000161697,0.7703274506147764,0.019738861289862828,-0.8039250393948271,0,0
12544.0,-1.0552626048729952,-1.0577180989205999,-0.08667345873840847,0.41280179942398254,0.4909823353330794,0.7703274506147764,-0.6270829566655943,1.7659550299964637,0,0
12545.0,-0.3447709704925202,-0.5568260068131017,0.6188045867298707,0.8135355966354438,-0.04630794596930473,0.7703274506147764,0.0008790944596697093,-0.8039250393948271,0,0
12546.0,-0.9355602099501976,-0.5568260068131017,0.8251815591946482,1.0170077047027404,-0.1045302492320663,0.7703274506147764,0.2741787139163245,1.4608215350480005,0,0
12547.0,0.11473177130789564,-0.20143741171417867,-0.38566105877315654,-1.0407283286884859,-0.6092451146967099,0.7703274506147764,-0.9196861426527538,-0.8039250393948271,0,0
12548.0,-1.0552626048729952,-1.0577180989205999,-1.180206933732233,-1.4397628689579671,-0.024246303102372652,0.7703274506147764,-1.6147785724478398,-0.8039250393948271,0,0
12549.0,-0.584175760338115,0.48988501576479315,0.46910386415012345,-0.06360054584329675,-0.6951551231026253,-1.0128161897365857,-0.07921996423456719,-0.8039250393948271,0,0
12550.0,-1.0552626048729952,-1.0577180989205999,1.46002001965725,1.709075182457034,-0.21274075373682522,0.7703274506147764,0.24636711066584036,-0.8039250393948271,0,0
12551.0,-1.0552626048729952,-1.0577180989205999,-0.4174164944150915,-0.6705329664269034,-0.22525701910049611,-1.8163206498761402,-1.1175267461574372,-0.8039250393948271,0,0
12552.0,-1.0514012372948403,-0.5568260068131017,-1.2945125495546914,-0.3110575995001776,1.49732044337591,1.162232255027529,-0.5870572757944853,-0.8039250393948271,0,0
12553.0,0.5472049400612282,1.254616278688769,0.2949246406958758,0.45369172831557397,0.004326693896781869,0.843979790974327,0.7714305402067275,1.3358549073493926,0,0
12554.0,-1.0552626048729952,-1.0577180989205999,0.5260953871537395,0.7243533875216798,-0.017521444471665454,0.7703274506147764,-0.38088803500765217,-0.8039250393948271,0,0
12555.0,-1.0552626048729952,-1.0577180989205999,-4.672365083494027,-1.0262909012409231,8.117920509890908,2.470252014027242,-2.516040243029759,-0.8039250393948271,0,0
12556.0,-0.6652644794793648,-0.5568260068131017,0.20947810263266703,0.12584474851610428,-0.22018004910942088,-0.07426329780256188,0.7014044164687462,-0.8039250393948271,0,0
12557.0,1.6708629053042618,0.8003467725008181,1.8260778887835376,2.8714694063286315,0.5448965892916442,-1.277214299835045,-0.8101418318588084,-0.8039250393948271,0,0
12558.0,-1.0552626048729952,-1.0577180989205999,0.30738693388731153,-0.02607506724238676,-0.4827002000453727,-1.7675137489305075,-1.0461457687241897,1.7659550299964637,0,0
12559.0,-1.0205102966696022,-0.5568260068131017,-0.04397063253010862,0.0277419352937033,0.006186588645854345,0.29175106031440495,-0.5488939424337871,1.4608215350480005,0,0
12560.0,-0.5223938790876389,-0.20143741171417867,0.9941267805536043,1.2934675076920126,-0.03913608618697884,0.29175106031440495,0.6248382785842298,1.1620610054185785,0,0
12561.0,-1.0552626048729952,-1.0577180989205999,0.19735618962128842,-0.192567423353519,-0.5080730268213686,-0.5602283770286947,-0.7604075912169913,-0.8039250393948271,0,0
12562.0,0.5935413509990852,0.9305040858134475,0.606566573346213,0.9475209350689421,0.11127377976252412,0.29175106031440495,0.8007323595364199,-0.8039250393948271,0,0
12563.0,-1.0552626048729952,-1.0577180989205999,-0.2860590552236475,-0.13467514596514266,0.1595217763376662,0.7703274506147764,-0.9196861426527538,-0.8039250393948271,0,0
12564.0,-1.0552626048729952,-1.0577180989205999,-0.11069436460239296,0.690200344993719,0.8570659281963923,0.29175106031440495,-0.5488939424337871,-0.8039250393948271,0,0
12565.0,-1.0552626048729952,-1.0577180989205999,-0.6568228392834701,-0.8616707048772497,-0.11281645938767565,-0.9239688369703474,-1.195715760389244,1.7659550299964637,0,0
12566.0,-1.0552626048729952,-1.0577180989205999,0.6331743322736965,0.3336531263689609,-0.528704094666394,0.29175106031440495,-0.6270829566655943,1.7659550299964637,0,0
12567.0,1.431458115458667,1.5111239626986637,0.9458922051273865,1.4269373334446074,0.16706094152796172,1.2408682149390895,1.75763322795908,0.3685237356790315,0,0
12568.0,-1.0552626048729952,-1.0577180989205999,-1.2021248494409003,-1.8544317065304219,-0.41073294998216714,0.29175106031440495,-1.6147785724478398,-0.8039250393948271,0,0
12569.0,-0.08992071033430636,2.4054184769372653,-1.0327144201128906,-1.0297907222028568,0.2154566454566822,0.29175106031440495,0.6337071620011621,0.10086921593927713,0,0
12570.0,-1.0552626048729952,-1.0577180989205999,-4.672365083494027,-1.716995553660207,7.030953551523638,1.8976347670825557,-2.516040243029759,-0.8039250393948271,0,0
12571.0,-0.7386304634643052,-0.5568260068131017,0.6188045867298707,-0.07822200755584333,-0.8609947147002046,-1.0222871175758335,-0.2415090281351582,-0.8039250393948271,0,0
12572.0,-0.8892237990123406,-0.5568260068131017,0.46116747230061655,0.8405457276087491,0.19402733824956014,0.29175106031440495,0.18774476871599804,1.4608215350480005,0,0
12573.0,-0.1362571212721634,0.29945468039331957,-0.4634960159693679,-0.8845144421948556,-0.37658138380862677,-0.3319664456362507,0.7563775724396483,-0.8039250393948271,0,0
12574.0,-1.0552626048729952,-1.0577180989205999,-0.946832613532547,-0.31391619908134805,0.9265564031388399,0.29175106031440495,-1.0461457687241897,-0.8039250393948271,0,0
12575.0,-0.788828241980317,-0.5568260068131017,0.07147638258513936,0.16824996156677438,0.0006844287897933494,0.29175106031440495,-0.1679944637358899,-0.8039250393948271,0,0
12576.0,0.8406688760009895,0.8003467725008181,0.25521145127519207,-0.03679818473498383,-0.4319127426186752,1.162232255027529,0.807897153777444,1.256310742518105,0,0
12577.0,1.651556067413488,0.8003467725008181,0.016188483753599166,-0.3889176880157836,-0.4788791957470085,-0.2863856841199625,1.4771084552713287,0.31649817812236203,0,0
12578.0,0.5742345131083114,0.07422339860702587,1.5084112282698183,1.9610530671917548,-0.01859447863432475,0.7703274506147764,1.0258703928331887,1.6719867635063792,0,0
12579.0,-1.0552626048729952,-1.0577180989205999,0.7118246971954237,0.6401614827738764,-0.3360168034578199,0.29175106031440495,-0.2944540898073254,1.8596832102061218,0,0
12580.0,0.21898869591807402,-0.5568260068131017,0.7099263591297489,0.8832394344307973,-0.0927961376026565,0.29175106031440495,0.17241042083090774,-0.8039250393948271,0,0
12581.0,-1.0552626048729952,-1.0577180989205999,0.09517248681020817,-0.44944719056839266,-0.62207644891045,0.29175106031440495,-0.8101418318588084,-0.8039250393948271,0,0
12582.0,0.25374100412146683,0.07422339860702587,0.5538721201578319,0.7995866897240019,0.024617685684551104,1.162232255027529,0.5976414102639861,-0.8039250393948271,0,0
12583.0,1.7673970947581308,2.2024463901776357,0.8238519084120689,0.8222156068942174,-0.29660998627398,0.29175106031440495,0.9809077037256301,0.4558996985348934,0,0
12584.0,0.014336214275872011,0.9305040858134475,-1.2422180927761848,-0.07827726106008365,1.7176506611595088,0.7703274506147764,0.03817477705094321,1.7659550299964637,0,0
12585.0,-0.6034825982288887,-0.5568260068131017,1.586533195104637,1.7849770515770838,-0.2944382067034208,0.29175106031440495,0.48941283948908304,1.7659550299964637,0,0
12586.0,1.6708629053042618,0.07422339860702587,0.16487636049969578,0.8550425332653331,0.6364236330479764,0.22741126261658207,0.5403834989422175,0.9153033772197167,0,0
12587.0,-1.0552626048729952,-1.0577180989205999,-1.1376563848668353,-0.8796287679164265,0.5381828772369711,1.162232255027529,-1.7643485641128949,-0.8039250393948271,0,0
12588.0,1.099380503737358,0.07422339860702587,-0.3198894109460272,-0.1877663433311963,0.14832187333904137,1.162232255027529,-0.2415090281351582,0.9153033772197167,0,0
12589.0,1.497101364287298,0.8003467725008181,0.4345576674401955,1.0314974042988911,0.4454135281153132,4.839782246379684,0.8563715573771615,1.256310742518105,0,0
12590.0,-1.0552626048729952,-0.5568260068131017,2.896527648995226,3.9353095209716398,0.22386150722492926,4.045889386299785,0.38883434171884856,1.8371065454341933,0,0
12591.0,-0.7038781552609124,-0.20143741171417867,0.45957320320001455,0.6716399681155124,0.015112042802465298,0.7703274506147764,0.32712377558849165,-0.8039250393948271,0,0
12592.0,0.5935413509990852,0.29945468039331957,1.0086504235269707,0.8573248537394854,-0.4826353815773583,4.399246331313543,0.0008790944596697093,1.5675928766263612,0,0
12593.0,-0.630512171275972,-0.20143741171417867,-0.8203467583135057,-0.9239635238109523,0.03817150591768255,0.29175106031440495,-0.8630868935309756,-0.8039250393948271,0,0
12594.0,1.2963102502232506,1.5111239626986637,0.24232638751726873,0.28515011769838966,-0.10150148643168866,1.0150421207218105,0.4998634741417061,0.3685237356790315,0,0
12595.0,-1.0552626048729952,-1.0577180989205999,0.6573738469888557,0.11300534522410736,-0.7457309722033788,0.29175106031440495,-0.6270829566655943,-0.8039250393948271,0,0
12596.0,-0.3177413974454369,-0.5568260068131017,0.5125056487812214,0.1582723076555783,-0.5496845085095058,0.7703274506147764,-0.41184883109283577,-0.8039250393948271,0,0
12597.0,-0.09378207791246113,0.07422339860702587,1.4408177497413102,1.6919715656861127,-0.2057211861782502,0.7703274506147764,1.197917509052301,0.9153033772197167,0,0
12598.0,1.4121512775678933,1.1557353675997408,0.629832176849615,0.5499385803201232,-0.3234622165918062,0.29175106031440495,0.9147619943852421,1.2321901792666519,0,0
12599.0,1.0607668279558105,1.3461657029712149,0.14353257870488167,-0.6022288558223153,-0.8018001468348118,0.29175106031440495,0.09111983872311039,-0.8039250393948271,0,0
12600.0,1.6631401701479522,1.9045263848297673,-0.8650053797881204,-0.20575720544075568,0.9315328490739861,0.29175106031440495,0.18774476871599804,0.8720795337142916,0,0
12601.0,-0.2250685755697228,0.48988501576479315,-1.1947695675204506,-1.2015086267327257,0.2536079049223053,1.1608512063238763,-0.4440240814723802,0.5566200963305212,0,0
12602.0,-1.0552626048729952,-1.0577180989205999,0.10184881512709346,-0.7963566010949208,-0.9137240026286678,-0.14210498399285518,-0.980481634816486,-0.8039250393948271,0,0
12603.0,-1.0552626048729952,-1.0577180989205999,-0.8955679621732969,1.3458486656425142,3.0916253715977637,0.29175106031440495,-1.947407439306109,-0.8039250393948271,0,0
12604.0,-0.3524937056488297,-0.5568260068131017,-0.4120589530201283,-1.0489103245237485,-0.5871049231054569,0.29175106031440495,-0.8101418318588084,-0.8039250393948271,0,0
12605.0,-0.7386304634643052,0.07422339860702587,0.49063424639236314,0.15431592131965877,-0.5285207173170702,0.29175106031440495,0.32712377558849165,0.9153033772197167,0,0
12606.0,-1.0552626048729952,-1.0577180989205999,-4.672365083494027,-3.4539127246601975,4.297554308178636,0.457672367603575,-2.516040243029759,-0.8039250393948271,0,0
12607.0,-1.0552626048729952,-1.0577180989205999,2.2935700595337463,2.381440553554005,-0.5666457401582201,0.22741126261658207,0.7094868830885774,1.7659550299964637,0,0
12608.0,-1.0552626048729952,-1.0577180989205999,0.8471678129038874,0.5617813544939868,-0.5656784354370611,-1.485945419229041,-0.7604075912169913,-0.8039250393948271,1,0
12609.0,1.4198740127242027,0.9305040858134475,0.1699236300353802,0.4455120666046852,0.16403277174208522,0.29175106031440495,0.9084756515476784,0.22484244827571642,0,0
12610.0,-0.6536803767449005,0.29945468039331957,0.380841263788401,0.5752033847359028,0.018120908177343478,1.162232255027529,0.5695118981833196,1.3056202738679257,0,0
12611.0,-1.0552626048729952,-1.0577180989205999,1.8897101867975743,1.998960839364215,-0.45290826434471243,-0.14210498399285518,0.3523677281481314,-0.8039250393948271,0,0
12612.0,-1.0552626048729952,-1.0577180989205999,0.6208690972058282,1.2794115993849915,0.46016858027294893,0.29175106031440495,-0.6270829566655943,1.7659550299964637,0,0
12613.0,1.5241309373343812,1.048245697623346,1.1217146193357919,1.2390631703703527,-0.256049572388749,0.29175106031440495,1.3363259173019604,1.073874783839221,0,0
12614.0,-1.0552626048729952,-1.0577180989205999,-0.7117662213583644,0.18643770200585463,1.1791150172802436,-0.3319664456362507,-0.5870572757944853,-0.8039250393948271,0,0
12615.0,1.3735376017863457,0.8003467725008181,1.1173511776607743,1.3054612376116022,-0.18493509073404624,0.29175106031440495,1.257762222211382,1.256310742518105,0,0
12616.0,0.07611809552634809,-0.20143741171417867,0.12815070761061717,0.4285408652168493,0.20305590471651894,0.29175106031440495,-0.21626507557551844,1.8222621776056886,0,0
12617.0,-1.0552626048729952,-1.0577180989205999,0.3971865812944752,0.3485912287119048,-0.233968412107683,-0.3319664456362507,-0.0584501529419441,-0.8039250393948271,0,0
12618.0,-1.0552626048729952,-1.0577180989205999,-0.46125679963733673,-0.597326018854841,-0.09540567199048962,1.162232255027529,-1.0461457687241897,-0.8039250393948271,0,0
12619.0,1.0453213576431915,1.048245697623346,0.939555513017679,0.43252425903738473,-0.7750688626633581,3.7135986755671566,0.2175794647945466,1.3056202738679257,0,0
12620.0,-0.32160276502359164,-0.20143741171417867,1.061216410760587,0.6587450854497712,-0.7145636081539558,0.29175106031440495,0.6068075807745934,-0.8039250393948271,0,0
12621.0,1.5202695697562263,2.5129081469136603,1.0555204204117046,1.2610206924475937,-0.15137831383468894,0.29175106031440495,1.7091588243593632,0.9401521529449339,0,0
12622.0,-1.0552626048729952,-1.0577180989205999,-0.8151682285397266,-0.5761307650489892,0.41481035461211196,0.29175106031440495,-1.0461457687241897,-0.8039250393948271,0,0
12623.0,0.5665117779520019,0.6548432754922423,0.6992886630461956,0.9062243868605261,-0.05537269232534382,0.29175106031440495,0.7935044385417946,1.0320515692003946,0,0
12624.0,-0.7811055068240075,-0.5568260068131017,0.20039938916992228,0.20768045918939848,-0.12655388653360608,0.29175106031440495,-0.12240697358821374,-0.8039250393948271,0,0
12625.0,0.43136391271658553,0.07422339860702587,1.8654239929636254,2.1065151079570716,-0.32295287629236796,0.29175106031440495,0.9980587895827047,0.9153033772197167,0,0
12626.0,0.11473177130789564,0.9305040858134475,1.0333731393644061,1.3392093815568928,-0.04297607631432807,0.29175106031440495,1.387161169686037,1.3820367923862882,0,0
12627.0,-0.5532848197128769,0.6548432754922423,1.0597755534156872,1.148966118035635,-0.2678643718592688,0.29175106031440495,1.0940548473899332,-0.8039250393948271,0,0
12628.0,-0.8235805501837098,-0.20143741171417867,0.014085672768793264,-0.0659848162457338,-0.16557760634143676,0.29175106031440495,-0.1679944637358899,1.1620610054185785,0,0
12629.0,-0.9085306369031144,-0.5568260068131017,0.9674839700154454,1.4175397612901872,0.12747429922883316,1.162232255027529,-0.03819322927216564,-0.8039250393948271,0,0
12630.0,-0.9239761072157334,-0.5568260068131017,0.669274148330027,1.139667087447875,0.23424599769746235,1.162232255027529,0.2877387536535113,-0.8039250393948271,0,0
12631.0,1.400567174833429,0.48988501576479315,0.6446691726031994,1.0158612730321888,0.1331152660422399,1.162232255027529,0.9210005318717817,0.5566200963305212,0,0
12632.0,-0.8853624314341858,-0.5568260068131017,0.9246936377635654,0.5173387174335614,-0.688908951330637,0.29175106031440495,-0.21626507557551844,1.7659550299964637,0,0
12633.0,0.7479960541252754,0.6548432754922423,1.2357973715732993,1.4725143161491494,-0.16705175307077563,0.843979790974327,1.3437838207199313,1.3562632318428542,0,0
12634.0,-1.0050648263569832,-0.5568260068131017,0.14427135975333222,-0.1580043815173937,-0.41451805970051026,2.4769240261503347,-0.5870572757944853,-0.8039250393948271,0,0
12635.0,0.36185929630979996,0.07422339860702587,1.2920679734119365,1.3336261989639953,-0.3715803938904801,0.29175106031440495,1.0788154545053559,-0.8039250393948271,0,0
12636.0,-1.0552626048729952,-1.0577180989205999,-4.672365083494027,-0.908169888953169,8.303808410017202,2.5681782819705976,-2.516040243029759,-0.8039250393948271,0,0
12637.0,0.7827483623286682,1.254616278688769,0.955429402354828,1.2618449519659773,-0.021332590943129958,0.843979790974327,1.5834914375827365,0.5566200963305212,0,0
12638.0,1.2847261474887863,-0.5568260068131017,0.8752627549672354,0.7016158337772387,-0.47140460249744015,1.162232255027529,0.09111983872311039,-0.8039250393948271,0,0
12639.0,0.44680938302920453,-0.20143741171417867,0.38358264219643945,0.6309659647841381,0.0734876594071182,1.162232255027529,0.26039076371065795,-0.8039250393948271,0,0
12640.0,-0.8313032853400193,-0.20143741171417867,-0.37872876727760907,0.4799013237487872,1.0163973364933352,0.29175106031440495,0.09111983872311039,-0.8039250393948271,0,0
12641.0,-1.0552626048729952,-1.0577180989205999,-0.7696412719700645,-0.5330947560155461,0.3979625425013108,1.162232255027529,-1.1175267461574372,-0.8039250393948271,0,0
12642.0,-0.7386304634643052,-0.20143741171417867,0.2392032477491476,0.27876814583946635,-0.1039976918099262,0.29175106031440495,-0.0584501529419441,-0.8039250393948271,0,0
12643.0,0.8097779353757515,1.254616278688769,1.075100770111127,1.2634964105769912,-0.17367547264351355,2.744916198564831,-0.8630868935309756,0.5566200963305212,0,0
12644.0,1.1264100767844414,0.07422339860702587,0.6042419529416526,0.7563171947069581,-0.08635220938034811,0.29175106031440495,0.7487462269343014,1.4608215350480005,0,0
12645.0,1.3967058072552743,0.8003467725008181,0.63572044920793,0.6463097657690099,-0.23686957120482308,0.29175106031440495,0.7862122685181961,0.9153033772197167,0,0
12646.0,-0.8815010638560311,-0.5568260068131017,1.2023557368679487,1.2189277258241515,-0.37321714283916546,-0.07426329780256188,0.019738861289862828,-0.8039250393948271,0,0
12647.0,1.543437775225155,2.5467555217635396,0.24196898348579546,0.7315672090337398,0.3806298215641077,3.380218444887244,1.414855402062007,0.9153033772197167,0,0
12648.0,1.0569054603776558,0.07422339860702587,-0.13940794794141292,0.013843205276184753,0.1196498835464409,0.29175106031440495,-0.07921996423456719,0.9153033772197167,0,0
12649.0,1.2190828986601554,0.8003467725008181,0.5478219654642015,0.05638535074840965,-0.6774327305186457,0.29175106031440495,0.651162367871365,0.9153033772197167,0,0
12650.0,-1.0552626048729952,-1.0577180989205999,0.5873560100710945,0.18142664015301843,-0.6125127442915934,0.29175106031440495,-0.5870572757944853,-0.8039250393948271,0,0
12651.0,-0.5494234521347222,0.07422339860702587,-0.8586490903914387,-1.450626562205057,-0.4396448889958899,-0.7231586611558216,-0.26755450858075713,0.9153033772197167,0,0
12652.0,-0.6575417443230553,-0.5568260068131017,0.6453415617959198,0.8360117726561176,-0.05765769705979615,0.29175106031440495,0.15678397263081445,1.4608215350480005,0,1
12653.0,0.4043343396695022,-0.20143741171417867,1.4433977745665862,2.204071822627058,0.3329730701378868,-0.23305906672429438,0.4788273542195676,-0.8039250393948271,0,0
12654.0,0.045227154901110046,0.29945468039331957,-1.1007375130849775,-1.1221859660368663,0.20892052094945304,0.29175106031440495,-0.2415090281351582,-0.8039250393948271,0,0
12655.0,-1.0552626048729952,-1.0577180989205999,-0.6568228392834701,-0.07015866302248447,0.7738761879032399,0.29175106031440495,-0.7604075912169913,-0.8039250393948271,0,0
12656.0,1.0491827252213464,0.8003467725008181,0.9569435685848818,1.4552827798405743,0.1827424342847625,0.29175106031440495,1.152330018904625,1.4608215350480005,0,0
12657.0,-0.7965509771366265,0.07422339860702587,0.6167361401019108,0.5453217446124092,-0.3120168704106816,0.29175106031440495,-0.14488409814227088,0.9153033772197167,0,0
12658.0,-1.0552626048729952,-1.0577180989205999,0.8370756477768553,1.244125481667766,0.11772924583868549,0.29175106031440495,-0.12240697358821374,-0.8039250393948271,0,0
12659.0,-1.0552626048729952,-1.0577180989205999,-0.3649956734261198,-1.4906517411099103,-0.9948025306541125,0.29175106031440495,-1.6147785724478398,-0.8039250393948271,0,0
12660.0,-1.0552626048729952,-1.0577180989205999,-0.16039312693195282,-0.1574495482516369,-0.03371070077408014,0.29175106031440495,-0.9196861426527538,-0.8039250393948271,0,0
12661.0,-1.0552626048729952,-1.0577180989205999,0.41228984044717715,-0.7198817333695677,-1.1408960301494193,-2.02650960880903,-1.0461457687241897,-0.8039250393948271,0,0
12662.0,1.3272011908484886,1.8470577950787128,0.16141675495747823,0.27300792380400113,-0.008484714672193855,0.843979790974327,1.0990723781751348,0.14676385148134682,0,0
12663.0,-0.8853624314341858,-0.5568260068131017,-0.5245845849687653,-1.13003540601845,-0.5327047279450915,0.29175106031440495,-1.195715760389244,1.4608215350480005,0,0
12664.0,1.7171993162421189,1.1557353675997408,-0.0873936047507304,0.9473772653915951,1.1402377416607026,1.162232255027529,-1.1175267461574372,0.07951852525571697,0,0
12665.0,0.27690920959039533,-0.20143741171417867,-1.0572566512332655,-1.3133517947183335,-0.055314418159307134,0.29175106031440495,-0.9196861426527538,1.6204927696584461,0,0
12666.0,-1.0552626048729952,-1.0577180989205999,0.9941267805536043,2.0605332369126095,0.8272008173117598,0.22741126261658207,-0.2415090281351582,1.7659550299964637,0,0
12667.0,-1.0552626048729952,-1.0577180989205999,1.0648754359077084,1.1064256090527034,-0.31533960942769873,1.162232255027529,-0.19177478749334104,-0.8039250393948271,0,0
12668.0,1.5164082021780716,1.048245697623346,1.3363690843382847,1.9419464065085408,0.19211308313775563,2.5996183390222924,1.4896333355954319,0.7169161657937569,0,0
12669.0,-0.645957641588591,-0.20143741171417867,0.9989896301462681,1.6362782993216605,0.3241780627312981,4.922920740189979,0.6849965950064003,1.1620610054185785,0,0
12670.0,1.477794526396524,0.6548432754922423,0.4914645058097322,0.9107434120710541,0.22909791058405832,0.29175106031440495,0.42374870558137934,0.42541977181113405,0,0
12671.0,-1.0552626048729952,-1.0577180989205999,2.4811712828764256,3.0732451670106977,-0.1340549880356942,-0.3319664456362507,0.05620547486057961,-0.8039250393948271,0,0
12672.0,-0.02813882908383029,-0.5568260068131017,-0.8151682285397266,-0.3134497144598265,0.7230061355924886,0.09725622010391866,-0.5124273288630706,1.4608215350480005,0,0
12673.0,0.47383895607628784,-0.20143741171417867,0.49566141598651137,0.5427057869469005,-0.16426788164280076,0.29175106031440495,0.38883434171884856,-0.8039250393948271,0,0
12674.0,-0.4026914841648415,0.07422339860702587,0.7051659305715414,0.7928280808856455,-0.17825715307893142,0.29175106031440495,0.17241042083090774,1.6719867635063792,0,0
12675.0,-0.9587284154191262,-0.5568260068131017,0.14427135975333222,0.755258729990263,0.5497736620231455,0.7703274506147764,0.7862122685181961,1.7659550299964637,0,0
12676.0,0.7171051135000374,1.1557353675997408,0.15209832704793327,-0.0852661915894986,-0.3551104004072716,1.162232255027529,0.3768580162303092,0.07951852525571697,0,0
12677.0,-0.6266508036978172,-0.5568260068131017,-0.5546391364723908,-0.45054685712866493,0.1856485215871455,0.29175106031440495,-0.9196861426527538,1.4608215350480005,0,0
12678.0,1.4893786291309883,1.9045263848297673,2.1395415460417,2.42640764889547,-0.34702436987015567,2.8428247014514563,1.2618743296985702,0.11192964878978798,0,0
12679.0,-0.18645489978817523,0.07422339860702587,-0.06705448056778775,0.015090368913841018,0.023549138599871636,0.29175106031440495,0.019738861289862828,1.812324557796002,0,0
12680.0,-0.6189280685415077,0.07422339860702587,-0.30768568352883924,-0.33111590140396263,-0.0207484928310108,0.29175106031440495,-0.19177478749334104,-0.8039250393948271,0,0
12681.0,1.6940311107731902,2.8157206414327223,1.0173358001578072,1.1975282934486728,-0.16685667217906944,0.29175106031440495,1.9451627612247444,0.895420014678672,0,0
12682.0,1.7828425650707498,2.990708876970072,0.3438348356375621,0.6435342727441494,0.14078261045865176,0.29175106031440495,1.6677051818987851,-0.5792702192196665,0,0
12683.0,1.7326447865547379,1.9045263848297673,0.8841601834554216,0.9527104730546484,-0.24340356764293977,0.29175106031440495,1.4011251447236253,1.0320515692003946,0,0
12684.0,-0.2598208837731156,0.6548432754922423,0.7063920372317801,0.23153309558059207,-0.6982059577119061,0.29175106031440495,0.3010782951428931,-0.8039250393948271,0,0
12685.0,-0.804273712292936,0.48988501576479315,0.5866466933228943,0.7493617932011929,-0.07070941837938186,0.29175106031440495,0.8290235674343082,-0.8039250393948271,0,0
12686.0,-1.0552626048729952,-1.0577180989205999,-0.344716579672171,-1.5285879395975326,-1.0412457217294435,0.29175106031440495,-1.3787746355824586,-0.8039250393948271,0,0
12687.0,-1.0552626048729952,-0.5568260068131017,1.686773912459053,1.8494843187901067,-0.35365127448619155,3.3406420603623146,0.8893223210263874,-0.8039250393948271,0,0
12688.0,-1.0552626048729952,-1.0577180989205999,3.272184187256495,3.9190742072748326,-0.2824623720783173,2.432880753823806,1.1381447019069697,-0.8039250393948271,0,0
12689.0,-0.66140311190121,-0.5568260068131017,0.8166052305187119,1.114479005298313,0.007481148801195578,0.29175106031440495,0.24636711066584036,-0.8039250393948271,0,0
12690.0,-1.0552626048729952,-1.0577180989205999,-0.35480874479920405,0.4711204375423188,0.9677822942619979,0.29175106031440495,-0.7604075912169913,-0.8039250393948271,0,0
12691.0,0.4583934857636688,0.6548432754922423,-0.9027448346150918,-0.6770106404148653,0.42666010298428614,0.29175106031440495,-0.4440240814723802,-0.8039250393948271,0,0
12692.0,-1.0552626048729952,-1.0577180989205999,-1.5068758271317502,-1.232772137769046,0.6786855009680464,-0.5602283770286947,-0.9196861426527538,-0.8039250393948271,0,0
12693.0,0.4699775884981331,0.6548432754922423,-0.7037447435755778,-0.16753507764425773,0.7282827124225236,0.29175106031440495,0.32712377558849165,1.5408951706492844,0,0
12694.0,0.30007741505932384,-0.20143741171417867,1.2099719139536864,1.0938842378354565,-0.4980643732606662,0.29175106031440495,0.4006383399877607,1.1620610054185785,0,0
12695.0,1.4855172615528336,0.6548432754922423,-0.8813550960929398,-0.42691362555313106,0.6878441973768797,1.3155995981328836,0.07384838550817617,-0.8039250393948271,0,0
12696.0,-0.7695214040895432,-0.5568260068131017,0.7003845216522266,0.5946765926083474,-0.36563891398572473,1.162232255027529,0.019738861289862828,1.4608215350480005,0,0
12697.0,-0.5108097763531746,-0.20143741171417867,0.1495921155272795,0.20185896265478176,-0.06688980896598058,1.162232255027529,-0.1005293110454993,1.6204927696584461,0,0
12698.0,-1.0552626048729952,-1.0577180989205999,-0.3052613251395872,0.28679104026009167,0.6675337367076529,0.29175106031440495,-0.7604075912169913,-0.8039250393948271,0,0
12699.0,-1.0552626048729952,-1.0577180989205999,1.0028642768637568,1.1453822720066371,-0.20074664931947692,0.29175106031440495,-0.018424472070835033,-0.8039250393948271,0,0
12700.0,-0.2520981486168061,0.07422339860702587,1.7472181497723906,2.0457879192255737,-0.23733293594984556,0.29175106031440495,1.2368867007548323,1.4608215350480005,0,0
12701.0,1.083935033424739,0.48988501576479315,0.7225196511714427,0.5351394695100676,-0.44754740621292327,0.29175106031440495,0.8359465091600137,-0.8039250393948271,0,0
12702.0,-1.0552626048729952,-1.0577180989205999,-1.0967119057658503,-0.31049900773114236,1.1705270705945607,0.29175106031440495,-0.980481634816486,-0.8039250393948271,0,0
12703.0,1.3117557205358696,0.07422339860702587,0.009867783815834998,-0.12168502522650637,-0.21594059410658548,0.29175106031440495,0.23209955581276964,1.6719867635063792,0,0
12704.0,-0.4297210572119248,0.8003467725008181,-0.1710399241319802,0.08349887660457457,0.23925949899654486,1.162232255027529,0.3398428478240282,0.9153033772197167,0,0
12705.0,0.9449258006111679,1.4313961779209454,1.3487313688705973,1.520384727218938,-0.2605345064905459,0.29175106031440495,1.6500078975162207,1.5408951706492844,0,0
12707.0,-1.0552626048729952,-1.0577180989205999,0.5958318338669072,1.0691960252492598,0.25869315686839156,-0.07426329780256188,-0.19177478749334104,-0.8039250393948271,0,0
12708.0,1.6168037592100952,1.7234195042875162,-0.0937354848312238,0.04439579001154836,0.09049325957030181,0.40232454155815495,0.9147619943852421,1.6204927696584461,0,0
12709.0,1.7056152135076545,2.4781072004988403,1.097732059393239,1.6129108238902774,0.16123631210165934,3.04812801217035,1.2197951715950153,1.582795678024744,0,0
12710.0,-0.6498190091667458,-0.20143741171417867,0.7067550621398779,0.4499433269058207,-0.5073738489776204,0.29175106031440495,0.46810349267815093,1.1620610054185785,0,0
12711.0,-0.804273712292936,-0.5568260068131017,1.037127122098632,1.2108890081077428,-0.17845345582981703,0.29175106031440495,0.23209955581276964,-0.8039250393948271,0,0
12712.0,1.6554174349916428,1.9045263848297673,-0.3649956734261198,0.20589319564264563,0.6612725083395687,0.6467390474220279,0.8893223210263874,1.1620610054185785,0,0
12713.0,-1.0552626048729952,-1.0577180989205999,1.3372219931304257,1.5339501132753777,-0.23298740697592524,0.29175106031440495,-0.07921996423456719,-0.8039250393948271,0,0
12714.0,1.7480902568673569,1.254616278688769,1.7316483824829971,1.9772492803206894,-0.28516167998805503,0.29175106031440495,1.9030836031211888,-0.8039250393948271,0,0
12715.0,-1.0552626048729952,-1.0577180989205999,0.3128801098140292,0.34218171082520704,-0.13403670854418412,1.162232255027529,-0.5870572757944853,-0.8039250393948271,0,0
12716.0,-0.5532848197128769,-0.5568260068131017,0.9462997558187782,0.8840027518153843,-0.38497907697081696,0.29175106031440495,0.2877387536535113,-0.8039250393948271,0,0
12717.0,0.6398777619369422,-0.20143741171417867,0.3291947018799872,0.6273702449886985,0.14327763409088456,1.4092449345986064,0.2877387536535113,1.1620610054185785,0,0
12718.0,-1.0552626048729952,-1.0577180989205999,0.34526758737755564,-0.19598675446259967,-0.6751504481396123,0.29175106031440495,-0.6270829566655943,-0.8039250393948271,0,0
12719.0,-0.8235805501837098,-0.5568260068131017,0.25665509743329146,0.21576515791517678,-0.18990473074661451,0.29175106031440495,-0.1679944637358899,1.4608215350480005,0,0
12720.0,0.8908666545170013,2.328183835086569,0.33242838513163414,-0.07942122009385087,-0.5593734745484292,0.29175106031440495,1.486519997035165,1.2387322948114783,0,0
12721.0,0.643739129515097,0.8003467725008181,0.8764856368488003,0.8174522800618164,-0.364749817480187,0.29175106031440495,1.19347108230788,0.9153033772197167,0,0
12722.0,-0.804273712292936,0.07422339860702587,-0.04397063253010862,-0.13376166684130728,-0.1600443240067874,0.29175106031440495,0.14085407936492755,1.4608215350480005,0,0
12723.0,-0.8158578150274003,0.29945468039331957,-0.5693665109681951,-0.8701152381550921,-0.23275074019465067,0.29175106031440495,0.18774476871599804,-0.8039250393948271,0,0
12724.0,0.9912622115490249,0.6548432754922423,0.3128801098140292,0.2515828660508134,-0.22479201825511433,0.29175106031440495,0.651162367871365,-0.8039250393948271,0,0
12725.0,-0.2327913107260323,0.07422339860702587,0.7137197193850614,0.9836084691410344,0.006231708839779948,3.0688001717572195,0.6337071620011621,-0.8039250393948271,0,0
12726.0,1.2461124717072387,1.1557353675997408,1.1308228756703633,0.38424337161013133,-0.9991716114850985,0.29175106031440495,0.32712377558849165,-0.8039250393948271,0,0
12727.0,1.431458115458667,1.048245697623346,0.704975078266057,0.9866423274820156,0.02099331632119629,0.29175106031440495,0.9271919856078553,0.7169161657937569,0,0
12728.0,0.14948407951128842,0.29945468039331957,-0.32876188143194734,-0.3416676748390859,-0.003909326429257928,0.29175106031440495,0.10803515400060046,-0.8039250393948271,0,0
12729.0,-1.0552626048729952,-1.0577180989205999,0.49411707419160367,0.6785532904759055,-0.023230499249484775,0.29175106031440495,-0.38088803500765217,-0.8039250393948271,0,0
12730.0,-1.0552626048729952,-1.0577180989205999,0.4987435201268303,1.502578655923416,0.9089717440543174,0.3469702689073076,0.09111983872311039,-0.8039250393948271,0,0
12731.0,1.354230763895572,1.656627459707239,1.6606160783596753,2.325647493064676,0.16524695568856862,0.29175106031440495,0.9574671454424988,0.2687686337376465,0,0
12732.0,-1.0552626048729952,-1.0577180989205999,-0.3052613251395872,-0.20738923745184634,0.10715392421794935,0.29175106031440495,-0.980481634816486,-0.8039250393948271,0,0
12733.0,0.7016596431874184,0.07422339860702587,0.4515665253262059,1.0754999934190639,0.4712991437385077,-0.07426329780256188,0.8290235674343082,1.4608215350480005,0,0
12734.0,-0.9008079017468049,-0.20143741171417867,-0.550583431084773,-0.3468664927749851,0.29465264343907765,0.29175106031440495,-0.7135169018659211,-0.8039250393948271,0,0
12735.0,-0.9703125181535904,-0.5568260068131017,0.2392032477491476,0.47383050856465897,0.10022633544390482,0.29175106031440495,-0.07921996423456719,-0.8039250393948271,0,0
12736.0,-1.0552626048729952,-1.0577180989205999,0.1726983116698862,-0.22045535143876735,-0.5051798008503845,0.29175106031440495,-1.7643485641128949,-0.8039250393948271,0,0
12737.0,-1.0552626048729952,-0.5568260068131017,-4.672365083494027,2.6009741114842178,13.826173964191495,6.230641842283814,-2.18341137617149,-0.8039250393948271,0,0
12738.0,-1.0552626048729952,-1.0577180989205999,0.004420576082459907,-0.7767452036594811,-0.8013258258470587,0.29175106031440495,-1.0461457687241897,-0.8039250393948271,0,0
12739.0,0.16492954982390745,0.07422339860702587,0.5159190755962202,1.2354195655992262,0.5625948569247408,3.2263102731559634,0.5695118981833196,-0.8039250393948271,0,0
12740.0,-1.0552626048729952,-1.0577180989205999,0.9089929306325035,0.5999262910224883,-0.6006995625006658,-0.49273161976031987,-0.351053338929104,-0.8039250393948271,0,0
12741.0,-1.039817134560376,-0.5568260068131017,-0.344716579672171,-0.4133452443756002,-0.05759887345369907,2.778502321081748,-0.7604075912169913,-0.8039250393948271,0,0
12742.0,-1.0552626048729952,-1.0577180989205999,2.4034529218697522,2.0083018174636718,-0.9822484333882446,-1.0808399641377464,0.3768580162303092,1.7659550299964637,0,0
12743.0,-1.0552626048729952,-0.5568260068131017,0.08508032168317606,-0.009773248041487721,-0.19900690959041212,0.22741126261658207,0.807897153777444,-0.8039250393948271,0,0
12744.0,1.0298758873305724,1.1557353675997408,1.580278817144827,2.89511205439854,0.9446186962337652,6.3321314293727635,1.431701245033403,0.9917078520475852,0,0
12745.0,-0.29843455955466314,-0.20143741171417867,0.061160299204770084,0.15534193570056548,0.0008038122622114411,2.9701930054565864,-0.5488939424337871,-0.8039250393948271,1,1
12746.0,-1.0552626048729952,-1.0577180989205999,-0.45012952334722056,-0.10600987247294048,0.42317408594857775,-0.5602283770286947,-0.7135169018659211,1.8596832102061218,1,0
12747.0,1.7635357271799759,2.1575195518147376,-0.3969537993867625,0.29974695599520623,0.8228582204711421,0.40232454155815495,0.5695118981833196,0.8443025417040958,1,0
12748.0,1.7828425650707498,5.27951203071098,-0.29456411546195055,-0.7197813333621017,-0.42231232134629454,4.595372213617894,3.2611958806740864,0.019088962471872112,1,0
12749.0,0.9449258006111679,0.9305040858134475,0.6217853978749321,1.3950670506103107,0.593145506436471,1.4092449345986064,1.4802576481060286,1.6862906204510737,1,0
12750.0,-1.0552626048729952,-1.0577180989205999,-0.07878324266791349,0.0034302795986633342,0.02687455134289442,-0.14210498399285518,-0.8101418318588084,-0.8039250393948271,0,0
12751.0,-1.0552626048729952,-1.0577180989205999,0.2681356270811905,-0.034616392779673155,-0.4450136944123391,-0.6943222153282232,0.3010782951428931,-0.8039250393948271,0,0
12752.0,-1.0552626048729952,-1.0577180989205999,2.955891197991416,3.769142998059275,-0.033289944778909654,-0.49273161976031987,0.18774476871599804,-0.8039250393948271,0,0
12753.0,0.2576023716996216,0.48988501576479315,2.7687764898517977,3.494783912002019,-0.07338191964406578,0.09371390337111857,0.9271919856078553,1.7114222858191708,0,0
12754.0,-0.773382771667698,-0.20143741171417867,2.9060226320996665,1.762776748655999,-1.5234540481616565,-1.277214299835045,0.12460872225127,1.6204927696584461,0,0
12755.0,0.5394822049049186,1.1557353675997408,0.37389457615790633,0.7460564655092473,0.2111184126184939,-0.3319664456362507,-0.1679944637358899,1.7659550299964637,0,0
12756.0,-1.0552626048729952,-1.0577180989205999,-0.025102332118955028,-1.2190615041797832,-1.1063914131635664,-2.3444262971695755,-1.7643485641128949,-0.8039250393948271,0,0
12757.0,-0.29843455955466314,1.3461657029712149,0.24370491365919478,1.0713903538701839,0.7759852113988496,5.023483748121113,1.4045793128836639,1.4080772117532363,0,0
12758.0,1.3465080287392623,0.6548432754922423,1.931528560890638,2.231150435931096,-0.28296113365639086,-0.23305906672429438,1.2111139929554766,0.42541977181113405,0,0
12759.0,1.5820514510067025,0.8003467725008181,1.0791640704703942,1.1227295190062265,-0.3169687746749743,0.29175106031440495,1.290096012300767,-0.8039250393948271,0,0
12760.0,-1.0552626048729952,-1.0577180989205999,0.31834561219303326,0.3186671783450962,-0.16473994790155588,0.09725622010391866,-0.5488939424337871,-0.8039250393948271,0,0
12761.0,-1.0282330318259119,-0.5568260068131017,-0.05161080444145257,0.4797216205879004,0.5171612154226974,0.6467390474220279,-0.351053338929104,-0.8039250393948271,0,0
12762.0,-0.9857579884662094,-0.5568260068131017,1.541574733440068,1.6868882062127608,-0.3343692448798456,0.7703274506147764,0.31420439478743356,-0.8039250393948271,0,0
12763.0,-0.1632866943192467,-0.5568260068131017,0.0748933930562603,-0.14673016493248262,-0.3207006665195769,-1.1639429167840407,-0.7604075912169913,-0.8039250393948271,0,0
12764.0,-1.0552626048729952,-1.0577180989205999,1.0399341092472536,2.4768170913508207,1.2751914445260726,0.09371390337111857,0.05620547486057961,-0.8039250393948271,0,0
12765.0,-0.4026914841648415,0.48988501576479315,0.14213572928470974,-0.21989390875287426,-0.4694527979627256,0.09725622010391866,0.12460872225127,-0.8039250393948271,0,0
12766.0,0.5047298967015259,0.9305040858134475,1.4388786966286482,1.7455717706280538,-0.14965926045291658,0.7703274506147764,1.4579551247500377,0.8107045800741712,0,0
12767.0,-1.0552626048729952,-1.0577180989205999,1.5138584360031935,1.687692479227898,-0.30003069158792584,-0.930965887215077,0.019738861289862828,-0.8039250393948271,0,0
12768.0,-1.0552626048729952,-1.0577180989205999,-0.39614326522300464,-0.6649705542328838,-0.24634406511035167,-0.8464662631382949,-1.1175267461574372,1.7659550299964637,0,0
12769.0,-1.0552626048729952,-1.0577180989205999,0.9523947152636005,1.940911533121572,0.7462507771346559,-0.23305906672429438,-0.21626507557551844,-0.8039250393948271,0,0
12770.0,-0.10536618064692539,-0.5568260068131017,1.9823461911282496,2.4186866830417877,-0.16089540437065752,-0.44035248611375827,-0.6270829566655943,1.8684224364004833,0,0
12771.0,-1.0552626048729952,-1.0577180989205999,-0.37527916205734746,0.034722926166435825,0.47598626713437897,0.7703274506147764,-0.8101418318588084,1.7659550299964637,0,0
12772.0,-1.0552626048729952,-1.0577180989205999,1.434990162258835,1.6027626790712242,-0.28610322071664734,0.7703274506147764,0.2175794647945466,-0.8039250393948271,0,0
12773.0,-1.0552626048729952,-1.0577180989205999,-0.3248096004571912,-1.0795192876542543,-0.7087567518107897,-0.5602283770286947,-1.4883189463764042,1.7659550299964637,0,0
12774.0,-1.0552626048729952,-1.0577180989205999,-1.0967119057658503,-1.3909768168768475,-0.0839022435847679,0.09725622010391866,-1.4883189463764042,-0.8039250393948271,0,0
12775.0,0.4583934857636688,0.6548432754922423,0.052239189686218754,-0.1810940354727408,-0.3262782364983183,0.22741126261658207,0.2175794647945466,0.42541977181113405,0,0
12776.0,-1.0552626048729952,-1.0577180989205999,-1.247335554754067,-2.166289469873512,-0.642899551083159,0.7703274506147764,-1.7643485641128949,-0.8039250393948271,0,0
12777.0,-1.0552626048729952,-1.0577180989205999,1.225045720342316,0.865000455967379,-0.714525139257072,0.22741126261658207,-0.38088803500765217,-0.8039250393948271,1,0
12778.0,1.195914693191227,0.9305040858134475,0.28949508800764473,-0.4522821600760577,-0.8289810730881054,0.29175106031440495,0.48941283948908304,0.22484244827571642,0,0
12779.0,1.6438333322571785,1.4313961779209454,0.5705117772763855,0.7066074718745922,-0.09371735604578436,-0.07426329780256188,0.9866646657794853,1.4608215350480005,0,0
12780.0,-1.0552626048729952,-1.0577180989205999,0.7118246971954237,0.27734347846050916,-0.6650785214582203,0.09725622010391866,-0.5870572757944853,-0.8039250393948271,0,0
12781.0,-0.20190037010079426,-0.5568260068131017,0.8882363018270033,0.5538317081296162,-0.618137299111259,1.162232255027529,-0.41184883109283577,1.8371065454341933,0,0
12782.0,0.9333416978767036,1.1557353675997408,0.235464972086798,0.5749828166515094,0.2150882213559445,0.7703274506147764,0.9866646657794853,0.9917078520475852,0,0
12783.0,-0.773382771667698,0.48988501576479315,-0.37527916205734746,0.40652229553086205,0.9199884036131375,3.556413611887494,0.4788273542195676,1.1620610054185785,0,0
12784.0,0.9526485357674774,-0.20143741171417867,0.745438743490764,1.0650413406436368,0.04990391311386555,0.7703274506147764,0.8563715573771615,-0.8039250393948271,0,0
12785.0,0.36185929630979996,-0.20143741171417867,0.026047204387651634,0.39107649489775065,0.3043008346425902,0.843979790974327,0.0008790944596697093,1.6204927696584461,0,0
12786.0,-1.0552626048729952,-1.0577180989205999,0.8505111127076004,1.325970394609195,0.18801112918889454,0.09725622010391866,-0.6691621147691496,-0.8039250393948271,0,0
12787.0,0.5047298967015259,0.07422339860702587,-0.156163492226772,-0.33210846961704765,-0.21681718742022446,0.29175106031440495,-0.26755450858075713,0.9153033772197167,0,0
12788.0,-0.804273712292936,0.07422339860702587,-1.1911105423733293,-1.2294227796603638,0.21746477069826464,0.09725622010391866,-0.5870572757944853,-0.8039250393948271,0,0
12789.0,1.369676234208191,-0.20143741171417867,-2.641647037054194,-1.4989749062750635,2.277893872701858,1.1608512063238763,-1.6147785724478398,-0.8039250393948271,0,0
12790.0,-0.2134844728352585,-0.5568260068131017,0.04022910473531481,0.098849165200211,-0.030611960439874766,0.22741126261658207,-0.12240697358821374,1.4608215350480005,0,0
12791.0,-0.08605934275615161,0.48988501576479315,-0.9854240941916943,-0.8803978718148543,0.3149655656486855,2.4913460384848043,-0.7135169018659211,1.1620610054185785,0,0
12792.0,0.018197581854026767,-0.5568260068131017,0.3128801098140292,0.5542764014256998,0.08682854179680066,0.7703274506147764,-0.0584501529419441,1.4608215350480005,0,0
12793.0,-0.7965509771366265,-0.20143741171417867,0.044915504798805225,0.09540422230251588,-0.0403435893625944,0.7703274506147764,-0.1679944637358899,-0.8039250393948271,0,0
12794.0,-0.8815010638560311,-0.5568260068131017,0.7527691762964093,0.6081985655960452,-0.41505273594119074,-0.3319664456362507,0.019738861289862828,-0.8039250393948271,0,0
12795.0,-1.0552626048729952,-1.0577180989205999,-0.8307785687615927,0.6090689203637915,1.936520263894678,0.7703274506147764,-0.8630868935309756,-0.8039250393948271,0,0
12796.0,-1.0552626048729952,-1.0577180989205999,0.22741074112491402,0.4427907994832357,0.08294038568431639,0.09725622010391866,-1.3787746355824586,-0.8039250393948271,0,0
12797.0,-0.8274419177618645,-0.5568260068131017,-0.3397054856465021,0.004218937755547891,0.38947061529737,0.7703274506147764,-0.351053338929104,1.8596832102061218,0,0
12798.0,0.5317594697486091,0.07422339860702587,2.882384058937086,2.7879588946766805,-0.8469266624151014,-1.1639429167840407,-0.351053338929104,-0.8039250393948271,0,0
12799.0,-1.0552626048729952,-1.0577180989205999,-0.07878324266791349,-0.3083288765551329,-0.2894597184151167,0.22741126261658207,-0.8101418318588084,-0.8039250393948271,0,0
12800.0,-0.2598208837731156,-0.20143741171417867,-0.47627295531374214,-0.46993581225016734,0.057659425428510554,0.7703274506147764,-0.2415090281351582,-0.8039250393948271,0,0
12801.0,-1.0552626048729952,-1.0577180989205999,1.330808772911966,1.8524971116544218,0.10299345427012022,1.162232255027529,0.14085407936492755,1.7659550299964637,0,0
12802.0,0.40047297209134747,0.6548432754922423,0.6992886630461956,0.3084641963237498,-0.6246306511456436,0.09725622010391866,0.7639385819629544,1.0320515692003946,0,0
12803.0,-1.0552626048729952,-1.0577180989205999,1.922511985514781,1.8789490270298057,-0.5979040099429863,0.09725622010391866,0.2175794647945466,-0.8039250393948271,0,0
12804.0,-0.9201147396375786,-0.5568260068131017,-0.09064019049841081,-0.7072933108700452,-0.6427105471918837,-0.3319664456362507,0.2877387536535113,-0.8039250393948271,0,0
12805.0,0.07611809552634809,0.07422339860702587,0.006239352581734149,0.3608179545235116,0.29845098523077096,0.29175106031440495,0.03817477705094321,-0.8039250393948271,0,0
12806.0,-0.4644733654153176,0.07422339860702587,1.36614034977946,1.309477937641433,-0.4807798335403181,3.360603235145859,0.26039076371065795,-0.8039250393948271,0,0
12807.0,-1.0552626048729952,-1.0577180989205999,-0.017645945876385277,0.24860205411013556,0.20764207089122538,1.162232255027529,-0.7604075912169913,1.8596832102061218,0,0
12808.0,0.5896799834209304,0.29945468039331957,-0.8889121135197925,-0.776832521273224,0.29360658652521143,0.7703274506147764,0.07384838550817617,-0.8039250393948271,0,0
12809.0,0.7595801568597397,-0.20143741171417867,0.17061796601282556,1.0276744975899907,0.83491650459438,2.383306291456955,0.46810349267815093,1.8473187889165001,0,0
12810.0,-0.5069484087750199,-0.5568260068131017,0.29909466477051405,-0.03855121686436819,-0.4845547381523913,-0.7231586611558216,-0.21626507557551844,-0.8039250393948271,0,0
12811.0,-0.410414219321151,0.29945468039331957,-0.56689802315073,-0.3885152006747684,0.27124561127017155,0.7703274506147764,0.09111983872311039,-0.8039250393948271,0,0
12812.0,-1.0552626048729952,-1.0577180989205999,0.11507946602518795,-0.24602146727315355,-0.46210755760227934,-1.1639429167840407,-0.8101418318588084,-0.8039250393948271,0,0
12813.0,-0.31388002986728214,-0.20143741171417867,1.0239309568067227,0.9737373338807004,-0.3925493108821165,0.29175106031440495,-0.1005293110454993,-0.8039250393948271,0,0
12814.0,-1.0552626048729952,-1.0577180989205999,-1.180206933732233,-1.061437338119997,0.39066373212553873,1.162232255027529,-2.18341137617149,-0.8039250393948271,0,0
12815.0,-0.8583328583871026,-0.5568260068131017,0.2709868768898102,0.8968373943590641,0.5282899118629074,1.162232255027529,-0.07921996423456719,-0.8039250393948271,0,0
12816.0,-0.74249183104246,-0.5568260068131017,-0.8955679621732969,0.05291266048703918,1.3076482901702025,1.162232255027529,-0.351053338929104,-0.8039250393948271,0,0
12817.0,-0.4644733654153176,-0.20143741171417867,-0.7548805010380715,-0.241963098605562,0.7168780781846519,1.162232255027529,-0.7604075912169913,-0.8039250393948271,0,0
12818.0,-1.0552626048729952,-1.0577180989205999,1.9911308539244088,2.3487213711632666,-0.2414019446168561,1.162232255027529,-0.8630868935309756,1.7659550299964637,0,0
12819.0,-1.0552626048729952,-1.0577180989205999,0.9153005061193046,0.9191787260465787,-0.3142283192787114,-0.07426329780256188,-0.6270829566655943,-0.8039250393948271,1,0
12820.0,1.7673970947581308,1.1557353675997408,0.2078330683103155,-0.16077182489728592,-0.4911487732866035,-0.07426329780256188,0.9210005318717817,0.6326212419203412,1,0
12821.0,0.4777003236544426,-0.5568260068131017,-0.6435110167174068,-1.2394956076151904,-0.4957382714230272,-0.49273161976031987,-0.9196861426527538,-0.8039250393948271,1,0
12822.0,-0.9896193560443642,-0.5568260068131017,0.6732120834257648,0.7415168056627646,-0.1892967487131125,0.09371390337111857,-0.018424472070835033,1.4608215350480005,1,0
12823.0,1.2808647799106316,1.7234195042875162,-1.1238358167215894,0.37011011293532264,2.1218017055538576,-0.5988151577868094,-2.516040243029759,-0.8039250393948271,1,0
12824.0,-1.0552626048729952,-1.0577180989205999,0.4894708147229819,0.499217063866201,-0.19997527741727159,-0.5229139223515364,-0.41184883109283577,-0.8039250393948271,1,0
12825.0,-0.5918984954944245,-0.5568260068131017,-0.8074464882716869,-0.08078929394141941,0.9957748718732063,0.22741126261658207,-0.5870572757944853,-0.8039250393948271,1,0
12826.0,1.7210606838202736,1.254616278688769,0.08564346725913652,-0.2239696092683217,-0.4070662475189023,-0.3319664456362507,0.6424811892318264,0.9153033772197167,1,0
12827.0,-0.9046692693249596,-0.20143741171417867,-0.8681006741209335,-0.8854470325051469,0.14461820944299075,-1.0222871175758335,-0.6270829566655943,-0.8039250393948271,1,0
12828.0,-0.5610075548691864,0.48988501576479315,-0.6260122514273946,-0.6561895085024098,0.06113345860257414,0.22741126261658207,0.07384838550817617,-0.8039250393948271,1,0
12829.0,-0.22892994314787754,-0.20143741171417867,0.23528663725813467,-1.0346677993297293,-1.202482883285296,1.1608512063238763,-0.7135169018659211,1.1620610054185785,1,0
12830.0,-0.5378393494002579,0.48988501576479315,2.6081011701402943,1.931544586792922,-1.2133286394086356,-1.5846827282593472,-0.9196861426527538,0.5566200963305212,1,0
12831.0,-0.2791277216638893,-0.20143741171417867,-0.40672773871612355,-0.8209355483534849,-0.38426106179465136,-0.07426329780256188,-0.7604075912169913,-0.8039250393948271,1,0
12832.0,-0.8004123447147813,-0.5568260068131017,-0.44460839220636766,-0.49268531680915734,-0.0086807234489656,-0.5229139223515364,-0.351053338929104,-0.8039250393948271,1,0
12833.0,-1.0552626048729952,-1.0577180989205999,0.061160299204770084,0.5669793824899534,0.4533623788732795,0.09371390337111857,-0.4440240814723802,-0.8039250393948271,1,0
12834.0,-1.0552626048729952,-1.0577180989205999,-0.31499143455569134,0.17248209463116926,0.547315809445773,-0.5602283770286947,-0.6691621147691496,-0.8039250393948271,1,0
12835.0,0.13789997677682417,2.703338482285134,-1.0100997637419569,-0.8480076774476163,0.3871630808890725,-0.2521611112671691,0.9633903749728084,0.6950016472931198,1,0
12836.0,1.5666059806940835,1.5111239626986637,0.012159529470609776,0.6358910468053166,0.6055194501968446,0.843979790974327,1.5408285983972705,0.3685237356790315,1,0
12837.0,0.47383895607628784,-0.5568260068131017,-0.37012523346788445,0.3045237064812363,0.787404229562235,0.40232454155815495,0.5502083316528148,-0.8039250393948271,1,0
12838.0,1.1032418713155128,1.048245697623346,0.09985022703767107,0.1209406322128448,-0.08556983635957023,0.22741126261658207,1.380089024801486,0.7169161657937569,1,0
12839.0,1.7635357271799759,2.1575195518147376,0.5830931365011094,0.4098367525796811,-0.40063279885972247,1.1608512063238763,1.0632876017895492,0.6821292753575127,1,0
12840.0,0.9951235791271797,0.6548432754922423,0.8457318101426421,1.0091810037384643,-0.13878796338691737,-0.3319664456362507,0.7714305402067275,1.5408951706492844,1,0
12841.0,0.9333416978767036,2.6735695261314913,-0.15764198938815496,-0.6084168522709488,-0.4791788315564749,0.22741126261658207,1.616092961666868,-0.26554355486625114,1,0
12842.0,1.5202695697562263,0.07422339860702587,0.44066291668511015,0.7559620966860822,0.13028480367472423,1.7010479979872455,0.05620547486057961,-0.8039250393948271,1,0
12843.0,1.497101364287298,2.328183835086569,-0.4063732541752382,-0.3066963196643731,0.13797611792892198,2.204659467844557,0.9147619943852421,0.3685237356790315,1,0
12844.0,1.1225487092062867,0.07422339860702587,-1.042823179886742,-0.7186260221987688,0.5854146694358666,-0.23305906672429438,0.5976414102639861,-0.8039250393948271,1,0
12845.0,-0.9664511505754357,0.07422339860702587,-1.1376563848668353,-1.5379721359094525,-0.18103607468831934,-0.49273161976031987,-0.38088803500765217,-0.8039250393948271,1,0
12846.0,-1.0552626048729952,-1.0577180989205999,-4.672365083494027,-3.8400438648170847,3.68989691152274,0.13755674414310018,-2.516040243029759,-0.8039250393948271,1,0
12847.0,0.35413656115349046,-0.5568260068131017,1.7827800466605648,1.4847038705206508,-0.7824234438038776,-0.5229139223515364,0.7014044164687462,-0.8039250393948271,1,0
12848.0,-1.0552626048729952,-1.0577180989205999,-1.0006403313901333,-0.38052293242990365,0.9289277278984494,-0.44035248611375827,-0.7604075912169913,-0.8039250393948271,1,0
12849.0,1.1071032388936677,0.48988501576479315,0.8154565804085242,0.8535245949890764,-0.25580052812706733,0.40232454155815495,0.8697110988665433,-0.8039250393948271,1,0
12850.0,-1.0552626048729952,-1.0577180989205999,0.3291947018799872,0.24715928646302135,-0.24944159322596546,-1.9376978457118947,-2.18341137617149,-0.8039250393948271,1,0
12851.0,0.4159184424039665,-0.5568260068131017,-0.6568228392834701,-0.897969339141336,-0.14979173688660297,0.22741126261658207,0.42374870558137934,-0.8039250393948271,1,0
12852.0,-1.0552626048729952,-1.0577180989205999,0.0116774588438258,0.16886159564134332,0.08122637113591738,-0.07426329780256188,-0.7135169018659211,1.7659550299964637,1,0
12853.0,1.022153152174263,1.1557353675997408,0.030579768124051193,0.3474315818208718,0.2494044417903255,0.09371390337111857,0.7862122685181961,1.3976309785735228,1,0
12854.0,1.4546263209275956,0.6548432754922423,0.4967631728880716,0.6002993608772444,-0.1073422773380208,0.22741126261658207,1.2154660653693528,1.5408951706492844,1,0
12855.0,-0.9394215775283524,0.07422339860702587,-0.9644736514511453,-0.7955596299644196,0.3808340737603687,2.744916198564831,0.3523677281481314,-0.8039250393948271,1,0
12856.0,-0.8390260204963288,0.48988501576479315,0.2144891966583359,0.37810449138472324,0.0315755502763702,-0.07426329780256188,1.0580456432127332,1.1620610054185785,1,0
12857.0,0.771164259594204,0.48988501576479315,0.5109851160477689,1.0943647548239368,0.40708297446569497,-0.07426329780256188,0.42374870558137934,0.5566200963305212,1,0
12858.0,-1.0552626048729952,-1.0577180989205999,-0.9123884530256321,-0.5926637406549757,0.5385186163580009,0.40232454155815495,-0.12240697358821374,1.7659550299964637,1,0
12859.0,-1.0552626048729952,-1.0577180989205999,0.7380584434119645,1.0036842930671808,-0.004868872166550034,-0.44035248611375827,-0.5488939424337871,-0.8039250393948271,1,0
12860.0,-1.0552626048729952,-1.0577180989205999,-1.809251977326945,-2.1670145299409773,0.05570928517792098,-0.07426329780256188,-0.7604075912169913,-0.8039250393948271,1,0
12861.0,-1.0552626048729952,-1.0577180989205999,-1.809251977326945,-1.888501819229002,0.3652263856684009,-0.07426329780256188,-1.7643485641128949,-0.8039250393948271,1,0
12862.0,-0.7849668744021622,-0.5568260068131017,0.7904617985521903,0.8242930650877945,-0.25358508558728304,0.40232454155815495,0.8428115176399747,-0.8039250393948271,1,0
12863.0,1.0182917845961084,0.48988501576479315,0.01288223401230868,0.7153827876505958,0.6987091752003265,-0.2521611112671691,-0.4440240814723802,0.5566200963305212,1,0
12864.0,0.3734433990442642,-0.5568260068131017,0.44915295385750303,-0.8262217347700989,-1.2411928518051538,-2.2848457372365156,-1.6147785724478398,-0.8039250393948271,1,0
12865.0,0.6823528052966445,0.07422339860702587,1.3053188242788958,1.5052356987548414,-0.22167237311558488,0.22741126261658207,1.0632876017895492,0.9153033772197167,0,0
12866.0,-0.20962310525710376,-0.20143741171417867,0.2411562634479923,0.5397464280720625,0.1687342061731876,0.09725622010391866,0.26039076371065795,-0.8039250393948271,0,0
12867.0,1.636110597100869,1.3461657029712149,1.536606392852488,1.0811025818266546,-0.8575022175034278,-0.07426329780256188,1.75763322795908,0.8443025417040958,1,0
12868.0,-0.2559595161949608,0.8003467725008181,-0.008396956119264257,-0.1011039890906718,-0.17236180864129577,-0.07426329780256188,0.5789959775241094,-0.8039250393948271,1,0
12869.0,-1.0552626048729952,-1.0577180989205999,-0.025102332118955028,0.2784322733327406,0.25088518084260386,-0.07426329780256188,-0.14488409814227088,-0.8039250393948271,1,0
12870.0,-0.09378207791246113,-0.20143741171417867,0.774467898160967,0.9649487167363371,-0.09242020838918748,2.432880753823806,0.5695118981833196,1.1620610054185785,1,0
12871.0,0.3155228853719429,-0.20143741171417867,0.09740249772430806,-0.14142014714334333,-0.34286609512555366,-0.07426329780256188,-0.9196861426527538,-0.8039250393948271,1,0
12872.0,0.5278981021704544,1.254616278688769,-0.07355479916185743,0.0019503164230374093,0.0183525937737081,-0.07426329780256188,1.3325713856866046,0.02103660903962243,1,0
12873.0,0.4854230588107521,-0.20143741171417867,0.6208690972058282,1.2235380580131912,0.3963531189117883,-0.49273161976031987,-0.19177478749334104,-0.8039250393948271,1,0
12874.0,-0.4026914841648415,-0.5568260068131017,0.8079605638422036,0.7408562292794585,-0.35550940106390927,0.09725622010391866,0.03817477705094321,1.4608215350480005,0,0
12875.0,1.083935033424739,0.29945468039331957,2.110742980165946,-0.018849204874424985,-1.8438959042662144,-2.4268885322673364,-2.18341137617149,-0.8039250393948271,1,0
12876.0,1.0028463142834891,0.07422339860702587,1.7760448188117717,1.785508414755166,-0.517076584044945,0.3469702689073076,0.8290235674343082,0.9153033772197167,0,0
12877.0,1.5974969213193215,1.8470577950787128,-0.2851078057740798,-0.8446935333770638,-0.5477516708831415,-0.3319664456362507,1.0258703928331887,-0.8039250393948271,1,0
12878.0,-0.9394215775283524,-0.5568260068131017,0.6672998076072931,0.5995918063736798,-0.32111242844298743,-0.5602283770286947,-0.07921996423456719,1.4608215350480005,1,0
12879.0,-0.8737783286997216,-0.20143741171417867,-0.19192480266225062,-0.49582087279685727,-0.3327191990594528,-1.485945419229041,-1.3787746355824586,1.1620610054185785,1,0
12880.0,-0.3100186622891274,-0.5568260068131017,-0.05930516242184436,0.2055561146877786,0.21816514070439935,-0.5602283770286947,-0.21626507557551844,-0.8039250393948271,1,0
12881.0,-1.0552626048729952,-1.0577180989205999,-2.0708886753380886,0.10835617851167093,3.501853021712732,2.93293348630791,-1.3787746355824586,-0.8039250393948271,1,0
12882.0,-0.9625897829972809,-0.5568260068131017,-0.19483728743886775,1.3316102776521712,1.8211521464736993,-0.6252905000779018,-0.980481634816486,-0.8039250393948271,1,0
12883.0,-0.804273712292936,0.07422339860702587,-1.180206933732233,-0.6084149226227705,0.9302978392415294,0.22741126261658207,-0.0584501529419441,-0.8039250393948271,1,0
12884.0,-1.0552626048729952,-1.0577180989205999,-1.3188933492444097,0.15789809926481632,2.173952787999631,2.000618897443466,-1.3787746355824586,-0.8039250393948271,1,0
12885.0,-0.8235805501837098,-0.20143741171417867,0.4238931588369562,0.48064307351508384,-0.13558513400936908,0.22741126261658207,0.36470425725432115,1.1620610054185785,1,0
12886.0,-0.46833473299347234,-0.5568260068131017,1.037127122098632,1.25037022195167,-0.1387391148922305,-0.07426329780256188,0.46810349267815093,1.4608215350480005,1,0
12887.0,-1.0552626048729952,-1.0577180989205999,-0.4174164944150915,-0.28956233852445995,0.17177538589396918,0.09371390337111857,-0.9196861426527538,-0.8039250393948271,1,0
12888.0,-0.8969465341686501,-0.5568260068131017,-1.4497626444781349,-0.599241398173452,1.3806825845275292,-0.2618344117975608,-1.7643485641128949,1.7659550299964637,1,0
12889.0,-0.5880371279162697,0.07422339860702587,-1.6643837791193108,-1.4233297428339162,0.6926420262939198,-0.2521611112671691,-0.41184883109283577,1.4608215350480005,1,0
12890.0,0.3464138259971809,-0.5568260068131017,0.49411707419160367,0.36042892202036214,-0.34119477082450816,0.22741126261658207,0.8763004011681347,-0.8039250393948271,1,0
12891.0,0.7750256271723587,1.1557353675997408,0.38885895034239293,-1.7364480155388653,-1.6801911081456407,-2.6438118278149303,-2.18341137617149,0.07951852525571697,1,0
12892.0,-1.0552626048729952,-1.0577180989205999,-0.05545116217800767,-0.059635992200683476,-0.06967216783636795,-0.3319664456362507,-0.6691621147691496,-0.8039250393948271,1,0
12893.0,-1.0552626048729952,-1.0577180989205999,-0.46125679963733673,-0.5168304715304086,-0.01191902913527073,-1.0222871175758335,-0.351053338929104,-0.8039250393948271,1,0
12894.0,-1.0552626048729952,-1.0577180989205999,-1.598612131292182,-0.7593929874353023,1.4215575890780037,0.40232454155815495,-0.5488939424337871,-0.8039250393948271,1,0
12895.0,-0.8853624314341858,-0.5568260068131017,-0.3649956734261198,-0.5294474996874172,-0.15023635040134262,-0.07426329780256188,-0.5124273288630706,1.4608215350480005,1,0
12897.0,0.25374100412146683,0.07422339860702587,-0.9251772053690718,-1.0333061240232313,0.0633038081698156,-0.49273161976031987,-1.1175267461574372,-0.8039250393948271,1,0
12898.0,-0.29843455955466314,-0.5568260068131017,-0.22140759327582904,-0.7756105826172266,-0.5578113095298828,-0.49273161976031987,-0.351053338929104,-0.8039250393948271,1,0
12899.0,-1.0552626048729952,-1.0577180989205999,-0.3347174312149545,0.3895910026602063,0.8362604714637861,0.22741126261658207,-0.7135169018659211,-0.8039250393948271,1,0
12900.0,-1.0552626048729952,-1.0577180989205999,-0.06317290244604831,0.2891127537985986,0.316344900578534,-0.07426329780256188,-0.9196861426527538,-0.8039250393948271,1,0
12901.0,-0.04358429939644931,2.2457965188165505,1.861299427852291,1.1290711137460858,-1.1224456696829854,-0.07426329780256188,-0.26755450858075713,1.0320515692003946,1,0
12902.0,-1.0552626048729952,-1.0577180989205999,-0.8626896906960722,-0.9306582416746769,0.08835450393403481,0.22741126261658207,-1.1175267461574372,-0.8039250393948271,1,0
12903.0,-1.0552626048729952,-1.0577180989205999,1.3047699247338063,1.5095981163018162,-0.2166725032880913,-0.8464662631382949,-0.018424472070835033,-0.8039250393948271,1,0
12904.0,-0.46061199783716283,-0.5568260068131017,0.026047204387651634,-0.10472837617050697,-0.21937229483028345,-0.07426329780256188,0.2741787139163245,-0.8039250393948271,1,0
12905.0,-0.645957641588591,-0.5568260068131017,0.6372452561036686,0.8378726496040665,-0.04517849863485836,0.16253566624592464,0.17241042083090774,1.4608215350480005,1,0
12906.0,-0.7965509771366265,0.29945468039331957,0.9333877878913688,1.0245244324402079,-0.23375763807338068,-0.07426329780256188,0.2175794647945466,-0.8039250393948271,1,0
12907.0,-0.6729872146356743,-0.5568260068131017,-0.5485612498325305,-0.10651746393876328,0.5670199926342223,0.6445604725968617,-0.47751296500053947,1.4608215350480005,1,0
12908.0,0.6977982756092636,0.29945468039331957,1.5174747724440791,0.34732706074192726,-1.3441852431254566,-2.4268885322673364,-2.516040243029759,1.3056202738679257,1,0
12909.0,1.3156170881140243,0.8003467725008181,0.5417378816094736,0.46722513372044844,-0.29614505814125625,2.744916198564831,0.8496195544385344,1.5888608116488376,1,0
12910.0,1.2538352068635483,1.3461657029712149,0.6903116482160317,0.6569626909365256,-0.2937066029200813,-1.1639429167840407,0.46810349267815093,-0.030266317867525,1,0
12911.0,-1.0552626048729952,-1.0577180989205999,1.8558856268677957,2.465972843071504,0.05212564343864477,1.1608512063238763,1.3437838207199313,-0.8039250393948271,1,0
12912.0,-0.9085306369031144,0.29945468039331957,-0.1026281569786321,0.25726772559747907,0.33657637024003384,-0.5229139223515364,-0.7135169018659211,-0.8039250393948271,1,0
12913.0,1.7789811974925949,1.3461657029712149,0.5142574656122438,0.7667967817323423,0.042729894925340156,0.09725622010391866,0.17241042083090774,-0.8039250393948271,1,0
12914.0,-1.0552626048729952,-1.0577180989205999,0.8898471409168903,-0.27994115491335025,-1.2457922621039312,-1.277214299835045,-1.195715760389244,-0.8039250393948271,1,0
12915.0,0.6476004970932518,0.07422339860702587,-0.38827213085837375,-0.16481945291161845,0.2685237152581408,-0.07426329780256188,0.07384838550817617,1.7659550299964637,1,0
12916.0,1.053044092799501,0.6548432754922423,0.5849221337217014,1.2013580256390337,0.42272014583057554,0.22741126261658207,0.5403834989422175,0.42541977181113405,1,0
12917.0,1.2692806771761673,0.48988501576479315,0.2392032477491476,1.3222850561095396,1.0922931807198846,-0.23305906672429438,0.05620547486057961,1.1620610054185785,1,0
12918.0,-1.0552626048729952,-1.0577180989205999,-4.672365083494027,5.024408069483122,17.639949691491747,7.4864837341573445,-2.516040243029759,1.8596832102061218,1,0
12919.0,-0.4335824247900795,0.48988501576479315,-0.294018738233672,-0.2887579783171465,0.0055362601776165615,-0.3319664456362507,-0.1679944637358899,1.1620610054185785,1,0
12920.0,1.6785856404605712,0.07422339860702587,-0.36243995981142496,-1.1040164962195291,-0.6893176053572616,0.22741126261658207,0.2741787139163245,-0.8039250393948271,1,0
12921.0,1.7596743596018212,3.419618362654992,0.7239568624729299,0.7463461349540379,-0.24784418818760748,-0.07426329780256188,1.6551033407672682,1.290168773428583,1,0
12922.0,-1.0552626048729952,-1.0577180989205999,0.9941267805536043,0.5272510665832125,-0.7536851127843784,-0.930965887215077,-0.3222656930578095,-0.8039250393948271,1,0
12923.0,0.9178962275640846,-0.20143741171417867,-0.6703000303320932,-0.060100800311720895,0.8068081119409611,-0.07426329780256188,0.20279773648307728,-0.8039250393948271,1,0
12924.0,1.4237353803023576,1.254616278688769,-0.23418453262020325,-0.39507930891187387,-0.18134035098736867,-0.07426329780256188,0.23209955581276964,0.5566200963305212,1,0
12925.0,1.2152215310820007,-0.20143741171417867,0.4139550747383926,-0.16853336014510945,-0.7250151576021787,0.09725622010391866,0.07384838550817617,-0.8039250393948271,1,0
12926.0,0.15720681466759795,0.07422339860702587,0.2823175274288537,0.4644711279370798,0.03240326249180059,0.40232454155815495,1.274088407319195,-0.8039250393948271,1,0
12927.0,-1.0552626048729952,-1.0577180989205999,-0.017645945876385277,-0.4521980196319451,-0.497743364699473,0.22741126261658207,-1.0461457687241897,-0.8039250393948271,1,0
12928.0,0.9294803302985489,1.254616278688769,0.5331997029510834,0.3608306041259467,-0.3875913255845761,-0.879512969193419,0.651162367871365,-0.8039250393948271,1,0
12929.0,-1.0552626048729952,-1.0577180989205999,-1.4779434477997069,-1.151121689382567,0.7323208078355329,0.09371390337111857,-1.282149705589571,1.7659550299964637,1,0
12930.0,-0.6961554201046029,-0.5568260068131017,-0.16890218959256986,-0.38117627880829974,-0.24944159322596546,-0.07426329780256188,-0.5870572757944853,1.7659550299964637,1,0
12931.0,1.7133379486639642,3.102077206022971,2.1778059796647042,2.41608180808364,-0.40228324164146534,-0.3319664456362507,-0.1005293110454993,0.8996472804210045,1,0
12932.0,-0.5610075548691864,0.8003467725008181,0.3352499730100596,-0.3525927934234418,-0.7950463256126041,-0.619945652967382,0.4006383399877607,-0.8039250393948271,1,0
12933.0,1.6670015377261072,0.8003467725008181,-0.22252893697020837,-0.36184754691396176,-0.16272256056113124,0.22741126261658207,1.36936516326007,1.256310742518105,1,0
12934.0,-1.0552626048729952,-1.0577180989205999,-1.6643837791193108,-0.564496279735962,1.7938782525702839,1.932129182619007,-2.18341137617149,-0.8039250393948271,1,0
12935.0,1.2808647799106316,1.5111239626986637,0.39921253879774743,0.037726553291394085,-0.5298022909000895,-0.3319664456362507,0.8007323595364199,0.9720793875323959,1,0
12936.0,-0.819719182605555,0.07422339860702587,-0.05737645093124451,-0.04630164084899232,-0.053379213464611955,-0.7986379095346742,0.23209955581276964,0.9153033772197167,1,0
12937.0,1.7287834189765832,0.9305040858134475,0.43374103215306575,0.3044204420978684,-0.32192590775166474,-0.07426329780256188,0.9021407650415885,-0.8039250393948271,1,0
12938.0,-1.0552626048729952,-1.0577180989205999,-0.05545116217800767,-1.1944158037400718,-1.062207364382344,-1.485945419229041,-1.195715760389244,-0.8039250393948271,1,0
12939.0,1.38512170452081,1.8470577950787128,1.3549799098456492,2.0766308895768675,0.31499003800335024,-1.1639429167840407,-0.4440240814723802,-0.8039250393948271,1,0
12940.0,-0.9278374747938881,-0.5568260068131017,0.3584821225895907,0.689812712459507,0.17092563792716656,0.40232454155815495,0.5883716650135135,1.7659550299964637,1,0
12941.0,-1.0552626048729952,-1.0577180989205999,1.0258259789963606,0.4301890006208755,-0.8639396192963047,-0.8464662631382949,-0.351053338929104,-0.8039250393948271,1,0
12942.0,-0.15170259158478244,-0.20143741171417867,-0.8360323317053847,-0.2559620973528003,0.8246735120539084,0.22741126261658207,0.38883434171884856,-0.8039250393948271,1,0
12943.0,-0.8737783286997216,-0.5568260068131017,-0.3052613251395872,-0.14008673510229697,0.1800799220848276,0.40232454155815495,-0.5124273288630706,1.7659550299964637,1,0
12944.0,0.1765136525583717,-0.5568260068131017,-0.021367733154956617,0.12764662267068413,0.08177574653660037,-0.09503028911869377,-0.2944540898073254,-0.8039250393948271,1,0
12945.0,0.3657206638879547,-0.5568260068131017,0.44673400095409205,0.6696388290752162,0.030052448111169295,-0.07426329780256188,0.09111983872311039,-0.8039250393948271,1,0
12946.0,-1.0552626048729952,-1.0577180989205999,0.0116774588438258,0.22407494288976626,0.14057494177553737,-0.07426329780256188,-0.5870572757944853,-0.8039250393948271,1,0
12947.0,-0.16714806189740147,0.48988501576479315,0.2972432992568542,-0.039381940579194,-0.4831805517907911,1.7010479979872455,0.5502083316528148,1.7114222858191708,1,0
12948.0,1.7287834189765832,0.9305040858134475,-0.01847190703369695,-0.09038209305875256,-0.14874115033646412,-0.07426329780256188,0.6068075807745934,0.22484244827571642,1,0
12949.0,1.6708629053042618,1.9594399542263008,1.0064185235722227,1.2827362193712677,-0.06622665616016744,0.22741126261658207,1.7162615849714098,0.9917078520475852,1,0
12950.0,-0.9703125181535904,-0.20143741171417867,1.2297626839804636,1.093625427845889,-0.5208467883481095,-1.7675137489305075,-0.9196861426527538,-0.8039250393948271,1,0
12951.0,1.6090810240537858,1.5111239626986637,-0.30720037825224916,-0.34030974765807126,-0.030981104992586963,0.22741126261658207,0.778854696993705,1.1620610054185785,1,0
12952.0,-0.773382771667698,0.07422339860702587,0.1101368609946957,0.3153264971206904,0.10494445060124359,0.22741126261658207,0.3398428478240282,0.9153033772197167,1,0
12953.0,0.9256189627203941,-0.5568260068131017,0.22741074112491402,0.5572373272853469,0.20677336962477713,0.6467390474220279,0.05620547486057961,-0.8039250393948271,1,0
12954.0,-1.0552626048729952,-1.0577180989205999,-0.6173675847508863,-0.7161180596472347,-0.013780015416981617,-0.07426329780256188,-1.1175267461574372,-0.8039250393948271,1,0
12955.0,-0.02813882908383029,1.1557353675997408,0.8804412847410146,0.6153477789582346,-0.5553001802426902,-0.3319664456362507,0.5304395744514846,0.9917078520475852,1,0
12956.0,0.5587890427956924,0.07422339860702587,-0.5918393498111858,-1.0133278379886854,-0.34478127097947214,0.22741126261658207,0.0008790944596697093,-0.8039250393948271,1,0
12957.0,1.7210606838202736,1.3461657029712149,0.9658690203298737,1.2113814668411211,-0.08704396174720845,0.40232454155815495,1.8366369033561654,1.5808982722251415,1,0
12958.0,-0.34863233807067495,-0.5568260068131017,-0.8708163199136619,-0.02715872336594441,1.1647292813202401,-0.07426329780256188,0.05620547486057961,-0.8039250393948271,1,0
12959.0,-1.0552626048729952,-1.0577180989205999,-0.3248096004571912,-0.8157146729784792,-0.4759193134390727,0.16253566624592464,-1.282149705589571,1.7659550299964637,1,0
12960.0,-0.09764344549061588,0.07422339860702587,0.9176564243691644,0.2492919823873868,-0.898831028438963,-0.619945652967382,0.12460872225127,-0.8039250393948271,1,0
12961.0,-1.0552626048729952,-1.0577180989205999,0.21548864392176717,-0.3547063036690861,-0.671124719974188,-1.277214299835045,-0.1005293110454993,-0.8039250393948271,1,0
12962.0,-0.645957641588591,-0.5568260068131017,-0.8872545120854467,-0.9853470130819103,0.06314800824187652,-0.07426329780256188,-0.8101418318588084,-0.8039250393948271,1,0
12963.0,0.9178962275640846,1.254616278688769,-0.0833788921989092,-0.027642025683492662,0.0002890761115385326,-0.07426329780256188,0.9084756515476784,0.5566200963305212,1,0
12964.0,-1.0552626048729952,-1.0577180989205999,-1.0380543813173266,-0.9950969728692273,0.2614554391201063,-0.5602283770286947,-0.38088803500765217,-0.8039250393948271,1,0
12965.0,-1.0552626048729952,-1.0577180989205999,0.7042113331252393,1.4048814896769704,0.4835925110747883,-0.07426329780256188,0.7639385819629544,-0.8039250393948271,1,0
12966.0,-1.0552626048729952,-1.0577180989205999,-0.7259481217060276,-0.7352104425185833,0.11213704951272671,-0.09503028911869377,-1.1175267461574372,-0.8039250393948271,1,0
12967.0,-0.9587284154191262,-0.20143741171417867,0.781605423429752,1.72966410165082,0.7511931945236969,0.843979790974327,0.09111983872311039,1.6204927696584461,1,0
12968.0,-1.0552626048729952,-1.0577180989205999,-0.7548805010380715,-0.957604180586574,-0.08385374417177335,-0.3319664456362507,-1.6147785724478398,-0.8039250393948271,1,0
12969.0,-1.0552626048729952,-1.0577180989205999,-1.0572566512332655,-1.099280798916558,0.17334986280387052,-0.07426329780256188,-1.6147785724478398,-0.8039250393948271,1,0
12970.0,1.7558129920236665,1.048245697623346,-0.4024815496254917,-0.8018862067285398,-0.37126309754184966,-0.07426329780256188,1.5408285983972705,-0.8039250393948271,1,0
12971.0,1.7287834189765832,3.9689618373166082,-0.191974951733271,-0.9632531327467313,-0.751490770869663,1.0445209855400752,0.7174904951184494,-0.4172356948645849,1,0
12972.0,-0.09764344549061588,0.07422339860702587,0.3869996526675594,0.07273908908881056,-0.48407203008996624,0.22741126261658207,0.4006383399877607,1.4608215350480005,1,0
12973.0,-1.0552626048729952,-1.0577180989205999,-1.6643837791193108,0.4589552220318784,3.2383563535093183,2.5996183390222924,-1.4883189463764042,-0.8039250393948271,1,0
12974.0,0.3657206638879547,-0.5568260068131017,-1.1169909995197986,-0.40374426312414996,1.0851879173682457,0.40232454155815495,-0.351053338929104,-0.8039250393948271,1,0
12975.0,0.0915635658389671,0.48988501576479315,0.03197887541189727,0.3273090494558444,0.22525205076364255,0.843979790974327,0.6337071620011621,1.1620610054185785,1,0
12976.0,0.6977982756092636,0.8003467725008181,0.8882363018270033,0.4903672495499744,-0.6728258758396282,-0.07426329780256188,0.7487462269343014,-0.8039250393948271,1,0
12977.0,0.3155228853719429,0.07422339860702587,-1.6066188091659905,-1.0244314817708102,1.0935185534558705,2.432880753823806,0.20279773648307728,-0.8039250393948271,1,0
12978.0,0.2730478420122406,0.29945468039331957,0.6880472182357797,0.8145403180713996,-0.13466712960741403,-0.07426329780256188,0.8893223210263874,0.7169161657937569,1,0
12979.0,-1.0552626048729952,-1.0577180989205999,1.362502358588885,0.8604023807832056,-0.8587771775864973,0.3469702689073076,0.23209955581276964,1.7659550299964637,0,0
12980.0,1.1843305904567627,1.9045263848297673,-0.5192339969328262,1.4078783325308595,2.4947321074822524,1.0134691263446138,-1.3787746355824586,0.8720795337142916,1,0
12981.0,-0.6536803767449005,-0.5568260068131017,-0.21247832535746608,-0.5315617213439416,-0.3421314469401958,-1.50326875650423,-0.980481634816486,-0.8039250393948271,1,0
12982.0,0.35027519357533565,0.8003467725008181,0.41291460287603365,0.3001517611530353,-0.30070705653081836,0.22741126261658207,0.9692711437114102,1.7929289451149273,1,0
12983.0,-1.0552626048729952,-1.0577180989205999,1.5839894660899987,0.7857022946273776,-1.1187285087764585,-1.485945419229041,-0.26755450858075713,-0.8039250393948271,1,0
12984.0,-1.0552626048729952,-1.0577180989205999,-1.8487072318595295,-1.4075078027038528,1.0043169946335764,-1.0222871175758335,-1.7643485641128949,-0.8039250393948271,1,0
12985.0,-0.9471443126846619,-0.5568260068131017,1.7827800466605648,1.1054582005602642,-1.0702923743505568,-0.5988151577868094,0.4462258301354361,1.4608215350480005,1,0
12986.0,-0.05516840213091358,1.048245697623346,-0.2541755181790805,-0.010923755974426064,0.2510732392631466,-0.07426329780256188,0.3010782951428931,0.7169161657937569,1,0
12987.0,1.319478455692179,0.29945468039331957,-0.24864500529645414,-0.06448811360248288,0.18446151732677946,1.4081348126143514,0.3010782951428931,0.7169161657937569,1,0
12988.0,-1.0552626048729952,-1.0577180989205999,-0.08667345873840847,0.9060062242252356,1.0869142694624854,-0.07426329780256188,0.46810349267815093,-0.8039250393948271,1,0
12989.0,1.7480902568673569,2.442297391715952,0.38264885938648063,0.5448711095591161,-0.016047346150307437,-0.07426329780256188,0.14085407936492755,0.6326212419203412,1,0
12990.0,1.2152215310820007,0.6548432754922423,-0.8218308897730369,-0.9521325611110963,0.010345668407601195,-1.7675137489305075,-1.195715760389244,-0.8039250393948271,1,0
12991.0,0.3579979287316452,-0.20143741171417867,0.09517248681020817,-0.10392805142657874,-0.3040596661563984,1.1608512063238763,0.05620547486057961,-0.8039250393948271,1,0
12992.0,-1.0552626048729952,-1.0577180989205999,-2.0708886753380886,-1.4662718034705027,1.2977780990704029,-0.8464662631382949,-1.4883189463764042,-0.8039250393948271,1,0
12993.0,1.400567174833429,0.8003467725008181,-0.4852881388866917,-0.758498830687839,-0.22744634398886676,-0.44035248611375827,0.24636711066584036,0.9153033772197167,1,0
12994.0,-0.0358615642401398,-0.20143741171417867,0.04022910473531481,0.22557023566614462,0.10333989207120335,-0.07426329780256188,0.17241042083090774,1.6204927696584461,1,0
12995.0,-1.0552626048729952,-1.0577180989205999,-0.3347174312149545,-0.35900746189153193,-0.014188518040362084,-1.277214299835045,-1.947407439306109,1.7659550299964637,1,0
12996.0,-1.0552626048729952,-1.0577180989205999,-0.20362195023502777,0.3484763527123759,0.5883886277936183,0.09371390337111857,-0.5124273288630706,-0.8039250393948271,1,0
12997.0,1.2229442662383103,0.8003467725008181,0.006239352581734149,-0.05714035637238432,-0.1466639874476643,0.4473365033277267,0.3523677281481314,1.7659550299964637,1,0
12998.0,-0.4335824247900795,-0.20143741171417867,1.0076882062330952,0.1474819294948843,-1.0583162614409285,-0.6943222153282232,0.26039076371065795,1.1620610054185785,1,0
12999.0,-0.8660555935434121,-0.20143741171417867,-0.2765838864567547,-0.8066705357123416,-0.5231705348630188,-0.07426329780256188,-0.41184883109283577,-0.8039250393948271,1,0
13000.0,1.334923926004798,0.07422339860702587,-0.07878324266791349,-0.08704430644597837,-0.06755683272116139,-0.23305906672429438,0.24636711066584036,0.9153033772197167,1,0
13001.0,1.7712584623362855,2.442297391715952,1.105930602141139,1.3334128826947111,-0.14240869148621296,-0.2618344117975608,1.5972331948366743,0.29212895312851406,1,0
13002.0,-0.6073439658070435,-0.20143741171417867,-0.8466168051985027,-0.9368949493952462,0.05985778326660084,-0.3319664456362507,-0.6270829566655943,-0.8039250393948271,1,0
13003.0,-0.6343735388541268,-0.20143741171417867,-1.5568800660021787,-2.314606033333693,-0.4205835036646556,-0.8464662631382949,-1.7643485641128949,-0.8039250393948271,1,0
13004.0,1.6978924783513452,2.5467555217635396,0.5419843657472435,0.22065080122844108,-0.5270326866445133,0.09371390337111857,1.8666169895504725,1.0076700295572323,1,0
13005.0,0.041365787322955296,0.07422339860702587,-0.2625245113706964,-0.13097048363303607,0.13128718420978874,-0.07426329780256188,-0.018424472070835033,1.4608215350480005,1,0
13006.0,-1.0552626048729952,-1.0577180989205999,-1.0572566512332655,-1.648337131159316,-0.38920516132114347,-0.07426329780256188,-1.7643485641128949,-0.8039250393948271,1,0
13007.0,-1.0552626048729952,-1.0577180989205999,-0.9824062899433923,-0.6131894898690836,0.6191283357062412,-0.07426329780256188,-1.0461457687241897,-0.8039250393948271,1,0
13008.0,0.48928442638890685,-0.20143741171417867,-0.1660584135796988,-0.40661525502707246,-0.27790784209441893,-0.8464662631382949,-0.2415090281351582,1.8222621776056886,1,0
13009.0,-1.0552626048729952,-1.0577180989205999,-0.22140759327582904,-0.22045535143876735,-0.01903812201252675,-1.8163206498761402,-1.7643485641128949,-0.8039250393948271,1,0
13010.0,0.002752111541407747,-0.5568260068131017,0.0985157866139212,-0.6944910316773404,-0.830471574142331,-0.619945652967382,-1.1175267461574372,-0.8039250393948271,1,0
13011.0,-1.0552626048729952,-1.0577180989205999,-2.561247303420624,-2.291459506872161,1.0660462621822824,-0.8464662631382949,-1.947407439306109,-0.8039250393948271,1,0
13012.0,1.195914693191227,1.1557353675997408,-0.03948114687458685,-0.024578150610639907,-0.054280331254027245,-0.07426329780256188,0.6597526424467606,1.2321901792666519,1,0
13013.0,1.7403675217110475,2.287676865127367,0.30301041329158973,0.44874593130757656,-0.011528074076030837,0.22741126261658207,1.566691593306355,-0.09637737407380519,1,0
13014.0,0.5742345131083114,1.1557353675997408,0.2160334091492447,0.783223381875108,0.4770977567344092,-0.07426329780256188,0.9751100560900954,1.5979375757150818,1,0
13015.0,1.06848956311212,1.1557353675997408,0.8416746369771697,1.0586423940719767,-0.08319822568568438,3.399499478022089,1.4802576481060286,0.9917078520475852,1,0
13016.0,-0.8621942259652573,-0.20143741171417867,0.1891990088787182,-0.060066364653572055,-0.37561990316617383,0.22741126261658207,-0.0584501529419441,-0.8039250393948271,1,0
13017.0,-1.0552626048729952,-1.0577180989205999,-1.2021248494409003,-0.40690379646703134,1.2193336595383584,-1.1639429167840407,-2.516040243029759,-0.8039250393948271,1,0
13018.0,1.38512170452081,2.5129081469136603,0.2892995609002332,0.0184711885625332,-0.42043924156952533,2.432880753823806,1.8345987315598906,-0.1998334393645602,1,0
13019.0,0.31166151779378815,0.48988501576479315,-0.8599942857624516,-0.4003158601411731,0.6871772491044456,-0.07426329780256188,0.07384838550817617,1.1620610054185785,1,0
13020.0,-0.6807099497919838,-0.5568260068131017,-0.06317290244604831,0.15979010127454543,0.1734238966744336,-0.49273161976031987,-0.07921996423456719,1.8371065454341933,1,0
13021.0,1.7635357271799759,1.656627459707239,0.017194270677075282,0.0594811419756693,-0.04130996104702208,0.843979790974327,1.1139434269424622,1.3271690481062945,1,0
13022.0,-1.0552626048729952,-1.0577180989205999,-1.5366009722482303,-1.9479319827139896,-0.08131418233414793,0.09725622010391866,-1.6147785724478398,-0.8039250393948271,0,0
13023.0,0.7364119513908112,-0.20143741171417867,0.30186580274645863,0.7659053497961585,0.33406278763667696,0.3469702689073076,0.4006383399877607,-0.8039250393948271,1,0
13024.0,-0.6227894361196625,-0.5568260068131017,-0.5245845849687653,0.013525118508173018,0.6729729758319088,0.22741126261658207,-0.38088803500765217,1.4608215350480005,1,0
13025.0,-1.0552626048729952,-1.0577180989205999,0.5305877328178502,0.21962129722646184,-0.5150043619735869,-1.0222871175758335,-0.9196861426527538,-0.8039250393948271,1,0
13026.0,1.7442288892892022,0.9305040858134475,0.669274148330027,-0.48526368006537995,-1.1996491919368024,-1.277214299835045,0.17241042083090774,1.3820367923862882,1,0
13027.0,1.165023752565989,1.7867847730198683,2.958461813220954,1.6328483623428371,-1.6166188098571004,-2.6438118278149303,-1.3787746355824586,0.7625434849144704,1,0
13028.0,-0.9664511505754357,-0.5568260068131017,1.0757790445488042,0.24987866192189145,-1.04636443714948,-1.7675137489305075,-0.03819322927216564,1.4608215350480005,1,0
13029.0,0.848391611157299,0.29945468039331957,-1.4277334626878642,0.4586373346788065,2.795591433608751,0.6445604725968617,-0.9196861426527538,-0.8039250393948271,1,0
13030.0,0.3232456205282524,-0.5568260068131017,0.3128801098140292,0.5081717016525084,0.037834932580118254,0.40232454155815495,0.4788273542195676,-0.8039250393948271,1,0
13031.0,-0.4876415708842461,0.29945468039331957,1.2753863497505402,1.2397550449593115,-0.4398060971986569,0.09371390337111857,1.5260999491661482,-0.8039250393948271,1,0
13032.0,0.5201753670141449,0.9305040858134475,-0.03764466750634684,0.18794605518924548,0.16896762345485475,0.40232454155815495,1.0148586338590864,0.8107045800741712,1,0
13033.0,-0.7772441392458527,-0.5568260068131017,-1.180206933732233,-1.2410282980552922,0.18936872973854763,-0.8464662631382949,-0.980481634816486,-0.8039250393948271,1,0
13034.0,0.28463194474670483,-0.20143741171417867,-0.09196566400198607,-0.11822649568266348,-0.08253322256569998,0.09371390337111857,0.0008790944596697093,-0.8039250393948271,1,0
13035.0,0.32710698810640715,-0.20143741171417867,0.798079274654031,0.6837253888550118,-0.39776411892412245,-1.1639429167840407,-0.351053338929104,1.1620610054185785,1,0
13036.0,-1.0552626048729952,-1.0577180989205999,-1.4497626444781349,0.14928502822354195,2.396685372412518,-0.07426329780256188,-1.4883189463764042,-0.8039250393948271,1,0
13037.0,1.2538352068635483,1.254616278688769,0.20039938916992228,0.2315872292606924,-0.10218864104260601,0.40232454155815495,1.1845052692841687,1.1620610054185785,1,0
13038.0,-0.24437541346049657,-0.20143741171417867,-0.22140759327582904,0.13018772453967115,0.3626196904099431,-0.49273161976031987,-0.4440240814723802,-0.8039250393948271,1,0
13039.0,-0.5223938790876389,0.07422339860702587,-0.7622357829585207,-0.11602282818281712,0.881119331252698,-0.07426329780256188,-0.1005293110454993,-0.8039250393948271,1,0
13040.0,-0.9587284154191262,-0.5568260068131017,0.20039938916992228,0.2817537762757214,-0.05057346233794411,-0.7986379095346742,-0.07921996423456719,-0.8039250393948271,1,0
13041.0,-0.5185325115094841,0.07422339860702587,-0.6077239663403461,-0.4352825468256312,0.27676159303191605,-0.619945652967382,-0.47751296500053947,-0.8039250393948271,1,0
13042.0,-0.5378393494002579,-0.20143741171417867,0.6797437101848862,0.86341696345964,-0.07410303087484461,0.40232454155815495,1.1040594070649958,1.1620610054185785,1,0
13043.0,-1.0552626048729952,-1.0577180989205999,0.5873560100710945,0.8570293835523934,0.04067889539810302,0.09371390337111857,-0.9196861426527538,1.7659550299964637,1,0
13044.0,0.5240367345922996,1.1557353675997408,0.4898940251546126,0.642768083194038,-0.05483499060995457,0.3469702689073076,1.737208179741932,0.6326212419203412,1,0
13045.0,0.43908664787289503,-0.20143741171417867,-0.09462147910482348,-0.027688263567891905,0.015159333359314938,-0.3319664456362507,-0.018424472070835033,-0.8039250393948271,1,0
13046.0,0.5896799834209304,-0.20143741171417867,0.14320407001872926,0.18995460384040241,-0.07085263381108056,2.000618897443466,0.14085407936492755,-0.8039250393948271,1,0
13047.0,1.6168037592100952,2.0624455833410726,-0.06027080550092818,0.3318663815980114,0.3603258374491524,0.22741126261658207,1.228385446170411,1.6719867635063792,1,0
13048.0,1.5202695697562263,0.9305040858134475,0.7692836578014817,0.6809300203046493,-0.36615621331463555,-0.49273161976031987,0.8828371985110838,1.3820367923862882,1,0
13049.0,0.2460182689651573,0.07422339860702587,0.05422800770922354,0.3352393831257906,0.20310167757386374,-0.07426329780256188,-0.6270829566655943,0.9153033772197167,1,0
13050.0,1.6863083756168809,2.5129081469136603,0.3328895540770381,0.30105559072093263,-0.20072326006444882,2.089547357366985,2.0362204899372394,1.591751749285052,1,0
13051.0,-0.8969465341686501,-0.5568260068131017,-1.5068758271317502,-1.710404719514238,0.13134107610978796,-0.49273161976031987,-1.7643485641128949,-0.8039250393948271,1,0
13052.0,0.6514618646714065,0.6548432754922423,0.37005350280302246,0.6774617754441147,0.1417002398204307,0.40232454155815495,1.0890064392979164,-0.8039250393948271,1,0
13053.0,-1.0552626048729952,-1.0577180989205999,-1.2244947126369312,-1.0429549232455049,0.4768735433279898,-0.49273161976031987,-0.7135169018659211,-0.8039250393948271,1,0
13055.0,0.30007741505932384,0.07422339860702587,1.2185262256043716,1.0158984591304376,-0.5775844438775214,-0.07426329780256188,1.0036970504436913,1.4608215350480005,1,0
13056.0,-1.0552626048729952,-1.0577180989205999,0.0748933930562603,-0.3708897871721157,-0.5297737992296107,0.22741126261658207,-0.6691621147691496,-0.8039250393948271,1,0
13057.0,-0.6652644794793648,-0.20143741171417867,0.05654369680127278,-0.18209690677106183,-0.33246123796486965,-0.2618344117975608,-0.1679944637358899,1.1620610054185785,1,0
13058.0,-0.5648689224473412,-0.20143741171417867,-2.26868931912693,-1.5086420410028578,1.5833071525967601,-0.3319664456362507,-1.6147785724478398,-0.8039250393948271,1,0
13059.0,0.36958203146610946,1.048245697623346,-0.574320400524229,-0.24202014733452937,0.4476225452123455,0.09371390337111857,1.0580456432127332,0.7169161657937569,1,0
13060.0,-1.0552626048729952,-1.0577180989205999,-0.19483728743886775,0.15118899658298426,0.3483928135704048,-0.5602283770286947,-0.8101418318588084,-0.8039250393948271,1,0
13061.0,-1.0552626048729952,-1.0577180989205999,-0.344716579672171,-0.13811640158712493,0.23704934856810658,-0.5229139223515364,-1.1175267461574372,-0.8039250393948271,1,0
13062.0,-1.0552626048729952,-1.0577180989205999,0.9121513023761727,0.31545400446896765,-0.8415923980906245,0.09725622010391866,-1.0461457687241897,-0.8039250393948271,1,0
13063.0,-1.0552626048729952,-1.0577180989205999,-0.2578782519020756,-0.5149551424448029,-0.2705111342539292,-0.8464662631382949,-0.980481634816486,-0.8039250393948271,1,0
13064.0,1.180469222878608,0.48988501576479315,-0.29882273100306117,0.024193493511784174,0.3534953864372432,2.432880753823806,0.26039076371065795,-0.8039250393948271,1,0
13065.0,-0.3833846462740677,0.29945468039331957,-0.7089519527822654,-0.36100214488395327,0.5074144434260449,-0.07426329780256188,0.12460872225127,0.7169161657937569,1,0
13066.0,-1.024371664247757,-0.5568260068131017,0.09517248681020817,-0.21234657017696115,-0.4074334263591456,0.40232454155815495,0.10803515400060046,1.4608215350480005,1,0
13067.0,0.35027519357533565,-0.20143741171417867,-1.3025787571784517,-0.6584428652879468,1.06309717837204,-0.3319664456362507,-0.4440240814723802,-0.8039250393948271,1,0
13068.0,0.13789997677682417,-0.5568260068131017,-0.4174164944150915,-0.6385977737787202,-0.19342867921568357,-1.8794321500245568,-2.516040243029759,-0.8039250393948271,1,0
13069.0,1.0414599900650368,2.6117890580026883,1.0799820174495527,-0.15208369764193708,-1.3142683136506337,0.40232454155815495,2.1267936748284897,0.18429599984942513,1,0
13070.0,1.0298758873305724,0.07422339860702587,-0.4953402286603878,-0.5183831727137235,0.031841953492422456,-1.485945419229041,-0.980481634816486,0.9153033772197167,1,0
13071.0,-1.0552626048729952,-1.0577180989205999,-1.6988279396262262,-1.026395732665939,1.242668081113398,-0.07426329780256188,-0.980481634816486,-0.8039250393948271,1,0
13072.0,-1.0552626048729952,-1.0577180989205999,-0.8151682285397266,-0.5985515519958674,0.38921610032719123,-1.0222871175758335,-1.3787746355824586,-0.8039250393948271,1,0
13073.0,-0.9548670478409714,-0.5568260068131017,-0.13112622888785114,-0.37374660159763273,-0.2888451428335187,0.22741126261658207,-0.41184883109283577,-0.8039250393948271,1,0
13074.0,-0.23665267830418704,0.07422339860702587,0.3637231952353055,0.3064206231440912,-0.23395084477476613,-0.2521611112671691,-0.38088803500765217,0.9153033772197167,1,0
13075.0,-1.0552626048729952,-1.0577180989205999,1.2870568793862676,1.6436135823522628,-0.058652194506196784,-1.0222871175758335,-0.5124273288630706,-0.8039250393948271,1,0
13076.0,-1.0552626048729952,-1.0577180989205999,-1.2945125495546914,-0.963097818710797,0.6762253151572281,-0.8464662631382949,-1.195715760389244,-0.8039250393948271,1,0
13077.0,1.7519516244455116,1.1557353675997408,0.45942815340666643,-0.13006565767998302,-0.7406654105776684,-0.3319664456362507,1.2979841858268222,0.9917078520475852,1,0
13078.0,1.7828425650707498,3.102077206022971,0.3874484591637324,0.8375482415105043,0.29337270202262367,-0.07426329780256188,1.047460157943218,1.6204927696584461,1,0
13079.0,0.5394822049049186,0.48988501576479315,-1.8353954092934663,-1.8570620255609953,0.4401852803635681,-0.8464662631382949,-1.0461457687241897,-0.8039250393948271,1,0
13080.0,0.6051254537335495,0.07422339860702587,-1.1966037183000469,-1.8509271520797559,-0.4140334176057288,-0.3319664456362507,-0.7135169018659211,0.9153033772197167,1,0
13081.0,1.7249220513984285,2.2457965188165505,2.4621494319597383,2.723759021210137,-0.44895727027624427,0.16253566624592464,2.334073767140534,1.5408951706492844,1,0
13082.0,1.226805633816465,1.9045263848297673,1.0869577179416243,0.32460894360891673,-1.002440302088396,0.22741126261658207,0.6932415259749206,0.6736602684416555,1,0
13083.0,0.5703731455301567,-0.20143741171417867,-0.39263793122770896,-0.9995098457933657,-0.5649552606849798,0.22741126261658207,-0.6270829566655943,-0.8039250393948271,1,0
13084.0,-1.0552626048729952,-1.0577180989205999,-0.025102332118955028,-1.099833834059467,-1.0215112263383108,-2.3444262971695755,-2.18341137617149,1.7659550299964637,1,0
13085.0,1.1881919580349174,0.8003467725008181,-0.23948967731245785,0.1361955640179422,0.39537154106518,-0.49273161976031987,0.14085407936492755,0.9153033772197167,1,0
13086.0,-1.0552626048729952,-1.0577180989205999,0.05422800770922354,0.6367863015083964,0.5442749729005677,-0.3319664456362507,0.09111983872311039,-0.8039250393948271,1,0
13087.0,-1.0552626048729952,-1.0577180989205999,-0.579297014423793,0.17795998711799635,0.9572079461874556,-0.07426329780256188,-0.8101418318588084,-0.8039250393948271,1,0
13088.0,-1.0552626048729952,-1.0577180989205999,-0.7117662213583644,-0.20825259344638675,0.6916807877555005,-0.07426329780256188,-0.6270829566655943,-0.8039250393948271,1,0
13089.0,1.7828425650707498,4.655750858236292,0.7333056349006113,0.9653524469597222,-0.0385492473674032,1.1608512063238763,2.4565591400850546,0.7884884312583957,1,0
13090.0,0.8213620381102158,2.0624455833410726,-0.09196566400198607,0.9319558441166441,1.1280561459240628,1.932129182619007,1.0990723781751348,0.9153033772197167,1,0
13091.0,1.651556067413488,-0.20143741171417867,1.1971136902224133,1.4084623160736451,-0.1824027551244206,4.996802790794533,-0.018424472070835033,1.7659550299964637,1,0
13092.0,1.2499738392853936,1.254616278688769,-1.0508180570967405,-0.5893360144863355,0.7518300971153364,-0.3319664456362507,0.17241042083090774,0.9153033772197167,1,0
13093.0,0.7209664810781922,3.0587270773840576,1.2581003667655042,1.7365168583548072,0.07695233339383502,0.09371390337111857,1.2618743296985702,1.5675928766263612,1,0
13094.0,0.3657206638879547,1.3461657029712149,-0.011376477835371391,-0.6548159353179521,-0.6833982898621005,-1.485945419229041,-1.6147785724478398,1.0953505504041956,1,0
13095.0,-1.0552626048729952,-1.0577180989205999,-0.025102332118955028,-1.7723477530967862,-1.4483301115481937,-2.02650960880903,-1.4883189463764042,-0.8039250393948271,1,0
13096.0,-1.0552626048729952,-1.0577180989205999,-3.313242629514303,0.5745285936456216,6.813155801366839,1.7828983005087542,-2.516040243029759,-0.8039250393948271,1,0
13097.0,1.6708629053042618,2.2457965188165505,0.2891395579609666,0.7522320501305827,0.33674819787863775,3.4508521297600243,1.811838126673347,1.3562632318428542,1,0
13098.0,0.16492954982390745,2.2457965188165505,1.4624644065592713,1.8002215406846553,-0.12443409122558696,0.09371390337111857,1.0632876017895492,1.412105115199211,1,0
13099.0,-1.0552626048729952,-1.0577180989205999,0.7231454948159841,-0.38470976256722306,-1.1780446268648213,-2.4268885322673364,-2.516040243029759,-0.8039250393948271,1,0
13101.0,0.6707687025621804,0.07422339860702587,-0.2258999389399397,-0.6240766687572411,-0.4138127500736825,-0.07426329780256188,0.10803515400060046,-0.8039250393948271,1,0
13102.0,1.1881919580349174,2.5797001914939375,0.166784194155255,0.15136717071807157,-0.14065911335629108,0.40232454155815495,1.313536570583899,0.37949332218396364,1,0
13103.0,1.022153152174263,-0.20143741171417867,-0.040170628898255525,-0.2057407855039217,-0.23665305238250406,-0.49273161976031987,-0.351053338929104,-0.8039250393948271,1,0
13104.0,1.4546263209275956,0.9305040858134475,-0.4991942289042235,-0.5041859525076342,0.052074153357802404,-1.0222871175758335,-0.8101418318588084,-0.8039250393948271,1,0
13105.0,-1.0552626048729952,-1.0577180989205999,-0.4174164944150915,-1.8165079559032753,-1.1780446268648213,-2.4268885322673364,-2.516040243029759,-0.8039250393948271,1,0
13106.0,0.025920317010336275,-0.5568260068131017,-0.2625245113706964,0.1252811747605663,0.41614058646857927,2.744916198564831,-0.8101418318588084,1.4608215350480005,1,0
13107.0,1.3735376017863457,0.9305040858134475,1.2748346334489205,1.0238531786818568,-0.632609759375131,-0.07426329780256188,0.9866646657794853,1.6204927696584461,1,0
13108.0,-0.8119964474492455,-0.5568260068131017,1.001412905506526,0.41837964720707355,-0.8490376477759141,-0.49273161976031987,-0.351053338929104,-0.8039250393948271,1,0
13109.0,0.8445302435791443,-0.20143741171417867,0.5802418866924897,0.4320632899197311,-0.376294378279428,-0.07426329780256188,0.24636711066584036,1.8222621776056886,1,0
13110.0,1.6747242728824165,1.254616278688769,-0.9025448346278493,-0.14994910445512527,1.0606100431008076,0.22741126261658207,1.1188411353764651,0.5566200963305212,1,0
13111.0,-1.0552626048729952,-1.0577180989205999,0.21548864392176717,0.21325175666587803,-0.14020848813552061,-0.930965887215077,-0.980481634816486,-0.8039250393948271,1,0
13112.0,-1.0552626048729952,-1.0577180989205999,-2.728485364824289,-3.4789623674981276,-0.07606309670900531,-1.7601883558991351,-2.18341137617149,1.8596832102061218,1,0
13113.0,1.3426466611611076,2.5797001914939375,-0.2201966321860131,0.7946737087212632,1.159734112946168,-0.07426329780256188,1.1139434269424622,1.5860932305041937,1,0
13114.0,-1.0552626048729952,-1.0577180989205999,-0.7403178672498535,-0.21824962984829688,0.7231444632652174,0.09371390337111857,-0.7604075912169913,-0.8039250393948271,1,0
13115.0,1.2152215310820007,1.048245697623346,1.0604831225084541,0.9415571733243794,-0.4652631939391156,1.1608512063238763,1.1708701012236533,1.8185276576004552,1,0
13116.0,-1.0552626048729952,-1.0577180989205999,0.734349380217294,0.8161071872115526,-0.19174651040490134,0.16253566624592464,-0.26755450858075713,1.7659550299964637,1,0
13117.0,1.2692806771761673,1.7234195042875162,-0.38682075950114375,-1.0679663565472077,-0.6317924913617565,1.0445209855400752,0.8630684413097528,-0.21422118750871777,1,0
13118.0,0.5665117779520019,0.9305040858134475,-0.4991942289042235,-0.034064450510459025,0.5786182602124632,0.6467390474220279,0.7862122685181961,1.1620610054185785,1,0
13119.0,-1.0552626048729952,-1.0577180989205999,-0.31499143455569134,-0.9681112919605248,-0.6236668887387913,-1.277214299835045,-1.0461457687241897,-0.8039250393948271,1,0
13120.0,-1.0552626048729952,-1.0577180989205999,-2.641647037054194,-2.959565646869388,0.37871700235207867,-1.606782133071617,-2.516040243029759,-0.8039250393948271,1,0
13121.0,-1.0552626048729952,-1.0577180989205999,0.5788134468182867,0.04159648307474991,-0.7228538258288874,-0.5229139223515364,0.14085407936492755,1.7659550299964637,1,0
13122.0,-0.49150293846240084,-0.5568260068131017,0.7399082306081376,0.70294562857516,-0.3096745349739362,-0.3319664456362507,0.20279773648307728,-0.8039250393948271,1,0
13123.0,-0.835164652918174,-0.5568260068131017,-0.1026281569786321,-0.11230128527341839,-0.06254645703816474,-0.3319664456362507,-0.12240697358821374,-0.8039250393948271,1,0
13124.0,0.08770219826081235,0.07422339860702587,1.6778574076187902,2.0015787692618887,-0.19465224871628492,1.0445209855400752,1.3287995917962476,-0.8039250393948271,1,0
13125.0,-1.0552626048729952,-1.0577180989205999,-1.0768049265508703,-0.7489154320879561,0.600729281611283,-0.07426329780256188,-0.5870572757944853,-0.8039250393948271,1,0
13126.0,1.4275967478805123,1.3461657029712149,0.5830931365011094,0.07306710222376461,-0.7009408797699088,0.40232454155815495,1.19347108230788,1.4080772117532363,1,0
13127.0,-1.0552626048729952,-1.0577180989205999,-0.16039312693195282,-0.08154992778755632,0.04602629814720692,-0.930965887215077,-0.8101418318588084,-0.8039250393948271,1,0
13128.0,-1.0552626048729952,-1.0577180989205999,-1.6643837791193108,-0.05901649412700636,2.4934561311203236,-0.49273161976031987,-2.516040243029759,-0.8039250393948271,1,0
13129.0,-0.757937301355079,-0.5568260068131017,0.004420576082459907,-1.1652656354060091,-1.0947367877466627,-0.49273161976031987,-1.1175267461574372,-0.8039250393948271,1,0
13130.0,-1.0552626048729952,-1.0577180989205999,-1.6309996088557088,-1.9749658805983474,0.017069848067172523,-1.4030960559345154,-2.18341137617149,-0.8039250393948271,1,0
13131.0,1.4353194830368217,0.6548432754922423,0.4201179486674298,0.7385149703126176,0.1394256997543207,-0.3319664456362507,0.7563775724396483,0.42541977181113405,1,0
13132.0,-1.0552626048729952,-1.0577180989205999,-2.1213582369382444,-1.7208258940247192,1.0557105986895852,-0.49273161976031987,-1.947407439306109,-0.8039250393948271,1,0
13133.0,-0.3370482353362107,-0.20143741171417867,-2.211070473482232,-1.9170545093325069,0.9560836269208063,-0.07426329780256188,-0.980481634816486,-0.8039250393948271,1,0
13134.0,0.22285006349622877,0.48988501576479315,0.46752122356642956,0.5510889782472489,-0.11991480062671138,1.0134691263446138,0.778854696993705,1.4608215350480005,1,0
13135.0,0.0838408306826576,-0.5568260068131017,2.9314068848540407,2.470232667471782,-1.1259047751950644,0.3469702689073076,-0.6691621147691496,-0.8039250393948271,1,0
13136.0,1.5511605103814645,1.3461657029712149,0.5222795881105815,0.7649134629495244,0.030058490162299636,-0.07426329780256188,1.2821312533683489,1.7166369024144055,1,0
13137.0,0.8445302435791443,1.5860167045095306,0.6468529155500604,0.7631772836953822,-0.13410295749332377,0.22741126261658207,2.201858481948204,-0.15215647067619234,1,0
13138.0,0.3888888693568832,0.6548432754922423,-0.5954496690422191,-0.5618721471320883,0.12080796258807072,-0.07426329780256188,-0.018424472070835033,0.42541977181113405,1,0
13139.0,0.5703731455301567,0.8003467725008181,1.4746714720259737,1.7920748723329891,-0.14821870321984745,0.09371390337111857,1.321203577100184,0.31649817812236203,1,0
13140.0,0.423641177560276,0.29945468039331957,-0.270938253971234,-0.35956053350797407,-0.09823775627093029,0.6445604725968617,0.6068075807745934,-0.8039250393948271,1,0
13141.0,1.4391808506149766,1.656627459707239,0.7818146414282262,0.6727766625168351,-0.3887895749677046,0.22741126261658207,1.5552974695031356,0.8615676530235191,1,0
13142.0,-1.0552626048729952,-1.0577180989205999,0.6042419529416526,0.14924071827915092,-0.6587802784221473,-0.3319664456362507,-0.47751296500053947,-0.8039250393948271,1,0
13143.0,-1.0552626048729952,-1.0577180989205999,0.31834561219303326,0.5263101281232357,0.049733078841152786,-0.49273161976031987,-0.47751296500053947,1.7659550299964637,1,0
13144.0,-0.6729872146356743,-0.5568260068131017,-2.4508232657199054,-1.8998844649540987,1.3836292312783376,-0.07426329780256188,-1.4883189463764042,-0.8039250393948271,1,0
13145.0,1.1071032388936677,0.6548432754922423,-1.453743933084548,-0.7264541604767979,1.2228361457471038,3.399499478022089,-1.6147785724478398,0.42541977181113405,1,0
13146.0,-1.0552626048729952,-1.0577180989205999,0.047251135254671124,-0.2503492184996116,-0.3863193503623808,-1.1639429167840407,-0.7604075912169913,-0.8039250393948271,1,0
13147.0,-0.7116008904172219,0.07422339860702587,-1.5068758271317502,-0.5905289986537561,1.4882308574868919,-1.0222871175758335,-2.516040243029759,-0.8039250393948271,1,0
13148.0,1.6592788025697975,2.1575195518147376,0.19006469382581548,0.25377553570590894,-0.0660127102933255,0.40232454155815495,1.930770045989095,1.2758667980352048,1,0
13149.0,0.006613479119562502,0.07422339860702587,0.8370756477768553,0.5723039639897111,-0.5449770655339936,-0.07426329780256188,0.4788273542195676,-0.8039250393948271,1,0
13150.0,-0.49150293846240084,-0.20143741171417867,-1.0191860809061732,-0.8243669798995694,0.42742409525300334,0.09371390337111857,-1.3787746355824586,1.1620610054185785,1,0
13151.0,0.22671143107438352,-0.20143741171417867,0.6823453899154551,1.552617620843708,0.689137062611798,0.6445604725968617,0.9210005318717817,1.6204927696584461,1,0
13152.0,0.014336214275872011,0.6548432754922423,-0.0587537520273934,0.14718188577359717,0.15364644458264684,1.1608512063238763,0.807897153777444,1.0320515692003946,1,0
13153.0,-1.0552626048729952,-1.0577180989205999,1.1261253150609554,0.7749293765868612,-0.6854935097254251,-1.485945419229041,-0.8101418318588084,-0.8039250393948271,1,0
13154.0,0.24215690138700255,-0.20143741171417867,0.8549528791074886,0.9219322311736698,-0.23748047494225757,-0.07426329780256188,0.4998634741417061,1.6204927696584461,1,0
13155.0,0.7132437459218827,0.48988501576479315,-0.19047148706953348,-0.2533015323639921,-0.09350374587040926,0.09371390337111857,0.5101826507817058,-0.8039250393948271,1,0
13156.0,0.06839536037003857,-0.20143741171417867,0.7839742015055765,0.8894285325439701,-0.18096910940111444,0.40232454155815495,0.651162367871365,-0.8039250393948271,1,0
13157.0,1.2306670013946197,0.9305040858134475,1.3813108199500508,1.1321148839841315,-0.6548110316189335,-0.07426329780256188,1.1476287812477595,0.22484244827571642,1,0
13158.0,0.07997946310450284,0.29945468039331957,0.3205241268361478,0.12485721398046987,-0.3572141965623519,-0.7231586611558216,0.41227490000197986,-0.8039250393948271,1,0
13159.0,-0.6420962740104363,0.07422339860702587,0.6321542100285984,0.36356648709012884,-0.500489299971536,-0.07426329780256188,0.807897153777444,0.9153033772197167,1,0
13160.0,-1.0552626048729952,-1.0577180989205999,-1.0380543813173266,-1.488885296311022,-0.2581453471187874,-0.5602283770286947,-1.7643485641128949,-0.8039250393948271,1,0
13161.0,-0.3331868677580559,-0.5568260068131017,-1.0967119057658503,-0.18921341193627986,1.3261927491583563,-0.07426329780256188,-0.26755450858075713,-0.8039250393948271,1,0
13162.0,1.3117557205358696,1.5860167045095306,0.9635433104061715,1.0145840987959656,-0.2806958698184118,-0.07426329780256188,1.2067387093789805,0.6597416579845705,1,0
13163.0,-1.0552626048729952,-1.0577180989205999,-3.920369757400348,-3.6794333101246783,1.8012742727443751,-0.6943222153282232,-2.18341137617149,1.7659550299964637,1,0
13164.0,-0.676848582213829,-0.5568260068131017,-0.9644736514511453,-0.5316346839709122,0.6890405346919649,-0.07426329780256188,-1.3787746355824586,1.4608215350480005,1,0
13165.0,0.36185929630979996,-0.20143741171417867,1.4782646351258304,0.7679064624033679,-1.0379226895824363,-1.606782133071617,0.09111983872311039,-0.8039250393948271,1,0
13166.0,-0.5494234521347222,-0.5568260068131017,0.6270391608187231,0.6453164996437283,-0.22705269477820733,-0.07426329780256188,0.2175794647945466,1.4608215350480005,1,0
13167.0,0.3811661342005737,0.29945468039331957,0.3367250241247478,-0.2735846298564616,-0.7315460784390359,-0.07426329780256188,0.3398428478240282,-0.8039250393948271,1,0
13168.0,0.8985893896733108,0.29945468039331957,0.22977951920073753,0.4214032907465019,0.05698657300529607,-0.07426329780256188,0.8957565793121419,0.7169161657937569,1,0
13169.0,0.8715598166262276,-0.20143741171417867,-0.4318339813801982,0.02372398833692972,0.5463588121483625,-0.07426329780256188,-0.7604075912169913,-0.8039250393948271,1,0
13170.0,-1.0552626048729952,-1.0577180989205999,-0.0028851749443922297,-1.172422110527888,-1.093323132538111,-0.7231586611558216,-0.2944540898073254,-0.8039250393948271,1,0
13171.0,0.018197581854026767,-0.20143741171417867,-0.707079821294874,-0.7698936598845149,0.04937962796919465,0.6467390474220279,-0.1005293110454993,1.6204927696584461,1,0
13172.0,-1.0552626048729952,-1.0577180989205999,-1.2021248494409003,-1.8621445362642346,-0.4180279439096241,-2.02650960880903,-2.516040243029759,-0.8039250393948271,1,0
13173.0,1.7442288892892022,1.1557353675997408,-0.0794981685110681,-0.2746392499794331,-0.2556357890122688,0.845806698993629,1.0839267715139342,0.6326212419203412,1,0
13174.0,1.7210606838202736,1.254616278688769,0.8373572571042576,1.2184300649634459,0.0898174696119832,1.4081348126143514,2.1672275984181595,-0.8039250393948271,1,0
13175.0,-0.4644733654153176,-0.5568260068131017,0.3895553662822543,0.5615684348219134,-0.007705109221302341,1.1608512063238763,-0.03819322927216564,1.7659550299964637,1,0
13176.0,-1.0552626048729952,-1.0577180989205999,1.2131627983942959,0.7933534163871803,-0.7615673454288366,0.22741126261658207,0.36470425725432115,-0.8039250393948271,1,0
13177.0,0.3579979287316452,-0.5568260068131017,-0.5305292569807909,-0.0977546665550254,0.5505234673303963,-0.8464662631382949,-0.47751296500053947,-0.8039250393948271,1,0
13178.0,1.636110597100869,1.9045263848297673,1.1261253150609554,1.2108080517542101,-0.28901008946036294,-0.23305906672429438,1.2411045184059473,0.6736602684416555,1,0
13179.0,-1.0552626048729952,-1.0577180989205999,0.9882624423410316,0.9970568510636552,-0.32771322594971025,-1.0222871175758335,-0.1679944637358899,-0.8039250393948271,1,0
13180.0,-1.0552626048729952,-1.0577180989205999,-1.3438346759048645,-1.5754229139309088,0.05258096478912184,-0.5602283770286947,-1.7643485641128949,-0.8039250393948271,1,0
13181.0,-1.0552626048729952,-1.0577180989205999,0.16015597628249342,0.36442781823851234,0.08990444424711423,-0.7231586611558216,-0.6270829566655943,-0.8039250393948271,1,0
13182.0,-1.0552626048729952,-1.0577180989205999,0.33457883167858776,-1.113397786530683,-1.3295453655523488,-2.1228885995770903,-1.0461457687241897,-0.8039250393948271,1,0
13183.0,1.369676234208191,1.5111239626986637,0.647222037565498,0.7260349430938968,-0.1720117245191788,-0.49273161976031987,0.3398428478240282,0.7169161657937569,1,0
13184.0,0.010474846697717257,1.048245697623346,0.14874254623740735,-0.6534425154800361,-0.8481309162404271,-0.3319664456362507,0.9633903749728084,0.7169161657937569,1,0
13185.0,-1.0552626048729952,-1.0577180989205999,-2.641647037054194,-1.8277748745873097,1.821981648936537,-0.8464662631382949,-2.516040243029759,-0.8039250393948271,1,0
13186.0,-0.7116008904172219,-0.20143741171417867,0.6666408947855037,0.8802510624580907,-0.03966135380052243,-0.3319664456362507,0.4006383399877607,1.6204927696584461,1,0
13187.0,0.05294989005741956,0.07422339860702587,-0.4867184620045179,-1.489584240759817,-0.8770308317909548,-0.07426329780256188,0.15678397263081445,0.9153033772197167,1,0
13188.0,-1.0552626048729952,-1.0577180989205999,-1.8896517109605147,-1.1889726403658916,1.3518395215610155,0.09725622010391866,-2.18341137617149,-0.8039250393948271,1,0
13189.0,-0.6807099497919838,-0.5568260068131017,1.133865418719474,-1.0147043682032897,-1.7637029826889932,-2.1228885995770903,-0.2944540898073254,-0.8039250393948271,1,0
13190.0,-0.32932550017990114,-0.20143741171417867,-0.3891438865723961,-0.5018994790635146,-0.09102353527837183,0.6873545789148016,-0.7604075912169913,1.1620610054185785,1,0
13191.0,-1.0552626048729952,-1.0577180989205999,-0.2671907548124939,-0.6975361685884306,-0.43379336701452015,-0.49273161976031987,0.26039076371065795,-0.8039250393948271,1,0
13192.0,1.226805633816465,0.48988501576479315,0.6593663175722636,0.5961945370989928,-0.31475852884894606,0.40232454155815495,0.9454908199539594,1.1620610054185785,1,0
13193.0,-1.0552626048729952,-1.0577180989205999,-1.1587230648098024,-1.1507771386976267,0.25900710815466993,0.22741126261658207,-0.5124273288630706,-0.8039250393948271,1,0
13194.0,0.049088522479264804,-0.5568260068131017,0.10848430937627233,-0.20664143699026077,-0.417812767642083,-0.49273161976031987,-1.1175267461574372,-0.8039250393948271,1,0
13195.0,-1.0552626048729952,-1.0577180989205999,-0.6173675847508863,-0.6356024290352212,0.07142313317001892,-0.3319664456362507,0.019738861289862828,-0.8039250393948271,1,0
13196.0,1.2847261474887863,0.6548432754922423,0.7177693692074494,0.6339177012831945,-0.34914188277203506,1.1608512063238763,0.9809077037256301,0.42541977181113405,1,0
13197.0,-1.0552626048729952,-1.0577180989205999,0.3505727320698112,0.41393379409048414,-0.10941067722201116,1.1608512063238763,-0.6270829566655943,-0.8039250393948271,1,0
13198.0,0.5819572482646209,0.8003467725008181,1.1595879449107587,1.1100445574542082,-0.4248576094812804,1.1608512063238763,1.4958247893315055,1.4608215350480005,1,0
13199.0,1.7673970947581308,3.298578078922373,0.17046255626199405,-0.1958624198101432,-0.4801674401871019,0.09725622010391866,0.3010782951428931,-0.4650309471964223,1,0
13200.0,-0.6420962740104363,0.07422339860702587,-0.14357263607961768,-0.31969827215739655,-0.2202759015748338,-0.07426329780256188,0.0008790944596697093,-0.8039250393948271,1,0
13201.0,-0.5146711439313294,0.07422339860702587,0.6115477039685048,0.1627438571396577,-0.6550845644100817,-0.07426329780256188,0.3523677281481314,-0.8039250393948271,1,0
13202.0,0.24215690138700255,0.6548432754922423,-0.6341015914923913,-0.2691999097057594,0.5037646414165815,1.3155995981328836,0.2175794647945466,0.42541977181113405,1,0
13203.0,1.6978924783513452,1.048245697623346,0.5319318171455304,-0.05219482686372882,-0.7517677417363025,1.1608512063238763,1.0736720914128266,0.14676385148134682,1,0
13204.0,-1.0552626048729952,-1.0577180989205999,1.1517137636778039,1.7116593766135315,0.19467687006801604,0.5055184603984593,0.24636711066584036,-0.8039250393948271,1,0
13205.0,-1.0552626048729952,-1.0577180989205999,0.5958318338669072,3.1641874632382496,2.9863778631342695,-0.23305906672429438,-2.516040243029759,-0.8039250393948271,1,0
13206.0,0.22671143107438352,1.3461657029712149,1.423997258888975,1.1587718300006744,-0.6779305036436616,0.16253566624592464,1.8181084531946694,0.4878572895827382,1,0
13207.0,1.2499738392853936,0.07422339860702587,-1.2825245830744696,-0.9775361820822934,0.6407234378062097,-0.8464662631382949,-1.1175267461574372,-0.8039250393948271,1,0
13208.0,1.5627446131159286,0.9305040858134475,0.014887224284920453,-0.2984861450233699,-0.393234067512599,-0.07426329780256188,1.257762222211382,0.22484244827571642,1,0
13209.0,1.4700717912402146,1.3461657029712149,1.1931264573334328,1.1801124490727548,-0.39884086625528525,0.22741126261658207,1.5524240384532841,0.8443025417040958,1,0
13210.0,-1.0552626048729952,-1.0577180989205999,0.8234717086788186,0.34071904525542673,-0.73024882277102,-1.1639429167840407,-0.5124273288630706,-0.8039250393948271,1,0
13211.0,1.7365061541328926,1.048245697623346,0.2681356270811905,-0.011182878526994294,-0.4232213053100075,-0.3319664456362507,0.6849965950064003,0.7169161657937569,1,0
13212.0,-0.8930851665904953,-0.20143741171417867,-0.3821893760419259,-0.06318631486056969,0.3739875257568375,0.6467390474220279,0.9021407650415885,1.1620610054185785,1,0
13213.0,0.9217575951422394,1.1557353675997408,0.6504624745364275,0.3277880440336383,-0.5534697260802808,0.6445604725968617,1.1845052692841687,0.9917078520475852,1,0
13214.0,-0.17100942947555622,0.6548432754922423,1.1408211026189639,0.7179956566289682,-0.748639054840864,0.09371390337111857,1.2940495800781144,-0.8039250393948271,1,0
13215.0,-1.0552626048729952,-1.0577180989205999,-0.46125679963733673,-1.6478412176471962,-1.0215112263383108,-2.3444262971695755,-2.516040243029759,-0.8039250393948271,1,0
13216.0,-1.0552626048729952,-1.0577180989205999,0.7564159021761392,0.26249794467510157,-0.7250873198661993,-1.7601883558991351,-1.6147785724478398,-0.8039250393948271,1,0
13217.0,1.0028463142834891,0.07422339860702587,-0.1519502833288057,-0.6817262486670325,-0.5521549885223771,-1.3924939243307226,-1.947407439306109,1.4608215350480005,1,0
13218.0,-1.0552626048729952,-1.0577180989205999,-0.5546391364723908,-2.003832432393225,-1.188288547108832,-1.9376978457118947,-1.6147785724478398,-0.8039250393948271,1,0
13219.0,-1.0552626048729952,-1.0577180989205999,-2.728485364824289,-1.7396100769353466,2.1053765730781255,-0.619945652967382,-1.0461457687241897,-0.8039250393948271,1,0
13220.0,0.8638370814699181,0.29945468039331957,-0.6675911651851024,-0.03996035492038252,0.8271303539713415,-0.07426329780256188,0.07384838550817617,-0.8039250393948271,1,0
13221.0,-0.5957598630725792,-0.5568260068131017,-0.20362195023502777,0.5874633069840214,0.8752273964020675,0.09371390337111857,0.31420439478743356,-0.8039250393948271,1,0
13222.0,-1.0552626048729952,-1.0577180989205999,-1.6988279396262262,-1.538315291243254,0.6080945071432481,-1.485945419229041,-2.516040243029759,-0.8039250393948271,1,0
13223.0,0.7402733189689659,0.48988501576479315,-0.47627295531374214,-0.723907788580325,-0.20435849656267263,-1.277214299835045,-1.282149705589571,-0.8039250393948271,1,0
13224.0,-0.7038781552609124,-0.5568260068131017,1.772126279268549,1.860306988735696,-0.4442688799553005,-0.49273161976031987,0.7094868830885774,1.4608215350480005,1,0
13225.0,1.7210606838202736,1.5860167045095306,1.2357764757648313,1.7798927580571198,0.15371428937837062,-0.7231586611558216,0.2877387536535113,-0.15215647067619234,1,0
13226.0,-0.5918984954944245,-0.5568260068131017,-0.5365066821719121,-0.7690830420580296,-0.17331374333325886,-0.07426329780256188,-0.3222656930578095,-0.8039250393948271,1,0
13227.0,-1.0552626048729952,-1.0577180989205999,-0.4282116076385533,-0.08928520328837485,0.4105723106806061,-0.7231586611558216,-1.195715760389244,-0.8039250393948271,1,0
13228.0,-1.0552626048729952,-1.0577180989205999,0.3291947018799872,0.35801634423697376,-0.13883911599297283,-1.8794321500245568,-2.18341137617149,-0.8039250393948271,1,0
13229.0,-1.0552626048729952,-1.0577180989205999,-0.9123884530256321,-0.7287042019465844,0.38159686021950934,-0.23305906672429438,-1.1175267461574372,-0.8039250393948271,1,0
13230.0,1.3658148666300363,2.328183835086569,-0.2208100168753024,-0.3745853022003961,-0.17772225976587244,0.40232454155815495,2.233833056268524,-0.42898433397070046,1,0
13232.0,-0.1632866943192467,0.6548432754922423,-0.3038784059877359,-0.47557649150644776,-0.17378285031632226,0.22741126261658207,1.0148586338590864,-0.8039250393948271,1,0
13233.0,1.338785293582953,0.07422339860702587,1.0811900279736664,0.09050189005798523,-1.1613053987768358,-0.07426329780256188,0.4572375891095386,-0.8039250393948271,1,0
13234.0,-0.8235805501837098,-0.5568260068131017,-0.6435110167174068,-0.5884356212940097,0.1580008294488072,-0.07426329780256188,0.23209955581276964,-0.8039250393948271,1,0
13235.0,-1.0552626048729952,-1.0577180989205999,1.1841012412413303,1.7996321008345617,0.24644673620058566,0.22741126261658207,0.18774476871599804,1.7659550299964637,1,0
13236.0,-0.7386304634643052,-0.5568260068131017,0.37153763426255265,0.41179682433776627,-0.138450435906317,0.16253566624592464,-0.1679944637358899,1.4608215350480005,1,0
13237.0,-1.0552626048729952,-1.0577180989205999,-0.1519502833288057,1.155787771273606,1.5145847208836185,-0.3319664456362507,-0.4440240814723802,-0.8039250393948271,1,0
13238.0,1.1573010174096794,0.48988501576479315,-0.7451503916219663,-0.6723786702723847,0.20709648438970982,0.6467390474220279,-0.4440240814723802,0.5566200963305212,1,0
13239.0,-0.12467301853769916,0.29945468039331957,0.5143274794826003,0.20075568456394094,-0.5135413783015208,0.09371390337111857,0.5883716650135135,0.7169161657937569,1,0
13240.0,1.0916577685810487,0.8003467725008181,-0.5186723091502936,-0.5084386041849781,0.07381045912577054,0.09371390337111857,1.0839267715139342,0.31649817812236203,1,0
13241.0,-1.0552626048729952,-1.0577180989205999,-1.2021248494409003,-1.177448203876602,0.29096357183734206,-0.49273161976031987,-0.03819322927216564,-0.8039250393948271,1,0
13242.0,1.0916577685810487,0.6548432754922423,-1.1587230648098024,-1.3744503436416673,0.015841855094383128,-1.7675137489305075,-0.6270829566655943,-0.8039250393948271,1,0
13243.0,0.59740271857724,0.29945468039331957,-0.25973436856992416,-0.10036962479322074,0.16063348838229866,0.09371390337111857,1.1090163026658677,-0.8039250393948271,1,0
13244.0,-1.0552626048729952,-1.0577180989205999,-1.4497626444781349,-1.107154972698134,0.7418216465253288,-0.3319664456362507,-0.351053338929104,-0.8039250393948271,1,0
13245.0,0.4197798099821213,-0.5568260068131017,0.24796426382012948,0.7982376421235533,0.4480064872798672,-0.07426329780256188,0.019738861289862828,-0.8039250393948271,1,0
13246.0,0.9024507572514656,1.1557353675997408,0.5954480022946292,0.15303809253203465,-0.6459900141517576,-0.09503028911869377,1.376529957501094,0.9917078520475852,1,0
13247.0,-0.804273712292936,0.07422339860702587,-0.6303605535519127,-1.06833867215582,-0.35086277047004566,-1.0222871175758335,-0.6691621147691496,-0.8039250393948271,1,0
13248.0,-0.804273712292936,-0.5568260068131017,0.03670097177966749,-0.22721073587720422,-0.35170025718602177,-0.07426329780256188,-0.41184883109283577,-0.8039250393948271,1,0
13249.0,1.2306670013946197,0.9305040858134475,-0.0674866255357506,-0.5861935612856957,-0.5619241213251411,-0.09503028911869377,-0.5488939424337871,-0.8039250393948271,1,0
13250.0,-0.8930851665904953,-0.5568260068131017,-1.0768049265508703,-1.0390343098806367,0.2673988523000736,-1.0222871175758335,-0.7135169018659211,1.4608215350480005,1,0
13251.0,-1.0552626048729952,-1.0577180989205999,0.40727874642150824,-0.11603628175133662,-0.6735592680244128,-1.1639429167840407,-0.41184883109283577,-0.8039250393948271,1,0
13252.0,-0.1632866943192467,-0.5568260068131017,-0.8466168051985027,-0.43618374274153787,0.6242690510560641,0.22741126261658207,-0.6270829566655943,1.4608215350480005,1,0
13253.0,1.0569054603776558,0.07422339860702587,1.7646058997636347,1.3432225932569957,-0.876904938464566,-0.07426329780256188,0.4462258301354361,-0.8039250393948271,1,0
13254.0,-1.0552626048729952,-1.0577180989205999,-1.3188933492444097,-2.2688725387822184,-0.6535780808434475,-0.7678395663192259,-1.7643485641128949,-0.8039250393948271,1,0
13255.0,0.8870052869388466,-0.20143741171417867,-0.08931633441256889,-0.2662159113887598,-0.23512771832055568,0.09371390337111857,-0.38088803500765217,1.1620610054185785,1,0
13256.0,-1.0552626048729952,-1.0577180989205999,4.813578265603234,-7.673702593473397,-2.3431598416206048,-3.040674500194982,-2.516040243029759,-0.8039250393948271,1,0
13257.0,-1.0552626048729952,-1.0577180989205999,-1.598612131292182,-0.8265386522312268,1.3340212794123774,0.22741126261658207,-1.3787746355824586,1.8596832102061218,1,0
13258.0,0.44680938302920453,0.29945468039331957,-0.5281474779171864,-0.38683425114206543,0.2187693071029606,-0.5229139223515364,-0.2944540898073254,-0.8039250393948271,1,0
13259.0,1.4044285424115837,0.9305040858134475,-1.0109043618526112,-0.742987150716201,0.509314544660694,0.09371390337111857,1.3941728681486907,-0.8039250393948271,1,0
13260.0,-1.0552626048729952,-1.0577180989205999,-0.040170628898255525,0.9616210332608727,1.0828736839186193,-0.23305906672429438,-1.282149705589571,-0.8039250393948271,1,0
13261.0,-0.9896193560443642,-0.5568260068131017,-0.3649956734261198,0.7346369090080468,1.3176013252483856,-0.49273161976031987,-1.282149705589571,-0.8039250393948271,1,0
13262.0,0.2460182689651573,-0.20143741171417867,-0.6260122514273946,-0.49527607078511937,0.23588674183041003,-0.07426329780256188,0.10803515400060046,-0.8039250393948271,1,0
13263.0,0.5356208373267639,2.6430654602262895,-0.0693501434454012,-0.2846995533498924,-0.2780297740746097,0.22741126261658207,2.026587928473688,-0.8039250393948271,1,0
13264.0,-1.0552626048729952,-1.0577180989205999,1.0086504235269707,1.3148089304895205,-0.03598101977382874,0.22741126261658207,-0.07921996423456719,-0.8039250393948271,1,0
13265.0,-0.205761737678949,0.29945468039331957,0.9352417899279758,0.5804605087136542,-0.6463289952343378,0.22741126261658207,0.36470425725432115,-0.8039250393948271,1,0
13266.0,1.6901697431950355,1.7867847730198683,0.9640082427947239,0.2175443057343076,-0.9672398835337774,1.1608512063238763,1.0527699740597574,1.5481842358600735,1,0
13267.0,1.7635357271799759,2.5467555217635396,-0.31526296501080053,-0.06709630645548123,0.2744783681122447,0.40232454155815495,1.0421157499468463,1.2843171459110223,1,0
13268.0,-0.08992071033430636,1.1557353675997408,0.8786685720463915,0.0818218512081006,-0.9883115532412108,1.1608512063238763,1.4707735687652388,1.2321901792666519,1,0
13269.0,1.7867039326489045,2.2457965188165505,0.4678040073364986,0.13999125429122625,-0.5154940966687174,-0.07426329780256188,1.4080189981158107,-0.07562038801004557,1,0
13270.0,-1.0552626048729952,-1.0577180989205999,0.3291947018799872,1.0385435115975894,0.6080945071432481,-1.485945419229041,-2.516040243029759,-0.8039250393948271,1,0
13271.0,-1.0552626048729952,-1.0577180989205999,0.5830931365011094,-0.3205887973313273,-1.0108429380597386,-0.8464662631382949,0.5101826507817058,1.7659550299964637,1,0
13272.0,-0.8313032853400193,-0.5568260068131017,-1.2021248494409003,-0.9345732636627039,0.5701420435848021,-0.07426329780256188,-0.8101418318588084,-0.8039250393948271,1,0
13273.0,-1.0552626048729952,-1.0577180989205999,0.04022910473531481,-0.9277293256582464,-0.9547789891683477,-1.1857083812767173,-0.7604075912169913,-0.8039250393948271,1,0
13274.0,-1.0552626048729952,-1.0577180989205999,0.32378371845512494,0.3688112305041596,-0.12095934044476699,-0.07426329780256188,-0.6270829566655943,-0.8039250393948271,1,0
13275.0,-0.09378207791246113,-0.5568260068131017,-0.7997793190621191,-1.1173140920816325,-0.18858225548122742,0.09371390337111857,0.10803515400060046,-0.8039250393948271,1,0
13276.0,1.180469222878608,0.29945468039331957,0.16015597628249342,0.46706101541351197,0.20098961194640988,1.0445209855400752,1.3019000105696792,1.3056202738679257,1,0
13277.0,0.9680940060800964,0.6548432754922423,-1.0655913907750492,-1.7658967098497116,-0.489444723551553,-1.9376978457118947,-1.1175267461574372,-0.8039250393948271,1,0
13278.0,1.145716914675215,0.07422339860702587,0.9010565387829957,0.3616715397315641,-0.793306885512777,0.09371390337111857,0.520373635574267,0.9153033772197167,1,0
13279.0,-1.0552626048729952,-1.0577180989205999,-0.7548805010380715,-0.9397780222079238,-0.06542583721251297,-1.0222871175758335,-1.195715760389244,1.7659550299964637,1,0
13280.0,0.9603712709237869,0.6548432754922423,0.40007964948282543,0.2545806239041854,-0.32905180360745956,0.22741126261658207,1.0788154545053559,0.42541977181113405,1,0
13281.0,-1.0552626048729952,-1.0577180989205999,0.33457883167858776,0.3305526742618975,-0.17336398252463744,-0.8464662631382949,-0.5124273288630706,1.8596832102061218,1,0
13282.0,0.4429480154510498,0.07422339860702587,-0.3908895022792136,0.2401194222736539,0.7414220700104166,0.09371390337111857,0.0008790944596697093,1.6719867635063792,1,0
13283.0,1.1881919580349174,0.07422339860702587,-1.1376563848668353,-1.466416502949317,-0.10810792195354066,-0.2618344117975608,-0.6270829566655943,-0.8039250393948271,1,0
13284.0,-1.0552626048729952,-1.0577180989205999,-0.5186723091502936,-0.42574601174059873,0.16301419878526924,-0.07426329780256188,-0.9196861426527538,1.7659550299964637,1,0
13285.0,1.2654193095980126,0.48988501576479315,1.1038903007741174,0.9692852954928683,-0.48990328339121403,0.22741126261658207,1.1890004242354304,-0.8039250393948271,1,0
13286.0,-1.0552626048729952,-1.0577180989205999,0.669274148330027,1.3379135064567726,0.45724029392804216,0.22741126261658207,0.07384838550817617,-0.8039250393948271,1,0
13287.0,-0.6652644794793648,-0.20143741171417867,-0.032610320060871854,-0.07443230600987483,-0.11442369101803722,-0.3319664456362507,0.07384838550817617,1.8222621776056886,1,0
13288.0,-0.19417763494448476,0.29945468039331957,-0.7145878092367909,-0.5358585641993162,0.3157856969463056,-0.07426329780256188,-1.3787746355824586,0.7169161657937569,1,0
13289.0,-1.0552626048729952,-1.0577180989205999,-0.23041096384971307,0.15304612661374115,0.40148076939559907,0.16253566624592464,-0.7604075912169913,-0.8039250393948271,1,0
13290.0,-1.0552626048729952,-1.0577180989205999,-4.672365083494027,-0.3764140247778953,9.14063649891458,3.0090216698415384,-2.516040243029759,1.8596832102061218,1,0
13291.0,0.9178962275640846,1.1557353675997408,-0.0015531920542686953,0.12602299432474218,0.05340309731940362,0.22741126261658207,1.0580456432127332,-0.8039250393948271,1,0
13292.0,0.8290847732665253,0.29945468039331957,-0.35480874479920405,-0.4412824379233992,-0.07329282991771106,0.40232454155815495,0.2175794647945466,0.7169161657937569,1,0
13293.0,0.010474846697717257,0.48988501576479315,-0.5011263753236017,-0.4418197726779604,0.1215083672460904,-0.07426329780256188,0.15678397263081445,0.5566200963305212,1,0
13294.0,0.7093823783437279,-0.20143741171417867,0.8768929580203679,0.9751334374334137,-0.21221783416666717,1.4081348126143514,0.6424811892318264,-0.8039250393948271,1,0
13295.0,-0.2173458404134133,0.07422339860702587,0.2347960652725081,0.0015183581037875747,-0.3717311682495278,-0.49273161976031987,0.23209955581276964,1.812324557796002,1,0
13296.0,0.643739129515097,0.48988501576479315,-0.3264546347795437,-0.9966860159165511,-0.6359754541361196,-0.3319664456362507,0.14085407936492755,-0.8039250393948271,1,0
13297.0,1.0105690494397988,0.6548432754922423,1.036725530412489,1.1150984539259332,-0.27258093197451483,0.16253566624592464,0.7639385819629544,0.42541977181113405,1,0
13298.0,-1.0552626048729952,-1.0577180989205999,-0.46125679963733673,0.36560062614169647,1.0043169946335764,-1.277214299835045,-2.18341137617149,-0.8039250393948271,1,0
13299.0,-0.05130703455275882,-0.20143741171417867,-0.06575907751510307,0.5301146950015945,0.5969524851570736,0.22741126261658207,0.23209955581276964,1.6204927696584461,1,0
13300.0,0.5085912642796806,-0.20143741171417867,0.030795132874679863,0.6028005404829414,0.5391756577146737,0.09371390337111857,0.03817477705094321,1.6204927696584461,1,0
13301.0,-0.3254641326017464,0.07422339860702587,-0.5761839565410904,-0.7839896932197342,-0.13763419523934506,-0.3319664456362507,0.46810349267815093,-0.8039250393948271,1,0
13302.0,0.37730476662241896,-0.5568260068131017,-3.313242629514303,-1.681302874000749,3.3670579337567967,0.3469702689073076,-1.947407439306109,-0.8039250393948271,1,0
13303.0,-1.0552626048729952,-1.0577180989205999,-1.8487072318595295,-2.02371176202939,0.26937720568351775,-0.3319664456362507,-1.7643485641128949,-0.8039250393948271,1,0
13304.0,0.17265228498021695,0.07422339860702587,0.20947810263266703,0.1377045735284395,-0.20840615611432878,0.6445604725968617,0.2741787139163245,1.6719867635063792,1,0
13305.0,1.3967058072552743,1.5860167045095306,-0.06075394954263733,-0.2667954835702134,-0.2711332166346955,0.22741126261658207,1.047460157943218,-0.8039250393948271,1,0
13306.0,-1.0552626048729952,-1.0577180989205999,-0.7403178672498535,-2.2117378303698203,-1.171808414510912,-1.8163206498761402,-1.7643485641128949,-0.8039250393948271,1,0
13307.0,0.7673028920160492,-0.20143741171417867,-1.2320550214743144,-1.4990243071048883,-0.017270212722556386,-0.07426329780256188,-0.8101418318588084,-0.8039250393948271,1,0
13308.0,1.161162384987834,0.07422339860702587,0.6463493648667441,0.5676725905534171,-0.3264199951236437,-0.2521611112671691,0.3523677281481314,0.9153033772197167,1,0
13309.0,0.43136391271658553,0.48988501576479315,0.8336906218552653,0.04478117632876759,-0.9738274320771027,-0.3319664456362507,0.6597526424467606,-0.8039250393948271,1,0
13310.0,0.3888888693568832,0.29945468039331957,0.1098065519868993,0.15432695783458067,-0.06413199579871945,-0.07426329780256188,0.520373635574267,1.5675928766263612,1,0
13311.0,-0.49150293846240084,-0.5568260068131017,0.03670097177966749,0.11421063033708849,-0.009936243689833603,0.22741126261658207,-0.41184883109283577,-0.8039250393948271,1,0
13312.0,-1.0552626048729952,-1.0577180989205999,-1.369362910844565,-1.0740803671867094,0.6579217015889481,-0.7231586611558216,-1.6147785724478398,-0.8039250393948271,1,0
13313.0,1.7056152135076545,1.254616278688769,0.2870039274923441,0.05770680635007811,-0.38084452383016265,-0.3319664456362507,0.7410432245545576,0.9153033772197167,1,0
13314.0,-0.7772441392458527,-0.20143741171417867,0.2547298086800546,-0.08429873445369034,-0.47524851260167655,-0.07426329780256188,0.2175794647945466,1.1620610054185785,1,0
13315.0,-1.0552626048729952,-1.0577180989205999,0.4894708147229819,0.16321542697109984,-0.5191729563132901,-0.930965887215077,-0.5124273288630706,-0.8039250393948271,1,0
13316.0,1.2692806771761673,1.048245697623346,2.8943480656288116,2.135714669077994,-1.310396705836143,0.09371390337111857,0.8149999143894906,0.7169161657937569,1,0
13317.0,1.493239996709143,1.7867847730198683,0.12643977849442473,0.2932787659204495,0.059423994213332026,0.40232454155815495,1.351174534905816,1.5941588595357252,1,0
13318.0,-0.9162533720594239,-0.20143741171417867,-0.40318809470271166,-0.3445105782482751,0.09288796691687852,-0.49273161976031987,-0.8630868935309756,-0.8039250393948271,1,0
13319.0,1.7558129920236665,3.123194846770614,0.05230783034472977,0.3941971619481505,0.2708189062992773,0.22741126261658207,1.7115332506943035,1.1897055877111544,1,0
13320.0,0.48928442638890685,0.48988501576479315,0.5838047796409108,0.40786117138507827,-0.40332885884808606,-1.0222871175758335,0.6849965950064003,1.4608215350480005,1,0
13321.0,-1.0012034587788285,-0.5568260068131017,0.25086895077007754,0.04135673188753724,-0.353110723270241,-0.6943222153282232,-1.1175267461574372,-0.8039250393948271,1,0
13322.0,-1.0552626048729952,-1.0577180989205999,-0.24864500529645414,-0.437340866084427,-0.2053430581869827,-0.7231586611558216,-0.41184883109283577,-0.8039250393948271,1,0
13323.0,-0.74249183104246,0.29945468039331957,-1.5366009722482303,-0.7574976394661286,1.3200571199792082,-1.0222871175758335,-1.4883189463764042,-0.8039250393948271,1,0
13324.0,0.9796781088145607,1.7234195042875162,1.2515080060738735,1.0248036784500312,-0.6062442222455612,-0.07426329780256188,-0.12240697358821374,1.0076700295572323,1,0
13325.0,-1.0552626048729952,-1.0577180989205999,0.5260953871537395,1.2225963777806208,0.5326809593752552,-0.7378571699852117,-0.980481634816486,-0.8039250393948271,1,0
13326.0,-1.0552626048729952,-1.0577180989205999,-0.05545116217800767,0.03211828874746955,0.02605374639786946,-0.07426329780256188,-0.9196861426527538,-0.8039250393948271,1,0
13327.0,1.5820514510067025,1.8470577950787128,0.38264107448535994,0.6896755238100862,0.1377381359470003,1.9551030332283241,1.157004468737163,0.14676385148134682,1,0
13328.0,-1.0552626048729952,-1.0577180989205999,1.653051864876675,2.1246287506562314,-0.03788400316256624,-1.277214299835045,-0.7135169018659211,-0.8039250393948271,1,0
13329.0,1.6631401701479522,0.8003467725008181,1.1153916950190184,1.0639373952441131,-0.41595788809021583,-0.07426329780256188,0.38883434171884856,1.6719867635063792,1,0
13330.0,1.114825974049977,0.48988501576479315,0.8676225830558915,0.7220155309726166,-0.4437419246584736,1.1608512063238763,0.520373635574267,-0.8039250393948271,1,0
13331.0,-1.0552626048729952,-1.0577180989205999,-1.0768049265508703,-0.06470577667356915,1.4552145863318884,1.932129182619007,-0.980481634816486,-0.8039250393948271,1,0
13332.0,-1.0552626048729952,-1.0577180989205999,0.20947810263266703,0.33074665894877414,-0.011524543301230306,-0.09503028911869377,-0.5488939424337871,-0.8039250393948271,1,0
13333.0,-0.10150481306877063,-0.20143741171417867,0.47226223589379257,0.2820955329750312,-0.3894290804437864,-0.3319664456362507,0.20279773648307728,-0.8039250393948271,1,0
13334.0,1.145716914675215,0.29945468039331957,1.5964810611724063,2.0652561922122574,-0.025570130412131888,-0.07426329780256188,1.616092961666868,0.7169161657937569,1,0
13336.0,-1.0552626048729952,-1.0577180989205999,1.4408177497413102,1.4452731238658936,-0.4423699236779549,-0.09503028911869377,0.15678397263081445,-0.8039250393948271,1,0
13337.0,-1.0552626048729952,-1.0577180989205999,2.0490513539371644,2.3777646669738783,-0.2842515903534766,0.22741126261658207,0.5883716650135135,1.7659550299964637,1,0
13338.0,1.053044092799501,0.07422339860702587,0.7222065939112329,1.0871131732682622,0.10461843125062904,1.4092449345986064,0.8007323595364199,1.8371065454341933,1,0
13339.0,-1.0552626048729952,-1.0577180989205999,0.8571669613611048,1.5524168259882016,0.4315622032558603,0.22741126261658207,0.20279773648307728,-0.8039250393948271,1,0
13340.0,1.3001716178014053,1.254616278688769,1.8331853540673457,2.590982178831154,0.21762258020371392,3.399499478022089,1.2241015527489714,-0.8039250393948271,1,0
13341.0,-1.0552626048729952,-1.0577180989205999,0.770881448852768,1.4118229134857891,0.3953400938376782,0.22741126261658207,0.0008790944596697093,-0.8039250393948271,1,0
13343.0,-1.0552626048729952,-1.0577180989205999,-0.09462147910482348,0.34052647254043206,0.4194797787844586,1.4092449345986064,-0.6270829566655943,1.7659550299964637,1,0
13344.0,-0.24437541346049657,-0.20143741171417867,0.8493978238179863,1.5329159301314665,0.42048368629381616,2.5996183390222924,0.8149999143894906,-0.8039250393948271,1,0
13345.0,-1.0552626048729952,-1.0577180989205999,-0.04778399296843987,0.47283452712827184,0.5035642890004055,1.4092449345986064,-0.5870572757944853,1.7659550299964637,1,0
13346.0,-0.5378393494002579,0.48988501576479315,-1.6988279396262262,-2.3087825055492903,-0.23865926872430102,-1.485945419229041,-1.7643485641128949,-0.8039250393948271,1,0
13347.0,-1.0552626048729952,-1.0577180989205999,0.3558520608706746,0.29322608970330893,-0.2371776452312079,1.4092449345986064,-1.282149705589571,-0.8039250393948271,1,0
13348.0,-1.0552626048729952,-1.0577180989205999,-0.08667345873840847,-0.22185027720550352,-0.19435810758726516,-1.0222871175758335,-0.8630868935309756,-0.8039250393948271,1,0
13349.0,-1.0552626048729952,-1.0577180989205999,0.45637761936463234,-0.1451899648140431,-0.7500197861665936,1.4092449345986064,-0.7604075912169913,-0.8039250393948271,1,0
13350.0,-0.8119964474492455,-0.5568260068131017,-0.028849831277695092,0.7842559659797412,0.8455211405314697,1.4092449345986064,-0.12240697358821374,1.4608215350480005,1,0
13351.0,-1.0552626048729952,-1.0577180989205999,-0.24864500529645414,0.41732415707314086,0.737925897842935,1.4092449345986064,-0.7604075912169913,-0.8039250393948271,1,0
13352.0,-1.0552626048729952,-1.0577180989205999,0.8404501448294305,0.5021628530387653,-0.610727621769601,1.4092449345986064,-0.4440240814723802,1.7659550299964637,1,0
13354.0,-1.0552626048729952,-1.0577180989205999,1.5246714816050684,1.3538113132233514,-0.6191880240555842,-0.5229139223515364,0.15678397263081445,-0.8039250393948271,1,0
13355.0,-1.0552626048729952,-1.0577180989205999,0.8166052305187119,1.2213846908091215,0.12102035570253601,-0.49273161976031987,-0.21626507557551844,-0.8039250393948271,1,0
13356.0,-1.0552626048729952,-1.0577180989205999,0.8538441412207727,1.398383842628068,0.2629803702008609,0.22741126261658207,0.0008790944596697093,-0.8039250393948271,1,0
13357.0,0.3734433990442642,0.29945468039331957,1.1527248540843762,1.3973754428980365,-0.1373369753716895,0.40232454155815495,1.5524240384532841,-0.8039250393948271,1,0
13358.0,-1.0552626048729952,-1.0577180989205999,0.7118246971954237,0.6358558862570601,-0.34013731852950047,1.4092449345986064,-0.2944540898073254,-0.8039250393948271,1,0
13359.0,0.2576023716996216,-0.5568260068131017,0.2766669941985422,0.8707720671270796,0.48977886730925785,1.4092449345986064,0.17241042083090774,1.7659550299964637,1,0
13360.0,-0.016554726349366028,0.07422339860702587,0.5056464061573944,0.4690273812585573,-0.2500010711368834,1.4092449345986064,0.26039076371065795,1.6719867635063792,1,0
13361.0,-0.49536430604055565,-0.5568260068131017,0.10184881512709346,1.3198748412875723,1.3102149772882756,-0.7831339784253591,-0.2944540898073254,-0.8039250393948271,1,0
13362.0,0.5510663076393829,0.6548432754922423,0.9476087042112966,1.4025328555661856,0.1382984485065367,-0.07426329780256188,1.2067387093789805,1.3562632318428542,1,0
13363.0,0.4583934857636688,-0.20143741171417867,1.0286623202922205,1.0025463770648393,-0.37098370586060003,1.4092449345986064,0.4998634741417061,-0.8039250393948271,1,0
13364.0,-1.0552626048729952,-1.0577180989205999,-0.7846056461545511,-0.9675087021332168,-0.0551373995548656,-0.6186133758597899,-1.1175267461574372,1.7659550299964637,1,0
13365.0,-0.3447709704925202,-0.5568260068131017,1.5590876226404562,1.9035320334720656,-0.14301749776220354,0.22741126261658207,0.8630684413097528,1.7659550299964637,1,0
13366.0,-1.0552626048729952,-1.0577180989205999,-0.025102332118955028,-2.1504348068422163,-1.635692349268347,-2.6679786379563337,-2.516040243029759,-0.8039250393948271,1,0
13367.0,-1.0552626048729952,-1.0577180989205999,0.5830931365011094,0.8405190227206581,0.028925310183790524,1.4092449345986064,-0.5870572757944853,-0.8039250393948271,1,0
13368.0,-0.410414219321151,0.07422339860702587,0.0296100973360728,0.025415069076313284,-0.09262980362891188,1.4092449345986064,0.05620547486057961,0.9153033772197167,1,0
13369.0,-1.0552626048729952,-1.0577180989205999,0.0116774588438258,0.15450352994005884,0.0659180644751208,1.4092449345986064,-0.8630868935309756,1.7659550299964637,1,0
13370.0,-1.0552626048729952,-1.0577180989205999,0.9121513023761727,1.3744475318194422,0.1562511222581103,-0.07426329780256188,-0.0584501529419441,1.7659550299964637,1,0
13371.0,-0.5648689224473412,-0.5568260068131017,1.3404144424994524,1.9471351590217314,0.1922143114713339,1.1608512063238763,0.46810349267815093,1.7659550299964637,1,0
13372.0,-1.0552626048729952,-1.0577180989205999,0.08169529576158605,0.4343306215050662,0.2741715237366422,1.4092449345986064,-0.47751296500053947,-0.8039250393948271,1,0
13373.0,1.543437775225155,0.48988501576479315,1.7005847062467616,2.0780249609738664,-0.1467254356033678,0.6445604725968617,1.575134519210314,-0.8039250393948271,1,0
13374.0,-0.9201147396375786,-0.5568260068131017,-0.8386687848320877,-0.358493177752241,0.7047930581813553,1.4092449345986064,-0.7135169018659211,-0.8039250393948271,1,0
13375.0,0.31938425295009765,-0.5568260068131017,1.446614201256114,1.6083206854574452,-0.29490484314545923,-0.07426329780256188,0.31420439478743356,1.4608215350480005,1,0
13376.0,-0.5339779818221032,-0.20143741171417867,0.11726897217243137,0.2874719516517726,0.06555781039994335,1.4092449345986064,0.05620547486057961,-0.8039250393948271,1,0
13377.0,-0.09378207791246113,-0.5568260068131017,1.0057612076310438,1.4128593335944317,0.07084722995203907,1.4092449345986064,0.42374870558137934,1.7659550299964637,1,0
13379.0,-0.630512171275972,-0.20143741171417867,0.33099238237038786,-0.4973854258737919,-0.9054634519882532,-0.3319664456362507,0.5695118981833196,-0.8039250393948271,1,0
13380.0,-1.0552626048729952,-1.0577180989205999,-1.2021248494409003,-2.008990501117456,-0.5537598312251958,-2.02650960880903,-1.947407439306109,-0.8039250393948271,1,0
13381.0,1.6747242728824165,1.254616278688769,1.14939312123633,1.2427620513296274,-0.2864386763003308,0.3469702689073076,1.0527699740597574,0.9153033772197167,1,0
13382.0,0.6862141728747994,0.29945468039331957,0.17020141775363826,0.011472901621808388,-0.28388236736619965,-0.3319664456362507,0.4572375891095386,-0.8039250393948271,1,0
13383.0,-1.0552626048729952,-1.0577180989205999,0.7231454948159841,0.1411968364549942,-0.7905173533493238,-2.222738076020031,-2.516040243029759,-0.8039250393948271,1,0
13384.0,0.7595801568597397,1.1557353675997408,1.0131004958228749,1.078039667310504,-0.2796920069921789,1.1608512063238763,1.2326470854996978,1.2321901792666519,1,0
13385.0,-1.0552626048729952,-1.0577180989205999,0.6965441639156715,0.9040958125397272,-0.05399771350900128,0.6445604725968617,-0.14488409814227088,-0.8039250393948271,1,0
13386.0,-0.9664511505754357,-0.5568260068131017,0.6000450427648736,0.5681209494498578,-0.26947112574587684,-0.5602283770286947,-0.4440240814723802,-0.8039250393948271,1,0
13387.0,-1.0552626048729952,-1.0577180989205999,-0.17747851826850622,-0.5074794818049815,-0.36132910412871055,-0.3319664456362507,0.42374870558137934,-0.8039250393948271,1,0
13388.0,0.7673028920160492,-0.20143741171417867,0.49720356255424736,0.49267481703479105,-0.21616216497538918,1.4081348126143514,0.38883434171884856,1.1620610054185785,1,0
13389.0,-0.20190037010079426,-0.20143741171417867,-0.032610320060871854,-0.04624198506457157,-0.0855673349683298,0.09725622010391866,0.14085407936492755,-0.8039250393948271,1,0
13390.0,-1.0552626048729952,-1.0577180989205999,0.4515665253262059,0.9281240835537313,0.3041689503494754,-0.3319664456362507,-0.9196861426527538,-0.8039250393948271,1,0
13391.0,-1.0552626048729952,-1.0577180989205999,-3.678281334706809,-2.0661556127086422,3.606672524666811,0.09371390337111857,-2.516040243029759,-0.8039250393948271,1,0
13392.0,-1.0552626048729952,-1.0577180989205999,-0.6303605535519127,-1.498629150511463,-0.7375056197622843,-1.277214299835045,-1.282149705589571,-0.8039250393948271,1,0
13393.0,-0.4799188357279366,0.07422339860702587,0.12489763192668875,0.037430816125851724,-0.2020243610884528,-0.49273161976031987,0.18774476871599804,1.4608215350480005,1,0
13394.0,1.7905653002270592,1.7867847730198683,0.6995771542268899,0.32144527645959575,-0.6136424624919923,-0.07426329780256188,1.4611785620054418,0.9604732193673713,1,0
13395.0,-0.14397985642847294,-0.20143741171417867,1.429783673908941,0.48643569931031366,-1.1893383228859706,0.16253566624592464,0.48941283948908304,-0.8039250393948271,1,0
13396.0,0.06453399279188382,-0.5568260068131017,0.7672831041685383,1.2330428419001505,0.20110551332686763,0.6467390474220279,0.0008790944596697093,1.7659550299964637,1,0
13397.0,1.323339823270334,1.048245697623346,-0.10584744696021478,0.20181774793535584,0.27908392218391753,0.16253566624592464,0.38883434171884856,1.073874783839221,1,0
13398.0,-0.06675250486537784,-0.5568260068131017,0.1569976045388243,0.2683174796275344,-0.007557609527213774,-0.3319664456362507,-0.1005293110454993,-0.8039250393948271,1,0
13399.0,-0.8428873880744836,-0.20143741171417867,-1.395506342811086,-1.488885296311022,0.21857414661369792,-0.07426329780256188,-1.1175267461574372,-0.8039250393948271,1,0
13400.0,-1.0552626048729952,-1.0577180989205999,0.7080246935635707,0.1657131256633494,-0.7548641700019427,-0.8464662631382949,-0.47751296500053947,1.7659550299964637,1,0
13402.0,0.6321550267806327,0.07422339860702587,0.4765900382620476,0.14756696510509001,-0.518651191007448,-0.49273161976031987,0.2175794647945466,-0.8039250393948271,1,0
13403.0,1.6708629053042618,-0.20143741171417867,-1.4497626444781349,-1.7348457063976424,0.026471935928544764,-0.07426329780256188,-1.195715760389244,-0.8039250393948271,1,0
13404.0,-0.2405140458823418,-0.5568260068131017,-1.0476130328227262,-1.0579460659772106,0.2052873515020691,-0.7378571699852117,-1.0461457687241897,-0.8039250393948271,1,0
13405.0,1.4546263209275956,0.48988501576479315,-0.036383888831362024,-0.4182595860583655,-0.4447970413378869,0.09725622010391866,-0.19177478749334104,1.4608215350480005,1,0
13406.0,-0.2675436189294251,-0.5568260068131017,-0.010240456864841438,0.04509206392872739,-0.020235599110222904,-1.277214299835045,-1.3787746355824586,1.4608215350480005,1,0
13407.0,-0.7347690958861505,-0.20143741171417867,1.4491804944166107,1.362408200858074,-0.5275561431747404,-0.07426329780256188,0.5695118981833196,1.7659550299964637,1,0
13408.0,1.7789811974925949,3.858589197767954,0.6554531030329276,0.7383747781496101,-0.17003932384687928,1.0134691263446138,1.6525595752375846,0.9944434121699744,1,0
13410.0,1.6747242728824165,0.9305040858134475,-0.06921692881756564,-0.15988015397047628,-0.15424523183313052,-0.3319664456362507,-0.41184883109283577,1.1620610054185785,1,0
13411.0,-1.0552626048729952,-1.0577180989205999,-0.7696412719700645,-0.34474386585026917,0.6167641555240844,-0.3319664456362507,-0.7135169018659211,-0.8039250393948271,1,0
13412.0,-1.0552626048729952,-1.0577180989205999,0.191244061185925,0.7780919167666637,0.5073426157928199,0.3469702689073076,-0.19177478749334104,-0.8039250393948271,1,0
13413.0,-0.8699169611215668,0.48988501576479315,-0.714117034689275,-1.8245104245795067,-0.9152277052392845,-0.49273161976031987,-0.07921996423456719,1.1620610054185785,1,0
13414.0,0.7595801568597397,0.48988501576479315,1.2067716168609788,0.5614537720113477,-0.938287176468184,-0.8464662631382949,0.10803515400060046,0.5566200963305212,1,0
13415.0,-0.06675250486537784,0.07422339860702587,-0.17318187927539255,-0.4326673481944647,-0.29453268270457067,-0.07426329780256188,0.5695118981833196,0.9153033772197167,1,0
13416.0,1.62066512678825,-0.20143741171417867,-0.8100142999502645,0.17778642316993887,1.3282713322855235,-0.49273161976031987,-0.7604075912169913,-0.8039250393948271,1,0
13417.0,1.512546834599917,0.48988501576479315,-0.5465428307801394,0.015057777828579092,0.7080596532900681,0.09371390337111857,0.24636711066584036,0.5566200963305212,1,0
13418.0,1.7133379486639642,2.367404649905085,0.516175566115141,0.4194624666903813,-0.311182743030339,2.432880753823806,1.6702024858851812,0.6878251246505996,1,0
13419.0,-1.0552626048729952,-1.0577180989205999,0.6732120834257648,-0.2977755545623527,-1.0757788215690973,-1.7601883558991351,-0.7604075912169913,-0.8039250393948271,1,0
13420.0,-0.9741738857317452,-0.5568260068131017,-1.148138591316684,-1.6758092358765262,-0.30472918849553604,-0.07426329780256188,-1.282149705589571,1.7659550299964637,1,0
13421.0,1.3503693963174173,0.8003467725008181,0.7762566865756536,0.8476838731873636,-0.2128642236882926,0.40232454155815495,1.152330018904625,1.256310742518105,1,0
13422.0,-1.0552626048729952,-1.0577180989205999,2.37680350036779,3.0752309952434134,0.0031451803927669128,0.16253566624592464,0.8957565793121419,1.7659550299964637,1,0
13423.0,-1.0552626048729952,-1.0577180989205999,-0.04778399296843987,-0.32277852091008474,-0.34118305299815105,-0.3319664456362507,-0.980481634816486,-0.8039250393948271,1,0
13424.0,-1.0552626048729952,-1.0577180989205999,1.3810834014547775,0.9981517650368726,-0.7669306988697441,-0.49273161976031987,-0.03819322927216564,1.7659550299964637,1,0
13425.0,0.7634415244378945,0.29945468039331957,1.2676871737222186,1.2335055014887544,-0.4366140365913301,0.09725622010391866,0.8763004011681347,1.5675928766263612,1,0
13426.0,1.7635357271799759,1.9594399542263008,0.4383358744281114,0.40747448283969673,-0.22704612109333,-0.07426329780256188,1.0940548473899332,0.07951852525571697,1,0
13427.0,1.6592788025697975,0.48988501576479315,-0.0053313990421845784,-0.6725134909515127,-0.7048691047603507,-0.3319664456362507,-0.14488409814227088,-0.8039250393948271,1,0
13428.0,0.8908666545170013,-0.20143741171417867,-0.20362195023502777,-0.6814005108388108,-0.4929192703526636,-0.49273161976031987,0.8630684413097528,-0.8039250393948271,1,0
13429.0,-0.804273712292936,0.07422339860702587,0.92625128329708,-0.12132031965668444,-1.1726597790776565,-0.07426329780256188,0.2175794647945466,-0.8039250393948271,1,0
13430.0,-0.7926896095584718,-0.5568260068131017,1.0100921512178498,0.2866908775811812,-0.958879542852356,-0.07426329780256188,0.10803515400060046,1.7659550299964637,1,0
13431.0,1.2306670013946197,0.8003467725008181,0.308762837594529,0.5576480595453608,0.09599074830710969,0.09371390337111857,0.8007323595364199,0.31649817812236203,1,0
13432.0,-0.8969465341686501,-0.5568260068131017,-0.3297522054876844,-0.30709034870279645,0.0338348411099663,-0.3319664456362507,0.6849965950064003,-0.8039250393948271,1,0
13433.0,-0.3022959271328179,0.07422339860702587,-1.213252125731016,-0.6984427909870491,0.8713095340917291,-0.23305906672429438,-0.5124273288630706,0.9153033772197167,1,0
13434.0,1.1881919580349174,0.29945468039331957,0.17145058303583208,0.2609963079031328,-0.0342131469084394,-1.485945419229041,-0.7135169018659211,-0.8039250393948271,1,0
13435.0,0.8561143463136085,0.9305040858134475,0.8031280394700898,0.8054841844807286,-0.28751508598817843,-0.07426329780256188,0.668253897031182,0.8107045800741712,1,0
13436.0,-1.0552626048729952,-1.0577180989205999,-0.7117662213583644,-0.4550923682036135,0.4031823373009601,0.22741126261658207,-0.980481634816486,-0.8039250393948271,1,0
13437.0,-0.3756619111177582,0.6548432754922423,0.23500633757236752,0.7767374394059011,0.4421152521571613,1.1608512063238763,0.9923815093050296,-0.8039250393948271,1,0
13438.0,-1.0552626048729952,-1.0577180989205999,-2.8228840014317678,-2.4031609018912996,1.3770832979770473,-1.0808399641377464,-2.516040243029759,-0.8039250393948271,1,0
13439.0,-0.008831991193056518,-0.20143741171417867,0.8280253352075193,0.24249077230716987,-0.8153192898436055,0.09371390337111857,0.9271919856078553,-0.8039250393948271,1,0
13440.0,-0.9471443126846619,0.6548432754922423,-0.6322294600049999,-0.5394223701487972,0.19594222933412933,-0.23305906672429438,0.12460872225127,1.3562632318428542,1,0
13441.0,0.2576023716996216,-0.5568260068131017,0.6125873781522663,0.3673012983921482,-0.4745830946279836,-0.3319664456362507,-0.19177478749334104,-0.8039250393948271,1,0
13442.0,-0.7811055068240075,-0.20143741171417867,-1.4405293978725136,-0.9182373734913649,0.9590872419225555,1.3155995981328836,-0.19177478749334104,-0.8039250393948271,1,0
13443.0,-0.17100942947555622,0.48988501576479315,-0.09595182866174777,-0.34595335870877436,-0.30495816085138566,1.1608512063238763,1.1616524342925765,0.5566200963305212,1,0
13444.0,-0.5455620845565674,-0.5568260068131017,0.14427135975333222,0.18747218088708192,-0.07479654054421342,-0.49273161976031987,0.15678397263081445,-0.8039250393948271,1,0
13445.0,-1.0552626048729952,-1.0577180989205999,0.31834561219303326,-0.17531702269496063,-0.6281552720490929,-1.0808399641377464,-1.3787746355824586,-0.8039250393948271,1,0
13446.0,-0.1555639591629372,1.1557353675997408,0.4244925510774667,0.3384800231177164,-0.27764814265738175,-0.2618344117975608,0.8007323595364199,1.5979375757150818,1,0
13447.0,-1.008926193935138,-0.20143741171417867,0.30001916412575746,0.4261794838617551,-0.031118277145741984,0.20833604805906303,0.2175794647945466,1.1620610054185785,1,0
13448.0,1.7133379486639642,1.3461657029712149,0.8581873234656888,1.2253900302994503,0.0692556039899902,3.6232670779143,1.6525595752375846,1.4080772117532363,1,0
13449.0,-1.0552626048729952,-1.0577180989205999,0.4418798544770121,0.0801236948111196,-0.5400032139351131,-0.6943222153282232,-0.6270829566655943,-0.8039250393948271,1,0
13450.0,1.1727464877222984,1.3461657029712149,0.8773940665409289,0.19214408431925664,-0.9038403266767271,-1.277214299835045,0.24636711066584036,-0.030266317867525,1,0
13451.0,1.2692806771761673,1.1557353675997408,1.273374195406313,1.1783252313933463,-0.49386977928462633,0.22741126261658207,2.1094614021209206,0.6326212419203412,1,0
13452.0,-0.2327913107260323,-0.20143741171417867,-4.232476017011647,-0.16765749435727884,7.988796283204207,3.399499478022089,-2.18341137617149,-0.8039250393948271,1,0
13453.0,-0.1401184888503182,-0.20143741171417867,-0.27973309019988574,-0.07425831956597174,0.21684304102727697,-0.07426329780256188,-0.19177478749334104,1.6204927696584461,1,0
13454.0,-1.0552626048729952,-1.0577180989205999,0.31834561219303326,-0.30511103833788966,-0.7385323701732945,-1.0222871175758335,-0.47751296500053947,-0.8039250393948271,1,0
13455.0,1.6708629053042618,0.48988501576479315,-0.11475006999001071,0.39859670287652527,0.5156492737488484,-0.07426329780256188,0.5101826507817058,1.7114222858191708,1,0
13456.0,-0.32160276502359164,0.48988501576479315,-0.156163492226772,0.09206608374899887,0.2279672462172002,0.22741126261658207,0.019738861289862828,0.5566200963305212,1,0
13457.0,-0.8660555935434121,-0.5568260068131017,-1.2021248494409003,-1.77760851965168,-0.337177677713231,-1.7601883558991351,-1.195715760389244,1.7659550299964637,1,0
13458.0,0.4159184424039665,1.5860167045095306,1.1377148607038952,1.360988133802144,-0.15497557479012994,-0.07426329780256188,1.5695155676131012,1.4608215350480005,1,0
13459.0,-0.8313032853400193,-0.5568260068131017,1.3047699247338063,1.015728177643329,-0.6719494267125989,-0.44035248611375827,0.24636711066584036,-0.8039250393948271,1,0
13460.0,-0.9780352533098999,-0.5568260068131017,-0.032610320060871854,-1.4900626721766705,-1.2785361076201929,-1.1639429167840407,-0.7604075912169913,-0.8039250393948271,1,0
13461.0,1.1032418713155128,0.48988501576479315,1.3666590683777842,1.2585212831814334,-0.5275562129074335,-0.23305906672429438,-0.26755450858075713,1.1620610054185785,1,0
13462.0,0.771164259594204,0.29945468039331957,-0.06007760811323436,-0.23934928439441894,-0.24502621004429428,-0.49273161976031987,0.3398428478240282,0.7169161657937569,1,0
13464.0,1.1071032388936677,0.48988501576479315,0.5260953871537395,0.8566423615774909,0.122665959487117,0.22741126261658207,0.9021407650415885,0.5566200963305212,1,0
13465.0,-0.5146711439313294,-0.5568260068131017,0.7380584434119645,0.7157778584771419,-0.29501010236136543,-0.23305906672429438,-0.1679944637358899,-0.8039250393948271,1,0
13466.0,0.659184599827716,0.29945468039331957,-0.11882099381998272,-0.4157895910118051,-0.3444353518745728,-0.07426329780256188,0.12460872225127,1.3056202738679257,1,0
13467.0,-0.9548670478409714,-0.5568260068131017,0.7380584434119645,0.9225401078101849,-0.08885907597306164,0.09371390337111857,0.6068075807745934,-0.8039250393948271,1,0
13468.0,1.7828425650707498,3.386228440837943,-0.6814700261746289,-0.5928714631742864,0.20576280888415868,1.3155995981328836,1.5695155676131012,0.7532206143664368,1,0
13469.0,-1.0552626048729952,-1.0577180989205999,-1.1169909995197986,-1.6346828774003077,-0.3031142627266783,-0.3319664456362507,-1.4883189463764042,-0.8039250393948271,1,0
13470.0,-0.9934807236225189,-0.5568260068131017,-1.1587230648098024,-1.6330469668011895,-0.24944159322596546,-1.9376978457118947,-1.3787746355824586,-0.8039250393948271,1,0
13471.0,-0.8776396962778763,0.07422339860702587,1.0717030224929076,1.1341971047225188,-0.2968284238140246,0.22741126261658207,1.321203577100184,-0.8039250393948271,1,0
13472.0,-0.7000167876827577,-0.5568260068131017,0.05422800770922354,0.09974541925410932,-0.0480345229914256,-0.7678395663192259,-0.4440240814723802,-0.8039250393948271,1,0
13473.0,1.5086854670217622,0.8003467725008181,-0.17747851826850622,0.25628482480628173,0.44296053860435214,0.09371390337111857,0.3523677281481314,0.9153033772197167,1,0
13474.0,-0.05516840213091358,-0.20143741171417867,-0.302037251659169,-0.2965260859780519,0.008024231860034653,0.3469702689073076,0.822041706347352,-0.8039250393948271,1,0
13475.0,-0.6420962740104363,0.07422339860702587,0.5830931365011094,0.35780718003112216,-0.44911614489456847,0.6445604725968617,0.3398428478240282,-0.8039250393948271,1,0
13476.0,0.7441346865471207,0.29945468039331957,-0.03562812430917484,0.5502821499302687,0.5759076110145948,2.432880753823806,0.5789959775241094,1.3056202738679257,1,0
13477.0,1.4391808506149766,1.1557353675997408,0.27640945118778265,-0.08953948378848849,-0.5049746901096653,-0.07426329780256188,0.7935044385417946,0.6326212419203412,1,0
13478.0,-0.2520981486168061,0.29945468039331957,0.5161462559818745,0.6485969178572337,-0.08292530045211395,1.1608512063238763,0.807897153777444,1.3056202738679257,1,0
13479.0,0.014336214275872011,0.07422339860702587,0.20947810263266703,-0.34925307968801017,-0.6599645867469996,-0.3319664456362507,0.05620547486057961,1.6719867635063792,1,0
13480.0,-0.03972293181829455,-0.5568260068131017,0.22146606911288833,0.17913096694527453,-0.18215612770748615,-0.07426329780256188,-0.03819322927216564,-0.8039250393948271,1,0
13481.0,1.6090810240537858,1.1557353675997408,0.2556053635074382,0.32045927794485335,-0.08248293010604402,-0.23305906672429438,1.0940548473899332,0.9917078520475852,1,0
13482.0,0.4699775884981331,-0.5568260068131017,-0.48958477787980537,-0.6701695087465067,-0.13324621040040072,-0.7831339784253591,-0.5870572757944853,-0.8039250393948271,1,0
13483.0,-1.0552626048729952,-1.0577180989205999,0.08845481873575128,-0.9145298240308899,-0.990240118412845,-1.7601883558991351,-1.1175267461574372,-0.8039250393948271,1,0
13484.0,0.48156169123259734,-0.20143741171417867,-0.7307169202754428,-0.058638050315971295,0.9024353617440352,-0.07426329780256188,-0.07921996423456719,1.1620610054185785,1,0
13485.0,0.8870052869388466,1.1557353675997408,0.1114870788761671,-0.003517014118810119,-0.22589021439420023,0.6445604725968617,0.9210005318717817,1.2321901792666519,1,0
13486.0,-0.757937301355079,-0.20143741171417867,0.44673400095409205,0.4180400382809301,-0.22706714506517633,-0.07426329780256188,0.4006383399877607,-0.8039250393948271,1,0
13487.0,1.558883245537774,0.29945468039331957,-0.763712842312241,-0.6594787900610378,0.24734288529514065,-0.3319664456362507,-0.2415090281351582,-0.8039250393948271,1,0
13488.0,1.5164082021780716,2.0120160548061623,0.8392775968333934,1.100964923270253,-0.0364176658446555,1.4081348126143514,1.7687645212079124,0.9528062535715655,1,0
13489.0,-0.3254641326017464,0.07422339860702587,-0.05545116217800767,-1.2154445262670595,-1.0771372895055031,-1.277214299835045,-1.0461457687241897,-0.8039250393948271,1,0
13490.0,-1.0552626048729952,-1.0577180989205999,-1.8896517109605147,-0.7863837799935138,1.888933554617163,0.09371390337111857,-1.282149705589571,-0.8039250393948271,1,0
13491.0,1.574328715850393,2.2024463901776357,-0.56689802315073,-0.6911337173960094,-0.05432571818523179,0.22741126261658207,0.9980587895827047,-0.8039250393948271,1,0
13492.0,-0.7540759337769242,-0.20143741171417867,-0.08667345873840847,0.5860965075190232,0.6946305197649109,-0.5602283770286947,-0.07921996423456719,-0.8039250393948271,0,0
13493.0,-1.008926193935138,-0.5568260068131017,0.27383065290268127,0.15906441051183515,-0.2673731078332593,1.162232255027529,-1.4883189463764042,-0.8039250393948271,0,0
13494.0,-1.0552626048729952,-1.0577180989205999,0.10184881512709346,0.1892806348253293,-0.017420370695569672,-0.8464662631382949,-0.6691621147691496,-0.8039250393948271,1,0
13495.0,1.7442288892892022,1.048245697623346,0.5549685325075681,0.775240357876425,-0.002392625847706069,-0.8464662631382949,0.2741787139163245,1.073874783839221,1,0
13496.0,0.29235467990301434,-0.5568260068131017,0.1569976045388243,0.23333474250043504,-0.04399901009497633,-0.07426329780256188,-0.3222656930578095,1.4608215350480005,1,0
13497.0,0.43908664787289503,0.48988501576479315,-0.5607512649077543,-0.4718782998095864,0.17079782232371138,-0.07426329780256188,0.17241042083090774,0.5566200963305212,1,0
13498.0,-1.0552626048729952,-1.0577180989205999,0.9704767993002293,0.23631043763435106,-0.9592883272245787,-0.07426329780256188,-0.7135169018659211,-0.8039250393948271,1,0
13499.0,-0.08219797517799686,0.29945468039331957,0.6653218673552708,-0.23316683449350792,-1.0224813080911084,-0.3319664456362507,-0.2415090281351582,1.3056202738679257,1,0
13500.0,0.4043343396695022,0.07422339860702587,0.3792961888616068,0.3902411044188909,-0.17004955967847596,-0.07426329780256188,0.48941283948908304,0.9153033772197167,1,0
13501.0,0.03364305216664579,-0.20143741171417867,1.1252618849097493,1.704648578525891,0.22349890217899845,-0.3319664456362507,0.6158724655605186,1.6204927696584461,0,0
13502.0,0.9989849467053344,0.29945468039331957,-0.43911521627965006,-0.7702122486258202,-0.29627448093089664,-0.3319664456362507,-0.3222656930578095,0.7169161657937569,1,0
13503.0,1.2229442662383103,0.48988501576479315,0.25280109718945576,0.19488452186614535,-0.20587750904996757,0.42107617738677955,1.0736720914128266,1.7659550299964637,1,0
13504.0,-1.0552626048729952,-1.0577180989205999,0.20343407626114873,0.09887215342514265,-0.23930891529757042,-0.07426329780256188,-0.5124273288630706,-0.8039250393948271,1,0
13505.0,-0.4374437923682343,0.07422339860702587,1.5556075878113638,1.8859173647987417,-0.15635205103483762,1.162232255027529,1.1890004242354304,1.7659550299964637,0,0
13506.0,-0.4992256736187104,0.29945468039331957,0.26470420642069126,-0.03793612896701325,-0.44408232400830067,-0.3319664456362507,0.2175794647945466,1.5675928766263612,1,0
13507.0,-0.5069484087750199,0.07422339860702587,1.0764568951973643,1.1056781263318518,-0.33007250636912083,0.09371390337111857,1.0092968245825193,-0.8039250393948271,1,0
13508.0,0.4854230588107521,-0.5568260068131017,-0.5305292569807909,-0.8841082084953813,-0.29472968045695325,-0.07426329780256188,-0.351053338929104,-0.8039250393948271,1,0
13509.0,0.8715598166262276,0.8003467725008181,0.03138716559208773,-0.9242229010466353,-0.9437133988634522,0.09725622010391866,-0.351053338929104,-0.8039250393948271,1,0
13510.0,1.7133379486639642,1.1557353675997408,0.6799804845044048,0.5571880311088506,-0.37680268782675225,1.1608512063238763,1.1616524342925765,1.5141526126156624,1,0
13511.0,-1.0552626048729952,-1.0577180989205999,-0.9644736514511453,0.036937778437035475,1.4007806894834531,1.3155995981328836,-1.6147785724478398,1.7659550299964637,1,0
13512.0,0.19195912287099073,0.07422339860702587,-0.3675574217893068,-0.5894057880441695,-0.20721496012570978,-0.07426329780256188,-0.2415090281351582,-0.8039250393948271,1,0
13513.0,0.9874008439708702,-0.20143741171417867,-0.20951816000740303,-0.001591659157498543,0.19915923820464604,-0.09503028911869377,-0.21626507557551844,1.1620610054185785,1,0
13514.0,1.2963102502232506,0.07422339860702587,-0.7696412719700645,-0.4070702904280406,0.5434898694157507,0.22741126261658207,-0.8101418318588084,-0.8039250393948271,1,0
13515.0,1.1534396498315247,0.48988501576479315,-0.0827211777636523,-0.3612597357581748,-0.33581894141920315,-0.07426329780256188,0.3398428478240282,-0.8039250393948271,1,0
13516.0,0.47383895607628784,0.07422339860702587,0.686883370534969,0.5797592189043238,-0.3636527562584101,0.22741126261658207,0.2175794647945466,-0.8039250393948271,1,0
13517.0,-0.5918984954944245,-0.20143741171417867,1.2210991902438026,1.2898918186506365,-0.3281035047759789,-0.07426329780256188,0.8828371985110838,1.6204927696584461,1,0
13518.0,-1.0552626048729952,-1.0577180989205999,1.056625206584291,1.1902002972450492,-0.2234581904419177,-0.14210498399285518,-0.12240697358821374,-0.8039250393948271,1,0
13519.0,0.35027519357533565,-0.5568260068131017,-0.8546234830723113,-0.6417183379562151,0.39711181085499325,-0.14210498399285518,-0.6270829566655943,1.4608215350480005,1,0
13520.0,1.5086854670217622,1.1557353675997408,0.7268929939747242,1.062687973667066,0.07222210198486502,1.162232255027529,0.5304395744514846,1.2321901792666519,0,0
13521.0,-1.0205102966696022,-0.20143741171417867,0.5498424348884391,0.3826994964407622,-0.38674369760649374,0.09371390337111857,1.6319204055131995,-0.8039250393948271,1,0
13522.0,-1.0552626048729952,-1.0577180989205999,-1.2945125495546914,-1.0627286835402032,0.5580719062866354,-0.8464662631382949,-1.6147785724478398,-0.8039250393948271,1,0
13523.0,0.36958203146610946,0.48988501576479315,0.8752627549672354,1.3760570105612464,0.20865640369406785,2.744916198564831,1.1662742139876363,0.5566200963305212,1,0
13524.0,-0.36407780838329395,0.29945468039331957,-0.8822968495615611,-0.9567471704782214,0.08704401609244429,0.09725622010391866,-0.7135169018659211,-0.8039250393948271,1,0
13525.0,-0.15170259158478244,-0.5568260068131017,0.3128801098140292,0.18121023205028658,-0.29376438967864477,-0.14210498399285518,-1.6147785724478398,-0.8039250393948271,1,0
13526.0,-1.0552626048729952,-0.5568260068131017,2.021612422238851,1.0408514871796004,-1.3086860733559773,-1.277214299835045,-0.2944540898073254,1.7659550299964637,1,0
13527.0,1.4700717912402146,1.254616278688769,0.4809006450545183,0.4756691257449495,-0.21264562053080083,-0.07426329780256188,1.4989030808459054,0.5566200963305212,1,0
13529.0,-0.5687302900254959,-0.5568260068131017,-1.4779434477997069,-0.7896412018188476,1.1817349059543834,0.22741126261658207,-0.8101418318588084,-0.8039250393948271,1,0
13530.0,-1.0552626048729952,-1.0577180989205999,0.6613551355952684,0.5191647569544483,-0.39054386439422883,-0.5602283770286947,-0.6691621147691496,-0.8039250393948271,1,0
13531.0,0.9951235791271797,0.48988501576479315,-0.619522302296766,-0.1925958824208779,0.5715849286401014,-0.07426329780256188,0.03817477705094321,-0.8039250393948271,1,0
13532.0,-1.0552626048729952,-1.0577180989205999,-0.14357263607961768,-0.3655170174773974,-0.2654639502554333,-0.7231586611558216,0.36470425725432115,-0.8039250393948271,1,0
13533.0,-0.7270463607298409,-0.20143741171417867,-0.8307785687615927,-1.5116802297877208,-0.5283156018016805,-0.5602283770286947,0.3010782951428931,-0.8039250393948271,1,0
13534.0,0.9449258006111679,2.5129081469136603,-0.3096985498433706,-0.3006240498194005,0.013902425176603858,-0.2521611112671691,1.0990723781751348,1.6516236415683632,1,0
13535.0,-1.0552626048729952,-1.0577180989205999,-2.8228840014317678,-1.523146610390012,2.5928844803108175,-0.44035248611375827,-2.516040243029759,-0.8039250393948271,1,0
13536.0,-0.7695214040895432,0.6548432754922423,0.7856630248972393,0.7927253600932719,-0.2785246920706118,-0.09503028911869377,0.6248382785842298,-0.8039250393948271,1,0
13537.0,-0.9548670478409714,-0.5568260068131017,0.14427135975333222,0.3615293125884856,0.10828686422881326,-0.3319664456362507,-0.07921996423456719,-0.8039250393948271,1,0
13538.0,1.38512170452081,1.254616278688769,-0.653479539479758,-0.08037418413763786,0.7564099740572497,-0.07426329780256188,0.7410432245545576,-0.8039250393948271,1,0
13539.0,0.8947280220951561,0.6548432754922423,-0.4021788853948413,-0.2786414989057949,0.16267097821062268,0.22741126261658207,0.4006383399877607,1.0320515692003946,1,0
13540.0,-0.32932550017990114,-0.20143741171417867,-0.9123884530256321,-0.36237652487171534,0.8133403140927006,-0.07426329780256188,-0.38088803500765217,-0.8039250393948271,1,0
13541.0,-0.5030870411968651,-0.5568260068131017,-0.05930516242184436,0.48371587942596883,0.533112494248608,-0.7831339784253591,-1.1175267461574372,1.4608215350480005,1,0
13542.0,0.3078001502156334,1.656627459707239,-1.2034280326939641,-0.21086290848976408,1.4757543566593,0.22741126261658207,0.6849965950064003,-0.18473051374715874,1,0
13543.0,-0.8506101232307931,-0.5568260068131017,0.11836207042886132,1.3096010498163757,1.270171439275532,-0.23305906672429438,-0.1005293110454993,-0.8039250393948271,1,0
13544.0,1.2808647799106316,0.48988501576479315,-0.970418323463171,-0.9356845641735756,0.23199125619816133,-0.07426329780256188,1.340063343930377,0.5566200963305212,1,0
13545.0,-0.46061199783716283,-0.5568260068131017,-0.14775337315202564,-0.5227619020975581,-0.41124874625357266,-0.49273161976031987,0.20279773648307728,1.4608215350480005,1,0
13546.0,0.5356208373267639,0.29945468039331957,-0.24131457249080882,-0.3140530648122361,-0.08994291761981169,-0.07426329780256188,0.6597526424467606,-0.8039250393948271,1,0
13547.0,-1.0552626048729952,-1.0577180989205999,-0.6303605535519127,-0.6110224344514623,0.11547542031847435,-0.3319664456362507,0.03817477705094321,-0.8039250393948271,1,0
13548.0,0.39275023693503797,-0.20143741171417867,0.26432226664285924,0.13098131762215107,-0.28307885704835095,-0.07426329780256188,1.1285496951471736,-0.8039250393948271,1,0
13549.0,0.34255245841902615,0.8003467725008181,-0.8113004885155226,-1.0635363951690904,-0.11927472726349603,-0.07426329780256188,0.03817477705094321,0.31649817812236203,1,0
13550.0,-1.0552626048729952,-1.0577180989205999,1.2155498179001065,0.3253435897187212,-1.116669583900525,-1.0222871175758335,-0.03819322927216564,-0.8039250393948271,1,0
13551.0,0.28463194474670483,-0.5568260068131017,-2.229938773893386,-1.1031567579676762,2.065270002951775,-0.07426329780256188,-1.6147785724478398,-0.8039250393948271,1,0
13552.0,1.2306670013946197,1.9594399542263008,-0.21571683500918806,0.19342086982070303,0.4263482927668229,0.09371390337111857,1.0940548473899332,1.3976309785735228,1,0
13553.0,-1.0552626048729952,-1.0577180989205999,0.36110582381446565,0.8606655455515576,0.3565701464032893,0.16253566624592464,0.5695118981833196,-0.8039250393948271,1,0
13554.0,-0.8004123447147813,0.6548432754922423,-0.6155240840053091,-0.22022300232211434,0.5333366177884734,0.22741126261658207,1.0632876017895492,1.3562632318428542,1,0
13555.0,1.323339823270334,1.3461657029712149,0.9979440873525928,1.2563805293279104,-0.08234147124259278,0.09371390337111857,1.492734903471422,0.8443025417040958,1,0
13556.0,-1.0320943994040666,-0.5568260068131017,-0.8466168051985027,-1.3677607438158506,-0.37577964015698745,-1.277214299835045,-1.282149705589571,-0.8039250393948271,1,0
13557.0,1.6592788025697975,1.3461657029712149,0.24190648817032154,-0.22481475255771594,-0.5871824336900636,-0.7231586611558216,0.8893223210263874,0.8443025417040958,1,0
13558.0,-0.8119964474492455,0.07422339860702587,-0.579297014423793,-0.8128875419583736,-0.1629250316958142,-0.07426329780256188,0.8697110988665433,-0.8039250393948271,1,0
13559.0,-0.9355602099501976,-0.5568260068131017,0.21548864392176717,0.7993114821368186,0.49646557329856317,-1.5447518551427224,-2.516040243029759,-0.8039250393948271,1,0
13560.0,-1.0552626048729952,-1.0577180989205999,-0.8955679621732969,-0.6200227170577405,0.48182476138314595,-0.8464662631382949,-0.21626507557551844,-0.8039250393948271,1,0
13561.0,0.6205709240461685,1.1557353675997408,-0.3828197653262082,-0.6907146330545443,-0.28809602233709414,0.22741126261658207,0.9210005318717817,-0.8039250393948271,1,0
13562.0,1.3117557205358696,0.8003467725008181,0.3312168831322297,1.0722474231871257,0.6448731614248912,-0.07426329780256188,0.5976414102639861,-0.8039250393948271,1,0
13563.0,-0.8390260204963288,-0.5568260068131017,-0.37012523346788445,0.47026258500088525,0.9908141773705061,2.744916198564831,0.12460872225127,-0.8039250393948271,1,0
13564.0,1.2345283689727746,2.5797001914939375,0.5399975765703063,0.6743354821034263,-0.08736933446308297,4.104066825996749,1.9885783796716965,1.4050007916508869,1,0
13565.0,0.4583934857636688,-0.20143741171417867,-0.5710152953702312,-0.9347039579552351,-0.29418130329765463,-0.5988151577868094,0.05620547486057961,-0.8039250393948271,1,0
13566.0,1.257696574441703,0.29945468039331957,0.5839470522694968,0.29427838922267724,-0.508264259019898,-0.3319664456362507,1.4896333355954319,-0.8039250393948271,1,0
13567.0,-0.6189280685415077,0.07422339860702587,0.09684542457844689,-0.021234333429199264,-0.22514516639024618,0.16253566624592464,1.1799853475140005,0.9153033772197167,1,0
13568.0,-1.0552626048729952,-1.0577180989205999,-0.7997793190621191,-0.48325120395132165,0.49932816352542103,-0.3319664456362507,-0.018424472070835033,-0.8039250393948271,1,0
13569.0,0.5317594697486091,0.07422339860702587,-0.5365066821719121,-0.4761218269564162,0.13283475866667202,0.22741126261658207,0.9751100560900954,-0.8039250393948271,1,0
13570.0,-1.0552626048729952,-1.0577180989205999,0.09517248681020817,-0.18892955207382098,-0.3853803817138824,-0.3319664456362507,-0.351053338929104,-0.8039250393948271,1,0
13571.0,1.7210606838202736,2.1575195518147376,-0.19517384705928922,-0.6161598910887762,-0.4426095218582394,0.40232454155815495,1.4896333355954319,-0.8039250393948271,1,0
13572.0,-1.0552626048729952,-1.0577180989205999,1.3912703300816933,2.20142011311781,0.4041218400029773,-0.09503028911869377,-0.21626507557551844,-0.8039250393948271,1,0
13573.0,1.211360163503846,0.48988501576479315,-0.31499143455569134,-0.7996823313015733,-0.4725631419859243,-0.07426329780256188,0.4462258301354361,-0.8039250393948271,1,0
13574.0,-1.0552626048729952,-1.0577180989205999,0.8234717086788186,0.579549085000529,-0.5230902695423904,-0.07426329780256188,0.5599168914235233,-0.8039250393948271,1,0
13575.0,-0.4644733654153176,0.29945468039331957,-0.5329162764866016,-0.8570882016961933,-0.265353396956941,-0.2863856841199625,-0.018424472070835033,-0.8039250393948271,1,0
13576.0,1.7287834189765832,2.2457965188165505,0.09469403038449249,0.5093720059059282,0.33972455987576505,0.22741126261658207,1.0036970504436913,0.42541977181113405,1,0
13577.0,1.6476946998353332,1.1557353675997408,0.026047204387651634,0.19335066864147415,0.08800691767675689,-0.09503028911869377,0.7174904951184494,0.9917078520475852,1,0
13578.0,-1.0552626048729952,-1.0577180989205999,-0.16039312693195282,-0.8455977742176907,-0.6860185259426795,-0.9239688369703474,-1.195715760389244,-0.8039250393948271,1,0
13579.0,1.4353194830368217,0.29945468039331957,-0.028099295151098488,-0.0015685653796781187,-0.04532648887419442,-0.07426329780256188,0.4350642467200411,0.7169161657937569,1,0
13580.0,-1.0552626048729952,-1.0577180989205999,-1.2706676352439727,-1.2723629063467428,0.2824537604454976,1.1608512063238763,-1.6147785724478398,-0.8039250393948271,1,0
13581.0,-0.6498190091667458,-0.5568260068131017,-0.9734029193695083,-0.9152544222848049,0.2588759072026477,-0.2618344117975608,-0.21626507557551844,-0.8039250393948271,1,0
13582.0,-0.17487079705371097,-0.5568260068131017,-1.0967119057658503,-1.1172020415844537,0.208771664296187,-0.49273161976031987,-1.1175267461574372,-0.8039250393948271,1,0
13583.0,0.9680940060800964,-0.5568260068131017,1.4202827531844942,1.3147249681229058,-0.5377006016029604,-0.3319664456362507,0.6424811892318264,-0.8039250393948271,1,0
13584.0,0.36958203146610946,-0.20143741171417867,-0.21247832535746608,-1.0097587938908739,-0.7685936705146531,-0.23305906672429438,0.4572375891095386,1.6204927696584461,1,0
13585.0,-0.2520981486168061,-0.20143741171417867,1.2344592277986843,-0.2546907328823665,-1.4808294238753814,-0.07426329780256188,-0.2944540898073254,1.1620610054185785,1,0
13586.0,-1.0552626048729952,-1.0577180989205999,-1.4222953564257719,-1.0023910319449636,0.8264423343649328,-0.49273161976031987,-0.5870572757944853,-0.8039250393948271,1,0
13587.0,1.2615579420198577,0.07422339860702587,0.12815070761061717,0.5702221969981282,0.36068679413094373,0.6445604725968617,-0.351053338929104,1.4608215350480005,1,0
13588.0,-0.1285343861158539,0.9305040858134475,0.7289693581065627,0.0012536303858872331,-0.9070392639540712,0.22741126261658207,0.9210005318717817,1.3820367923862882,1,0
13589.0,1.7210606838202736,0.48988501576479315,-1.1838293074738775,-0.5266093887991533,1.0379964617019044,0.6467390474220279,0.10803515400060046,-0.8039250393948271,1,0
13590.0,1.7519516244455116,1.7234195042875162,0.7421648068599109,0.3379240786451041,-0.6458577197473234,-0.07426329780256188,1.4643893830357921,0.5566200963305212,1,0
13591.0,1.497101364287298,0.6548432754922423,-0.20867387986539582,0.1135252752413805,0.325695454900761,0.09371390337111857,0.6068075807745934,0.42541977181113405,1,0
13592.0,-0.17100942947555622,0.07422339860702587,-2.0708886753380886,-2.0178475393054036,0.6091302423193422,0.22741126261658207,-0.8101418318588084,-0.8039250393948271,1,0
13593.0,1.0260145197524178,1.4313961779209454,0.06411777471474492,0.49037341263563505,0.36184695197201844,0.40232454155815495,1.313536570583899,0.42541977181113405,1,0
13594.0,0.6167095564680137,-0.5568260068131017,0.31834561219303326,-0.042803403489468136,-0.5105134956878633,-0.07426329780256188,-0.2415090281351582,1.4608215350480005,1,0
13595.0,-0.5532848197128769,-0.20143741171417867,-0.2425328768610907,-0.012140065015277623,0.23345591943177013,-0.07426329780256188,0.807897153777444,-0.8039250393948271,1,0
13596.0,-1.0282330318259119,-0.5568260068131017,0.34526758737755564,0.3214822796025512,-0.19592026969200296,-0.07426329780256188,0.9333370609779713,-0.8039250393948271,1,0
13597.0,-1.0475398697166856,-0.5568260068131017,-0.2625245113706964,-0.4450231209566668,-0.19551542559586432,-0.930965887215077,-0.7135169018659211,1.4608215350480005,1,0
13598.0,1.2770034123324767,0.29945468039331957,-0.6541473757136671,-0.7545049065952334,-0.005207614540585923,-0.07426329780256188,0.4998634741417061,0.7169161657937569,1,0
13599.0,1.7905653002270592,2.442297391715952,0.2702100061600678,0.10569575242356571,-0.3147809837762859,1.1608512063238763,1.3976563711579584,1.5451156593501068,1,0
13600.0,0.18809775529283598,-0.5568260068131017,0.7654794463503999,-0.08134005542746721,-1.0036142032078905,0.09371390337111857,-0.14488409814227088,-0.8039250393948271,1,0
13601.0,0.8792825517825371,0.07422339860702587,0.5395170007362131,0.10050332875688847,-0.630513440564173,-0.07426329780256188,1.0839267715139342,-0.8039250393948271,1,0
13602.0,0.8599757138917633,0.07422339860702587,-0.09861743179076471,-0.09673289930783197,-0.05167759116620712,-0.5602283770286947,0.12460872225127,-0.8039250393948271,1,0
13603.0,-1.0552626048729952,-1.0577180989205999,0.11507946602518795,-0.7004229686313711,-0.8517948858772061,-0.44035248611375827,-0.351053338929104,-0.8039250393948271,1,0
13604.0,-1.0552626048729952,-1.0577180989205999,0.5350615532925883,1.305456488353104,0.6164389358263602,0.22741126261658207,-0.5488939424337871,1.7659550299964637,1,0
13605.0,-0.3447709704925202,-0.5568260068131017,0.3946488025285788,-0.07023671941243095,-0.6203421230484446,-0.07426329780256188,0.14085407936492755,-0.8039250393948271,1,0
13606.0,0.03364305216664579,-0.20143741171417867,-0.4953402286603878,-1.4639105471466927,-0.8480996687302674,0.09371390337111857,-0.03819322927216564,-0.8039250393948271,1,0
13607.0,0.34255245841902615,-0.5568260068131017,0.4987435201268303,0.9157332285352149,0.22448703513748752,-0.07426329780256188,0.778854696993705,1.4608215350480005,1,0
13608.0,-1.0552626048729952,-1.0577180989205999,-0.2860590552236475,-0.2077345143322266,0.08075777596311405,-0.49273161976031987,-0.2415090281351582,-0.8039250393948271,1,0
13609.0,-1.0552626048729952,-1.0577180989205999,-2.1742906825194512,-0.6757937329817975,2.5619803307523634,0.40232454155815495,-1.3787746355824586,-0.8039250393948271,1,0
13610.0,1.6129423916319405,1.4313961779209454,-0.8801790526956885,-0.7761341366913717,0.281987209378743,0.6445604725968617,1.6214027777834077,0.7783074415255873,1,0
13611.0,1.4430422181931313,1.048245697623346,0.3302736675857545,0.2551905154591456,-0.24287931051177172,0.22741126261658207,1.1333612263946888,1.3056202738679257,1,0
13612.0,-1.0552626048729952,-1.0577180989205999,1.1914399384085066,1.4844372916152113,-0.09841391581249959,-0.07426329780256188,0.14085407936492755,1.7659550299964637,1,0
13613.0,-0.2520981486168061,0.29945468039331957,-0.5425172234610122,-0.3807189035140399,0.2456191328477201,-0.07426329780256188,0.14085407936492755,-0.8039250393948271,1,0
13614.0,0.9796781088145607,0.48988501576479315,-0.07094999616330684,0.4857028630160949,0.5525938445708595,0.22741126261658207,1.36936516326007,-0.8039250393948271,1,0
13615.0,0.34255245841902615,0.8003467725008181,0.975694466172108,1.426185602557991,0.12564305771082152,3.399499478022089,1.4771084552713287,1.4608215350480005,1,0
13616.0,-0.5803143927599602,-0.5568260068131017,-0.5607512649077543,-0.8791581017398624,-0.2524549030382234,0.40232454155815495,-0.2415090281351582,-0.8039250393948271,1,0
13617.0,0.7016596431874184,0.8003467725008181,-0.7385112058369586,-0.7380613977568642,0.12625538180974918,0.22741126261658207,0.10803515400060046,0.31649817812236203,1,0
13618.0,-1.0552626048729952,-1.0577180989205999,0.5527745986401271,-0.5970963538216454,-1.1769278766035656,-1.485945419229041,-0.9196861426527538,-0.8039250393948271,1,0
13619.0,-0.5532848197128769,-0.5568260068131017,-1.3438346759048645,-1.1743485404147218,0.5011663879876795,-0.07426329780256188,-0.0584501529419441,-0.8039250393948271,1,0
13620.0,-1.0552626048729952,-1.0577180989205999,-0.7403178672498535,-1.215926236657238,-0.3591198730823768,-1.0222871175758335,-1.6147785724478398,-0.8039250393948271,1,0
13621.0,-1.0552626048729952,-1.0577180989205999,0.9121513023761727,-0.3428363193383186,-1.3021321840621176,-1.0222871175758335,-0.6270829566655943,-0.8039250393948271,1,0
13622.0,-1.0552626048729952,-1.0577180989205999,1.0201309531748697,1.189187063315389,-0.17874495864309006,0.22741126261658207,-0.21626507557551844,1.7659550299964637,1,0
13623.0,1.6747242728824165,1.048245697623346,-0.3929879554048789,-0.09484265664601263,0.35363053064651906,0.22741126261658207,1.3096760282782078,1.4608215350480005,1,0
13624.0,-1.0552626048729952,-1.0577180989205999,1.8558856268677957,0.7055571189286132,-1.382977114818326,-0.3319664456362507,-0.5124273288630706,1.7659550299964637,1,0
13625.0,-1.0552626048729952,-1.0577180989205999,-0.025102332118955028,0.12316005299678956,0.0820211837626927,-0.07426329780256188,-0.5488939424337871,-0.8039250393948271,1,0
13626.0,-0.5648689224473412,-0.5568260068131017,0.32378371845512494,0.3408730838712854,-0.14927331290293203,0.22741126261658207,0.03817477705094321,1.4608215350480005,1,0
13627.0,1.1881919580349174,0.6548432754922423,0.4947792041649953,0.20885956039515666,-0.4837692755505966,0.09371390337111857,0.8359465091600137,1.3562632318428542,1,0
13628.0,-1.0552626048729952,-1.0577180989205999,-0.35480874479920405,0.1626890128649889,0.594918679976251,-0.5988151577868094,-0.7604075912169913,-0.8039250393948271,1,0
13629.0,1.4275967478805123,1.7867847730198683,1.0957223595165095,1.2788101955872295,-0.18434252722918454,-0.07426329780256188,-0.3222656930578095,-0.8039250393948271,1,0
13630.0,0.025920317010336275,0.6548432754922423,0.3222327533193171,0.07252483388021709,-0.4086993856882852,-0.49273161976031987,0.15678397263081445,1.5408951706492844,1,0
13631.0,-0.40655285174299627,1.1557353675997408,-1.3324265799597572,0.019356779979646545,2.0069179698964135,-0.49273161976031987,-1.4883189463764042,0.07951852525571697,1,0
13632.0,1.211360163503846,0.8003467725008181,0.35519354799599406,0.6875704852495719,0.1730004399410785,0.3469702689073076,1.1139434269424622,0.9153033772197167,1,0
13634.0,1.512546834599917,1.5860167045095306,-0.12700895666835094,0.19285550155484768,0.29891214595752275,0.9264677219783295,1.5080692513565126,-0.15215647067619234,1,0
13635.0,1.5357150400688453,0.07422339860702587,1.2553456468909034,1.3652416382313655,-0.29705871578209475,-0.14210498399285518,0.9454908199539594,1.4608215350480005,1,0
13636.0,-0.09378207791246113,0.29945468039331957,-0.23584907011180473,-0.5047295531770851,-0.287686019420573,0.20833604805906303,0.24636711066584036,0.7169161657937569,1,0
13637.0,-0.3833846462740677,-0.20143741171417867,-0.0840370056117055,-0.025034223497882185,0.0038976814361024507,-0.07426329780256188,0.5101826507817058,-0.8039250393948271,1,0
13638.0,-1.0552626048729952,-1.0577180989205999,-0.4953402286603878,-1.0971813062205593,-0.5363542783376491,-0.07426329780256188,-1.282149705589571,-0.8039250393948271,1,0
13639.0,0.34255245841902615,-0.5568260068131017,1.3167820245027482,1.2182191369825386,-0.5072630619380001,-1.277214299835045,0.12460872225127,-0.8039250393948271,1,0
13640.0,-1.0552626048729952,-1.0577180989205999,-0.3347174312149545,0.5259739214396983,1.0043169946335764,-1.277214299835045,-1.7643485641128949,-0.8039250393948271,1,0
13641.0,-0.6922940525264482,0.29945468039331957,0.4301405161903403,-0.41161341361950504,-0.935300841966407,1.8472339003972567,-0.018424472070835033,1.3056202738679257,1,0
13642.0,-0.2173458404134133,0.07422339860702587,-0.9081588183204512,-1.032068617359029,0.041611377519290504,0.22741126261658207,0.6424811892318264,0.9153033772197167,1,0
13643.0,1.6476946998353332,1.048245697623346,-0.5281474779171864,-0.331276553970344,0.280334443573617,0.6445604725968617,0.42374870558137934,1.4608215350480005,1,0
13644.0,-0.7116008904172219,0.07422339860702587,1.3557135522920085,1.1832060930714685,-0.5823465218164374,0.6467390474220279,0.9980587895827047,0.9153033772197167,1,0
13645.0,-1.0552626048729952,-1.0577180989205999,0.0748933930562603,-0.11916109859508468,-0.294028167836867,-0.3319664456362507,-1.6147785724478398,-0.8039250393948271,1,0
13646.0,-1.0552626048729952,-0.5568260068131017,-1.4088181653771499,-0.7104919331994596,1.1695520428264075,0.09371390337111857,0.26039076371065795,1.4608215350480005,1,0
13647.0,1.2383897365509293,0.8003467725008181,0.45817629332356796,0.4533282853199061,-0.20638200435276266,-0.07426329780256188,0.6849965950064003,0.31649817812236203,1,0
13648.0,0.24987963654331205,0.8003467725008181,-0.22140759327582904,-0.3012072293878081,-0.10255495612585083,-0.07426329780256188,0.6597526424467606,1.256310742518105,1,0
13649.0,-0.008831991193056518,0.48988501576479315,-0.11339648288026441,-0.14779465148780702,-0.08511169040635558,0.40232454155815495,0.676667957724251,-0.8039250393948271,1,0
13650.0,1.5164082021780716,1.048245697623346,0.18262881512548415,0.24220104651527116,-0.06827397147154039,-0.07426329780256188,0.8957565793121419,1.5675928766263612,1,0
13651.0,0.2807705771685501,-0.20143741171417867,-2.087452354749355,-1.7504950317122336,0.9626998156333969,0.22741126261658207,-0.8630868935309756,1.1620610054185785,1,0
13652.0,1.288587515066941,0.29945468039331957,0.7365763394550586,0.6767479512540846,-0.33083952744994793,-0.23305906672429438,0.822041706347352,-0.8039250393948271,1,0
13653.0,-1.0552626048729952,-1.0577180989205999,-0.7696412719700645,-0.8045302156006591,0.09711847135284617,-0.5602283770286947,-1.195715760389244,-0.8039250393948271,1,0
13654.0,1.6245264943664048,1.1557353675997408,1.1640578909712123,0.9997795287656739,-0.5308541383948056,0.22741126261658207,1.486519997035165,-0.8039250393948271,1,0
13655.0,0.786609729906823,0.48988501576479315,0.3514544061758139,0.43951690832935825,-0.08437016039238117,-0.07426329780256188,0.7254167763544643,1.1620610054185785,1,0
13656.0,0.6089868213117042,0.07422339860702587,0.40978718667826836,-0.027322606718120857,-0.5994838677241108,-0.3319664456362507,0.5304395744514846,1.6719867635063792,1,0
13657.0,-0.3177413974454369,-0.5568260068131017,-0.37012523346788445,-0.4958445647734921,-0.10945574905987827,0.09725622010391866,-0.7604075912169913,-0.8039250393948271,1,0
13658.0,1.5048240994436073,0.9305040858134475,0.5315835107011836,1.2108381079667396,0.5109961049205701,1.2095369609322975,1.1040594070649958,1.3820367923862882,1,0
13659.0,0.7016596431874184,1.254616278688769,0.3899807338343517,0.5357127125848491,-0.035210097838801024,1.7010479979872455,1.3584992596914578,1.3358549073493926,1,0
13660.0,-1.0552626048729952,-1.0577180989205999,-0.07878324266791349,0.1820756587055344,0.2194068449774995,0.16253566624592464,-0.0584501529419441,1.7659550299964637,1,0
13661.0,-1.0552626048729952,-1.0577180989205999,-0.23948967731245785,0.2273847455298106,0.5000553329774019,-0.07426329780256188,-0.7135169018659211,-0.8039250393948271,1,0
13662.0,1.1573010174096794,1.1557353675997408,-0.34289168449382,-0.4032098311409429,-0.049482810082621384,0.22741126261658207,0.8893223210263874,1.5141526126156624,1,0
13663.0,0.7479960541252754,0.29945468039331957,0.20706453116396414,0.5410284961018087,0.21716817752207732,0.22741126261658207,0.5883716650135135,0.7169161657937569,1,0
13665.0,-0.599621230650734,-0.20143741171417867,1.4245520788273787,0.9928674503161884,-0.8155738159755207,0.22741126261658207,0.676667957724251,-0.8039250393948271,1,0
13666.0,1.5511605103814645,0.29945468039331957,-2.7467194062710307,-3.195736939488304,0.26598203076219634,-0.07426329780256188,-0.6270829566655943,-0.8039250393948271,1,0
13667.0,-1.0552626048729952,-1.0577180989205999,0.047251135254671124,0.1400374586939306,0.0031674880527803803,-0.3319664456362507,0.5403834989422175,-0.8039250393948271,1,0
13668.0,1.7480902568673569,2.5129081469136603,0.18650534976970262,0.41753636052745,0.11118589145873624,0.22741126261658207,1.85475610256575,1.1850602173271663,1,0
13669.0,0.3232456205282524,-0.20143741171417867,-0.12700895666835094,-0.9387944722867049,-0.7985731159164754,-0.07426329780256188,-0.9196861426527538,-0.8039250393948271,1,0
13670.0,-1.0552626048729952,-1.0577180989205999,0.7003845216522266,0.3260834017018705,-0.6104803242534402,-0.5229139223515364,-0.41184883109283577,-0.8039250393948271,1,0
13671.0,-1.0552626048729952,-1.0577180989205999,-0.344716579672171,-0.4685417174324635,-0.11436696930614457,-1.0222871175758335,0.3010782951428931,-0.8039250393948271,1,0
13672.0,0.6012640861553947,-0.20143741171417867,-1.247335554754067,-0.9180759661404634,0.6580362859749838,-0.7231586611558216,-0.9196861426527538,1.8222621776056886,1,0
13673.0,-1.0012034587788285,-0.5568260068131017,-0.9734029193695083,-0.44430427857295324,0.8081352549117836,0.843979790974327,0.09111983872311039,-0.8039250393948271,1,0
13674.0,-1.0552626048729952,-1.0577180989205999,-0.39614326522300464,-0.1821910477951186,0.26029145055210634,-0.3319664456362507,-0.8630868935309756,1.7659550299964637,1,0
13675.0,-0.5417007169784127,-0.5568260068131017,0.1216347725417666,-0.16685666227823162,-0.3960327369634924,-1.0222871175758335,-0.41184883109283577,-0.8039250393948271,1,0
13676.0,-0.7463531986206147,-0.5568260068131017,-1.1169909995197986,-1.1048212579482373,0.2510532917740565,-0.07426329780256188,-0.9196861426527538,1.4608215350480005,1,0
13677.0,-0.6073439658070435,-0.5568260068131017,-0.3248096004571912,0.014307968043293711,0.3795219017636563,-0.07426329780256188,0.6849965950064003,-0.8039250393948271,1,0
13678.0,-1.0552626048729952,-1.0577180989205999,1.985282322630044,-0.22861258494606732,-1.8607900738344618,-2.3817407518467335,-0.7604075912169913,-0.8039250393948271,1,0
13679.0,-0.12081165095954441,-0.20143741171417867,-1.5671635546334064,-1.4604483388565046,0.50073000212254,-0.5602283770286947,0.03817477705094321,-0.8039250393948271,1,0
13680.0,1.7789811974925949,1.254616278688769,1.1758884849306355,1.6922112849530406,0.14049150420636536,-0.07426329780256188,1.7325993826424944,0.02103660903962243,1,0
13681.0,-0.5223938790876389,0.07422339860702587,-0.5305292569807909,-0.3873494785624591,0.22152427748444636,-0.5602283770286947,-0.1005293110454993,-0.8039250393948271,1,0
13682.0,-1.0552626048729952,-1.0577180989205999,-2.8228840014317678,-2.0729083085787567,1.821981648936537,-0.07426329780256188,-1.947407439306109,-0.8039250393948271,1,0
13683.0,-1.0552626048729952,-1.0577180989205999,0.21548864392176717,-0.08454411996467213,-0.42975170368489685,-1.485945419229041,-1.1175267461574372,-0.8039250393948271,1,0
13684.0,0.24215690138700255,0.07422339860702587,-0.9869361500848558,-0.8311195263243807,0.37286329524471196,-0.07426329780256188,0.5304395744514846,1.4608215350480005,1,0
13685.0,-0.8313032853400193,0.6548432754922423,1.7184084245112452,0.6561930563222637,-1.3107398053961359,-1.8163206498761402,-0.2944540898073254,-0.8039250393948271,1,0
13686.0,-0.20962310525710376,-0.20143741171417867,-0.16890218959256986,-0.9536557788850965,-0.7675750975515335,-1.0222871175758335,-0.351053338929104,-0.8039250393948271,1,0
13687.0,-1.0552626048729952,-1.0577180989205999,6.917019147532429,5.135342723688829,-2.0686467866578546,-2.6438118278149303,0.05620547486057961,-0.8039250393948271,1,0
13688.0,-1.0552626048729952,-1.0577180989205999,-0.13525918599176848,0.42299237793122957,0.5743607636645511,-0.7831339784253591,-1.6147785724478398,-0.8039250393948271,1,0
13689.0,0.4159184424039665,-0.5568260068131017,0.9674839700154454,1.127407120506622,-0.17419559309000787,-1.8163206498761402,-1.4883189463764042,-0.8039250393948271,1,0
13690.0,-1.0552626048729952,-1.0577180989205999,-0.8466168051985027,-0.636626412812903,0.3913253936295964,0.09371390337111857,-1.195715760389244,-0.8039250393948271,1,0
13691.0,-1.0552626048729952,-1.0577180989205999,-0.017645945876385277,-0.34965213704622977,-0.40278199874998916,-0.5602283770286947,0.20279773648307728,-0.8039250393948271,1,0
13692.0,0.47383895607628784,0.29945468039331957,1.1318067844628241,1.112456429676413,-0.3898534394880632,1.0445209855400752,0.5502083316528148,1.5675928766263612,1,0
13693.0,0.32710698810640715,0.9305040858134475,-0.44155319467128523,-0.28264068858702873,0.21280203648138782,0.22741126261658207,0.4998634741417061,1.3820367923862882,1,0
13694.0,1.7712584623362855,4.225469521326503,2.3686718417297037,2.1854274087799324,-0.8119717032450983,-0.07426329780256188,2.493025753655771,0.4485121864172729,1,0
13695.0,1.053044092799501,1.5860167045095306,-0.2962179280045106,-0.6293913212041203,-0.3345855628020253,0.09725622010391866,0.09111983872311039,-0.8039250393948271,1,0
13696.0,-0.10922754822508014,-0.20143741171417867,0.2392032477491476,1.218890618392458,0.9632872041941043,0.09371390337111857,-0.4440240814723802,1.1620610054185785,1,0
13697.0,-1.0552626048729952,-1.0577180989205999,0.19735618962128842,-0.812573777387156,-1.0159416689672338,-1.1639429167840407,-0.980481634816486,-0.8039250393948271,1,0
13698.0,-0.7270463607298409,-0.5568260068131017,-0.2625245113706964,-0.22764865909551144,0.02798544584485438,1.1608512063238763,-0.2415090281351582,-0.8039250393948271,1,0
13699.0,0.4699775884981331,-0.5568260068131017,-0.3198894109460272,0.44662717040049404,0.8830313224889056,0.09371390337111857,-0.19177478749334104,1.4608215350480005,1,0
13700.0,1.431458115458667,1.3461657029712149,0.41267435221009874,-0.4267903591512537,-0.9301292943089037,-0.49273161976031987,1.0990723781751348,-0.030266317867525,1,0
13701.0,-1.0552626048729952,-1.0577180989205999,-0.6568228392834701,-0.7282827889993887,0.02600280749619695,-1.0222871175758335,-1.195715760389244,1.7659550299964637,1,0
13702.0,-1.0552626048729952,-1.0577180989205999,-0.7403178672498535,-0.9653014789658921,-0.1107202643846624,-1.0222871175758335,-1.6147785724478398,-0.8039250393948271,1,0
13703.0,-0.6807099497919838,-0.5568260068131017,-0.8955679621732969,-0.34965213704622977,0.8027893747991672,-0.3319664456362507,-0.12240697358821374,1.4608215350480005,1,0
13704.0,-0.7347690958861505,0.9305040858134475,0.1545347205577727,-0.09589158454982112,-0.36814613719183903,0.22741126261658207,0.7862122685181961,0.22484244827571642,1,0
13705.0,1.3272011908484886,0.6548432754922423,-0.14000192546937723,-0.15626929631334852,-0.059208547839366354,2.744916198564831,0.2175794647945466,-0.8039250393948271,1,0
13706.0,0.19582049044914548,-0.5568260068131017,0.02247257206728863,0.1863730210406459,0.08537233535891092,0.40232454155815495,-0.07921996423456719,-0.8039250393948271,1,0
13707.0,-0.016554726349366028,0.29945468039331957,1.1865529935338748,1.218294062333489,-0.35493874869805875,1.0445209855400752,0.9866646657794853,-0.8039250393948271,1,0
13708.0,-1.0552626048729952,-1.0577180989205999,0.7886962978733467,0.10323290718778053,-0.8862766246095737,-0.23305906672429438,0.12460872225127,-0.8039250393948271,1,0
13709.0,1.6245264943664048,1.7234195042875162,0.4775058416922615,0.5812095177283348,-0.10204373233194285,0.6467390474220279,1.5862582655883195,0.8107045800741712,1,0
13710.0,1.1881919580349174,-0.20143741171417867,-0.2956177067290469,-0.655749937637358,-0.36055328104251183,-1.277214299835045,-0.9196861426527538,-0.8039250393948271,1,0
13711.0,0.8985893896733108,0.9305040858134475,-0.5186723091502936,-0.43965805928588125,0.14788812191948647,0.16253566624592464,0.520373635574267,1.6204927696584461,1,0
13712.0,0.35027519357533565,-0.5568260068131017,1.4504613681518503,0.45066599805391155,-1.2292999255551134,-0.07426329780256188,-0.21626507557551844,-0.8039250393948271,1,0
13713.0,-0.37952327869591296,-0.20143741171417867,-0.4687388977600752,-0.14280974210959216,0.40805511147510715,0.40232454155815495,0.41227490000197986,-0.8039250393948271,1,0
13714.0,-1.0552626048729952,-1.0577180989205999,-1.1587230648098024,-0.7253365351592984,0.753704704680512,-0.07426329780256188,-0.26755450858075713,-0.8039250393948271,1,0
13715.0,0.3232456205282524,1.656627459707239,0.7078007488981599,0.7658174126319597,-0.208502696640999,-0.3319664456362507,1.5320231786964587,0.8615676530235191,1,0
13716.0,-1.0552626048729952,-1.0577180989205999,-0.07094999616330684,-0.9345732636627039,-0.8518423004376426,-1.1639429167840407,-0.5488939424337871,-0.8039250393948271,1,0
13717.0,0.6939369080311089,0.8003467725008181,0.6453415617959198,-0.3017620313364223,-1.053763221491771,0.22741126261658207,0.778854696993705,1.256310742518105,1,0
13718.0,-0.8660555935434121,-0.5568260068131017,-0.5730798058461877,-0.7949843289198485,-0.15277137529159127,-0.07426329780256188,-1.195715760389244,-0.8039250393948271,1,0
13719.0,1.0916577685810487,1.1557353675997408,-0.014947188445610873,-0.09864798213279564,-0.16157338958205505,0.6467390474220279,1.2411045184059473,-0.8039250393948271,1,0
13720.0,-0.5223938790876389,0.07422339860702587,-0.1753280717215526,-0.4339743212806498,-0.2931698686069222,0.09725622010391866,0.0008790944596697093,-0.8039250393948271,1,0
13721.0,0.3309683556845619,-0.5568260068131017,0.5958318338669072,0.40573302765912955,-0.41950134551347845,-0.2863856841199625,-0.018424472070835033,-0.8039250393948271,1,0
13722.0,0.9333416978767036,1.048245697623346,0.7883428527072537,0.9760147489606619,-0.0989854326197439,0.09371390337111857,0.9574671454424988,0.14676385148134682,1,0
13723.0,0.46611622091997834,0.48988501576479315,-0.36670283338141113,-0.4234298244095822,-0.03922062321763916,0.22741126261658207,0.15678397263081445,-0.8039250393948271,1,0
13724.0,-1.0552626048729952,-1.0577180989205999,-0.13525918599176848,-0.348184180836302,-0.2587536955848953,-0.619945652967382,-0.0584501529419441,-0.8039250393948271,1,0
13725.0,-0.05516840213091358,0.8003467725008181,-0.40939007116316944,-0.14381625297963976,0.32185340430904763,0.09371390337111857,0.6597526424467606,1.256310742518105,1,0
13726.0,-0.8158578150274003,-0.5568260068131017,1.3769816955190075,0.9174381328606177,-0.8280271364373345,-1.606782133071617,-0.0584501529419441,-0.8039250393948271,1,0
13727.0,1.6554174349916428,0.8003467725008181,-1.2415801039734846,-0.9670443872774566,0.5911969748495742,1.3155995981328836,0.4572375891095386,0.31649817812236203,1,0
13728.0,1.6245264943664048,1.5860167045095306,-0.6660703956269124,-0.5886400598874705,0.18898981849038488,0.09371390337111857,0.46810349267815093,-0.8039250393948271,1,0
13729.0,-0.09378207791246113,-0.20143741171417867,-0.05801897385658532,-0.17713545874811507,-0.18580768920862265,0.09371390337111857,-0.12240697358821374,1.6204927696584461,1,0
13730.0,-0.9548670478409714,-0.5568260068131017,0.5439542254399975,0.4258900542255195,-0.33865202115210347,-0.07426329780256188,-0.07921996423456719,-0.8039250393948271,1,0
13731.0,-0.9510056802628167,-0.5568260068131017,-0.06317290244604831,0.14126369360221075,0.1532821821986098,0.09371390337111857,-0.12240697358821374,-0.8039250393948271,1,0
13732.0,-1.0552626048729952,-1.0577180989205999,1.3156954946896209,0.7906416208527963,-0.8673056861787249,-1.0222871175758335,-0.19177478749334104,-0.8039250393948271,1,0
13733.0,0.19968185802730024,-0.5568260068131017,0.13785181482321113,-0.166270304200728,-0.41468005943919095,-0.3319664456362507,-0.3222656930578095,1.4608215350480005,1,0
13734.0,-0.6922940525264482,0.07422339860702587,-0.7152943543140108,2.4618584903129097,4.404012252290443,1.0134691263446138,-0.4440240814723802,1.4608215350480005,1,0
13735.0,1.6554174349916428,1.3461657029712149,0.8365555615119925,1.3744350280806517,0.26059449197773243,0.22741126261658207,1.7508812250204528,1.6378635008015492,1,0
13736.0,1.7558129920236665,0.6548432754922423,0.4404889569432591,0.4925238626756018,-0.14473651564260742,0.22741126261658207,1.6626876511135835,1.6516236415683632,1,0
13737.0,-1.0552626048729952,-1.0577180989205999,-0.17747851826850622,0.2861899539225307,0.47736060861804946,-0.07426329780256188,-0.2944540898073254,-0.8039250393948271,1,0
13738.0,-1.0552626048729952,-1.0577180989205999,0.5260953871537395,0.6417378349909478,-0.10279157244559926,0.09371390337111857,0.5976414102639861,-0.8039250393948271,1,0
13739.0,0.9101734924077751,-0.5568260068131017,-1.4497626444781349,-0.8599991850324257,1.046743744419673,-0.6943222153282232,-1.4883189463764042,-0.8039250393948271,1,0
13740.0,0.8638370814699181,0.29945468039331957,0.31943541633060685,0.2033816136120874,-0.2802407549871204,0.22741126261658207,0.5502083316528148,-0.8039250393948271,1,0
13741.0,-0.49150293846240084,-0.20143741171417867,-0.7597784774284073,-0.287059180179281,0.6703791214514455,-0.07426329780256188,-0.1679944637358899,1.1620610054185785,1,0
13742.0,0.11859313888605039,1.254616278688769,-0.48767305945081996,-0.07240673823133885,0.51676742693941,0.22741126261658207,1.2659659278362403,0.5566200963305212,1,0
13743.0,-0.06289113728722308,0.6548432754922423,0.5861397544193531,-0.49167772172116764,-1.1342703544355413,-1.9376978457118947,-1.282149705589571,0.42541977181113405,1,0
13744.0,-0.2945731919765084,-0.5568260068131017,1.5608234628951325,1.0109634375780805,-0.9352095309933719,-0.49273161976031987,0.20279773648307728,-0.8039250393948271,1,0
13745.0,0.4275025451384308,-0.5568260068131017,1.4676067633559964,0.4699648366924203,-1.230740478247419,-0.49273161976031987,0.07384838550817617,1.7659550299964637,1,0
13746.0,-1.0552626048729952,-1.0577180989205999,-0.6173675847508863,-0.6020811005364706,0.10737827148463833,-0.07426329780256188,-1.195715760389244,-0.8039250393948271,1,0
13747.0,-0.8583328583871026,-0.5568260068131017,-1.6988279396262262,-1.5943619538392464,0.5418155135834342,-0.3319664456362507,-1.7643485641128949,-0.8039250393948271,1,0
13748.0,1.4275967478805123,0.9305040858134475,-0.2744894844014177,-0.24760737528627588,0.022878758146725187,0.22741126261658207,-0.03819322927216564,-0.8039250393948271,1,0
13750.0,1.1225487092062867,1.1557353675997408,-0.1813993751841792,0.2366883197717992,0.4261961295694025,-0.49273161976031987,0.15678397263081445,0.6326212419203412,1,0
13751.0,-1.0552626048729952,-1.0577180989205999,0.033161327766256535,0.10034259523182643,-0.01975692210200762,-0.5602283770286947,-1.195715760389244,-0.8039250393948271,1,0
13752.0,0.5008685291233711,0.6548432754922423,-0.02617172592434583,-0.2602588666871827,-0.30722697280120614,0.845806698993629,0.46810349267815093,-0.8039250393948271,1,0
13753.0,0.6784914377184899,0.07422339860702587,0.9719701235934423,0.8759535425531659,-0.42282897028078054,-0.7231586611558216,0.3398428478240282,-0.8039250393948271,1,0
13754.0,0.049088522479264804,-0.20143741171417867,-0.3649956734261198,-0.8331958036467266,-0.4452016330584863,-0.23305906672429438,-0.7604075912169913,-0.8039250393948271,1,0
13755.0,-0.8235805501837098,0.9305040858134475,-0.05203684015386947,-0.18518812305288718,-0.20139811370911084,0.6467390474220279,1.387161169686037,0.22484244827571642,1,0
13756.0,1.7326447865547379,2.0120160548061623,0.45177614757161233,0.4290013508582193,-0.22251147740448343,1.3155995981328836,0.9866646657794853,0.049290779122295514,1,0
13757.0,-1.0552626048729952,-1.0577180989205999,-1.0768049265508703,-0.46436795449239393,0.9453025268179959,-0.07426329780256188,-1.282149705589571,-0.8039250393948271,1,0
13758.0,1.7519516244455116,1.5111239626986637,0.8066868672121021,1.0149536182090988,-0.08278586985209936,2.2139618833285537,1.3173790306579516,0.9720793875323959,1,0
13759.0,-0.9085306369031144,-0.5568260068131017,-0.028849831277695092,0.2459420541313826,0.22026598065836295,-0.07426329780256188,-0.4440240814723802,-0.8039250393948271,1,0
13760.0,1.0260145197524178,0.29945468039331957,-0.1809281234887688,-0.01219991146030105,0.14820924169402563,-0.07426329780256188,0.6597526424467606,0.7169161657937569,1,0
13761.0,1.2847261474887863,0.48988501576479315,0.2144891966583359,0.22789377073437095,-0.12407462972988072,-0.07426329780256188,0.8359465091600137,-0.8039250393948271,1,0
13762.0,0.7981938326412872,0.29945468039331957,1.365828999532603,0.7979235908210911,-0.9105768117864927,-1.485945419229041,-0.47751296500053947,0.7169161657937569,1,0
13763.0,0.3811661342005737,-0.20143741171417867,2.1489960714778076,2.5127994306801957,-0.27528557104828644,-0.49273161976031987,0.14085407936492755,1.7659550299964637,1,0
13764.0,1.1534396498315247,0.48988501576479315,0.9334908711664458,0.7916107377534748,-0.4560829402288126,-0.07426329780256188,1.5834914375827365,-0.8039250393948271,1,0
13765.0,-1.0552626048729952,-1.0577180989205999,0.7564159021761392,0.33817875386740365,-0.6610588951343495,0.40232454155815495,-0.7135169018659211,-0.8039250393948271,1,0
13766.0,-1.0552626048729952,-1.0577180989205999,-0.07878324266791349,-0.5009716920078705,-0.47182110496171487,-1.277214299835045,-0.7604075912169913,-0.8039250393948271,1,0
13767.0,1.7867039326489045,3.4030362089699606,0.32882494626898956,0.7124746696350087,0.23672605786283651,0.09371390337111857,0.8290235674343082,1.1152903986872724,1,0
13768.0,-1.039817134560376,-0.5568260068131017,0.2537658815373647,0.6326099793519361,0.2531412702585571,-0.07426329780256188,-0.26755450858075713,1.8723113812894887,1,0
13769.0,1.7287834189765832,1.8470577950787128,-0.1983426214341634,-0.006337462285850779,0.178524126219892,0.22741126261658207,0.8563715573771615,1.3906887729409454,1,0
13770.0,0.13403860919866942,0.07422339860702587,-0.24864500529645414,-0.4588745953099093,-0.22674774943594253,0.843979790974327,0.10803515400060046,-0.8039250393948271,1,0
13771.0,1.2152215310820007,0.9305040858134475,0.9305663789854496,1.1420150397409896,-0.11246276140622818,0.22741126261658207,1.1890004242354304,0.22484244827571642,1,0
13772.0,1.3426466611611076,0.8003467725008181,0.22741074112491402,0.4720564572754554,0.11429687218215716,1.3155995981328836,1.8201879567822206,0.31649817812236203,1,0
13773.0,-0.03972293181829455,-0.5568260068131017,-0.56689802315073,-0.8173328089620034,-0.18319421192926222,-0.7231586611558216,-0.6270829566655943,-0.8039250393948271,1,0
13774.0,-1.0552626048729952,-1.0577180989205999,0.2851317960049527,0.30766404379853146,-0.13355169635989853,0.09371390337111857,-0.5124273288630706,-0.8039250393948271,1,0
13775.0,-1.0552626048729952,-1.0577180989205999,1.217931596963711,1.8240031262021135,0.2263483613490572,-0.07426329780256188,0.32712377558849165,-0.8039250393948271,1,0
13776.0,-1.0552626048729952,-0.5568260068131017,-4.672365083494027,0.17078209211148904,10.00176302632731,3.4626655433763824,-2.516040243029759,1.8723113812894887,1,0
13777.0,1.7905653002270592,3.1844645222929904,1.0234489069086625,1.4768378792578774,0.11540225641331606,-0.07426329780256188,0.03817477705094321,0.702241847734986,1,0
13778.0,0.7286892162345017,0.07422339860702587,-0.15405484252946575,0.029036959516613323,0.1561036828324553,-0.07426329780256188,-0.19177478749334104,0.9153033772197167,1,0
13779.0,-1.0552626048729952,-1.0577180989205999,-1.0967119057658503,-0.7271877237501104,0.6565957926271891,-0.07426329780256188,-0.351053338929104,-0.8039250393948271,1,0
13780.0,0.48928442638890685,-0.20143741171417867,0.09069866633547011,-0.15648837110995864,-0.3491921558720267,0.22741126261658207,0.6158724655605186,-0.8039250393948271,1,0
13781.0,0.7634415244378945,-0.20143741171417867,-0.4174164944150915,-0.07924310446549514,0.40643600966330523,-0.07426329780256188,0.23209955581276964,1.1620610054185785,1,0
13782.0,1.7287834189765832,1.3461657029712149,-1.160360649917293,-0.9375320278679039,0.5043692139861944,0.3469702689073076,1.2111139929554766,-0.030266317867525,1,0
13783.0,-0.3370482353362107,0.07422339860702587,1.9065503832184305,0.45885809763828,-1.5468691332667943,-2.3444262971695755,-1.7643485641128949,-0.8039250393948271,1,0
13784.0,0.6476004970932518,1.4313961779209454,0.33955456771056536,-0.3813490011737517,-0.8226259706444684,-0.07426329780256188,-0.9196861426527538,-0.07562038801004557,1,0
13785.0,-0.9316988423720429,0.07422339860702587,-1.4567395169326873,-0.9608727290110399,0.9319433677403238,-0.07426329780256188,-0.38088803500765217,-0.8039250393948271,1,0
13786.0,0.36958203146610946,0.48988501576479315,0.5816684482757184,0.870166823027991,0.06219592147383805,-0.07426329780256188,0.520373635574267,1.1620610054185785,1,0
13787.0,1.334923926004798,0.48988501576479315,0.13031401825309064,-0.40856965052560223,-0.6250315351318142,0.3469702689073076,0.42374870558137934,1.4608215350480005,1,0
13788.0,-1.0552626048729952,-1.0577180989205999,-4.672365083494027,-5.546574618820355,1.0043169946335764,-1.277214299835045,-2.516040243029759,-0.8039250393948271,1,0
13789.0,-1.0552626048729952,-1.0577180989205999,0.6042419529416526,-0.18909986090842423,-0.9326331646367684,-1.9376978457118947,-0.6691621147691496,-0.8039250393948271,1,0
13790.0,-1.0552626048729952,-1.0577180989205999,1.7563090352741992,0.3225754754078318,-1.5208716536068134,-1.1639429167840407,0.05620547486057961,-0.8039250393948271,1,0
13791.0,-0.8969465341686501,-0.5568260068131017,1.5174747724440791,1.3800889129485596,-0.5882852055446339,-1.8794321500245568,-1.3787746355824586,1.4608215350480005,1,0
13792.0,0.31938425295009765,-0.20143741171417867,-1.1169909995197986,-1.0394223368996343,0.3243049967700877,-0.07426329780256188,-0.47751296500053947,-0.8039250393948271,1,0
13793.0,-1.0552626048729952,-1.0577180989205999,-1.1169909995197986,-1.4284570715739533,-0.09602856165381982,-1.7601883558991351,-1.3787746355824586,-0.8039250393948271,1,0
13794.0,-1.0552626048729952,-1.0577180989205999,-0.9123884530256321,-1.0602546769278895,0.017410832695680577,-0.44035248611375827,-1.195715760389244,-0.8039250393948271,1,0
13795.0,-0.09378207791246113,0.07422339860702587,0.8114267007449327,-0.3735191360074171,-1.2426584251742152,-0.07426329780256188,-0.47751296500053947,-0.8039250393948271,1,0
13796.0,-1.0552626048729952,-1.0577180989205999,0.42224312060599484,0.06992431029450036,-0.526934085843134,-0.23305906672429438,-0.5124273288630706,-0.8039250393948271,1,0
13797.0,-0.2405140458823418,-0.20143741171417867,0.2794959395504273,0.4855354672592869,0.05847348212993325,-0.07426329780256188,0.42374870558137934,1.1620610054185785,1,0
13798.0,1.7635357271799759,3.903928301077459,1.176869816948978,1.243463650808491,-0.31919924322008825,-0.07426329780256188,1.123709777120437,0.3869169183580845,1,0
13799.0,0.9835394763927154,0.9305040858134475,0.16015597628249342,0.16867716342928205,-0.11457992125571229,-0.07426329780256188,0.3398428478240282,1.3820367923862882,1,0
13800.0,0.5935413509990852,-0.20143741171417867,0.7564159021761392,0.9670680187994155,-0.06688357365383993,0.16253566624592464,0.4462258301354361,-0.8039250393948271,1,0
13801.0,-1.0552626048729952,-1.0577180989205999,0.14106633547931893,0.22554230128381514,-0.031210243227278785,0.09371390337111857,-0.47751296500053947,-0.8039250393948271,1,0
13802.0,0.9642326385019416,1.7867847730198683,1.7499630082294466,2.1992585964553593,-0.08671008386834603,-0.07426329780256188,1.313536570583899,0.9604732193673713,1,0
13803.0,0.3464138259971809,-0.20143741171417867,0.6810453299303724,0.6582365144718741,-0.2811268042656394,-0.3319664456362507,0.4462258301354361,1.1620610054185785,1,0
13804.0,0.5124526318578354,0.9305040858134475,0.34880723139096664,0.3523088389219699,-0.16953495142810557,0.22741126261658207,1.0258703928331887,-0.8039250393948271,1,0
13805.0,-0.757937301355079,-0.5568260068131017,2.015356101254878,0.7062055284292464,-1.4913020290824173,-1.9207421836798164,-1.1175267461574372,-0.8039250393948271,1,0
13806.0,-1.0552626048729952,-1.0577180989205999,-1.0380543813173266,-0.09626871233877457,1.3496123868908092,-0.07426329780256188,-1.1175267461574372,-0.8039250393948271,1,0
13807.0,0.3657206638879547,-0.20143741171417867,-1.4313740698885171,-0.910735993527531,0.953820394004199,0.3469702689073076,-0.4440240814723802,1.1620610054185785,1,0
13808.0,-0.7038781552609124,0.29945468039331957,0.06392086030677531,0.32542927268523486,0.17899955040896295,0.843979790974327,0.41227490000197986,-0.8039250393948271,1,0
13809.0,-0.4567506302590081,-0.20143741171417867,-0.48767305945081996,-0.26433493664311714,0.29785203048441666,-0.07426329780256188,-0.47751296500053947,-0.8039250393948271,0,0
13810.0,-0.9471443126846619,-0.20143741171417867,-0.37527916205734746,0.8121048392735355,1.4350490973860952,4.200116668351857,-0.21626507557551844,1.1620610054185785,0,0
13811.0,-0.8390260204963288,-0.20143741171417867,-1.991663711638178,-0.0183381108375612,3.163661238130424,3.082796372607383,-1.3787746355824586,1.1620610054185785,0,0
13812.0,-0.8119964474492455,-0.20143741171417867,-0.3052613251395872,-0.5794012308185679,-0.27503453701514197,0.29175106031440495,-0.19177478749334104,-0.8039250393948271,0,0
13813.0,1.6245264943664048,0.8003467725008181,0.0985157866139212,0.31035916519492085,0.11537068795344756,0.29175106031440495,0.5599168914235233,1.4608215350480005,0,0
13814.0,0.6244322916243232,-0.20143741171417867,1.0910406108808086,1.3700516698174305,-0.0860479110499384,0.22741126261658207,0.23209955581276964,1.6204927696584461,0,0
13815.0,1.4275967478805123,0.8003467725008181,1.6412386825996272,1.6654697875821374,-0.4719393774759725,1.0134691263446138,1.2781196868122275,0.9153033772197167,0,0
13816.0,-0.8969465341686501,-0.5568260068131017,-0.09861743179076471,0.05165199737333144,0.10488574812635701,1.1608512063238763,-0.41184883109283577,1.7659550299964637,0,0
13817.0,0.18809775529283598,-0.5568260068131017,-0.359890252579739,-0.49286260895257417,-0.11961993838881683,0.29175106031440495,-0.5870572757944853,-0.8039250393948271,0,0
13818.0,-1.0552626048729952,-1.0577180989205999,-0.9644736514511453,-2.0333225790339493,-0.8312260759353767,-1.606782133071617,-1.6147785724478398,-0.8039250393948271,1,0
13819.0,0.6321550267806327,0.48988501576479315,1.0366585840098432,0.6400738542576196,-0.7042821647249256,-0.07426329780256188,0.09111983872311039,0.5566200963305212,1,0
13820.0,-0.04358429939644931,-0.20143741171417867,-0.46499139860133415,-0.3029700189120217,0.22307896831807564,-0.07426329780256188,0.38883434171884856,1.6204927696584461,1,0
13821.0,1.1071032388936677,0.48988501576479315,-0.6501465109665858,-0.21395484178387156,0.5921352610406636,1.1608512063238763,1.0736720914128266,0.5566200963305212,1,0
13822.0,-0.9201147396375786,-0.5568260068131017,0.7869279194415124,0.1881613982343475,-0.8174146701521157,0.20833604805906303,0.6158724655605186,-0.8039250393948271,1,0
13823.0,1.6708629053042618,0.6548432754922423,0.44880771919182827,0.7748933510096798,0.1396296216233424,1.932129182619007,0.7639385819629544,0.42541977181113405,1,0
13824.0,1.2808647799106316,1.254616278688769,-0.2199142689826161,0.005154877944134842,0.22100085795359123,-0.49273161976031987,0.2741787139163245,0.5566200963305212,1,0
13825.0,-0.6343735388541268,-0.5568260068131017,-0.5186723091502936,-1.0414171247292106,-0.45844382077461,-0.930965887215077,-0.07921996423456719,-0.8039250393948271,1,0
13826.0,-1.0552626048729952,-1.0577180989205999,-0.6303605535519127,-0.5070494401471175,0.22896523732863094,-0.07426329780256188,-1.1175267461574372,1.7659550299964637,1,0
13827.0,-0.7231849931516862,-0.20143741171417867,-1.2244947126369312,-0.9437193233405906,0.5929977653366176,0.22741126261658207,0.5502083316528148,-0.8039250393948271,1,0
13828.0,-1.0552626048729952,-1.0577180989205999,0.8062233338029028,-0.37082492900018665,-1.2367951857434194,-1.0222871175758335,-0.8101418318588084,-0.8039250393948271,1,0
13829.0,-1.0552626048729952,-1.0577180989205999,-2.641647037054194,-1.3465224513897458,2.4934561311203236,-0.49273161976031987,-2.516040243029759,1.7659550299964637,1,0
13830.0,-1.0552626048729952,-1.0577180989205999,-1.2244947126369312,-0.7637104079585221,0.8090130931983264,0.3469702689073076,-1.0461457687241897,1.7659550299964637,1,0
13831.0,1.6978924783513452,1.7234195042875162,-0.10934582505308994,0.3937915902945097,0.5021535723434312,0.09371390337111857,0.8563715573771615,0.22484244827571642,1,0
13832.0,0.5008685291233711,-0.5568260068131017,0.3869996526675594,0.14815467514348946,-0.4143116621458305,-0.44035248611375827,0.20279773648307728,1.4608215350480005,1,0
13833.0,-0.10922754822508014,-0.5568260068131017,-0.20362195023502777,0.3298929200683613,0.5665922317353677,-0.07426329780256188,0.019738861289862828,-0.8039250393948271,1,0
13834.0,-0.6961554201046029,-0.5568260068131017,-0.31011547161666714,-0.7190863155270919,-0.403239330995078,0.22741126261658207,-0.8101418318588084,1.4608215350480005,1,0
13835.0,1.338785293582953,0.6548432754922423,-0.7361927674977843,-0.7670255736227007,0.09186827830041659,0.22741126261658207,0.2877387536535113,0.42541977181113405,1,0
13836.0,-0.9973420912006737,-0.5568260068131017,-0.0827211777636523,0.16288644194313612,0.20379949236604938,-0.07426329780256188,-0.2944540898073254,1.4608215350480005,1,0
13837.0,-0.645957641588591,-0.5568260068131017,-0.5127920783445317,-0.9608977098839213,-0.3899884123232692,-1.0808399641377464,-0.7135169018659211,-0.8039250393948271,1,0
13838.0,1.161162384987834,1.048245697623346,-0.7830998861241779,-0.6323151229355097,0.30506036592375113,-0.07426329780256188,1.6702024858851812,-0.8039250393948271,1,0
13839.0,-1.0552626048729952,-1.0577180989205999,-1.8896517109605147,-0.9183019417755179,1.7103197421977112,-0.8464662631382949,-1.3787746355824586,-0.8039250393948271,1,0
13840.0,-1.0552626048729952,-1.0577180989205999,0.9584556244780432,1.1734791708891346,-0.1162021504362688,-0.44035248611375827,-0.03819322927216564,-0.8039250393948271,1,0
13841.0,-1.0552626048729952,-1.0577180989205999,-0.4174164944150915,-1.592773626456352,-1.0215112263383108,-2.3444262971695755,-2.516040243029759,-0.8039250393948271,1,0
13842.0,1.273142044754322,1.7234195042875162,0.025253858884125076,0.09698071671433758,-0.012842356099906959,0.6445604725968617,1.321203577100184,-0.21422118750871777,1,0
13843.0,-1.0552626048729952,-1.0577180989205999,-0.017645945876385277,0.2042160783455832,0.15919248934798522,-0.3319664456362507,-0.6691621147691496,-0.8039250393948271,1,0
13844.0,-1.0552626048729952,-1.0577180989205999,0.30738693388731153,0.37171315650289327,-0.09689970053744794,-0.5229139223515364,-0.5870572757944853,-0.8039250393948271,1,0
13845.0,-1.0552626048729952,-1.0577180989205999,0.22741074112491402,0.1750933563906027,-0.19368908288228043,-1.277214299835045,-1.195715760389244,-0.8039250393948271,1,0
13846.0,0.39275023693503797,0.07422339860702587,0.19277532457030522,0.2345112294246347,-0.08934552917942724,0.20833604805906303,0.5304395744514846,0.9153033772197167,1,0
13847.0,-1.0552626048729952,-1.0577180989205999,-0.46125679963733673,0.1652314693501944,0.7586121807835079,0.16253566624592464,-0.6270829566655943,-0.8039250393948271,1,0
13848.0,1.4082899099897386,0.8003467725008181,2.2224334958268432,0.42796896655674443,-1.7341792251053114,-2.3444262971695755,-1.947407439306109,-0.8039250393948271,1,0
13849.0,1.1573010174096794,0.29945468039331957,1.0132572241973645,1.25955639916206,-0.09883955773643781,0.16253566624592464,1.2197951715950153,0.7169161657937569,1,0
13850.0,-1.0552626048729952,-1.0577180989205999,2.0084896230947713,2.39516543422606,-0.21715409709140973,-0.09503028911869377,0.6424811892318264,1.7659550299964637,1,0
13851.0,1.1997760607693817,0.8003467725008181,0.8221875500032675,1.0053598063891087,-0.11255736619370424,0.09371390337111857,0.7862122685181961,0.31649817812236203,1,0
13852.0,-1.0552626048729952,-1.0577180989205999,-0.5918393498111858,-0.5225444437545269,0.15848538043107685,-0.8464662631382949,-1.0461457687241897,1.7659550299964637,1,0
13853.0,-1.0552626048729952,-1.0577180989205999,0.8096950165341334,1.8756125677765472,0.8853123783118464,0.09371390337111857,-0.47751296500053947,1.7659550299964637,1,0
13854.0,1.6168037592100952,2.6430654602262895,-0.49091025138338057,0.14560581752523485,0.7803090931081843,-0.07426329780256188,0.3010782951428931,0.4878572895827382,1,0
13855.0,-0.1632866943192467,0.07422339860702587,-0.026974463606346456,0.23716241389354809,0.20801971585252496,-0.3319664456362507,0.3398428478240282,0.9153033772197167,1,0
13856.0,0.6862141728747994,1.1557353675997408,-0.41254491044268876,-1.3225988813295806,-0.8183215482100068,-0.07426329780256188,-0.19177478749334104,1.2321901792666519,1,0
13857.0,-0.3679391759614487,0.48988501576479315,-0.13250213259506857,-0.6799763209868158,-0.5724627925719726,0.40232454155815495,0.6932415259749206,0.5566200963305212,1,0
13858.0,-1.0552626048729952,-1.0577180989205999,-0.7259481217060276,-0.3281739498962411,0.5709353698581385,-0.49273161976031987,-1.0461457687241897,-0.8039250393948271,1,0
13859.0,-0.2714049865075798,-0.5568260068131017,-0.6109289906143603,-0.08807202598438554,0.6823862758703212,0.22741126261658207,-0.1679944637358899,-0.8039250393948271,1,0
13860.0,-0.7270463607298409,0.29945468039331957,-0.23766784661107898,-0.13500251111557043,0.09313589818970751,-0.07426329780256188,0.26039076371065795,0.7169161657937569,1,0
13861.0,-0.6652644794793648,-0.5568260068131017,-0.29082785379306264,-0.9508424673131417,-0.6351563292023358,-0.07426329780256188,-0.5488939424337871,1.4608215350480005,1,0
13862.0,0.37730476662241896,0.9305040858134475,0.40280492594676925,0.04293831217441762,-0.5291845239587932,-0.49273161976031987,0.8007323595364199,0.8107045800741712,1,0
13863.0,0.2807705771685501,0.07422339860702587,-0.06900048992852348,0.1615806864809848,0.18340590723638303,0.09371390337111857,0.2741787139163245,1.4608215350480005,1,0
13864.0,-1.0552626048729952,-1.0577180989205999,0.2851317960049527,1.1963051161649982,0.8641559767086782,-1.3510515177884561,-2.516040243029759,-0.8039250393948271,1,0
13865.0,-0.1632866943192467,0.07422339860702587,-1.1376563848668353,-1.067150019724085,0.3226964760556652,-0.07426329780256188,-0.38088803500765217,-0.8039250393948271,1,0
13866.0,-1.0552626048729952,-1.0577180989205999,-1.0191860809061732,-0.8639956607026555,0.38211179623987873,-0.879512969193419,-1.3787746355824586,-0.8039250393948271,1,0
13867.0,-0.3331868677580559,-0.20143741171417867,0.16015597628249342,0.2814923751774398,0.0020669137035786277,-0.07426329780256188,0.15678397263081445,-0.8039250393948271,1,0
13868.0,-0.9355602099501976,-0.5568260068131017,2.051260926855167,2.3958408046432575,-0.2693721371628808,-0.07426329780256188,-0.21626507557551844,-0.8039250393948271,1,0
13869.0,1.1379941795189057,1.048245697623346,1.1712620389954087,1.4724996682504288,-0.0846218047855632,0.40232454155815495,2.0184734832261397,-0.8039250393948271,1,0
13870.0,1.5202695697562263,1.5111239626986637,0.4798050235960286,0.44209493484711754,-0.2444571478460035,0.22741126261658207,1.0788154545053559,0.7169161657937569,1,0
13871.0,1.636110597100869,1.656627459707239,0.36110582381446565,0.7108342595463644,0.19022978460596496,-0.07426329780256188,1.19347108230788,0.8615676530235191,1,0
13872.0,-0.29071182439835364,-0.20143741171417867,-0.2860590552236475,0.1467274686752962,0.47492917468169565,0.3469702689073076,0.15678397263081445,1.7659550299964637,1,0
13873.0,0.9796781088145607,0.8003467725008181,-0.9824062899433923,-1.019650537379063,0.15646222018004285,0.22741126261658207,0.2175794647945466,0.31649817812236203,1,0
13874.0,0.1610681822457527,0.6548432754922423,-0.19109409823596232,0.08410652003253741,0.2680110432956189,1.0383783963926798,0.07384838550817617,1.3562632318428542,1,0
13875.0,1.527992304912536,1.4313961779209454,0.4292971111768395,0.30325197469805587,-0.31765783248987234,3.399499478022089,1.0788154545053559,-0.8039250393948271,1,0
13876.0,-1.0552626048729952,-1.0577180989205999,-1.5068758271317502,-1.0965189787724898,0.8439453512005726,-0.14210498399285518,-1.3787746355824586,-0.8039250393948271,1,0
13877.0,1.273142044754322,-0.20143741171417867,0.08395315282570413,-0.8252412657952144,-0.9186245937093713,0.09371390337111857,-0.47751296500053947,1.6204927696584461,1,0
13878.0,1.06848956311212,0.07422339860702587,0.5249693881655562,1.1023204025571538,0.39606998476559213,0.22741126261658207,0.6424811892318264,-0.8039250393948271,1,0
13879.0,-1.0552626048729952,-1.0577180989205999,0.3505727320698112,0.49365069508813125,-0.02726465231587588,-0.3319664456362507,-0.41184883109283577,-0.8039250393948271,1,0
13880.0,1.0337372549087274,1.656627459707239,0.012528027235278743,-0.11657453323944401,-0.21419865804887195,0.22741126261658207,1.0203829895905052,-0.8039250393948271,1,0
13881.0,1.4237353803023576,2.760807072036188,1.6721481830587916,1.8253235863593815,-0.35911406194061374,0.40232454155815495,1.1890004242354304,0.6528729683194472,1,0
13882.0,-0.8158578150274003,0.29945468039331957,0.2772333737090436,-0.19612370600702797,-0.6010989693571952,0.6467390474220279,0.20279773648307728,0.7169161657937569,1,0
13883.0,1.7287834189765832,1.5111239626986637,0.5212829592894711,0.6305860559118709,-0.10798142728305463,0.22741126261658207,1.2659659278362403,1.6627757897574997,1,0
13884.0,0.7325505838126564,1.048245697623346,-0.6608484466025973,-0.5117298376087172,0.2665987088820234,-0.07426329780256188,0.7639385819629544,1.3056202738679257,1,0
13885.0,-1.0127875615132929,-0.5568260068131017,-0.5186723091502936,-0.11216712309635612,0.5162057456949615,-0.07426329780256188,-0.3222656930578095,-0.8039250393948271,1,0
13886.0,-1.0552626048729952,-1.0577180989205999,-0.16890218959256986,-0.16601908495789033,-0.031442763780284426,-0.09503028911869377,-0.7604075912169913,-0.8039250393948271,1,0
13887.0,-1.0552626048729952,-1.0577180989205999,-0.0028851749443922297,0.32549937293078157,0.2719514107110927,-0.3319664456362507,-0.6270829566655943,-0.8039250393948271,1,0
13888.0,0.7055210107655732,0.6548432754922423,-0.14357263607961768,0.16147874424968062,0.2872611943710755,0.22741126261658207,0.8763004011681347,-0.8039250393948271,1,0
13889.0,1.2383897365509293,0.48988501576479315,0.10958629009847032,0.2548569934146349,0.04124063855500449,-0.7231586611558216,0.24636711066584036,1.1620610054185785,1,0
13890.0,1.7712584623362855,1.4313961779209454,-0.42357197151083265,-0.3733659662503955,0.08959469476243162,-0.07426329780256188,0.7014044164687462,1.5408951706492844,1,0
13891.0,-0.2675436189294251,-0.20143741171417867,0.08620632067135942,0.06122444711390888,-0.12897523461933522,0.40232454155815495,0.676667957724251,-0.8039250393948271,1,0
13892.0,1.0646281955339654,0.48988501576479315,1.3642362568766502,-0.35929683188247374,-1.6116420382733156,-1.485945419229041,-0.19177478749334104,-0.8039250393948271,1,0
13893.0,-1.0552626048729952,-1.0577180989205999,0.27383065290268127,1.4891115295092698,1.2484268867750248,-0.07426329780256188,-0.5488939424337871,-0.8039250393948271,1,0
13894.0,0.05294989005741956,-0.20143741171417867,-0.23948967731245785,-0.5163493722754995,-0.2945230856405211,-0.07426329780256188,-0.41184883109283577,1.6204927696584461,1,0
13895.0,1.6785856404605712,0.48988501576479315,0.9132020529936383,1.2079574625887064,-0.02203811073105557,1.932129182619007,1.0527699740597574,1.1620610054185785,1,0
13896.0,-1.0552626048729952,-1.0577180989205999,0.0116774588438258,0.46950933127873035,0.41336569217131236,-0.07426329780256188,-0.5488939424337871,-0.8039250393948271,1,0
13897.0,1.3658148666300363,-0.20143741171417867,0.6666408947855037,0.463738133334052,-0.4484847299983029,-0.23305906672429438,0.26039076371065795,-0.8039250393948271,1,0
13898.0,-0.7231849931516862,-0.5568260068131017,0.6613551355952684,0.3005434799390917,-0.5897746751579158,-0.3319664456362507,0.019738861289862828,-0.8039250393948271,1,0
13899.0,-0.05902976970906833,-0.5568260068131017,-0.6839467502392094,-0.4733573733031003,0.3424117690848635,-0.07426329780256188,-0.6270829566655943,-0.8039250393948271,1,0
13900.0,0.6476004970932518,0.48988501576479315,0.06346125431484498,-0.033797007743176295,-0.195762425855747,0.09371390337111857,0.520373635574267,0.5566200963305212,1,0
13901.0,1.3812603369426553,1.5111239626986637,0.4464110660126608,0.4335488774774971,-0.21129788047843726,1.6109581610597774,1.5408285983972705,1.1620610054185785,1,0
13902.0,-0.7000167876827577,0.29945468039331957,6.178309233708082,4.377478206430093,-2.034402746135682,0.29175106031440495,0.26039076371065795,1.5675928766263612,0,0
13903.0,-1.0552626048729952,-1.0577180989205999,-0.38566105877315654,-0.6912886289557965,-0.28515605224175605,-0.8464662631382949,-1.1175267461574372,-0.8039250393948271,1,0
13904.0,-0.06289113728722308,-0.5568260068131017,0.12815070761061717,-0.6841717629621342,-0.8519509808433319,-1.485945419229041,-0.4440240814723802,-0.8039250393948271,1,0
13905.0,-1.0552626048729952,-1.0577180989205999,-0.09462147910482348,0.17365778056426165,0.23217492159102435,-0.23305906672429438,-0.980481634816486,1.8596832102061218,1,0
13906.0,-1.0552626048729952,-1.0577180989205999,-0.4174164944150915,-2.5390354440336043,-1.5898178593660586,-2.6438118278149303,-2.516040243029759,-0.8039250393948271,1,0
13907.0,-1.0552626048729952,-1.0577180989205999,-0.8307785687615927,-0.9491572590290568,0.025478366227291084,-1.606782133071617,-1.7643485641128949,-0.8039250393948271,1,0
13908.0,-0.2945731919765084,0.07422339860702587,0.9926636651225073,1.0440473541832611,-0.2877103161177235,1.4092449345986064,0.733267206846029,0.9153033772197167,1,0
13909.0,-0.676848582213829,-0.5568260068131017,0.026047204387651634,-0.8862351898110306,-0.9095075293275791,0.09371390337111857,-0.14488409814227088,-0.8039250393948271,1,0
13911.0,1.226805633816465,1.8470577950787128,0.4532528362006528,-0.35624866820948675,-0.9152151619875867,0.22741126261658207,1.1708701012236533,0.14676385148134682,1,0
13912.0,-1.0552626048729952,-1.0577180989205999,-1.734401616037071,-1.0719108518606602,1.243189131299604,-0.7231586611558216,-1.3787746355824586,-0.8039250393948271,1,0
13913.0,-1.0552626048729952,-1.0577180989205999,-2.8228840014317678,-2.5320686743106116,1.2078450030296146,0.16253566624592464,-1.947407439306109,-0.8039250393948271,1,0
13914.0,-0.9587284154191262,-0.5568260068131017,0.27383065290268127,0.17615818710255096,-0.2506153055460739,-0.09503028911869377,-0.3222656930578095,1.4608215350480005,1,0
13915.0,-1.0552626048729952,-1.0577180989205999,-1.9322022598259123,-1.8391355551148285,0.6080945071432481,-1.485945419229041,-2.18341137617149,1.7659550299964637,1,0
13916.0,-0.23665267830418704,0.07422339860702587,0.14267003115600047,0.20081755428965664,-0.058946936345185504,2.432880753823806,0.4350642467200411,0.9153033772197167,1,0
13917.0,-0.5069484087750199,-0.5568260068131017,-0.2765838864567547,-0.9569065734887774,-0.6559507829040413,-0.3319664456362507,-0.7604075912169913,-0.8039250393948271,1,0
13918.0,-0.2675436189294251,-0.5568260068131017,1.461921685223428,1.0759551849753275,-0.786459367868679,-0.3319664456362507,-0.26755450858075713,-0.8039250393948271,1,0
13919.0,0.802055200219442,0.07422339860702587,0.7051659305715414,0.2884726753779169,-0.6483281753760836,0.29175106031440495,0.3523677281481314,0.9153033772197167,0,0
13920.0,-0.5494234521347222,0.07422339860702587,1.188999217631667,0.6501758456457173,-0.8523967024573278,-0.23305906672429438,0.5304395744514846,0.9153033772197167,1,0
13921.0,0.1765136525583717,0.07422339860702587,-1.1068040708928828,-0.5568566151530059,0.878362424181711,0.22741126261658207,-0.12240697358821374,0.9153033772197167,1,0
13922.0,-0.6073439658070435,-0.20143741171417867,0.05885445364445023,0.06380563981700724,-0.0911105538388738,-0.07426329780256188,-0.26755450858075713,1.6204927696584461,1,0
13923.0,-1.0552626048729952,-1.0577180989205999,0.24505177904351236,0.33163863364996227,-0.05724550030147673,-0.49273161976031987,-0.5870572757944853,-0.8039250393948271,1,0
13924.0,-0.7811055068240075,0.48988501576479315,0.6229296864819399,0.14651288896208292,-0.6812093233118904,0.22741126261658207,0.6158724655605186,1.7114222858191708,1,0
13925.0,-0.8930851665904953,0.07422339860702587,-0.6206012680025333,-0.6579692183409201,0.0519424546851344,0.22741126261658207,-0.3222656930578095,1.4608215350480005,1,0
13926.0,-1.0552626048729952,-1.0577180989205999,-0.37527916205734746,-0.2807302163145412,0.12352820505404155,1.1608512063238763,-1.0461457687241897,-0.8039250393948271,1,0
13927.0,0.3464138259971809,-0.5568260068131017,0.48714020173705125,0.34322002170367194,-0.3492363907615045,-0.5602283770286947,-0.1005293110454993,1.4608215350480005,1,0
13928.0,-0.5803143927599602,0.07422339860702587,-1.6228116460073412,-1.1708770945447642,0.9359946932200603,0.09371390337111857,-0.47751296500053947,-0.8039250393948271,1,0
13929.0,0.9719553736582512,1.1557353675997408,-0.03741532601353093,0.19522925541183098,0.17658521581160916,-0.07426329780256188,-0.07921996423456719,0.9917078520475852,1,0
13930.0,-0.7502145661987695,-0.5568260068131017,-0.07878324266791349,-0.6651314650335889,-0.619035930426958,-0.879512969193419,-0.8101418318588084,-0.8039250393948271,1,0
13931.0,1.4198740127242027,1.1557353675997408,0.8271988234618194,0.7515401775229051,-0.3683811121422068,0.22741126261658207,1.2861232988420996,0.07951852525571697,1,0
13932.0,-1.0552626048729952,-1.0577180989205999,-0.7696412719700645,0.15061365823751488,1.2272759001822882,0.09371390337111857,-0.7604075912169913,-0.8039250393948271,1,0
13933.0,-0.9046692693249596,-0.5568260068131017,-0.3908895022792136,0.1372464580906095,0.6187865103586374,-0.5602283770286947,-0.47751296500053947,-0.8039250393948271,1,0
13934.0,-1.0552626048729952,-1.0577180989205999,1.0510899908641933,1.6473010044234009,0.2633275175309866,-0.07426329780256188,-0.2415090281351582,-0.8039250393948271,1,0
13935.0,-0.8390260204963288,-0.20143741171417867,1.7601647476496907,2.729816427335455,0.477023422677056,-0.07426329780256188,0.3768580162303092,-0.8039250393948271,1,0
13936.0,-0.1478412240066277,-0.20143741171417867,0.43374103215306575,0.17613646416368398,-0.4431006271502272,0.6445604725968617,0.23209955581276964,1.1620610054185785,1,0
13937.0,-0.1555639591629372,-0.5568260068131017,0.743598369974415,0.639063142533849,-0.37516671651236455,-0.07426329780256188,0.20279773648307728,1.4608215350480005,1,0
13938.0,-1.0552626048729952,-1.0577180989205999,-0.7997793190621191,-1.8228811222047163,-0.8286969705089738,-1.9376978457118947,-1.3787746355824586,-0.8039250393948271,1,0
13939.0,1.2190828986601554,0.6548432754922423,0.47877547311595325,-0.2859355605953543,-0.8856767608791437,-0.07426329780256188,0.6248382785842298,1.3562632318428542,1,0
13940.0,-0.5648689224473412,0.07422339860702587,-0.14357263607961768,-0.3689129978428725,-0.2687906121250865,-0.49273161976031987,-0.0584501529419441,-0.8039250393948271,1,0
13941.0,1.6554174349916428,1.5111239626986637,0.8330123474175881,1.2087570433887764,0.08533678617591955,1.2095369609322975,0.0008790944596697093,0.3685237356790315,1,0
13942.0,-1.0552626048729952,-1.0577180989205999,2.070947151175148,0.20527970693978595,-1.7467031350301014,-2.7264594317235566,-2.516040243029759,-0.8039250393948271,1,0
13943.0,-1.0552626048729952,-1.0577180989205999,-0.4838596990124887,-0.14948485175360218,0.42230794887646483,-0.07426329780256188,-0.8101418318588084,-0.8039250393948271,1,0
13944.0,-1.0552626048729952,-1.0577180989205999,0.04022910473531481,-0.4308871262652307,-0.5444393235589159,-1.2305367866712973,-0.14488409814227088,-0.8039250393948271,1,0
13945.0,-0.7270463607298409,-0.5568260068131017,0.3637231952353055,0.5982530476424082,0.0653345263485927,0.09371390337111857,0.12460872225127,-0.8039250393948271,1,0
13946.0,1.477794526396524,0.48988501576479315,1.2633607751611986,0.17389714806091247,-1.2555949248637361,-0.5988151577868094,0.12460872225127,0.5566200963305212,1,0
13947.0,-1.0552626048729952,-1.0577180989205999,-1.2945125495546914,-1.506653450364848,0.058974938697488655,-0.7231586611558216,-1.6147785724478398,-0.8039250393948271,1,0
13948.0,0.39275023693503797,0.07422339860702587,-0.9294738443621855,-0.9452990353636562,0.16426023178874624,-0.3319664456362507,-0.47751296500053947,0.9153033772197167,1,0
13949.0,-0.7000167876827577,0.48988501576479315,1.1113527209596494,0.5244711865403194,-0.8743849196679702,-0.7986379095346742,0.8763004011681347,-0.8039250393948271,1,0
13950.0,-0.1478412240066277,0.07422339860702587,-0.6468236908262536,-0.5304312989974248,0.22618090723800072,0.22741126261658207,-0.19177478749334104,0.9153033772197167,1,0
13951.0,-0.599621230650734,-0.20143741171417867,0.04022910473531481,-0.2748737206883729,-0.40109204977319746,-0.07426329780256188,-0.07921996423456719,-0.8039250393948271,1,0
13952.0,0.8985893896733108,1.4313961779209454,1.1435545379972474,1.6381988740299638,0.12618236811709987,0.22741126261658207,1.4080189981158107,0.7783074415255873,1,0
13953.0,1.7287834189765832,1.254616278688769,1.1701023382674216,0.9512443336936584,-0.5808435087062611,-0.930965887215077,-1.282149705589571,-0.8039250393948271,1,0
13954.0,-0.788828241980317,-0.5568260068131017,-0.7259481217060276,-0.3045548739645168,0.5987191366205766,0.22741126261658207,-0.4440240814723802,1.4608215350480005,1,0
13955.0,-0.20190037010079426,-0.20143741171417867,-0.5147486161655719,-0.5639482798910818,0.009660617520279444,-0.07426329780256188,0.5403834989422175,-0.8039250393948271,1,0
13956.0,-0.02813882908383029,0.29945468039331957,-0.4369257101324066,-0.39837985476165283,0.08089886011108002,0.843979790974327,0.8697110988665433,-0.8039250393948271,1,0
13957.0,-0.12467301853769916,-0.20143741171417867,-1.1101890968144723,-0.7996379348973477,0.5910521142734728,-0.3319664456362507,-0.5488939424337871,-0.8039250393948271,1,0
13958.0,0.3155228853719429,0.8003467725008181,0.7042113331252393,1.035430224264934,0.07364314975554921,0.22741126261658207,1.142900446970654,1.4608215350480005,1,0
13959.0,0.612848188889859,0.48988501576479315,-0.25171403118390256,-0.5816952275742903,-0.3427233438141423,-0.2521611112671691,0.8496195544385344,-0.8039250393948271,1,0
13960.0,-0.8621942259652573,-0.5568260068131017,-0.7846056461545511,-1.1829630903902446,-0.27286234695719075,-0.6759649812628966,-1.0461457687241897,-0.8039250393948271,1,0
13961.0,-1.0552626048729952,-1.0577180989205999,0.46116747230061655,0.91382373540536,0.2747542144695042,0.09371390337111857,-0.6270829566655943,1.7659550299964637,1,0
13962.0,0.5433435724830734,-0.20143741171417867,-1.0900355774489654,-1.1161566802008571,0.20056862398495623,0.5055184603984593,-0.47751296500053947,-0.8039250393948271,1,0
13963.0,0.06067262521372907,1.656627459707239,-0.23895352710252094,-0.6683631587167802,-0.43980011052594004,0.40232454155815495,0.9084756515476784,-0.18473051374715874,1,0
13964.0,-0.8892237990123406,-0.5568260068131017,-0.2765838864567547,-0.30770947217445116,-0.03732226341628741,-0.49273161976031987,-0.5124273288630706,1.4608215350480005,1,0
13965.0,-0.17873216463186573,-0.20143741171417867,-0.042702485187903955,0.2562165415212882,0.2509071147172836,0.09371390337111857,-0.47751296500053947,1.6204927696584461,1,0
13966.0,-1.0552626048729952,-1.0577180989205999,1.7905268495893685,0.4775807547091683,-1.4630716658245027,-1.2305367866712973,-0.5488939424337871,-0.8039250393948271,1,0
13967.0,-0.08605934275615161,-0.5568260068131017,-1.598612131292182,-1.6224610658543528,0.3602996272589365,-0.3319664456362507,-1.7643485641128949,-0.8039250393948271,1,0
13968.0,-1.0552626048729952,-1.0577180989205999,0.17891552024749155,-1.0859652094906693,-1.1897053426923658,-1.485945419229041,-1.282149705589571,-0.8039250393948271,1,0
13969.0,1.3272011908484886,2.5129081469136603,0.27933448409544814,0.4131962783112689,-0.017461017387572695,2.000618897443466,1.968025395055641,0.24635807926423275,1,0
13970.0,-0.8583328583871026,-0.5568260068131017,0.5010493656871502,0.5860804193782236,-0.12731149332768407,-0.8464662631382949,-1.1175267461574372,-0.8039250393948271,1,0
13971.0,1.5086854670217622,1.4313961779209454,0.4335075948358166,0.2611018728408214,-0.36307271092678567,0.16253566624592464,1.197917509052301,1.0320515692003946,1,0
13972.0,-0.5494234521347222,-0.5568260068131017,-0.48958477787980537,-1.4408276036264727,-0.8354323313229449,-0.5602283770286947,-0.8101418318588084,-0.8039250393948271,1,0
13973.0,-1.0552626048729952,-1.0577180989205999,-0.3248096004571912,-0.05283692613317463,0.30386304713813794,-0.3319664456362507,-1.0461457687241897,-0.8039250393948271,1,0
13974.0,1.0028463142834891,-0.5568260068131017,0.20343407626114873,0.2832207150263897,-0.05301825158355225,-0.3319664456362507,0.019738861289862828,1.7659550299964637,1,0
13975.0,1.431458115458667,1.254616278688769,0.8632324913690242,0.6590501371205971,-0.49644472788958033,-0.07426329780256188,1.8993204601646239,0.5566200963305212,1,0
13976.0,0.7286892162345017,0.07422339860702587,-0.2860590552236475,0.10876703658243478,0.43130219934905645,-0.07426329780256188,0.12460872225127,-0.8039250393948271,1,0
13977.0,-1.0552626048729952,-1.0577180989205999,0.7780425304813309,0.8659444281221881,-0.19695066816940243,-0.5602283770286947,-0.9196861426527538,-0.8039250393948271,1,0
13978.0,-0.9355602099501976,-0.5568260068131017,0.07147638258513936,-1.3951595068626141,-1.3004644249017077,-1.0222871175758335,-0.8630868935309756,-0.8039250393948271,1,0
13979.0,1.5048240994436073,0.6548432754922423,0.8637822253193363,0.7799994893011313,-0.38504399054432925,0.40232454155815495,1.737208179741932,1.5408951706492844,1,0
13980.0,1.2461124717072387,0.29945468039331957,-0.46798836163347857,-0.7368715394158564,-0.22767840413834045,0.22741126261658207,0.24636711066584036,1.6968657294740452,1,0
13981.0,-1.0552626048729952,-1.0577180989205999,0.4987435201268303,0.25185299270038314,-0.4488262805658531,-0.3319664456362507,-0.5124273288630706,1.7659550299964637,1,0
13982.0,1.4507649533494409,0.9305040858134475,0.6961166171405904,0.6583246803495594,-0.2994734446612904,-0.07426329780256188,0.8697110988665433,1.3820367923862882,1,0
13983.0,1.651556067413488,1.9045263848297673,0.25939959656381556,0.21719429339564508,-0.19193457550298787,2.5996183390222924,1.4080189981158107,1.3562632318428542,1,0
13984.0,1.6708629053042618,1.254616278688769,-0.33057816664499606,-0.7553756768657687,-0.41307967228467,-0.5602283770286947,0.18774476871599804,0.02103660903962243,1,0
13985.0,1.5086854670217622,1.9594399542263008,0.45375603147344934,0.6860010089755997,0.03797585860140563,0.22741126261658207,1.0258703928331887,0.07951852525571697,1,0
13986.0,-1.0552626048729952,-1.0577180989205999,1.1567598189501997,0.2072346209697579,-1.1467281014382658,-1.277214299835045,-0.980481634816486,-0.8039250393948271,1,0
13987.0,-0.9741738857317452,-0.5568260068131017,0.5527745986401271,0.2928671657544548,-0.4737457576907571,-0.5602283770286947,0.07384838550817617,-0.8039250393948271,1,0
13988.0,1.2847261474887863,0.8003467725008181,1.1393147724047408,1.04941452089655,-0.45736000279998906,1.0445209855400752,1.3363259173019604,1.256310742518105,1,0
13989.0,0.8676984490480728,0.29945468039331957,1.185082607140655,0.5266865813355683,-0.9439434021510644,0.09371390337111857,0.3010782951428931,-0.8039250393948271,1,0
13990.0,-1.0552626048729952,-1.0577180989205999,0.27383065290268127,0.16776919962274167,-0.25884929540933255,-0.8464662631382949,-0.7604075912169913,-0.8039250393948271,1,0
13991.0,-0.5494234521347222,0.48988501576479315,0.13031401825309064,-0.8922876146839043,-1.012604822494583,-0.879512969193419,0.26039076371065795,0.5566200963305212,1,0
13992.0,0.6167095564680137,-0.20143741171417867,-1.1307240933712883,-1.7948627218909923,-0.4397751191107955,-0.5602283770286947,-1.1175267461574372,-0.8039250393948271,1,0
13993.0,1.6245264943664048,1.7867847730198683,-0.2920862925465386,0.3527444500616365,0.7264090928339704,1.0134691263446138,0.778854696993705,0.9604732193673713,1,0
13994.0,-0.49536430604055565,0.48988501576479315,0.06575733967501532,0.45886104090324753,0.32403763607475927,-0.07426329780256188,0.8630684413097528,-0.8039250393948271,1,0
13995.0,1.6708629053042618,1.4313961779209454,0.14427135975333222,0.017337276863459507,-0.24612434635052635,0.22741126261658207,1.0092968245825193,1.0320515692003946,1,0
13996.0,-1.0050648263569832,-0.5568260068131017,0.7904617985521903,0.6630400313620909,-0.40816596379795383,1.4092449345986064,-0.2944540898073254,-0.8039250393948271,1,0
13997.0,-0.9355602099501976,-0.20143741171417867,-1.1874638164935993,-1.045220585223997,0.4198132578253276,0.16253566624592464,-0.12240697358821374,-0.8039250393948271,1,0
13998.0,-0.5532848197128769,-0.20143741171417867,-0.8307785687615927,-0.5113559649537628,0.5124137220578804,0.22741126261658207,-0.26755450858075713,-0.8039250393948271,1,0
13999.0,1.7403675217110475,2.287676865127367,0.1782740104656814,0.2374911674955293,-0.06746492627668785,-0.07426329780256188,1.152330018904625,0.8842355730636207,1,0
14000.0,0.9758167412364059,0.29945468039331957,0.9870857611760864,0.5402500828049047,-0.7355854189485129,-0.6943222153282232,-0.3222656930578095,1.5675928766263612,1,0
14001.0,0.674630070140335,0.9305040858134475,0.31652683569375906,0.7283375846249945,0.27144427032160845,-0.07426329780256188,0.2877387536535113,0.22484244827571642,1,0
14002.0,-0.9703125181535904,-0.5568260068131017,1.1779475098943437,-0.051989418865207075,-1.328018599839316,0.22741126261658207,0.09111983872311039,-0.8039250393948271,1,0
14003.0,-1.0552626048729952,-1.0577180989205999,0.0116774588438258,-0.37134388067442425,-0.45746509757526904,-0.49273161976031987,-0.7604075912169913,-0.8039250393948271,1,0
14004.0,0.4583934857636688,1.1557353675997408,0.8074870496449454,0.9890324732232845,-0.11031907942317731,0.09371390337111857,0.8957565793121419,-0.8039250393948271,1,0
14005.0,-0.2598208837731156,0.29945468039331957,1.3104649505552972,1.0033145743942278,-0.6885833036540292,-0.07426329780256188,0.18774476871599804,-0.8039250393948271,1,0
14006.0,1.0182917845961084,0.6548432754922423,0.8082085126326155,0.17869738781706612,-0.8463167412245097,0.16253566624592464,0.2175794647945466,-0.8039250393948271,1,0
14007.0,-1.0552626048729952,-1.0577180989205999,-2.3506074573858613,-1.6833368955813048,1.4945403294151518,-0.3319664456362507,-1.6147785724478398,-0.8039250393948271,1,0
14008.0,-1.0552626048729952,-1.0577180989205999,0.8571669613611048,0.8374177053619289,-0.3224377299637912,-1.0222871175758335,-0.21626507557551844,1.7659550299964637,1,0
14009.0,-0.0358615642401398,-0.20143741171417867,0.8268887191499396,0.3904701141493674,-0.6920813848561925,-0.49273161976031987,0.42374870558137934,1.1620610054185785,1,0
14010.0,-1.0552626048729952,-0.5568260068131017,-0.5485612498325305,-0.2884933557950574,0.35741348254624505,-0.930965887215077,-0.5870572757944853,1.4608215350480005,1,0
14011.0,-0.5648689224473412,-0.5568260068131017,0.8438141783084593,-0.2503492184996116,-1.1894404169461485,-0.7231586611558216,-0.21626507557551844,1.4608215350480005,1,0
14012.0,-1.0552626048729952,-1.0577180989205999,0.08845481873575128,0.24220104651527116,0.056100005129421475,-0.930965887215077,-1.0461457687241897,-0.8039250393948271,1,0
14013.0,0.9256189627203941,0.29945468039331957,0.05422800770922354,-0.32350503350162435,-0.46282260160951577,-0.07426329780256188,0.23209955581276964,0.7169161657937569,1,0
14014.0,0.8715598166262276,-0.20143741171417867,1.6337642470530715,1.1692946773893578,-0.8841354202837413,0.22741126261658207,0.4788273542195676,-0.8039250393948271,1,0
14015.0,-1.0552626048729952,-1.0577180989205999,1.0172721901828405,1.6402432556008801,0.30285081523085383,-0.8464662631382949,-0.5870572757944853,-0.8039250393948271,1,0
14016.0,1.0260145197524178,1.1557353675997408,1.3628809000887914,1.8070242428356318,0.011983878894459813,1.7010479979872455,1.7325993826424944,0.6326212419203412,0,0
14017.0,-1.0552626048729952,-1.0577180989205999,-0.7548805010380715,-0.24537052816168026,0.7127898302384786,-0.07426329780256188,-0.8630868935309756,-0.8039250393948271,1,0
14018.0,-1.0552626048729952,-1.0577180989205999,0.4515665253262059,0.39237497595511206,-0.25832705081470525,-0.619945652967382,-0.9196861426527538,-0.8039250393948271,1,0
14019.0,-0.7000167876827577,-0.20143741171417867,0.9205289496253607,0.7398791391848162,-0.48854573987285915,-0.07426329780256188,-0.1005293110454993,1.1620610054185785,1,0
14020.0,0.9256189627203941,0.07422339860702587,0.10184881512709346,0.17192655745609114,-0.03549815590675431,-0.07426329780256188,0.32712377558849165,0.9153033772197167,1,0
14021.0,0.6321550267806327,0.6548432754922423,-0.17379464400658004,-0.15675236335086343,-0.01532536969771808,0.22741126261658207,0.5599168914235233,-0.8039250393948271,1,0
14022.0,-0.04744566697460407,-0.5568260068131017,0.904238065777796,0.49562901168212864,-0.6854834617152069,-0.49273161976031987,0.05620547486057961,-0.8039250393948271,1,0
14023.0,-0.11695028338138964,-0.5568260068131017,0.16957629533488638,0.08084598704065599,-0.21489568313644766,-0.3319664456362507,-0.26755450858075713,-0.8039250393948271,1,0
14024.0,-0.016554726349366028,-0.20143741171417867,-0.6657890054223189,-0.3339905527837847,0.47527484937221304,-0.07426329780256188,-0.19177478749334104,-0.8039250393948271,1,0
14025.0,-0.5957598630725792,0.8003467725008181,0.5260953871537395,0.8325846092656016,0.09684295974300308,1.932129182619007,0.2877387536535113,0.9153033772197167,1,0
14026.0,-0.4567506302590081,-0.5568260068131017,0.39971843758412456,0.352510362634117,-0.2332506443486014,-0.619945652967382,0.019738861289862828,-0.8039250393948271,1,0
14027.0,-1.0552626048729952,-1.0577180989205999,-0.9294738443621855,-1.309648534651077,-0.2167404207211856,-1.0222871175758335,-1.4883189463764042,-0.8039250393948271,1,0
14028.0,-1.0552626048729952,-0.20143741171417867,3.0155827411626452,3.4536399752977816,-0.4180279439096241,-2.02650960880903,-1.947407439306109,1.6204927696584461,1,0
14029.0,-0.74249183104246,-0.5568260068131017,-0.4282116076385533,-0.22144327660106136,0.261768984149129,-0.07426329780256188,-0.8101418318588084,-0.8039250393948271,1,0
14030.0,1.6901697431950355,1.8470577950787128,0.395410759667047,0.43666419674547113,-0.14374768533589793,2.744916198564831,2.1521242413063866,0.14676385148134682,1,0
14031.0,1.7596743596018212,2.788568957234865,0.8170747825397736,1.596861127403173,0.5411190028145733,-0.07426329780256188,1.5408285983972705,0.9153033772197167,1,0
14032.0,1.7365061541328926,1.5860167045095306,0.49758875692283433,0.043611724674050195,-0.6340615499506959,-0.44035248611375827,0.5101826507817058,1.5319820386854333,1,0
14033.0,-1.0552626048729952,-1.0577180989205999,1.4732622058467864,-1.251311048683366,-1.9694431407179918,-2.8437994923938725,-2.516040243029759,-0.8039250393948271,1,0
14034.0,-0.5339779818221032,-0.20143741171417867,-0.04778399296843987,-0.3212557696401032,-0.33972341734758177,0.5055184603984593,0.5403834989422175,1.1620610054185785,1,0
14035.0,1.1997760607693817,0.9305040858134475,0.0726165822988413,0.19423442010745953,0.026496530111124097,0.09725622010391866,0.41227490000197986,0.8107045800741712,1,0
14036.0,-1.0552626048729952,-1.0577180989205999,0.6453415617959198,1.1206810763572985,0.246587718425779,-0.07426329780256188,-0.07921996423456719,-0.8039250393948271,1,0
14037.0,1.0916577685810487,0.48988501576479315,-0.4354684903999202,-0.922748349504446,-0.4457763017089334,-0.5602283770286947,0.668253897031182,0.5566200963305212,1,0
14038.0,1.242251104129084,0.29945468039331957,0.9077270029185901,1.0928324243988279,-0.13318407605008753,-0.23305906672429438,0.6932415259749206,1.5675928766263612,1,0
14039.0,1.037598622486882,-0.5568260068131017,-0.46125679963733673,-0.9808275124743987,-0.4694242401648727,-0.5602283770286947,-1.1175267461574372,-0.8039250393948271,1,0
14040.0,1.6399719646790238,2.5129081469136603,-0.024247575385571447,0.3705154463837495,0.35256738237611623,0.40232454155815495,1.6874739391001152,0.7169161657937569,1,0
14041.0,-1.0552626048729952,-1.0577180989205999,-0.4838596990124887,-0.9042338884420453,-0.37088001947017396,-1.0222871175758335,-0.5488939424337871,-0.8039250393948271,1,0
14042.0,-1.0552626048729952,-1.0577180989205999,0.21548864392176717,0.613806566761726,0.28589683657935666,0.09371390337111857,-0.5488939424337871,-0.8039250393948271,1,0
14043.0,-0.1362571212721634,-0.5568260068131017,-0.7047441908390081,-0.8051987052401979,0.008863226610946033,-0.44035248611375827,-0.1005293110454993,1.4608215350480005,1,0
14044.0,1.4855172615528336,1.048245697623346,0.39515683341012964,0.17217712181650988,-0.40142890259529723,1.4081348126143514,2.0675358845695557,0.14676385148134682,1,0
14045.0,1.226805633816465,1.5860167045095306,0.6880956848054108,1.2453456983018643,0.3252977644078244,-0.49273161976031987,-0.7604075912169913,0.6597416579845705,1,0
14046.0,-1.0552626048729952,-1.0577180989205999,1.2297626839804636,-0.779892161596381,-1.719316137342394,-1.277214299835045,-0.8630868935309756,-0.8039250393948271,1,0
14047.0,1.5241309373343812,1.4313961779209454,-0.31429352528252297,0.040188198573617454,0.39380701942519586,-0.3319664456362507,0.6248382785842298,1.2178942096201173,1,0
14048.0,-0.757937301355079,-0.20143741171417867,0.05885445364445023,-0.13291236164042813,-0.2877294826755283,1.1608512063238763,0.8893223210263874,1.1620610054185785,1,0
14049.0,1.2654193095980126,1.3461657029712149,1.6243678612085464,1.7827516668116028,-0.3423739003269375,2.432880753823806,2.1267936748284897,1.2758667980352048,1,0
14050.0,-0.7656600365113885,-0.5568260068131017,0.916871686593375,0.4145541670796064,-0.7664046219747043,-1.0222871175758335,0.12460872225127,-0.8039250393948271,1,0
14051.0,1.7867039326489045,2.5797001914939375,0.0538520243654061,1.0373305730593827,1.0287781742134425,0.09725622010391866,0.5403834989422175,0.37949332218396364,1,0
14052.0,0.37730476662241896,-0.5568260068131017,-0.48958477787980537,-0.1837453126936044,0.39149441508736044,0.22741126261658207,0.8149999143894906,-0.8039250393948271,1,0
14053.0,0.34255245841902615,0.07422339860702587,-0.1992207274535521,-0.8883654902146039,-0.6807778390438164,-1.8163206498761402,-1.947407439306109,-0.8039250393948271,1,0
14054.0,-1.0552626048729952,-1.0577180989205999,-0.9294738443621855,-1.4792104960974375,-0.3821227046300544,-1.9376978457118947,-1.4883189463764042,-0.8039250393948271,1,0
14055.0,1.3272011908484886,-0.20143741171417867,0.5260953871537395,0.8319106842292836,0.09612167074191848,-0.07426329780256188,-0.19177478749334104,-0.8039250393948271,1,0
14056.0,0.03750441974480054,2.0120160548061623,0.24960699886819038,0.35481336653823803,-0.03919238278356146,-0.07426329780256188,1.6500078975162207,0.9528062535715655,1,0
14057.0,1.6978924783513452,1.9594399542263008,0.7482768306322987,0.447143810208779,-0.5568819252663443,-0.07426329780256188,1.4283596366411153,-0.3086790548258932,1,0
14058.0,-0.7926896095584718,-0.5568260068131017,-0.359890252579739,-0.2170032325865203,0.17154167031069373,-0.07426329780256188,-0.47751296500053947,-0.8039250393948271,1,0
14059.0,-1.0552626048729952,-1.0577180989205999,-0.1519502833288057,-0.549998792358978,-0.4317731836784824,-1.0222871175758335,-1.282149705589571,-0.8039250393948271,1,0
14060.0,1.3928444396771196,2.328183835086569,0.558469624461618,0.10198577705981969,-0.649859125044808,-0.3319664456362507,0.7014044164687462,-0.11599345861404298,1,0
14061.0,-0.1632866943192467,-0.20143741171417867,-1.2865058716808828,0.14355713857372313,2.0966815017939426,0.5055184603984593,-0.7135169018659211,-0.8039250393948271,1,0
14062.0,1.7249220513984285,2.0624455833410726,1.3898329843723767,1.8461474209088897,0.01741671999310116,-0.3319664456362507,0.9809077037256301,0.31649817812236203,1,0
14063.0,0.07611809552634809,0.9305040858134475,1.1511516393503431,3.0206640347214924,1.8060816361674905,7.435265053706851,-0.26755450858075713,1.3820367923862882,1,0
14064.0,1.4855172615528336,1.5111239626986637,0.633718005513702,-0.29102157791359157,-1.035581952422137,-0.3319664456362507,0.9210005318717817,1.3056202738679257,1,0
14065.0,-0.8930851665904953,-0.20143741171417867,0.2963164304027624,0.10381328998520521,-0.3481810472055242,-0.07426329780256188,0.0008790944596697093,1.1620610054185785,1,0
14066.0,-1.0552626048729952,-1.0577180989205999,-1.2706676352439727,-0.8014149182027217,0.8349920856864784,-0.07426329780256188,-1.3787746355824586,-0.8039250393948271,1,0
14067.0,-0.9278374747938881,-0.5568260068131017,0.21848147320655012,-0.5225444437545269,-0.813637106854491,0.3469702689073076,0.15678397263081445,-0.8039250393948271,1,0
14068.0,0.3232456205282524,0.07422339860702587,-0.14984979878548674,0.4466895338564158,0.6239602593779082,-0.07426329780256188,0.6424811892318264,0.9153033772197167,1,0
14069.0,-0.8737783286997216,-0.5568260068131017,-1.7164689775448245,-1.1839040172692967,1.0708139221120843,0.22741126261658207,-0.1005293110454993,-0.8039250393948271,1,0
14070.0,-1.0552626048729952,-1.0577180989205999,-0.579297014423793,0.23285552809525084,1.0255117667962637,0.843979790974327,-0.03819322927216564,-0.8039250393948271,1,0
14071.0,-0.04744566697460407,0.8003467725008181,-0.18287335746932576,-0.5779977445144269,-0.42149422285702104,0.22741126261658207,1.5141236236776097,0.31649817812236203,1,0
14072.0,-1.0552626048729952,-1.0577180989205999,-0.8790042827620301,0.47754591612776204,1.8413919439392645,-0.07426329780256188,-0.6270829566655943,-0.8039250393948271,1,0
14073.0,-1.0552626048729952,-1.0577180989205999,-0.13525918599176848,-0.8149063236615024,-0.6868441999488316,-0.879512969193419,-0.9196861426527538,1.7659550299964637,1,0
14074.0,-1.0552626048729952,-1.0577180989205999,0.47068419935705996,-0.3080191392352326,-0.8949252247554593,-2.1228885995770903,-1.4883189463764042,-0.8039250393948271,1,0
14075.0,1.0182917845961084,0.48988501576479315,0.5658721411486638,0.06731546268758389,-0.6874616713005227,1.1608512063238763,0.2741787139163245,-0.8039250393948271,1,0
14076.0,-1.0552626048729952,-1.0577180989205999,-0.6435110167174068,-1.0990596475744903,-0.364358573992384,0.22741126261658207,0.019738861289862828,-0.8039250393948271,1,0
14077.0,0.3155228853719429,0.48988501576479315,-0.918053739673378,-1.3397356035133101,-0.26094296692682317,-0.3319664456362507,0.019738861289862828,-0.8039250393948271,1,0
14078.0,0.9526485357674774,0.9305040858134475,-0.8717230478625783,-0.6312612266853663,0.4339363190998567,0.09371390337111857,0.7563775724396483,-0.8039250393948271,1,0
14079.0,1.099380503737358,-0.5568260068131017,0.026047204387651634,0.1592843575432445,0.051717803411327534,3.183770006478916,-0.9196861426527538,-0.8039250393948271,1,0
14080.0,1.6670015377261072,0.29945468039331957,-1.084723939285629,-0.2850721344368324,1.1834275437131787,1.3155995981328836,0.4572375891095386,0.7169161657937569,1,0
14081.0,0.5935413509990852,1.048245697623346,0.9215716214285656,0.7983698526401197,-0.43594942141120835,0.22741126261658207,1.9557939734096872,1.5675928766263612,1,0
14082.0,-0.9471443126846619,-0.5568260068131017,-0.19483728743886775,-0.38917238416196986,-0.22499634159639628,-0.5602283770286947,0.10803515400060046,-0.8039250393948271,1,0
14083.0,1.7133379486639642,1.1557353675997408,-0.7764176833061829,-1.376095775982096,-0.46697160205613536,0.22741126261658207,1.1285496951471736,-0.8039250393948271,1,0
14084.0,-1.0552626048729952,-1.0577180989205999,0.7886962978733467,-0.8197636148440117,-1.4838026526334334,-1.9376978457118947,-1.3787746355824586,-0.8039250393948271,1,0
14085.0,1.7596743596018212,2.442297391715952,0.3057168289889509,0.1032162418367021,-0.36004777493811385,0.22741126261658207,1.980077125087275,-0.4603109950874564,1,0
14086.0,-1.0552626048729952,-1.0577180989205999,-4.672365083494027,-2.605721549877406,5.632358957515138,1.1608512063238763,-2.516040243029759,-0.8039250393948271,1,0
14087.0,1.7751198299144402,-0.20143741171417867,0.5365487364284527,0.033630226690177206,-0.6847157666825562,0.22741126261658207,1.157004468737163,1.6204927696584461,1,0
14088.0,0.5317594697486091,1.5860167045095306,2.0207614090475663,3.6501879911062374,1.1954619670986077,2.2894270681815847,1.9030836031211888,0.9153033772197167,1,0
14089.0,-1.0552626048729952,-1.0577180989205999,-0.1026281569786321,-0.7282827889993887,-0.6478018080458884,-0.5229139223515364,-0.9196861426527538,-0.8039250393948271,1,0
14090.0,-1.0552626048729952,-1.0577180989205999,-0.7696412719700645,-1.7380201052144468,-0.7905173533493238,-2.222738076020031,-2.516040243029759,-0.8039250393948271,1,0
14091.0,-0.8853624314341858,-0.5568260068131017,2.6190554224102525,3.888268720089779,0.5663384811475026,-0.8464662631382949,-0.9196861426527538,-0.8039250393948271,1,0
14092.0,1.7094765810858095,2.0624455833410726,0.02068082941770985,0.12301137569336916,0.02053249519848762,0.09371390337111857,1.1285496951471736,0.31649817812236203,1,0
14093.0,-1.0552626048729952,-1.0577180989205999,1.0946005810241881,0.6476560656796476,-0.7586712591579993,-0.8464662631382949,0.6597526424467606,-0.8039250393948271,1,0
14094.0,-1.0552626048729952,-1.0577180989205999,0.19735618962128842,0.26852051168246094,-0.06028836268426376,0.09371390337111857,-0.018424472070835033,1.7659550299964637,1,0
14095.0,-1.0552626048729952,-1.0577180989205999,-4.672365083494027,-5.798351099601145,0.6080945071432481,-1.485945419229041,-2.516040243029759,-0.8039250393948271,1,0
14096.0,-0.6807099497919838,1.656627459707239,2.0288274930188797,3.591277981276841,1.1081139040900079,5.309430227454908,2.675169554882361,1.7659550299964637,1,0
14097.0,-0.42199832205561527,-0.5568260068131017,0.191244061185925,-0.35830037113775504,-0.6479830536835836,0.09371390337111857,-0.0584501529419441,-0.8039250393948271,1,0
14098.0,-1.0552626048729952,-1.0577180989205999,-0.37527916205734746,-0.8484475233539028,-0.4473157197560292,-1.1639429167840407,-0.5488939424337871,-0.8039250393948271,1,0
14099.0,1.6978924783513452,1.8470577950787128,0.23626711624735236,0.06326540976093015,-0.3144296261233227,0.22741126261658207,1.5201336412245063,0.14676385148134682,1,0
14100.0,-1.0552626048729952,-1.0577180989205999,-0.8955679621732969,-0.46889010769379,0.6593186622954862,-0.5602283770286947,-0.4440240814723802,-0.8039250393948271,1,0
14101.0,1.0607668279558105,1.3461657029712149,1.8438242447267295,1.394940689214836,-0.913955783733723,-1.277214299835045,-0.6270829566655943,-0.030266317867525,1,0
14102.0,-0.9046692693249596,0.29945468039331957,0.2862554625245925,-0.015555506508908249,-0.448509921849282,-0.09503028911869377,-0.14488409814227088,1.5675928766263612,1,0
14104.0,0.5124526318578354,0.29945468039331957,-0.39825191492031087,-0.78580354237161,-0.3610265677675163,2.000618897443466,0.8290235674343082,-0.8039250393948271,1,0
14105.0,0.8059165677975968,0.29945468039331957,1.6949282011724236,2.0040334029870386,-0.21355932843899206,-0.07426329780256188,1.2659659278362403,1.6968657294740452,1,0
14106.0,-1.0552626048729952,-1.0577180989205999,-1.9322022598259123,-0.336813279868957,2.5928844803108175,-0.44035248611375827,-2.516040243029759,-0.8039250393948271,1,0
14107.0,1.5666059806940835,1.1557353675997408,0.8275088391598077,0.649318748516942,-0.4641996193753646,-0.07426329780256188,0.7174904951184494,0.6326212419203412,1,0
14108.0,1.6785856404605712,0.07422339860702587,0.14267003115600047,-0.07073118021753991,-0.32981687093033074,0.20833604805906303,0.12460872225127,0.9153033772197167,1,0
14109.0,-1.0552626048729952,-1.0577180989205999,-0.5546391364723908,-0.8777470760518662,-0.2586739823693395,-0.7378571699852117,-1.195715760389244,1.7659550299964637,1,0
14110.0,1.7828425650707498,2.442297391715952,0.19661715694439533,0.4870040715712455,0.17251298008745844,-0.3319664456362507,1.1662742139876363,-0.1688581408582372,1,0
14111.0,-0.17873216463186573,0.07422339860702587,-0.2718771548759853,-0.6290631401069521,-0.36367651808011053,0.09725622010391866,-1.1175267461574372,0.9153033772197167,1,0
14112.0,1.38512170452081,1.3461657029712149,0.6622718233791917,0.6658794981517342,-0.2505322813127747,-0.09503028911869377,1.2618743296985702,1.7836184103333204,1,0
14113.0,1.7558129920236665,1.5860167045095306,0.40696478319323465,0.6490029596481115,0.06130097468631435,-0.07426329780256188,0.4788273542195676,1.74853028345668,1,0
14114.0,0.23057279865253827,0.6548432754922423,-0.4969902668913492,-0.4690991845349371,0.08654418691207227,0.22741126261658207,0.4350642467200411,-0.8039250393948271,1,0
14115.0,-0.4181369544774605,-0.5568260068131017,0.5894811820096596,0.167922187697878,-0.6266056874807082,-0.07426329780256188,-0.5124273288630706,-0.8039250393948271,1,0
14116.0,-0.66140311190121,0.29945468039331957,-0.04473223307225045,0.006719911983677433,-0.014829245223409086,-0.07426329780256188,0.3010782951428931,-0.8039250393948271,1,0
14117.0,-1.0552626048729952,-1.0577180989205999,-0.7696412719700645,-1.5156250088194754,-0.6009787352185435,-2.1228885995770903,-1.947407439306109,-0.8039250393948271,1,0
14118.0,-1.0552626048729952,-1.0577180989205999,-0.45012952334722056,0.6948136577372981,1.4058974408052234,-0.3319664456362507,-0.8101418318588084,-0.8039250393948271,1,0
14119.0,0.26918647443408583,-0.5568260068131017,-0.5485612498325305,-1.490578093591127,-0.8157058182768359,-0.3319664456362507,-1.0461457687241897,1.4608215350480005,1,0
14121.0,-0.8390260204963288,0.07422339860702587,1.363543030062184,1.2618678344752066,-0.5210129584703226,0.6467390474220279,1.0203829895905052,1.4608215350480005,1,0
14122.0,0.22285006349622877,-0.20143741171417867,-1.4497626444781349,-1.1175755790130024,0.729232254230095,0.09371390337111857,-0.980481634816486,1.6204927696584461,1,0
14123.0,-1.0552626048729952,-1.0577180989205999,0.4987435201268303,0.6269851704654247,-0.08258691286262382,-0.07426329780256188,-0.4440240814723802,-0.8039250393948271,1,0
14124.0,-1.0552626048729952,-1.0577180989205999,2.5925769896914246,0.5741391393167347,-1.8478050103703643,-2.407318547167712,-1.7643485641128949,-0.8039250393948271,1,0
14125.0,-0.7926896095584718,-0.20143741171417867,1.416657077865623,1.634488065811878,-0.23248875260210822,0.6467390474220279,1.0788154545053559,-0.8039250393948271,1,0
14126.0,0.6321550267806327,0.07422339860702587,0.44066291668511015,0.08586815266417207,-0.5334684716591943,0.09725622010391866,-0.1005293110454993,0.9153033772197167,1,0
14127.0,0.11473177130789564,0.48988501576479315,-0.07094999616330684,0.1910866962512902,0.21843240058736085,1.1608512063238763,0.668253897031182,-0.8039250393948271,1,0
14128.0,0.8406688760009895,-0.20143741171417867,0.658702567213397,0.15357627149530131,-0.7132945389723364,-0.09503028911869377,0.14085407936492755,1.1620610054185785,1,0
14129.0,1.176607855300453,0.9305040858134475,0.06881124718832307,0.06157098823401771,-0.10626051739597332,-0.879512969193419,-0.03819322927216564,-0.8039250393948271,1,0
14130.0,0.5240367345922996,0.07422339860702587,0.8018680492395334,0.7306413335159767,-0.3579261430837153,0.40232454155815495,1.2197951715950153,-0.8039250393948271,1,0
14131.0,-1.0552626048729952,-1.0577180989205999,-0.23948967731245785,-0.5187806591720864,-0.2968864688797699,-0.8464662631382949,0.05620547486057961,-0.8039250393948271,1,0
14132.0,-0.35635507322698445,1.1557353675997408,0.7893386305905871,0.23057268994642832,-0.7855841107054142,-0.14210498399285518,0.7014044164687462,0.07951852525571697,1,0
14133.0,1.2770034123324767,0.07422339860702587,-0.4228006242136921,-0.2570456778681232,0.21485217267739867,1.3155995981328836,-0.19177478749334104,1.4608215350480005,1,0
14134.0,0.28463194474670483,1.5111239626986637,1.0444102370108856,1.3501882135812076,-0.046006076296510275,2.432880753823806,0.9147619943852421,-0.8039250393948271,1,0
14135.0,1.7867039326489045,2.0624455833410726,0.9511277526908751,0.3967051292686571,-0.8158860493370823,-0.07426329780256188,0.9633903749728084,-0.34543536386210627,1,0
14136.0,0.22285006349622877,0.29945468039331957,0.4782379282380034,0.1802229759877558,-0.49089011753557554,-0.07426329780256188,0.5789959775241094,1.3056202738679257,1,0
14137.0,-1.0552626048729952,-1.0577180989205999,1.2344592277986843,0.25824991922334795,-1.1778824181254635,-1.9376978457118947,-1.0461457687241897,1.7659550299964637,1,0
14138.0,-0.8158578150274003,-0.5568260068131017,0.7851566538599358,0.7887845330172086,-0.2817393097668625,-1.0222871175758335,-0.03819322927216564,-0.8039250393948271,1,0
14139.0,0.8599757138917633,0.07422339860702587,0.6218998810626837,-0.01733652074743747,-0.8156576829146841,-0.14210498399285518,0.10803515400060046,-0.8039250393948271,1,0
14140.0,-0.9471443126846619,-0.5568260068131017,1.0932669607852947,0.7215154279147219,-0.6956938639128908,-0.07426329780256188,0.2877387536535113,1.4608215350480005,1,0
14141.0,-0.6575417443230553,0.07422339860702587,-0.5455350277093143,-0.25110650223381387,0.39549396036167106,-0.07426329780256188,-0.351053338929104,1.4608215350480005,1,0
14142.0,-0.0011092560367470079,-0.5568260068131017,0.6084226900140616,0.27034644265424956,-0.5574777095471901,-0.07426329780256188,0.0008790944596697093,1.7659550299964637,1,0
14143.0,-1.0552626048729952,-1.0577180989205999,-1.6988279396262262,-1.1748744025233202,1.0535014739217674,-0.49273161976031987,-1.3787746355824586,-0.8039250393948271,1,0
14144.0,-1.0552626048729952,-1.0577180989205999,-2.641647037054194,-2.959565646869388,0.37871700235207867,-1.606782133071617,-2.516040243029759,-0.8039250393948271,1,0
14145.0,1.1225487092062867,0.6548432754922423,0.5098977150068227,1.870073099450217,1.3549825367939778,-0.07426329780256188,-1.0461457687241897,0.42541977181113405,1,0
14146.0,1.5974969213193215,1.254616278688769,1.2795902296267456,1.4321868811826082,-0.2616367460140794,0.22741126261658207,1.6923425808440873,0.02103660903962243,1,0
14147.0,1.114825974049977,0.9305040858134475,-0.3095750482292895,0.06097236194439877,0.4106830810285821,-0.3319664456362507,-0.4440240814723802,1.1620610054185785,1,0
14148.0,-0.35635507322698445,-0.5568260068131017,-0.3004288007674733,-0.22543129395239594,0.08125900356980986,-0.07426329780256188,-0.8101418318588084,-0.8039250393948271,1,0
14149.0,-1.0552626048729952,-1.0577180989205999,0.42224312060599484,0.6592026373979707,0.051676059815648975,-0.07426329780256188,-0.3222656930578095,1.8596832102061218,1,0
14150.0,0.19582049044914548,-0.5568260068131017,0.5615238390241457,0.24435182851632437,-0.527852944886645,-0.7986379095346742,-0.47751296500053947,-0.8039250393948271,1,0
14151.0,-0.8892237990123406,-0.5568260068131017,0.34260525493050975,0.2866908775811812,-0.22713821374108384,-0.07426329780256188,0.03817477705094321,1.4608215350480005,1,0
14152.0,1.1997760607693817,0.6548432754922423,0.6267461426055375,0.04926680707728228,-0.7665024973032181,-1.0222871175758335,0.733267206846029,1.0320515692003946,1,0
14153.0,-1.0552626048729952,-1.0577180989205999,0.8096950165341334,-0.22394534200144747,-1.1432581784329112,-1.9376978457118947,-0.7135169018659211,-0.8039250393948271,1,0
14154.0,0.7055210107655732,0.8003467725008181,1.085902601001998,1.4664864165479186,0.020778402008341617,2.93293348630791,1.4011251447236253,0.9153033772197167,1,0
14155.0,-1.0552626048729952,-1.0577180989205999,-1.8896517109605147,-1.14082280978848,1.4147750304929414,-0.8464662631382949,-1.4883189463764042,-0.8039250393948271,1,0
14156.0,1.7596743596018212,4.33224408164412,2.1280809981074644,2.710567435666394,-0.05045146893104686,5.9169127833854205,2.8853170134285455,1.0591577672742385,0,0
14157.0,1.3658148666300363,0.29945468039331957,-0.3347174312149545,-0.4300334436222252,-0.08785707625483254,-0.3319664456362507,0.46810349267815093,0.7169161657937569,1,0
14158.0,-1.0552626048729952,-1.0577180989205999,1.8030853169578724,0.8337190071543573,-1.2672907383571894,-0.3319664456362507,-0.018424472070835033,-0.8039250393948271,1,0
14159.0,1.7133379486639642,1.8470577950787128,0.8692096144319437,0.498464183218199,-0.6453506211282997,0.40232454155815495,2.297758516845751,0.9153033772197167,1,0
14160.0,-0.7154622579953767,0.6548432754922423,1.6302836539883676,2.010057090717265,-0.12594553790335386,-0.44035248611375827,0.520373635574267,-0.8039250393948271,1,0
14161.0,0.9178962275640846,0.6548432754922423,0.40007964948282543,0.6191426383998903,0.038864194048795195,0.09371390337111857,1.274088407319195,-0.8039250393948271,1,0
14162.0,-0.5957598630725792,-0.5568260068131017,-0.7846056461545511,-0.8732415695477717,0.04393238603519681,-0.07426329780256188,-0.41184883109283577,-0.8039250393948271,1,0
14163.0,0.39275023693503797,0.29945468039331957,0.27383065290268127,0.8636200331098166,0.48565584956892505,0.9486863927128043,0.0008790944596697093,-0.8039250393948271,1,0
14164.0,-1.0166489290914476,-0.5568260068131017,1.3551895726016838,1.4804239928463574,-0.3072523519652314,-1.485945419229041,-0.3222656930578095,-0.8039250393948271,1,0
14165.0,-1.0552626048729952,-1.0577180989205999,-1.0768049265508703,-1.0982858998819252,0.20172502157369823,-0.07426329780256188,-0.47751296500053947,-0.8039250393948271,1,0
14166.0,-0.5880371279162697,-0.5568260068131017,-1.3438346759048645,-1.034755696006295,0.6659074999123858,-0.3319664456362507,-0.0584501529419441,-0.8039250393948271,1,0
14167.0,1.4237353803023576,0.8003467725008181,-1.3005565759262097,-0.7193688451075063,0.9835277323559751,-0.3319664456362507,0.10803515400060046,-0.8039250393948271,1,0
14168.0,-0.4992256736187104,-0.5568260068131017,-0.7475747500112193,-0.5380340599301424,0.3605261036216142,-0.3319664456362507,-1.0461457687241897,1.4608215350480005,1,0
14169.0,-1.0012034587788285,-0.5568260068131017,-0.37527916205734746,0.1717631211365814,0.6362284818674024,0.16253566624592464,0.14085407936492755,-0.8039250393948271,1,0
14170.0,-0.9780352533098999,-0.20143741171417867,-0.45382594916409486,-0.43986270646651615,0.05944381573116096,0.3469702689073076,0.8697110988665433,-0.8039250393948271,1,0
14171.0,1.38512170452081,-0.5568260068131017,-0.359890252579739,-0.1338298158237856,0.2630559011718215,-0.07426329780256188,0.3010782951428931,-0.8039250393948271,1,0
14172.0,-0.9123920044812691,-0.20143741171417867,-1.7224136495568498,-0.9747573947296431,1.3488995161107986,0.22741126261658207,-0.07921996423456719,1.1620610054185785,1,0
14173.0,1.7249220513984285,0.48988501576479315,-1.6200960002146128,-1.4051998271218407,0.6461640785503603,0.22741126261658207,-0.26755450858075713,0.5566200963305212,1,0
14174.0,-1.0552626048729952,-1.0577180989205999,-0.4838596990124887,-0.9725384301409769,-0.43526148087124944,-0.3319664456362507,-0.38088803500765217,-0.8039250393948271,1,0
14175.0,1.1379941795189057,0.8003467725008181,1.0118916207425663,1.702032122919483,0.37990932405572364,0.22741126261658207,1.4045793128836639,1.7929289451149273,1,0
14176.0,-0.7309077283079957,0.29945468039331957,-1.0967119057658503,-0.8126454886458586,0.5555514116472857,-0.3319664456362507,-0.19177478749334104,0.7169161657937569,1,0
14177.0,1.1264100767844414,1.3461657029712149,-0.6486116369623172,-0.6426464632239547,0.10630521837172668,-0.07426329780256188,0.9809077037256301,-0.030266317867525,1,0
14178.0,-0.3833846462740677,0.6548432754922423,0.40727874642150824,-0.23469556796836188,-0.7728298835311335,-0.3268103124711503,1.228385446170411,-0.8039250393948271,1,0
14179.0,-1.008926193935138,-0.5568260068131017,0.1216347725417666,0.36518458381769076,0.14303104512194714,-0.07426329780256188,0.9454908199539594,-0.8039250393948271,1,0
14180.0,1.022153152174263,2.442297391715952,-1.8621844229081517,-0.536907146079613,2.1832064911405706,2.744916198564831,0.8828371985110838,0.9917078520475852,1,0
14181.0,-0.46833473299347234,-0.5568260068131017,-0.946832613532547,-0.7774002219359095,0.37598701756591846,-0.07426329780256188,0.10803515400060046,-0.8039250393948271,1,0
14182.0,-0.4644733654153176,0.07422339860702587,-1.3066344625660695,-0.6569291061157911,1.071539514315242,-0.07426329780256188,0.0008790944596697093,0.9153033772197167,1,0
14183.0,-0.7849668744021622,-0.5568260068131017,-1.6814691704558646,-0.88770237378902,1.3934770140516717,-0.3319664456362507,-0.351053338929104,-0.8039250393948271,1,0
14184.0,-1.0552626048729952,-1.0577180989205999,-0.16039312693195282,0.678192413575925,0.919470685256109,-0.09503028911869377,-0.4440240814723802,-0.8039250393948271,1,0
14185.0,-1.0552626048729952,-1.0577180989205999,-3.313242629514303,-0.44985946173065644,5.229091079952497,2.744916198564831,-1.947407439306109,-0.8039250393948271,1,0
14186.0,-0.2173458404134133,0.29945468039331957,0.8027405060036623,0.16262758466146904,-0.8535841445254932,-0.8464662631382949,0.46810349267815093,-0.8039250393948271,1,0
14187.0,-1.0552626048729952,-1.0577180989205999,-1.1587230648098024,-1.0877185148934643,0.32974910133592017,-0.07426329780256188,-1.282149705589571,-0.8039250393948271,1,0
14188.0,0.025920317010336275,0.48988501576479315,0.2944603137349139,0.29734032088563317,-0.15588424572414794,-0.49273161976031987,-0.1679944637358899,1.6204927696584461,1,0
14189.0,0.4352252802947403,1.5860167045095306,0.6712449026007898,0.30350252890901497,-0.5981217899431469,1.1608512063238763,1.2618743296985702,1.5319820386854333,1,0
14190.0,-1.0552626048729952,-1.0577180989205999,-4.232476017011647,-1.6762310394428663,5.632358957515138,1.1608512063238763,-2.516040243029759,-0.8039250393948271,1,0
14191.0,1.7519516244455116,1.5111239626986637,0.5626850913991079,0.2102775779753382,-0.5596724005196465,-0.5229139223515364,1.0148586338590864,0.3685237356790315,1,0
14192.0,-1.0552626048729952,-1.0577180989205999,0.42224312060599484,0.08876608115301209,-0.5099061587990665,-1.277214299835045,-0.8630868935309756,-0.8039250393948271,1,0
14193.0,0.21512732833991927,-0.20143741171417867,0.42059056898757147,0.5205720705340285,-0.0906583429732519,-0.5602283770286947,0.12460872225127,-0.8039250393948271,1,0
14194.0,1.6399719646790238,2.5467555217635396,0.6880687592007007,0.8628412894013123,-0.08546989013993173,0.4473365033277267,1.8955399754742088,1.4608215350480005,1,0
14195.0,0.6167095564680137,0.48988501576479315,0.9564390812808713,0.6262146954101676,-0.629852508219793,-0.07426329780256188,-1.1175267461574372,1.6204927696584461,1,0
14196.0,-1.0552626048729952,-1.0577180989205999,-0.040170628898255525,0.2697380703132192,0.2623425725827679,-0.49273161976031987,-1.4883189463764042,-0.8039250393948271,1,0
14197.0,-1.0552626048729952,-1.0577180989205999,-0.032610320060871854,0.474755945083179,0.4836070374438353,0.22741126261658207,-0.5870572757944853,-0.8039250393948271,1,0
14198.0,1.589774186163012,0.9305040858134475,-0.8117295571102894,-0.6196767832487131,0.36025924918998337,0.843979790974327,0.26039076371065795,1.3820367923862882,1,0
14199.0,0.14948407951128842,0.07422339860702587,-0.9039456094224849,-0.01121776416547885,1.2388994550434969,-0.07426329780256188,-0.8101418318588084,1.4608215350480005,1,0
14200.0,-1.0552626048729952,-1.0577180989205999,-0.05545116217800767,0.4363428708947073,0.4725990816238977,-0.3319664456362507,-0.5488939424337871,-0.8039250393948271,1,0
14201.0,0.9835394763927154,1.048245697623346,-0.6488161614096625,-1.1339544298597637,-0.39117184244703795,-0.3319664456362507,0.09111983872311039,0.7169161657937569,1,0
14202.0,-0.11695028338138964,-0.20143741171417867,-1.0508180570967405,0.03610361827332606,1.5441797961999826,0.6445604725968617,-0.351053338929104,-0.8039250393948271,1,0
14203.0,-1.0552626048729952,-1.0577180989205999,-0.6568228392834701,0.28514744357663935,1.2159549884407586,-0.23305906672429438,-0.7604075912169913,-0.8039250393948271,1,0
14204.0,1.7828425650707498,0.07422339860702587,-0.19483728743886775,-0.047503834229948846,0.1290303978185752,-0.07426329780256188,1.2067387093789805,-0.8039250393948271,1,0
14205.0,1.3619534990518813,0.9305040858134475,0.012480790926237339,-0.034745962589419616,-0.13195320531935234,0.09371390337111857,0.5101826507817058,1.1620610054185785,1,0
14206.0,-0.42585968963377,-0.20143741171417867,0.8027405060036623,0.49193957762373275,-0.5779911001577553,-0.07426329780256188,0.31420439478743356,1.6204927696584461,1,0
14207.0,-1.0552626048729952,-1.0577180989205999,-1.5068758271317502,-0.7555189488637584,1.2732141925821105,-1.0808399641377464,-2.18341137617149,-0.8039250393948271,1,0
14208.0,0.7093823783437279,-0.5568260068131017,0.6311331276683051,0.04061323551583123,-0.7781133480482474,-0.2618344117975608,-0.1679944637358899,-0.8039250393948271,1,0
14209.0,1.5550218779596192,1.5111239626986637,-0.25849660468469055,0.25900518189225086,0.5648833402859366,0.6445604725968617,0.9333370609779713,0.9720793875323959,1,0
14210.0,1.2499738392853936,1.5860167045095306,0.06761933749962173,0.3166524817367639,0.16436009566874937,0.22741126261658207,0.9923815093050296,1.1084181315062873,1,0
14211.0,1.558883245537774,1.7234195042875162,-0.032191843709404616,-0.16038347217095358,-0.20163723936027464,-0.07426329780256188,1.0580456432127332,1.3820367923862882,1,0
14212.0,0.31938425295009765,-0.5568260068131017,2.095592851349085,1.881766787855751,-0.7796469545569431,-1.0222871175758335,-0.6691621147691496,-0.8039250393948271,1,0
14213.0,-1.0552626048729952,-1.0577180989205999,0.5439542254399975,1.9976800229425316,1.4650210549467606,-0.5988151577868094,-1.6147785724478398,1.7659550299964637,1,0
14214.0,-0.10150481306877063,0.29945468039331957,0.020322125520335018,-0.4278677571832266,-0.5191154543072796,0.22741126261658207,0.3398428478240282,1.3056202738679257,1,0
14215.0,1.7249220513984285,0.9305040858134475,0.5365487364284527,0.36993420767321,-0.38298253923090486,1.1608512063238763,1.1188411353764651,0.22484244827571642,1,0
14216.0,0.5317594697486091,0.29945468039331957,-0.03714018020233628,0.6075747337834752,0.6456834105113128,0.6467390474220279,0.3523677281481314,0.7169161657937569,1,0
14217.0,0.9758167412364059,2.0120160548061623,-1.0871455919155024,-0.8851291569568647,0.45702277242673994,0.3469702689073076,0.8630684413097528,1.3665387820748078,1,0
14218.0,-1.0552626048729952,-1.0577180989205999,0.08845481873575128,-0.6586297008250918,-0.7912996706417228,-1.485945419229041,-0.980481634816486,-0.8039250393948271,1,0
14219.0,0.83294614084468,-0.20143741171417867,-0.21247832535746608,-0.35928611338153266,-0.17292131558324772,0.09371390337111857,-0.0584501529419441,-0.8039250393948271,1,0
14220.0,0.18809775529283598,0.07422339860702587,-0.24864500529645414,0.43472611893465213,0.7588722114843096,-0.23305906672429438,-0.38088803500765217,-0.8039250393948271,1,0
14221.0,1.145716914675215,1.656627459707239,0.4515665253262059,0.45127617256445796,-0.20013246840307589,0.6445604725968617,1.1139434269424622,0.2687686337376465,1,0
14222.0,-1.0552626048729952,-1.0577180989205999,1.5300378565750101,1.2383908987294228,-0.7232850790576293,-0.3319664456362507,-0.018424472070835033,-0.8039250393948271,1,0
14223.0,-0.39110738143037727,-0.20143741171417867,0.30186580274645863,0.2487119167770849,-0.21387254529843092,-0.07426329780256188,0.14085407936492755,1.1620610054185785,1,0
14224.0,0.6205709240461685,0.9305040858134475,-0.4625002380860345,-0.361853811104989,0.15517807540670087,2.432880753823806,1.2197951715950153,-0.8039250393948271,1,0
14225.0,-0.04358429939644931,0.07422339860702587,0.7380584434119645,0.8379930506476332,-0.1745368139934144,0.09371390337111857,0.41227490000197986,0.9153033772197167,1,0
14226.0,0.5394822049049186,0.48988501576479315,0.7218934462895685,0.814152857292261,-0.1780121669272588,0.22741126261658207,0.6068075807745934,1.4608215350480005,1,0
14227.0,1.4275967478805123,1.5111239626986637,0.6528439868473913,0.5902751428378396,-0.3125421727230682,0.09371390337111857,1.4350292971677738,1.4155619255265788,1,0
14228.0,-0.6343735388541268,-0.20143741171417867,-0.5710152953702312,-0.13871814628431542,0.5626413643472237,1.1608512063238763,-0.07921996423456719,-0.8039250393948271,1,0
14229.0,0.5665117779520019,0.6548432754922423,-0.1072300723738494,0.40502465806291676,0.5120745320190461,0.40232454155815495,-0.018424472070835033,1.5408951706492844,1,0
14230.0,-0.6189280685415077,-0.20143741171417867,-0.6303605535519127,0.2330639028543529,1.1071656932595548,-0.07426329780256188,-0.351053338929104,-0.8039250393948271,1,0
14231.0,-0.024277461505675536,0.07422339860702587,0.03670097177966749,0.15725950694056093,0.03532951494432285,1.1608512063238763,0.36470425725432115,1.4608215350480005,1,0
14232.0,-0.1980390025226395,0.29945468039331957,1.0460840351228784,0.541400912985385,-0.7955685363413669,-0.07426329780256188,0.5304395744514846,1.5675928766263612,1,0
14233.0,1.242251104129084,0.6548432754922423,0.21634458079277372,0.558849035609984,0.22388035992512628,-0.07426329780256188,0.0008790944596697093,1.3562632318428542,1,0
14234.0,-0.9201147396375786,0.07422339860702587,0.5294663891234709,-0.4761218269564162,-1.074112238843782,-0.6186133758597899,0.8630684413097528,-0.8039250393948271,1,0
14235.0,1.0453213576431915,0.9305040858134475,0.8862642449004654,0.8774583113637913,-0.3191809646211677,-0.07426329780256188,0.7563775724396483,0.22484244827571642,1,0
14236.0,0.5858186158427757,0.29945468039331957,0.052836218002336954,0.16675467353457626,0.0238502922666433,-0.3319664456362507,-0.0584501529419441,1.3056202738679257,1,0
14237.0,-0.2173458404134133,-0.5568260068131017,-0.23041096384971307,-0.21136520375048068,0.0023964687579259712,0.22741126261658207,-0.38088803500765217,1.4608215350480005,1,0
14238.0,0.5201753670141449,-0.20143741171417867,-0.9123884530256321,-0.8726482018739696,0.2202121720023707,-0.3319664456362507,-0.9196861426527538,-0.8039250393948271,1,0
14239.0,1.6129423916319405,1.9045263848297673,-0.6260122514273946,-0.41352527192567207,0.32707612989258594,0.22741126261658207,0.676667957724251,0.42541977181113405,1,0
14240.0,0.4622548533418236,-0.20143741171417867,0.4238931588369562,0.5619123654805412,-0.05238425935226473,0.3469702689073076,0.07384838550817617,-0.8039250393948271,1,0
14241.0,0.9256189627203941,-0.5568260068131017,-0.21247832535746608,-0.6798543166763006,-0.4812740425373678,-1.0222871175758335,-0.980481634816486,-0.8039250393948271,1,0
14242.0,-0.7038781552609124,-0.5568260068131017,-0.9381185110386937,-0.9151577869600954,0.2093573496273013,-0.07426329780256188,-0.9196861426527538,-0.8039250393948271,1,0
14243.0,0.7518574217034302,1.656627459707239,0.4001646230429024,0.5902522479345169,0.008324860643434883,0.40232454155815495,1.3976563711579584,1.208437966888955,1,0
14244.0,-1.0552626048729952,-1.0577180989205999,1.8479278900079907,0.3896653156746552,-1.5446840766036694,-0.8464662631382949,-0.7604075912169913,1.7659550299964637,1,0
14245.0,-0.8853624314341858,-0.5568260068131017,1.2937332077031527,1.5310143118786157,-0.18154114573444455,0.09371390337111857,0.7563775724396483,1.8371065454341933,1,0
14246.0,-0.5339779818221032,-0.20143741171417867,0.6453415617959198,0.789237488837417,-0.1056711969138545,-0.07426329780256188,0.24636711066584036,-0.8039250393948271,1,0
14247.0,-0.0011092560367470079,0.29945468039331957,-0.7061449656336437,-0.7839063053330177,0.0332434709898086,0.09371390337111857,0.5403834989422175,0.7169161657937569,1,0
14248.0,-0.2945731919765084,-0.20143741171417867,0.48324468614153115,0.30496523839220446,-0.3809054150148892,-0.07426329780256188,-0.018424472070835033,-0.8039250393948271,1,0
14249.0,-0.016554726349366028,1.254616278688769,0.36763745057358704,0.7251917604596809,0.19691411856603752,1.4081348126143514,1.1708701012236533,-0.8039250393948271,1,0
14250.0,-0.7386304634643052,-0.20143741171417867,1.0784879096957949,1.138043067774102,-0.30137527427352606,-0.49273161976031987,0.651162367871365,-0.8039250393948271,1,0
14251.0,-0.8390260204963288,0.29945468039331957,0.8859771013990926,1.0056733666074105,-0.19323051979674385,-0.8464662631382949,-0.1005293110454993,-0.8039250393948271,1,0
14252.0,-1.0552626048729952,-1.0577180989205999,-0.3052613251395872,0.33109576193791684,0.7204490040652729,2.2894270681815847,-1.1175267461574372,-0.8039250393948271,1,0
14253.0,-0.5532848197128769,-0.5568260068131017,-1.2945125495546914,-0.564122619618232,1.1694677014505528,-0.07426329780256188,-1.0461457687241897,-0.8039250393948271,1,0
14254.0,-1.0552626048729952,-1.0577180989205999,0.6249863694253284,1.0637871745688552,0.21223062288696748,-0.5602283770286947,-0.47751296500053947,-0.8039250393948271,1,0
14255.0,-1.0552626048729952,-1.0577180989205999,-4.672365083494027,1.7587619683131972,12.500778560590149,4.779153946529925,-2.516040243029759,1.8723113812894887,1,0
14256.0,0.6205709240461685,0.29945468039331957,0.4996664465352989,0.7987553935288632,0.09630884758111317,0.5055184603984593,0.7014044164687462,1.6968657294740452,1,0
14257.0,1.1997760607693817,0.9305040858134475,0.9947764212483018,1.194669301521377,-0.14111203444185597,1.0445209855400752,1.1188411353764651,0.22484244827571642,1,0
14258.0,1.7480902568673569,2.1108969658951904,1.6851975394039198,2.096796745016207,-0.10806690432585271,0.09371390337111857,0.676667957724251,1.0145822534856537,1,0
14259.0,-1.0552626048729952,-1.0577180989205999,-0.8307785687615927,-1.1266464910015037,-0.15840508133565218,-0.5602283770286947,-1.6147785724478398,-0.8039250393948271,1,0
14260.0,-0.757937301355079,-0.20143741171417867,0.22345124794260104,-0.002103121504083641,-0.36158483122673696,0.22741126261658207,0.14085407936492755,-0.8039250393948271,1,0
14261.0,-0.9471443126846619,-0.5568260068131017,0.34526758737755564,1.0192937793060641,0.5617149441588055,-0.07426329780256188,0.17241042083090774,-0.8039250393948271,1,0
14262.0,-0.15942532674109194,0.8003467725008181,0.35913864298949066,0.2358894482443673,-0.2972921804151904,-0.49273161976031987,0.5883716650135135,-0.8039250393948271,1,0
14263.0,-1.0552626048729952,-1.0577180989205999,0.16015597628249342,0.21768405317439907,-0.06431492500178988,-0.8464662631382949,-0.7604075912169913,-0.8039250393948271,1,0
14264.0,0.7093823783437279,0.48988501576479315,-0.5050010220410894,-0.11488872070311815,0.4929507108604441,1.0445209855400752,0.2741787139163245,1.1620610054185785,1,0
14265.0,0.8870052869388466,0.07422339860702587,0.20797024981492096,0.30108872401611203,-0.04043195671815039,0.22741126261658207,0.4572375891095386,-0.8039250393948271,0,0
14266.0,-1.0552626048729952,-1.0577180989205999,-1.9322022598259123,-2.5855357012843165,-0.21725561824101716,-1.9207421836798164,-2.516040243029759,-0.8039250393948271,1,0
14267.0,-0.676848582213829,-0.20143741171417867,0.19532263714636774,0.8276759349521671,0.5590399530966862,0.09371390337111857,-0.41184883109283577,1.8596832102061218,1,0
14268.0,-1.0552626048729952,-1.0577180989205999,-0.0028851749443922297,0.34598499608483496,0.29476088044167437,-0.5602283770286947,-0.6270829566655943,-0.8039250393948271,1,0
14269.0,-1.0552626048729952,-1.0577180989205999,-0.19483728743886775,0.09795232235466526,0.28868803387689407,-0.3319664456362507,-0.7604075912169913,1.7659550299964637,1,0
14270.0,-1.0552626048729952,-1.0577180989205999,0.3128801098140292,0.7928280808856455,0.3487104319340812,-0.07426329780256188,-0.2944540898073254,-0.8039250393948271,1,0
14271.0,-0.3447709704925202,-0.5568260068131017,-0.7331092033345905,-1.249766776633895,-0.39997772497676853,-0.3319664456362507,-0.07921996423456719,-0.8039250393948271,1,0
14272.0,0.9101734924077751,0.07422339860702587,0.6702599729573562,-0.2426960611120517,-1.0338687908163473,-0.07426329780256188,0.31420439478743356,-0.8039250393948271,1,0
14273.0,-0.3177413974454369,0.07422339860702587,-0.8626896906960722,-0.9178903712759846,0.10208685763586023,-0.8464662631382949,-0.5124273288630706,-0.8039250393948271,1,0
14274.0,-1.0552626048729952,-1.0577180989205999,0.20343407626114873,-0.09510231050094466,-0.4254301804070657,-1.1639429167840407,-0.8101418318588084,-0.8039250393948271,1,0
14275.0,-0.23665267830418704,0.48988501576479315,-0.5345105455872036,-0.44587937951905365,0.1629234502875711,-1.0808399641377464,-0.8630868935309756,-0.8039250393948271,1,0
14276.0,1.114825974049977,0.6548432754922423,0.33381130428348543,0.1191926490438776,-0.37849125089318825,0.09371390337111857,0.46810349267815093,1.7209480676302453,1,0
14277.0,1.6901697431950355,0.9305040858134475,4.565801456955279,2.6434967157314544,-1.966206295589376,3.6066417053101607,1.6850287398948356,1.5248499756746356,0,0
14278.0,-1.0552626048729952,-1.0577180989205999,-0.12700895666835094,-0.39477125402448304,-0.3142765261653414,-0.07426329780256188,-0.9196861426527538,-0.8039250393948271,1,0
14279.0,-0.4335824247900795,-0.5568260068131017,-1.97649003873061,-1.4294425994485707,1.1867058625371076,-0.8464662631382949,-1.947407439306109,-0.8039250393948271,1,0
14280.0,-1.0552626048729952,-1.0577180989205999,-1.1169909995197986,-0.9767777698676795,0.3954106868880276,-0.07426329780256188,-1.282149705589571,-0.8039250393948271,1,0
14281.0,-1.0552626048729952,-1.0577180989205999,-1.2706676352439727,-0.15717221615690938,1.6608404801051175,-0.23305906672429438,-1.3787746355824586,-0.8039250393948271,1,0
14282.0,1.4893786291309883,2.1108969658951904,0.3669599906452187,0.07669996143422733,-0.45723895598538766,-1.277214299835045,0.7014044164687462,-0.36184639234900684,1,0
14283.0,-0.645957641588591,0.07422339860702587,-0.0748595496831918,-0.7614636453282356,-0.7060378277446058,-0.49273161976031987,-0.12240697358821374,-0.8039250393948271,1,0
14284.0,1.3503693963174173,-0.20143741171417867,0.1538300112587326,0.6177001655705473,0.37770813938570985,0.22741126261658207,0.2741787139163245,1.1620610054185785,1,0
14285.0,1.6863083756168809,0.8003467725008181,-0.22815310678559597,0.5445175809676883,0.8606714642696998,0.22741126261658207,0.10803515400060046,0.31649817812236203,1,0
14286.0,1.6940311107731902,0.6548432754922423,2.3183795388755466,2.019465879473679,-0.8928720705572669,-0.49273161976031987,1.5111020227440544,1.6516236415683632,1,0
14287.0,-0.32160276502359164,-0.20143741171417867,-0.56689802315073,-2.0870466274149546,-1.2327656235184112,-1.0222871175758335,-1.195715760389244,1.1620610054185785,1,0
14288.0,-1.0552626048729952,-1.0577180989205999,0.2624105482138739,0.5967373915776198,0.20165252220989374,-0.07426329780256188,-0.7604075912169913,1.7659550299964637,1,0
14289.0,0.02978168458849103,0.48988501576479315,-1.1874638164935993,-0.8074144879664786,0.6990146204426182,-0.07426329780256188,-0.19177478749334104,-0.8039250393948271,1,0
14290.0,1.7249220513984285,0.8003467725008181,0.3291947018799872,0.978500801161781,0.5378010938447881,1.1608512063238763,0.8496195544385344,1.6719867635063792,1,0
14291.0,1.7596743596018212,2.0120160548061623,0.6421806339044591,0.302352938339638,-0.5668242491757808,0.22741126261658207,1.4182523581621846,0.049290779122295514,1,0
14292.0,1.3503693963174173,1.5860167045095306,0.4038201435198946,1.0073301940100736,0.46219393352743593,0.22741126261658207,0.8496195544385344,1.6347183198620914,1,0
14293.0,1.7480902568673569,0.9305040858134475,0.1733908746858899,0.21610977368464543,-0.08313038118025393,0.22741126261658207,0.5976414102639861,0.22484244827571642,1,0
14294.0,-1.0552626048729952,-1.0577180989205999,0.27383065290268127,0.4224121038747371,-0.0005662387754147602,-0.49273161976031987,-0.47751296500053947,-0.8039250393948271,1,0
14295.0,1.6129423916319405,0.29945468039331957,0.3600571046146536,0.7361713364173731,0.21943255025631417,-0.23305906672429438,0.36470425725432115,1.5675928766263612,1,0
14296.0,-0.4644733654153176,-0.5568260068131017,0.06804857585446991,-0.2545716031443783,-0.4149582401826552,-0.07426329780256188,-0.351053338929104,1.4608215350480005,1,0
14297.0,-0.06289113728722308,0.07422339860702587,0.41353900572937097,0.23194872761183388,-0.36686017769652735,-0.3319664456362507,0.10803515400060046,1.4608215350480005,1,0
14298.0,1.7249220513984285,3.544824359114757,2.2889959663933164,1.9028489962532769,-0.9535352365796996,2.2894270681815847,2.8410567110685343,-0.5229419755005424,1,0
14299.0,1.7596743596018212,2.2024463901776357,0.772078249776924,0.8693749076307556,-0.18603130941479162,0.16253566624592464,1.1040594070649958,1.4836302513486415,1,0
14300.0,-1.0552626048729952,-1.0577180989205999,-1.6309996088557088,-2.5014596618609257,-0.5075564666728346,-1.9376978457118947,-1.947407439306109,-0.8039250393948271,1,0
14301.0,1.0646281955339654,0.07422339860702587,1.135150084266537,0.807666777015552,-0.6673012020854148,0.09371390337111857,-0.1005293110454993,1.6719867635063792,1,0
14302.0,0.13017724162051467,-0.20143741171417867,-0.4246012884075201,-0.1434684653201215,0.34391316134309974,-0.5602283770286947,-0.41184883109283577,-0.8039250393948271,1,0
14303.0,-0.9510056802628167,-0.5568260068131017,-0.3248096004571912,-0.92782685501936,-0.577282877135486,-1.485945419229041,-0.5488939424337871,-0.8039250393948271,1,0
14304.0,0.2884933123248596,-0.20143741171417867,0.605637322815974,1.0034552056889696,0.17298740560472065,0.16253566624592464,0.4006383399877607,1.6204927696584461,1,0
14305.0,-0.8081350798710908,-0.20143741171417867,0.9734613952065676,1.1053775522327691,-0.20369429285606544,0.09725622010391866,0.668253897031182,1.6204927696584461,1,0
14306.0,1.3619534990518813,0.48988501576479315,0.9158244858096284,0.8800867714802767,-0.352310788491932,-0.09503028911869377,0.019738861289862828,0.5566200963305212,1,0
14307.0,1.431458115458667,1.048245697623346,0.6988500094759914,0.6037177531657669,-0.3552067452912986,0.22741126261658207,1.2861232988420996,0.14676385148134682,1,0
14308.0,-1.0552626048729952,-0.5568260068131017,-4.672365083494027,0.9999113078160485,11.306569731380081,4.593975747344989,-2.516040243029759,1.8371065454341933,1,0
14309.0,1.037598622486882,1.1557353675997408,0.5025141743760845,0.30256474662213034,-0.40602344227214926,0.22741126261658207,0.8828371985110838,0.07951852525571697,1,0
14310.0,-1.0552626048729952,-1.0577180989205999,0.48011817121769396,0.7913062322813638,0.11476077161509242,-1.1639429167840407,-0.5124273288630706,-0.8039250393948271,1,0
14311.0,0.19968185802730024,-0.5568260068131017,-0.24405768375682924,-0.08651757074672677,0.1541508473183698,0.09371390337111857,-0.2415090281351582,1.4608215350480005,1,0
14312.0,0.7132437459218827,1.1557353675997408,0.17326498701717905,0.028131562003229926,-0.27140080026228725,1.1608512063238763,1.0203829895905052,-0.8039250393948271,1,0
14314.0,0.19582049044914548,-0.5568260068131017,0.12815070761061717,-1.1854344079793728,-1.2130917875178695,-1.2305367866712973,-1.1175267461574372,1.4608215350480005,1,0
14315.0,1.2229442662383103,0.8003467725008181,0.14106633547931893,0.5081291182903728,0.27286656225832234,0.6445604725968617,0.5502083316528148,0.9153033772197167,1,0
14316.0,-0.2520981486168061,0.29945468039331957,1.9553160618491148,-0.005533216638181635,-1.7713771345235076,-1.277214299835045,-0.5488939424337871,0.7169161657937569,1,0
14317.0,-1.0552626048729952,-1.0577180989205999,0.5916021991617264,0.8361859190706805,0.013078311534085264,-0.09503028911869377,-0.4440240814723802,-0.8039250393948271,1,0
14318.0,-1.0552626048729952,-1.0577180989205999,0.033161327766256535,-0.7536289681267228,-0.8118930097010336,-1.2305367866712973,-1.195715760389244,-0.8039250393948271,1,0
14319.0,-1.0552626048729952,-1.0577180989205999,0.8670747921188672,0.7988985667034328,-0.3711016646000801,-1.0222871175758335,-0.38088803500765217,1.7659550299964637,1,0
14320.0,0.802055200219442,0.29945468039331957,-0.03562812430917484,-0.029151871157996445,-0.06403945077598787,0.40232454155815495,0.38883434171884856,1.3056202738679257,1,0
14321.0,0.7325505838126564,0.6548432754922423,1.2480975791149955,0.1918845336336038,-1.2320905808592402,0.22741126261658207,1.0940548473899332,0.42541977181113405,1,0
14322.0,-0.16714806189740147,0.07422339860702587,-1.4088181653771499,-1.1433902549260466,0.6354583370014747,-0.07426329780256188,-1.1175267461574372,1.4608215350480005,1,0
14323.0,-0.5764530251818055,-0.5568260068131017,0.1850973029429482,0.1288840330034841,-0.18653426687108426,-0.07426329780256188,-0.21626507557551844,1.7659550299964637,1,0
14324.0,0.041365787322955296,-0.5568260068131017,0.33457883167858776,0.3303780644729927,-0.1735391764288684,-0.49273161976031987,-0.018424472070835033,-0.8039250393948271,1,0
14325.0,-1.0552626048729952,-1.0577180989205999,0.8370756477768553,-0.15534323597375577,-1.1199748576259216,-1.485945419229041,-0.6691621147691496,-0.8039250393948271,1,0
14326.0,0.06453399279188382,-0.20143741171417867,0.2776107958480833,0.17804676081779358,-0.25344215809784915,-0.23305906672429438,0.20279773648307728,1.1620610054185785,1,0
14327.0,1.0182917845961084,0.48988501576479315,0.41228984044717715,0.18739318584213485,-0.407411137074761,-0.3319664456362507,0.6932415259749206,-0.8039250393948271,1,0
14328.0,-1.0552626048729952,-1.0577180989205999,-4.672365083494027,0.6544059792162683,10.762845471217124,3.863605913215557,-2.516040243029759,1.8596832102061218,1,0
14329.0,1.6708629053042618,1.5111239626986637,1.0641446174713645,1.1951000654922816,-0.22797461915810074,0.40232454155815495,1.7209628226282745,1.7245706582123241,1,0
14330.0,-1.0552626048729952,-1.0577180989205999,-0.38566105877315654,-0.4295323231653001,-0.020594197021059173,-0.619945652967382,-0.9196861426527538,-0.8039250393948271,1,0
14331.0,-1.0127875615132929,-0.5568260068131017,-0.16890218959256986,-0.2360547615729412,-0.10374280763092315,-0.49273161976031987,-0.351053338929104,-0.8039250393948271,1,0
14332.0,0.46611622091997834,0.29945468039331957,0.20706453116396414,0.47004190718956534,0.13980822346682925,-0.7231586611558216,0.09111983872311039,-0.8039250393948271,1,0
14333.0,-1.0552626048729952,-1.0577180989205999,-1.0006403313901333,0.5598474806147412,2.166437833453664,-0.09503028911869377,-0.8101418318588084,1.7659550299964637,1,0
14334.0,1.0762122982684297,1.254616278688769,0.565148633334102,0.36512153603970965,-0.42132540769680704,-0.07426329780256188,1.0203829895905052,0.5566200963305212,1,0
14335.0,-0.7463531986206147,-0.5568260068131017,0.2709868768898102,-0.2197003613524874,-0.6148546680969069,-0.49273161976031987,0.2175794647945466,-0.8039250393948271,0,0
14336.0,-0.05130703455275882,0.07422339860702587,1.1810287386843978,0.5216884451760496,-0.9438664153228352,-0.3319664456362507,0.48941283948908304,-0.8039250393948271,1,0
14338.0,0.39275023693503797,-0.20143741171417867,0.36807149735982353,0.15929168850069972,-0.3814054633719606,-0.07426329780256188,0.019738861289862828,1.6204927696584461,1,0
14339.0,-0.3370482353362107,-0.5568260068131017,0.47068419935705996,0.1626670745381773,-0.498214261843769,-1.0222871175758335,-0.5488939424337871,1.8371065454341933,1,0
14340.0,-1.0552626048729952,-1.0577180989205999,-1.0006403313901333,-0.9701218478933027,0.2363742750136778,-0.7231586611558216,-1.4883189463764042,-0.8039250393948271,1,0
14341.0,1.62066512678825,1.7234195042875162,0.06537499608419378,-0.14044583667646565,-0.30302898125458727,0.22741126261658207,1.2023399657248122,0.22484244827571642,1,0
14342.0,0.6862141728747994,0.48988501576479315,-0.5689547060941195,-0.7967700286271721,-0.15985495718719256,0.22741126261658207,-0.351053338929104,1.4608215350480005,1,0
14343.0,-0.016554726349366028,0.07422339860702587,0.073186233100969,-0.014698346488840146,-0.1889396524623482,-0.3319664456362507,1.2368867007548323,-0.8039250393948271,1,0
14344.0,0.8715598166262276,1.8470577950787128,-0.6936026302462519,-0.8274218818641856,-0.029260903347823695,1.1608512063238763,0.9751100560900954,-0.8039250393948271,1,0
14345.0,-1.0552626048729952,-1.0577180989205999,-1.1587230648098024,-1.2570090600998056,0.1419829820673763,-0.8464662631382949,-1.4883189463764042,-0.8039250393948271,1,0
14346.0,0.40047297209134747,0.29945468039331957,1.0103802669884259,0.7087078573348566,-0.6171823606383524,2.000618897443466,0.8697110988665433,-0.8039250393948271,1,0
14347.0,-1.0552626048729952,-1.0577180989205999,-1.2021248494409003,-1.6314130142044543,-0.19277057731211394,-0.5602283770286947,-1.4883189463764042,-0.8039250393948271,1,0
14348.0,-1.0552626048729952,-1.0577180989205999,0.23332301694338564,0.5412546184685705,0.18114236375536702,-0.3319664456362507,-0.6691621147691496,-0.8039250393948271,1,0
14349.0,-1.0552626048729952,-1.0577180989205999,-0.579297014423793,-0.9822477653514321,-0.33012312906930485,-0.49273161976031987,-0.2415090281351582,-0.8039250393948271,1,0
14350.0,-0.45288926268085333,-0.20143741171417867,0.22146606911288833,0.2222280232528238,-0.1387540318881142,1.1608512063238763,0.2175794647945466,1.1620610054185785,1,0
14351.0,-1.0552626048729952,-1.0577180989205999,-2.641647037054194,-2.2795941447956443,1.2193336595383584,-1.1639429167840407,-2.516040243029759,-0.8039250393948271,1,0
14352.0,-0.6073439658070435,0.07422339860702587,-0.09861743179076471,-0.027183934908861528,0.021006255683122692,0.16253566624592464,0.03817477705094321,-0.8039250393948271,1,0
14353.0,-0.22120720799156804,-0.20143741171417867,-0.27031277114749375,-1.0659624013528815,-0.7548591303651476,-0.3319664456362507,-0.6691621147691496,-0.8039250393948271,1,0
14354.0,-0.9587284154191262,-0.5568260068131017,-0.3649956734261198,-1.6443748580236652,-1.1054136640199452,-1.50326875650423,-1.195715760389244,-0.8039250393948271,1,0
14355.0,-0.04358429939644931,-0.20143741171417867,0.35935739486597024,0.02367540961885688,-0.49706215416733046,-0.5602283770286947,0.24636711066584036,-0.8039250393948271,1,0
14356.0,-1.0475398697166856,-0.5568260068131017,-0.06705448056778775,0.3296405768260328,0.36750186144071284,0.09371390337111857,-0.19177478749334104,1.7659550299964637,1,0
14357.0,-1.0552626048729952,-1.0577180989205999,0.004420576082459907,-0.26912250684067546,-0.3528455641799572,-0.3319664456362507,-0.0584501529419441,-0.8039250393948271,1,0
14358.0,-0.9046692693249596,-0.5568260068131017,0.1474669435887154,-0.433600772701868,-0.6653246519686309,-0.7231586611558216,-0.5488939424337871,1.4608215350480005,1,0
14359.0,-0.7926896095584718,-0.20143741171417867,-0.18902011571230254,0.1357481295700971,0.3227453911923028,0.22741126261658207,0.03817477705094321,1.7659550299964637,1,0
14360.0,-0.8119964474492455,0.07422339860702587,0.7222065939112329,0.8976763838995153,-0.09386095186293547,0.22741126261658207,0.733267206846029,-0.8039250393948271,1,0
14361.0,-1.0552626048729952,-1.0577180989205999,0.574516807825173,-0.3373827454786797,-1.0152282118167468,-0.07426329780256188,-0.8630868935309756,-0.8039250393948271,1,0
14362.0,-1.0552626048729952,-1.0577180989205999,-0.4174164944150915,-0.7265984368651724,-0.28047147457386395,-0.07426329780256188,-0.1005293110454993,-0.8039250393948271,1,0
14363.0,-0.8660555935434121,-0.5568260068131017,-1.1068040708928828,-1.1992261859118225,0.13303259446361232,-0.07426329780256188,-1.282149705589571,-0.8039250393948271,1,0
14364.0,-0.6575417443230553,0.8003467725008181,0.5522254212415477,0.7131675427882911,-0.06329016141306064,-0.07426329780256188,0.3010782951428931,-0.8039250393948271,1,0
14365.0,0.05294989005741956,-0.5568260068131017,0.686883370534969,0.19391997412389747,-0.709205422926259,-0.3319664456362507,0.14085407936492755,-0.8039250393948271,1,0
14366.0,-1.0552626048729952,-1.0577180989205999,-2.3506074573858613,-0.9571058534295154,2.4934561311203236,-0.49273161976031987,-2.516040243029759,-0.8039250393948271,1,0
14367.0,-0.020416093927520782,1.5860167045095306,0.6825077879290401,1.012529989306704,0.07839449182125037,-0.09503028911869377,1.5111020227440544,0.6597416579845705,1,0
14368.0,-1.0552626048729952,-1.0577180989205999,-1.5068758271317502,-0.7798046480714556,1.2419483278012842,0.09371390337111857,-1.282149705589571,-0.8039250393948271,1,0
14369.0,-0.9818966208880547,-0.5568260068131017,-0.156163492226772,-0.21717708018395368,-0.10088639123588126,-0.3319664456362507,-0.4440240814723802,-0.8039250393948271,1,0
14370.0,-0.18259353221002048,0.48988501576479315,-1.2865058716808828,-0.461500100815725,1.2878868767961924,0.40232454155815495,-0.1005293110454993,1.4608215350480005,1,0
14371.0,-1.0552626048729952,-1.0577180989205999,-1.5671635546334064,-1.3665497137148075,0.6112914923275556,-1.0222871175758335,-1.7643485641128949,-0.8039250393948271,1,0
14372.0,-0.45288926268085333,-0.5568260068131017,0.2681356270811905,0.6076760862636881,0.20571979962317463,-0.07426329780256188,-0.12240697358821374,1.4608215350480005,1,0
14373.0,-1.0552626048729952,-1.0577180989205999,-2.2885962983419095,-1.733965237336744,1.3204245910450638,0.6445604725968617,-1.7643485641128949,-0.8039250393948271,1,0
14374.0,-1.0552626048729952,-1.0577180989205999,-2.1213582369382444,-1.2692281926121118,1.6448618426082457,0.16253566624592464,-1.3787746355824586,-0.8039250393948271,1,0
14375.0,0.31938425295009765,-0.20143741171417867,0.43046833004016044,0.43081404968432746,-0.19401604811194179,0.40232454155815495,1.1616524342925765,-0.8039250393948271,1,0
14376.0,-1.0552626048729952,-1.0577180989205999,-1.1587230648098024,-0.3326444413318156,1.2434235626610122,-0.7231586611558216,-0.7135169018659211,-0.8039250393948271,1,0
14377.0,-0.7811055068240075,-0.5568260068131017,-0.3198894109460272,0.15558453603800226,0.5348373529947981,1.0445209855400752,-1.0461457687241897,-0.8039250393948271,1,0
14378.0,-1.0552626048729952,-1.0577180989205999,-1.0191860809061732,-1.0052783117042592,0.22354426057497293,-0.07426329780256188,-1.195715760389244,-0.8039250393948271,1,0
14379.0,0.628293659202478,0.07422339860702587,0.2049482424912026,0.19343744457234455,-0.1468025163673053,0.7285893499435366,0.6424811892318264,-0.8039250393948271,1,0
14380.0,-1.0552626048729952,-1.0577180989205999,-4.672365083494027,-2.334229548064461,6.059607904511545,1.385927151738617,-2.516040243029759,1.7659550299964637,1,0
14381.0,0.4854230588107521,-0.5568260068131017,0.4635544918064272,0.18673950599657405,-0.46798485851774063,-0.8464662631382949,0.733267206846029,-0.8039250393948271,1,0
14382.0,0.35027519357533565,-0.5568260068131017,1.8954588604480656,1.1135938139195247,-1.1618920254976917,0.16253566624592464,1.36936516326007,1.4608215350480005,1,0
14383.0,-0.5725916576036507,-0.20143741171417867,0.6626789916811103,0.5621306891892727,-0.35141062892924047,-0.07426329780256188,0.12460872225127,-0.8039250393948271,1,0
14384.0,-1.0552626048729952,-1.0577180989205999,-1.6988279396262262,-2.0956616224789464,-0.01903812201252675,-1.8163206498761402,-1.947407439306109,-0.8039250393948271,1,0
14385.0,-1.0012034587788285,-0.20143741171417867,-1.0967119057658503,-1.9059609608946306,-0.5808953030522915,-1.0222871175758335,-0.9196861426527538,-0.8039250393948271,1,0
14386.0,-1.0552626048729952,-1.0577180989205999,-1.0768049265508703,-0.8947764099453613,0.43075436287063223,-0.49273161976031987,-1.3787746355824586,-0.8039250393948271,1,0
14387.0,-0.757937301355079,-0.20143741171417867,0.6653218673552708,1.038974630008697,0.12996018798334472,0.4473365033277267,0.8828371985110838,-0.8039250393948271,1,0
14388.0,1.5627446131159286,1.5860167045095306,0.6203533377819347,0.5065440726992718,-0.35356272464180893,-0.07426329780256188,1.197917509052301,0.9153033772197167,1,0
14389.0,0.9719553736582512,0.29945468039331957,0.6833843173855393,0.437785551850271,-0.4916695172887565,-0.09503028911869377,0.10803515400060046,1.8052999795342655,1,0
14390.0,0.5472049400612282,1.3461657029712149,0.42300498856407914,0.7433731027377889,0.1407400110396494,1.1608512063238763,1.2536293987300506,1.2758667980352048,1,0
14391.0,-1.0552626048729952,-1.0577180989205999,0.14106633547931893,-0.9610975733249635,-1.071866038844128,-2.3444262971695755,-0.8630868935309756,-0.8039250393948271,1,0
14392.0,-1.0552626048729952,-1.0577180989205999,-0.2765838864567547,-0.04413014631514524,0.2456838599277695,-0.3319664456362507,-0.8630868935309756,-0.8039250393948271,1,0
14393.0,-1.0552626048729952,-1.0577180989205999,-2.561247303420624,-1.8944287485022338,1.5859627445880455,-0.7378571699852117,-1.6147785724478398,-0.8039250393948271,1,0
14394.0,-1.0552626048729952,-1.0577180989205999,-1.0006403313901333,-1.4597761501451985,-0.2761647523782245,-0.49273161976031987,-1.4883189463764042,-0.8039250393948271,1,0
14395.0,1.2538352068635483,1.8470577950787128,0.3013121411229456,0.4918125938482973,0.03596983207870429,-0.07426329780256188,1.6500078975162207,0.7169161657937569,1,0
14396.0,1.5395764076470002,0.6548432754922423,-0.052158595378476814,0.058931459901768325,0.05002129838382321,-0.07426329780256188,1.274088407319195,-0.8039250393948271,1,0
14397.0,-0.2405140458823418,1.7867847730198683,-0.4230847409961796,-0.9420013841157046,-0.4780317949793484,-0.5602283770286947,-0.6691621147691496,0.7625434849144704,1,0
14398.0,-0.5687302900254959,-0.5568260068131017,-0.10665376429775937,0.3423163512381522,0.43892689530438656,-0.07426329780256188,0.14085407936492755,-0.8039250393948271,1,0
14399.0,0.025920317010336275,0.8003467725008181,-0.21247832535746608,-0.05569149983963021,0.14429020312383437,-0.3319664456362507,0.8428115176399747,0.31649817812236203,1,0
14400.0,0.8059165677975968,-0.20143741171417867,1.4593853896726559,1.0093360904042776,-0.8374181264890576,-0.930965887215077,0.42374870558137934,1.6204927696584461,1,0
14401.0,1.7287834189765832,1.9594399542263008,0.7341804847662288,0.15725750461399307,-0.7887519432779502,-0.09503028911869377,1.1381447019069697,0.3869169183580845,1,0
14402.0,-1.0552626048729952,-1.0577180989205999,0.5260953871537395,0.05053307607488953,-0.6590464227010412,-2.1228885995770903,-1.282149705589571,-0.8039250393948271,1,0
14403.0,0.9101734924077751,0.48988501576479315,-0.19629646711778642,0.1769978757646868,0.3796693065680085,-0.07426329780256188,-0.5870572757944853,1.4608215350480005,1,0
14404.0,1.5936355537411666,1.3461657029712149,-0.19483728743886775,-0.3499026818834823,-0.18585973035158915,1.932129182619007,0.8697110988665433,0.4878572895827382,1,0
14405.0,-1.0552626048729952,-1.0577180989205999,-0.4174164944150915,-0.4681934160575404,-0.01903812201252675,-1.8163206498761402,-2.18341137617149,-0.8039250393948271,1,0
14406.0,-1.0552626048729952,-1.0577180989205999,-0.6977673183844557,-0.7645755329758147,0.0424946850073016,-0.3319664456362507,-1.282149705589571,-0.8039250393948271,1,0
14407.0,-0.4026914841648415,0.48988501576479315,0.5071744344772158,0.3641691604846372,-0.35333514174251807,0.22741126261658207,0.3768580162303092,1.4608215350480005,1,0
14408.0,1.7326447865547379,1.1557353675997408,0.44276404354610543,0.4161419660965794,-0.22399459015406856,-0.3319664456362507,0.32712377558849165,-0.8039250393948271,1,0
14409.0,0.8599757138917633,0.9305040858134475,0.5620078452457485,0.442111620683916,-0.3448948767806486,1.0445209855400752,0.4788273542195676,0.22484244827571642,1,0
14410.0,0.27690920959039533,1.1557353675997408,-0.174352003344669,-0.1803128783878813,-0.03915260189556224,-0.07426329780256188,1.616092961666868,1.5141526126156624,1,0
14411.0,-1.0552626048729952,-1.0577180989205999,0.30738693388731153,1.841227240196584,1.6527257160961308,0.09371390337111857,-0.8630868935309756,-0.8039250393948271,1,0
14412.0,0.4197798099821213,-0.20143741171417867,1.2667777856323197,0.744260995859258,-0.8553826760777434,-0.07426329780256188,0.46810349267815093,1.1620610054185785,1,0
14413.0,0.20740459318360974,0.07422339860702587,-0.7997793190621191,-0.48506582477322857,0.49722248589754475,3.5689260608472892,0.6424811892318264,-0.8039250393948271,1,0
14414.0,0.03750441974480054,0.8003467725008181,0.9633553024466459,0.11707743120163865,-1.0402084005425807,1.1608512063238763,0.6932415259749206,0.31649817812236203,1,0
14415.0,1.7326447865547379,2.0120160548061623,0.669617145464634,0.8813532179891194,-0.04240816776609322,1.1608512063238763,1.919807338629466,1.289029445558474,1,0
14416.0,-0.9780352533098999,-0.5568260068131017,0.10848430937627233,-0.15739407732533442,-0.3714114141804523,-1.277214299835045,-0.9196861426527538,-0.8039250393948271,1,0
14417.0,-1.0552626048729952,-1.0577180989205999,1.4562066592189187,1.0709566287251229,-0.784676233311661,0.09371390337111857,0.7487462269343014,-0.8039250393948271,1,0
14418.0,-0.6498190091667458,-0.20143741171417867,1.4625548337256273,1.1616048784861757,-0.7164766142153818,1.1608512063238763,0.807897153777444,-0.8039250393948271,1,0
14419.0,0.3811661342005737,0.6548432754922423,-0.6645035788172894,-0.5759046379085431,0.20078147239968575,-0.3319664456362507,0.8359465091600137,-0.8039250393948271,1,0
14420.0,1.2306670013946197,0.07422339860702587,0.6926901636718349,0.5419942424871038,-0.4061835303145753,0.22741126261658207,0.5695118981833196,1.6719867635063792,1,0
14421.0,1.3928444396771196,0.48988501576479315,0.44995807443451025,0.5478610059660695,-0.100627991538302,-0.07426329780256188,0.4350642467200411,0.5566200963305212,1,0
14422.0,1.7326447865547379,1.7867847730198683,0.8347607188623528,0.9193963100640493,-0.21484929478289358,0.6445604725968617,1.6423048951364767,0.18429599984942513,1,0
14423.0,0.7827483623286682,-0.20143741171417867,-0.05801897385658532,0.14234038545529198,0.14739059466911797,-1.0222871175758335,-0.980481634816486,1.1620610054185785,1,0
14424.0,-1.0552626048729952,-1.0577180989205999,-1.2021248494409003,0.21409711382435517,2.044932406907585,-0.7290151775732115,-2.516040243029759,-0.8039250393948271,1,0
14425.0,0.11473177130789564,-0.20143741171417867,-0.3314047571061078,-0.3014486432668042,0.042021796340858626,-0.8464662631382949,-0.14488409814227088,1.6204927696584461,1,0
14426.0,1.3465080287392623,1.656627459707239,1.113409403903038,1.251712227487099,-0.23334218099997706,1.6109581610597774,1.9325830052374868,1.5569244500011743,1,0
14427.0,1.1881919580349174,0.07422339860702587,-0.09861743179076471,0.18764451784768482,0.25320873100941693,3.399499478022089,0.019738861289862828,-0.8039250393948271,1,0
14428.0,0.17265228498021695,0.29945468039331957,-0.5644351391696795,-0.1361707532104439,0.5558571794896343,0.6467390474220279,0.7639385819629544,1.3056202738679257,1,0
14429.0,-1.0552626048729952,-1.0577180989205999,0.7156114372623172,0.8566599558659318,-0.12718576271530418,-0.49273161976031987,-0.5124273288630706,-0.8039250393948271,1,0
14430.0,-0.6845713173701387,-0.20143741171417867,0.009263887375122917,0.5325708355966768,0.48926014495631454,-0.07426329780256188,-0.2944540898073254,1.6204927696584461,1,0
14431.0,0.43136391271658553,0.07422339860702587,0.7690837683623672,1.177970715623984,0.13878818778800425,-0.07426329780256188,0.4350642467200411,0.9153033772197167,1,0
14432.0,-0.7463531986206147,0.48988501576479315,0.9184405949329226,0.42450838833866467,-0.7598483260638451,-0.3319664456362507,1.467587686213589,-0.8039250393948271,1,0
14433.0,-1.0552626048729952,-1.0577180989205999,-0.1026281569786321,0.06945461573228881,0.12951040777999323,-0.3319664456362507,0.4350642467200411,-0.8039250393948271,1,0
14434.0,-0.8583328583871026,0.48988501576479315,-0.9410154418059817,-0.2510025364537225,0.9954495833624012,-0.6759649812628966,-1.947407439306109,-0.8039250393948271,1,0
14435.0,-1.0552626048729952,-1.0577180989205999,0.7003845216522266,-1.5093387326391074,-1.7456645207254142,-2.1228885995770903,-1.947407439306109,-0.8039250393948271,1,0
14436.0,0.7016596431874184,-0.5568260068131017,0.008055085102181907,-0.958601380946181,-0.947531385936926,-0.09503028911869377,-1.0461457687241897,-0.8039250393948271,1,0
14437.0,-0.2134844728352585,0.29945468039331957,-0.5893192559306966,-0.5831745036723358,0.08953094509982729,0.22741126261658207,-0.1679944637358899,1.3056202738679257,1,0
14438.0,-1.0552626048729952,-1.0577180989205999,-0.6303605535519127,-0.9985850401365007,-0.2833220282286391,-1.8163206498761402,-1.195715760389244,-0.8039250393948271,1,0
14439.0,0.3657206638879547,0.29945468039331957,1.2030795664918592,2.6252892095953886,1.20213049587159,1.0134691263446138,0.7410432245545576,-0.8039250393948271,0,0
14440.0,1.7596743596018212,1.3461657029712149,-0.19080669483605794,0.6998737759643977,0.9939442940119443,0.09371390337111857,0.32712377558849165,0.4878572895827382,1,0
14441.0,1.6090810240537858,1.1557353675997408,-0.2714502810055446,0.5730498476686281,0.963253320165437,0.3469702689073076,0.7254167763544643,1.6593018284075436,1,0
14442.0,0.8213620381102158,0.6548432754922423,0.3528384480225553,1.395678555288302,1.0045603509935848,2.5996183390222924,0.9021407650415885,1.6516236415683632,0,0
14443.0,0.20354322560545499,0.29945468039331957,0.6589681160894568,0.5644122649474754,-0.3447719580750668,1.0445209855400752,0.8428115176399747,1.5675928766263612,1,0
14444.0,-1.0552626048729952,-1.0577180989205999,0.21548864392176717,-0.9971476976526342,-1.1611793716681562,-1.7601883558991351,-1.0461457687241897,-0.8039250393948271,1,0
14445.0,-1.0552626048729952,-1.0577180989205999,-0.6173675847508863,-0.2941531977940508,0.4504197578726205,-0.8464662631382949,-0.21626507557551844,-0.8039250393948271,1,0
14446.0,0.4352252802947403,0.29945468039331957,0.4477022294232897,-0.14002101148167267,-0.7366698896398463,-0.09503028911869377,1.4771084552713287,-0.8039250393948271,1,0
14447.0,0.4197798099821213,0.48988501576479315,0.03434249274708597,0.049047700521801726,-0.07448278699131004,-0.3319664456362507,0.5304395744514846,-0.8039250393948271,1,0
14448.0,0.3155228853719429,-0.5568260068131017,-1.1169909995197986,-0.5201908626383436,0.9396412851819611,-0.3319664456362507,-0.5870572757944853,-0.8039250393948271,1,0
14449.0,0.5587890427956924,0.8003467725008181,0.35321560774397165,0.04322567547149404,-0.4721094758313983,-0.09503028911869377,1.599954138379218,-0.8039250393948271,1,0
14450.0,0.6051254537335495,0.6548432754922423,-0.732083293161001,-0.7265503430415035,0.1298966775268463,-0.879512969193419,0.09111983872311039,-0.8039250393948271,1,0
14451.0,1.3812603369426553,1.254616278688769,-0.007169693626708027,0.0026946095645977914,-0.06825055132523417,0.40232454155815495,1.431701245033403,1.4608215350480005,1,0
14452.0,0.9178962275640846,0.07422339860702587,-0.765932208775394,-0.6835395853058135,0.22383567020272446,0.22741126261658207,0.7639385819629544,-0.8039250393948271,1,0
14453.0,-1.0552626048729952,-1.0577180989205999,-1.180206933732233,-1.1274364857014487,0.3158051592293919,-0.3319664456362507,-0.5124273288630706,-0.8039250393948271,1,0
14454.0,0.3232456205282524,0.29945468039331957,-0.6568228392834701,-0.46499320602793615,0.3131232648968095,0.22741126261658207,0.6424811892318264,0.7169161657937569,1,0
14455.0,-0.8119964474492455,0.07422339860702587,0.2139891275424404,-0.7619602071702161,-0.9941322033667794,-0.5602283770286947,0.3523677281481314,0.9153033772197167,1,0
14456.0,-0.5262552466657937,0.9305040858134475,0.8475397998534351,0.2888594253081299,-0.7977307663035145,-0.07426329780256188,2.1367375993192215,1.5248499756746356,1,0
14457.0,-1.0552626048729952,-1.0577180989205999,-0.5546391364723908,-1.200357005699661,-0.5618420305009846,-1.7601883558991351,-1.7643485641128949,-0.8039250393948271,1,0
14458.0,-1.0552626048729952,-1.0577180989205999,0.8637822253193363,-0.2007309918758502,-1.1732517801103899,-1.0222871175758335,0.07384838550817617,-0.8039250393948271,1,0
14459.0,0.8599757138917633,-0.5568260068131017,2.2238464327676817,3.1068544307892263,0.24400404295126468,0.09371390337111857,0.8007323595364199,1.4608215350480005,1,0
14460.0,1.3156170881140243,0.9305040858134475,0.3755675139261441,-1.1098269694374956,-1.3577789877293134,-0.5602283770286947,-0.19177478749334104,1.1620610054185785,1,0
14461.0,1.037598622486882,1.3461657029712149,0.49340355892239424,0.857037501719586,0.16768831203666734,0.40232454155815495,2.039406372488889,-0.030266317867525,1,0
14462.0,0.3579979287316452,1.254616278688769,-0.5385064982731448,-0.5094342942255213,0.09964059352117596,0.40232454155815495,1.1890004242354304,1.1620610054185785,1,0
14463.0,0.4931457939670616,0.07422339860702587,-1.1068040708928828,-0.4568008444169208,1.0023130653462915,0.09725622010391866,-1.3787746355824586,-0.8039250393948271,1,0
14464.0,-0.8274419177618645,-0.5568260068131017,-1.6643837791193108,-2.166289469873512,-0.13859073473974473,-0.8464662631382949,-1.7643485641128949,-0.8039250393948271,1,0
14465.0,0.7016596431874184,1.1557353675997408,0.48692807935340027,0.3607894924894728,-0.33217088510465065,0.09371390337111857,0.9021407650415885,-0.8039250393948271,1,0
14466.0,1.636110597100869,1.3461657029712149,0.2898778362662364,0.23989059258349962,-0.20761826144329154,0.09371390337111857,0.48941283948908304,-0.8039250393948271,1,0
14467.0,1.7249220513984285,1.254616278688769,-0.4210029437232914,-0.5390790903955658,-0.08784575903485028,0.09371390337111857,0.9980587895827047,-0.8039250393948271,1,0
14468.0,-1.0552626048729952,-1.0577180989205999,0.11507946602518795,-0.40530648673144887,-0.6054081328377839,-0.07426329780256188,-0.980481634816486,-0.8039250393948271,1,0
14469.0,-0.03972293181829455,0.07422339860702587,0.5483733758586514,0.8873808011882939,0.12551215372753666,0.6445604725968617,0.8496195544385344,-0.8039250393948271,1,0
14470.0,0.5626504103738472,-0.20143741171417867,-0.4838596990124887,-0.2011509552308403,0.3635124740896502,0.6467390474220279,0.23209955581276964,-0.8039250393948271,1,0
14471.0,-0.5108097763531746,-0.5568260068131017,-0.48958477787980537,-0.43058217832128554,0.11787369817472006,-0.2618344117975608,-0.07921996423456719,-0.8039250393948271,1,0
14472.0,1.2074987959256913,0.9305040858134475,-0.017645945876385277,-0.14376133324789772,-0.20336551880240508,0.6445604725968617,1.1476287812477595,-0.8039250393948271,1,0
14473.0,-0.2520981486168061,-0.5568260068131017,-1.2945125495546914,-1.158954920877436,0.44600937389725526,-0.49273161976031987,-1.3787746355824586,-0.8039250393948271,1,0
14474.0,1.0028463142834891,-0.5568260068131017,0.4635544918064272,1.1473673492049192,0.5369684421021416,0.20833604805906303,0.8630684413097528,1.4608215350480005,1,0
14475.0,0.2460182689651573,0.07422339860702587,-0.0926290085214156,0.06091327274874454,0.10670777633703804,-0.3319664456362507,-0.03819322927216564,1.6719867635063792,1,0
14476.0,-1.0552626048729952,-1.0577180989205999,-0.11882099381998272,-0.3311316508197098,-0.2623780757824436,-0.3319664456362507,-0.7135169018659211,-0.8039250393948271,1,0
14477.0,1.589774186163012,0.6548432754922423,0.08845481873575128,0.030240973000377137,-0.1631772857797035,-1.7675137489305075,-1.3787746355824586,1.3562632318428542,1,0
14478.0,0.31938425295009765,0.07422339860702587,0.7904617985521903,0.20172394428015664,-0.8100861457556324,0.40232454155815495,0.2741787139163245,-0.8039250393948271,1,0
14479.0,0.7981938326412872,0.07422339860702587,-0.05161080444145257,0.02930307398755471,0.017974370135295414,0.16253566624592464,0.8957565793121419,-0.8039250393948271,1,0
14480.0,1.6747242728824165,0.07422339860702587,0.13785181482321113,0.22587747615208348,-0.026638521249674578,0.16253566624592464,0.17241042083090774,0.9153033772197167,1,0
14481.0,0.9256189627203941,0.29945468039331957,0.8262061774931225,0.7061996351843589,-0.40991105361316893,-0.07426329780256188,0.807897153777444,0.7169161657937569,1,0
14482.0,0.690075540452954,1.254616278688769,0.5302140803506717,0.37749544398453344,-0.3682702671902172,0.20833604805906303,1.2023399657248122,0.5566200963305212,1,0
14483.0,0.7016596431874184,-0.5568260068131017,-0.4556788956909168,-1.0334378397097244,-0.5239608823109645,-1.485945419229041,-0.9196861426527538,1.4608215350480005,1,0
14484.0,1.5395764076470002,0.07422339860702587,0.25086895077007754,-0.037280679180894116,-0.42726451555556016,-0.5602283770286947,0.09111983872311039,-0.8039250393948271,1,0
14485.0,-1.0552626048729952,-1.0577180989205999,-0.7846056461545511,-0.6888303439609128,0.2441799398273932,-0.3319664456362507,0.03817477705094321,-0.8039250393948271,1,0
14486.0,-0.8930851665904953,-0.5568260068131017,-1.2706676352439727,-1.5498034423331242,-0.01903812201252675,-1.8163206498761402,-1.7643485641128949,-0.8039250393948271,1,0
14487.0,0.3078001502156334,0.6548432754922423,-0.2738918257014241,-0.5049932570273378,-0.2408349597517016,0.5055184603984593,0.9084756515476784,0.42541977181113405,1,0
14488.0,-1.0552626048729952,-1.0577180989205999,1.8277743706424834,1.8428685595786645,-0.5240616037158959,-0.14210498399285518,0.07384838550817617,1.7659550299964637,1,0
14489.0,0.5085912642796806,0.07422339860702587,0.5820247957670899,0.487551509082823,-0.3255248900786423,0.5055184603984593,0.3523677281481314,-0.8039250393948271,1,0
14490.0,-0.9703125181535904,-0.5568260068131017,1.2449526995572957,1.1424420472040167,-0.49396004702158236,-0.49273161976031987,0.4350642467200411,-0.8039250393948271,1,0
14491.0,-0.2945731919765084,-0.5568260068131017,-0.8074464882716869,-0.6507647316491009,0.319032439632685,-0.07426329780256188,-0.7135169018659211,-0.8039250393948271,1,0
14492.0,-0.3254641326017464,0.6548432754922423,-0.34185026379688355,-0.0031006706950917227,0.3842378720838967,-0.07426329780256188,0.41227490000197986,1.3562632318428542,1,0
14493.0,1.3928444396771196,1.048245697623346,0.8313148037638991,0.8480158997944744,-0.2806900958702995,1.932129182619007,1.575134519210314,1.3056202738679257,1,0
14494.0,1.6708629053042618,-0.20143741171417867,-0.7997793190621191,-0.979003641486209,-0.04710267285787049,-1.2630078044453297,-0.7135169018659211,-0.8039250393948271,1,0
14495.0,1.2963102502232506,-0.20143741171417867,-1.991663711638178,-2.1010257442393705,0.3911405111828612,-0.49273161976031987,-1.3787746355824586,1.1620610054185785,1,0
14496.0,0.18809775529283598,0.6548432754922423,-0.14119085701601314,0.2785474389300659,0.4159337292092261,0.40232454155815495,0.3398428478240282,1.3562632318428542,1,0
14497.0,0.35027519357533565,-0.5568260068131017,0.12815070761061717,0.3215213373875933,0.08722238051119377,-0.07426329780256188,-0.03819322927216564,1.4608215350480005,1,0
14498.0,0.9063121248296203,1.048245697623346,0.393123280935208,0.4785106162117948,-0.09825952536571687,2.000618897443466,1.5290669098179432,-0.8039250393948271,1,0
14499.0,0.6553232322495613,0.6548432754922423,0.2068919275636113,0.14247610503807798,-0.20040958565095962,-0.07426329780256188,1.2618743296985702,1.3562632318428542,1,0
14500.0,-0.6652644794793648,-0.20143741171417867,-1.4222953564257719,-1.1385446828825083,0.6618066459521275,-0.07426329780256188,-1.4883189463764042,-0.8039250393948271,1,0
14501.0,-0.5301166142439484,-0.5568260068131017,-0.6501465109665858,-1.0648297286080437,-0.3234124111729168,-0.7678395663192259,-1.195715760389244,1.4608215350480005,1,0
14502.0,0.07997946310450284,1.1557353675997408,-0.0852345992069068,-0.2761456931274105,-0.2499990942921143,0.22741126261658207,1.7643301118916719,0.9917078520475852,1,0
14503.0,-0.37952327869591296,0.48988501576479315,0.8833893841848252,1.0397979957146444,-0.1557740298281067,0.16253566624592464,0.8007323595364199,-0.8039250393948271,1,0
14504.0,-0.1632866943192467,0.07422339860702587,-0.6977673183844557,-0.6679907924043458,0.14624164822995628,-0.07426329780256188,0.5695118981833196,-0.8039250393948271,1,0
14505.0,1.6978924783513452,1.7867847730198683,0.705417000885251,1.1315688635110899,0.17549185286492863,1.4081348126143514,2.494852845114842,1.3434851924743079,1,0
14506.0,1.1920533256130723,0.6548432754922423,-0.07094999616330684,0.6125042250229604,0.7024240292253349,0.09371390337111857,1.451470002234734,-0.8039250393948271,1,0
14507.0,1.6708629053042618,1.1557353675997408,-0.058252712934884335,0.11102247706433718,0.11389535609901667,0.22741126261658207,1.1890004242354304,0.9917078520475852,1,0
14508.0,0.9449258006111679,0.29945468039331957,-0.7726176796743298,-0.615220354685724,0.3093193536860618,0.09371390337111857,0.9866646657794853,0.7169161657937569,1,0
14509.0,-1.0552626048729952,-1.0577180989205999,-1.4497626444781349,-1.232772137769046,0.5915712376355373,-0.3319664456362507,-0.41184883109283577,-0.8039250393948271,1,0
14510.0,-0.819719182605555,-0.20143741171417867,0.6679583204819738,0.2707113359663249,-0.6231551342496381,-0.3319664456362507,0.3768580162303092,1.1620610054185785,1,0
14511.0,-0.584175760338115,0.29945468039331957,0.0666744149009901,-0.061796108268945577,-0.22762026973844876,0.6467390474220279,0.18774476871599804,0.7169161657937569,1,0
14512.0,1.0491827252213464,0.6548432754922423,-0.35480874479920405,-0.6168237036682214,-0.25034864025762427,0.6445604725968617,0.2175794647945466,-0.8039250393948271,1,0
14513.0,0.7518574217034302,0.48988501576479315,-0.4300212826665451,-1.004401170379708,-0.5269763307090879,-1.0222871175758335,-0.8101418318588084,0.5566200963305212,1,0
14514.0,1.512546834599917,0.9305040858134475,0.6823453899154551,0.8426478395040216,-0.09875810038213628,0.09371390337111857,1.313536570583899,0.22484244827571642,1,0
14515.0,1.0028463142834891,1.254616278688769,0.08676888222284397,0.1727361866102063,-0.014821608542131402,0.40232454155815495,0.7714305402067275,0.9153033772197167,1,0
14516.0,-1.0552626048729952,-1.0577180989205999,-0.8307785687615927,-0.7038952059375777,0.2926470869224445,-0.49273161976031987,-0.14488409814227088,-0.8039250393948271,1,0
14517.0,-0.6382349064322815,-0.5568260068131017,-1.2589388731438462,-0.6931352520801389,0.9499567432399466,-0.07426329780256188,-0.7135169018659211,-0.8039250393948271,1,0
14518.0,-1.0552626048729952,-1.0577180989205999,0.6849408455258915,-0.6200227170577405,-1.2971611510458776,0.22741126261658207,-0.7604075912169913,-0.8039250393948271,1,0
14519.0,-0.8815010638560311,-0.5568260068131017,-1.369362910844565,-1.3327417576168143,0.3563869797477305,-0.7231586611558216,-0.07921996423456719,-0.8039250393948271,1,0
14520.0,0.06067262521372907,-0.5568260068131017,-0.7548805010380715,-0.9640990415144589,-0.09054730438959453,-0.5229139223515364,-1.947407439306109,-0.8039250393948271,1,0
14521.0,-1.0552626048729952,-1.0577180989205999,0.3869996526675594,-0.4375451661718466,-0.9136406416751434,-0.07426329780256188,-0.7135169018659211,1.7659550299964637,1,0
14522.0,1.493239996709143,0.8003467725008181,-0.21247832535746608,-0.30537375029583363,-0.11833430153002228,-0.619945652967382,-0.1679944637358899,-0.8039250393948271,1,0
14523.0,-1.0552626048729952,-1.0577180989205999,0.574516807825173,-0.17987706098747408,-0.8968560382771616,-0.09503028911869377,-0.980481634816486,-0.8039250393948271,1,0
14524.0,0.43136391271658553,1.3461657029712149,-0.5250407127567442,-0.2697246448319126,0.34495748774001944,2.000618897443466,1.4482081143348087,-0.8039250393948271,1,0
14525.0,1.6747242728824165,1.656627459707239,0.7955345781039339,0.7707860952577035,-0.3118365368506312,0.6445604725968617,1.6995917920152146,0.8615676530235191,1,0
14526.0,-1.0552626048729952,-1.0577180989205999,0.20947810263266703,-0.06470577667356915,-0.40411150251008005,-0.5602283770286947,-0.018424472070835033,-0.8039250393948271,1,0
14527.0,1.7828425650707498,4.03074230544541,-1.0661859191516294,-0.28245968610815775,1.1566504918467246,1.4081348126143514,2.1740019038491014,1.5267379163769972,1,0
14528.0,-1.0552626048729952,-1.0577180989205999,0.6849408455258915,0.3814665360919494,-0.5443055101893676,-0.49273161976031987,-0.6691621147691496,-0.8039250393948271,1,0
14529.0,-0.8621942259652573,-0.20143741171417867,-0.2578782519020756,-0.38917238416196986,-0.14522121841355334,0.09371390337111857,1.1662742139876363,-0.8039250393948271,1,0
14530.0,1.5009627318654526,1.5860167045095306,0.2645609947608275,0.4652535317991199,0.05694679642794816,0.6445604725968617,1.5080692513565126,0.6597416579845705,1,0
14531.0,-1.0552626048729952,-1.0577180989205999,0.6125873781522663,0.4260347767138977,-0.4202550423032425,-0.23305906672429438,-0.2944540898073254,-0.8039250393948271,1,0
14532.0,0.7286892162345017,1.1557353675997408,-0.4028668808061455,0.3304927097815821,0.8695312759244163,0.22741126261658207,1.3019000105696792,0.07951852525571697,1,0
14533.0,1.2074987959256913,1.1557353675997408,1.4210901372999438,0.18438601903448024,-1.368488131073544,-0.07426329780256188,0.4572375891095386,1.2321901792666519,1,0
14534.0,1.38512170452081,2.1575195518147376,-0.316496150369342,-0.17927641319988177,0.15287879936748475,0.40232454155815495,1.9049587210256105,1.4080772117532363,1,0
14535.0,1.2345283689727746,0.9305040858134475,0.9644828618009343,1.2120207631038054,-0.08459869793512736,0.16253566624592464,2.149348050074822,0.8107045800741712,1,0
14536.0,-1.0552626048729952,-1.0577180989205999,-1.395506342811086,-0.640176914766369,1.237669819044745,-0.07426329780256188,-0.6691621147691496,-0.8039250393948271,1,0
14537.0,1.130271444362596,-0.5568260068131017,-0.2765838864567547,0.2082534658941686,0.5323473868806166,-0.23305906672429438,-0.47751296500053947,1.4608215350480005,1,0
14538.0,1.334923926004798,0.29945468039331957,-1.0229335800649133,-0.0050370051047184585,1.4433172774382619,1.3155995981328836,0.05620547486057961,-0.8039250393948271,1,0
14539.0,-0.9432829451065071,-0.5568260068131017,0.4022443989760323,-0.03223562521888918,-0.595453171476502,-0.49273161976031987,-0.2415090281351582,-0.8039250393948271,1,0
14540.0,1.7365061541328926,1.1557353675997408,-0.0015531920542686953,0.30778599233447584,0.2504477332517826,0.6445604725968617,1.2536293987300506,0.07951852525571697,1,0
14541.0,1.4275967478805123,1.4313961779209454,-0.6482465106075338,-0.5878761187272327,0.16514515241923958,-0.23305906672429438,0.6932415259749206,-0.8039250393948271,1,0
14542.0,-1.0552626048729952,-1.0577180989205999,-2.1742906825194512,-1.33005461320301,1.656315163733516,-0.8464662631382949,-1.6147785724478398,-0.8039250393948271,1,0
14543.0,1.6863083756168809,2.6430654602262895,-0.812786449476123,0.4471611651809704,1.6871311996658231,1.291233333596757,0.7487462269343014,1.0209034481858779,1,0
14544.0,0.6669073349840255,-0.20143741171417867,1.8461515491646037,1.7498922425621488,-0.626615491023146,0.22741126261658207,1.0203829895905052,-0.8039250393948271,1,0
14545.0,-1.0552626048729952,-1.0577180989205999,0.50793764233685,0.3243305652980828,-0.39199120903103674,-0.7231586611558216,-0.47751296500053947,-0.8039250393948271,1,0
14546.0,1.7558129920236665,1.1557353675997408,0.5487742256425315,0.7360397767926289,-0.03511666659601851,0.3469702689073076,1.8527625080827745,1.7049905445456073,1,0
14547.0,-0.8583328583871026,0.8003467725008181,0.8817689209593922,0.8155701386488728,-0.37284131424483485,0.6467390474220279,1.257762222211382,0.31649817812236203,1,0
14548.0,1.195914693191227,0.9305040858134475,-0.28183764940054673,0.08041887114416071,0.3928602631811502,-0.07426329780256188,0.36470425725432115,-0.8039250393948271,1,0
14549.0,0.5896799834209304,0.07422339860702587,-0.43092725343128185,-0.248999029353901,0.23505859614752578,-0.07426329780256188,0.8290235674343082,-0.8039250393948271,1,0
14550.0,0.771164259594204,0.07422339860702587,0.2963164304027624,0.28108006402860486,-0.17458988702830386,0.09371390337111857,0.48941283948908304,-0.8039250393948271,1,0
14551.0,1.5048240994436073,0.6548432754922423,-0.806347855339597,-1.0635902596064153,-0.12573966862841485,-0.07426329780256188,0.4006383399877607,1.0320515692003946,1,0
14552.0,0.6476004970932518,-0.20143741171417867,-0.56689802315073,-0.651069967476331,-0.012546594280619017,-0.5602283770286947,0.8763004011681347,-0.8039250393948271,1,0
14553.0,0.8368075084228348,0.9305040858134475,-0.16322207228383795,-0.4028107371963561,-0.27768831723490184,2.744916198564831,1.3906745100710023,0.22484244827571642,1,0
14554.0,-0.8930851665904953,0.07422339860702587,0.9926636651225073,1.0506399801396626,-0.28130415424869326,0.6445604725968617,1.0148586338590864,-0.8039250393948271,1,0
14555.0,1.5086854670217622,0.48988501576479315,-0.042702485187903955,0.46032599897395016,0.4816744019351249,-0.07426329780256188,0.651162367871365,0.5566200963305212,1,0
14556.0,-0.7000167876827577,-0.20143741171417867,-0.31173835887176293,0.01602703002870512,0.36273297509781244,-0.07426329780256188,1.0736720914128266,-0.8039250393948271,1,0
14557.0,-1.0552626048729952,-1.0577180989205999,1.3414765081033388,1.4336663341246487,-0.33558654953893524,-1.277214299835045,-0.7604075912169913,1.7659550299964637,1,0
14558.0,-0.757937301355079,-0.20143741171417867,-1.0768049265508703,-0.313605191623208,1.1343149755289015,0.22741126261658207,-0.9196861426527538,1.6204927696584461,1,0
14559.0,-1.0552626048729952,-1.0577180989205999,-0.7696412719700645,-1.7507920331779119,-0.8009717469591696,-2.1228885995770903,-2.18341137617149,-0.8039250393948271,1,0
14560.0,1.7635357271799759,2.788568957234865,-0.3743402611525961,-0.927970945235232,-0.521367682928746,-0.07426329780256188,0.2877387536535113,-0.3086790548258932,1,0
14561.0,-0.6343735388541268,-0.20143741171417867,0.8962666858470114,0.3665583022466332,-0.7844372402976103,-0.3319664456362507,0.3768580162303092,-0.8039250393948271,1,0
14562.0,1.5202695697562263,2.1575195518147376,-0.4157652004467878,-0.08337152160405134,0.3993479129146423,1.1608512063238763,1.431701245033403,0.4878572895827382,1,0
14563.0,-0.7347690958861505,-0.5568260068131017,0.13785181482321113,0.28667084416349303,0.037155411346653545,0.16253566624592464,0.6597526424467606,-0.8039250393948271,1,0
14564.0,0.10700903615158612,-0.5568260068131017,1.5999999303446648,2.118704792466087,0.025690264012637628,0.22741126261658207,0.7563775724396483,1.8371065454341933,0,0
14565.0,0.4043343396695022,0.29945468039331957,1.0455263892983533,1.4047649109233777,0.00938546787827627,1.4092449345986064,0.9692711437114102,1.3056202738679257,1,0
14566.0,0.5780958806864662,0.07422339860702587,1.5174747724440791,1.7889155822991305,-0.2053091167581921,-1.8553510442694128,-1.195715760389244,-0.8039250393948271,0,0
14567.0,-0.7695214040895432,-0.5568260068131017,0.36110582381446565,1.3929424425429562,0.9881849432290115,-0.07426329780256188,-0.19177478749334104,1.4608215350480005,1,0
14568.0,-1.0552626048729952,-1.0577180989205999,1.5958095044021385,1.6437470363072644,-0.4392731035854915,-0.49273161976031987,0.09111983872311039,1.7659550299964637,0,0
14569.0,1.2692806771761673,0.07422339860702587,-0.8872545120854467,-0.8265839321606366,0.23586603706799406,0.09371390337111857,-0.2415090281351582,-0.8039250393948271,1,0
14570.0,-0.42585968963377,-0.20143741171417867,-0.027599226035202984,-0.40302469070248625,-0.4409365104295008,-0.07426329780256188,0.3398428478240282,-0.8039250393948271,1,0
14571.0,-1.0552626048729952,-1.0577180989205999,-1.0191860809061732,-0.7228162257082059,0.545158827330835,-0.3319664456362507,-0.26755450858075713,-0.8039250393948271,1,0
14572.0,1.3310625584266433,1.1557353675997408,0.6398279131621629,0.8412422978603253,-0.045060438652311054,0.40232454155815495,1.689911871729437,1.2321901792666519,1,0
14573.0,0.9565099033456321,1.3461657029712149,-1.0783233311762326,-0.6555040855923904,0.714334140432873,0.40232454155815495,1.19347108230788,1.0953505504041956,1,0
14574.0,-1.0552626048729952,-1.0577180989205999,-0.9123884530256321,-0.8824561777602457,0.2093953756222117,-0.49273161976031987,-1.0461457687241897,-0.8039250393948271,1,0
14575.0,-1.0552626048729952,-1.0577180989205999,0.191244061185925,0.7015123509802879,0.41928408530308614,-0.07426329780256188,0.42374870558137934,-0.8039250393948271,1,0
14576.0,-1.0552626048729952,-1.0577180989205999,-2.641647037054194,-2.7665150905940252,0.6080945071432481,-1.485945419229041,-2.516040243029759,-0.8039250393948271,1,0
14577.0,1.7094765810858095,0.6548432754922423,-0.6322294600049999,-0.459020370090697,0.2849191799126918,-1.0222871175758335,0.733267206846029,-0.8039250393948271,1,0
14578.0,-1.0552626048729952,-1.0577180989205999,0.5260953871537395,-0.6654533435453313,-1.199857307359047,-1.0222871175758335,-0.4440240814723802,-0.8039250393948271,1,0
14579.0,-1.0552626048729952,-1.0577180989205999,-1.0380543813173266,-1.3001351356528805,-0.0669044677789967,-0.5602283770286947,-0.4440240814723802,-0.8039250393948271,1,0
14580.0,-1.0552626048729952,-1.0577180989205999,-3.920369757400348,-3.901514136271961,1.4882308574868919,-1.0222871175758335,-2.516040243029759,-0.8039250393948271,1,0
14581.0,0.9835394763927154,-0.5568260068131017,0.050745179909983035,-0.3235927422087748,-0.4588523539380138,-0.07426329780256188,0.2741787139163245,-0.8039250393948271,1,0
14582.0,-1.0552626048729952,-1.0577180989205999,-0.7548805010380715,-1.1947715476460858,-0.3210305634228539,-0.3319664456362507,-1.4883189463764042,-0.8039250393948271,1,0
14583.0,1.323339823270334,0.8003467725008181,-0.022300178358662773,-0.28816519334538276,-0.3388174931354189,-0.07426329780256188,1.7302852380162266,-0.8039250393948271,1,0
14584.0,0.8406688760009895,0.8003467725008181,-0.21805049953656938,-0.3136751621240869,-0.11962268018296188,0.16253566624592464,0.8957565793121419,0.31649817812236203,1,0
14585.0,0.3579979287316452,0.29945468039331957,-0.16890218959256986,-0.25187015071988417,-0.11989225748320204,-0.49273161976031987,0.5976414102639861,-0.8039250393948271,1,0
14586.0,-1.0552626048729952,-1.0577180989205999,1.1914399384085066,-0.20107458864722635,-1.4230839409682994,-1.7601883558991351,-0.6270829566655943,1.8596832102061218,1,0
14587.0,0.15334544708944317,0.9305040858134475,-0.5974606055359065,-0.5927824353671834,0.09028130943125662,-0.07426329780256188,1.1333612263946888,0.22484244827571642,1,0
14588.0,-1.0552626048729952,-1.0577180989205999,-0.9294738443621855,-0.963197907953967,0.14475799203615683,-0.07426329780256188,-0.7604075912169913,-0.8039250393948271,1,0
14589.0,-1.0552626048729952,-1.0577180989205999,-3.4804806909179686,-2.6124053685240733,2.365330851382205,-0.5602283770286947,-1.947407439306109,-0.8039250393948271,1,0
14590.0,0.13403860919866942,1.8470577950787128,-1.265960903663203,-0.8212873246761735,0.8033951395857721,-0.07426329780256188,0.8763004011681347,1.3056202738679257,1,0
14591.0,-0.29071182439835364,0.07422339860702587,0.8513453303017432,0.372334196052108,-0.7331389319214288,0.22741126261658207,0.9633903749728084,-0.8039250393948271,1,0
14592.0,-0.9432829451065071,-0.20143741171417867,-0.06835143221982744,-0.5023755119965774,-0.48518182360474327,0.09371390337111857,0.9271919856078553,-0.8039250393948271,1,0
14593.0,1.6824470080387262,1.254616278688769,0.06288647288273712,0.15914872772898755,0.002510990697557032,-0.07426329780256188,1.9030836031211888,1.4608215350480005,1,0
14594.0,0.3579979287316452,-0.5568260068131017,-0.5011263753236017,-0.5040786884740864,0.05478817211738449,-0.49273161976031987,0.10803515400060046,-0.8039250393948271,1,0
14595.0,1.527992304912536,0.8003467725008181,0.04374580125937548,-0.02307430444651291,-0.16005656441818747,-0.07426329780256188,0.8428115176399747,-0.8039250393948271,1,0
14596.0,-1.0552626048729952,-1.0577180989205999,-0.6703000303320932,-0.2470280749801518,0.5833047727456855,1.1608512063238763,0.14085407936492755,-0.8039250393948271,1,0
14597.0,0.5896799834209304,0.48988501576479315,0.5313346519025862,0.39153419582737903,-0.35626947300296063,-0.2521611112671691,0.5101826507817058,-0.8039250393948271,1,0
14598.0,0.9719553736582512,-0.5568260068131017,0.19735618962128842,-0.4891089367334454,-0.7647473370188739,-1.0222871175758335,0.5502083316528148,1.4608215350480005,1,0
14599.0,-0.5957598630725792,-0.5568260068131017,0.0007738502027300541,-0.20159014600746103,-0.28326142567943,-0.49273161976031987,0.48941283948908304,-0.8039250393948271,1,0
14600.0,-0.7154622579953767,-0.5568260068131017,0.5417378816094736,0.6157127741652365,-0.14923666561557192,-0.07426329780256188,0.18774476871599804,-0.8039250393948271,1,0
14601.0,-1.0552626048729952,-1.0577180989205999,0.14106633547931893,-0.3421375529124342,-0.5785890393258325,-1.485945419229041,-1.3787746355824586,-0.8039250393948271,1,0
14602.0,-1.0552626048729952,-1.0577180989205999,-0.6568228392834701,-0.3978769868620849,0.3889804339853933,-0.07426329780256188,-0.2415090281351582,-0.8039250393948271,1,0
14603.0,-1.0552626048729952,-1.0577180989205999,1.0784879096957949,1.1913573587771087,-0.24944159322596546,-1.606782133071617,-2.18341137617149,-0.8039250393948271,1,0
14604.0,-1.0552626048729952,-1.0577180989205999,-0.5546391364723908,-0.8809474971463027,-0.26182205447560775,-0.3319664456362507,-0.5870572757944853,-0.8039250393948271,1,0
14605.0,0.3232456205282524,0.07422339860702587,-0.35480874479920405,-0.21877171560834788,0.16261531464939966,0.40232454155815495,0.5976414102639861,-0.8039250393948271,1,0
14606.0,1.7828425650707498,4.5872755433301196,-0.6555678941721951,-0.7574644584224505,-0.0064269916276989145,2.000618897443466,2.7737454102323165,1.1993212768969768,1,0
14607.0,1.6824470080387262,1.9594399542263008,1.697391780290449,1.8843736428364315,-0.3331153817404765,1.1608512063238763,0.7487462269343014,0.8307160222532001,1,0
14608.0,1.7596743596018212,1.1557353675997408,-0.6010529926849284,0.13911249363897704,0.9432947746857999,-0.3268103124711503,-0.8101418318588084,0.07951852525571697,1,0
14609.0,1.2461124717072387,1.048245697623346,2.3317319449982494,-0.83681029220425,-2.105758256435375,-2.4946794083711,-1.4883189463764042,0.14676385148134682,1,0
14610.0,-0.5957598630725792,-0.5568260068131017,-3.1026027834795404,-4.153863122814727,-0.27116995692274276,-1.0222871175758335,-1.1175267461574372,-0.8039250393948271,1,0
14611.0,-0.4567506302590081,-0.5568260068131017,0.734349380217294,0.12724140829204877,-0.8131969679913597,0.22741126261658207,-0.1005293110454993,1.4608215350480005,1,0
14612.0,-1.0552626048729952,-1.0577180989205999,-0.1026281569786321,1.5800064120093518,1.9998796702611419,0.09371390337111857,-0.8630868935309756,-0.8039250393948271,1,0
14613.0,-1.0552626048729952,-1.0577180989205999,-0.7696412719700645,-1.7380201052144468,-0.7905173533493238,-2.222738076020031,-2.516040243029759,-0.8039250393948271,1,0
14614.0,-1.0552626048729952,-1.0577180989205999,0.2681356270811905,0.0951891046688357,-0.3223857305030391,-0.8464662631382949,-0.6270829566655943,-0.8039250393948271,1,0
14615.0,-0.46061199783716283,0.29945468039331957,-0.4282116076385533,-0.5009574232846175,-0.03897735066240271,-0.07426329780256188,-0.03819322927216564,0.7169161657937569,1,0
14616.0,0.1263158740423599,0.29945468039331957,-1.5671635546334064,-1.3001863816309123,0.6905702510823194,-1.0222871175758335,-1.947407439306109,-0.8039250393948271,1,0
14617.0,-1.0050648263569832,-0.5568260068131017,-1.382355879645592,-1.439266276824177,0.25508857843437677,-1.0222871175758335,-1.3787746355824586,-0.8039250393948271,1,0
14618.0,1.0182917845961084,0.6548432754922423,-0.41129574516049494,-0.49094907118291053,-0.050802233486388876,0.22741126261658207,-0.03819322927216564,1.0320515692003946,1,0
14619.0,0.08770219826081235,-0.5568260068131017,0.7564159021761392,1.1613304454303508,0.13806368394141566,0.16253566624592464,0.26039076371065795,1.4608215350480005,1,0
14620.0,-0.7540759337769242,-0.5568260068131017,-0.344716579672171,-0.3910800072693194,-0.03447544025684365,-0.49273161976031987,-0.38088803500765217,1.4608215350480005,1,0
14621.0,1.5781900834285476,0.9305040858134475,0.2713032203612822,0.2610970127559151,-0.16297317204812564,0.22741126261658207,0.9394364476328624,1.6862906204510737,1,0
14622.0,-1.0552626048729952,-1.0577180989205999,-0.010240456864841438,0.20774413847938128,0.15286980317406443,-0.5602283770286947,-0.5488939424337871,-0.8039250393948271,1,0
14623.0,1.145716914675215,1.048245697623346,-0.35582314405751814,-0.3939266601202684,-0.022803075840917782,0.09371390337111857,1.2368867007548323,0.7169161657937569,1,0
14624.0,1.0569054603776558,0.48988501576479315,-0.3397054856465021,-0.9603149419217835,-0.5894333915071552,-0.07426329780256188,-0.0584501529419441,-0.8039250393948271,1,0
14625.0,0.9796781088145607,1.1557353675997408,0.3068861723147342,0.5390189574333002,0.07861394572307812,0.22741126261658207,1.1188411353764651,1.5979375757150818,1,0
14626.0,1.6708629053042618,1.1557353675997408,0.7118246971954237,0.7907574476387079,-0.18871746406622586,1.1608512063238763,1.1845052692841687,1.2321901792666519,1,0
14627.0,-1.0552626048729952,-1.0577180989205999,0.7080246935635707,0.7075308621274724,-0.2662062573975576,-0.8464662631382949,-0.2944540898073254,1.8596832102061218,1,0
14628.0,1.2306670013946197,0.29945468039331957,0.4772965833392685,0.5076946921075742,-0.17617257320986407,0.22741126261658207,0.3523677281481314,-0.8039250393948271,1,0
14629.0,-0.8892237990123406,-0.5568260068131017,0.27383065290268127,0.7559834051722454,0.3627480501878639,0.20833604805906303,0.9333370609779713,1.4608215350480005,1,0
14630.0,-1.0552626048729952,-1.0577180989205999,-0.3052613251395872,0.2823769154420906,0.6622844870678434,-0.07426329780256188,-0.5488939424337871,-0.8039250393948271,1,0
14631.0,0.6321550267806327,0.48988501576479315,0.5010493656871502,0.2782105522023354,-0.4270588308738113,1.1608512063238763,0.3523677281481314,0.5566200963305212,1,0
14632.0,-1.0552626048729952,-1.0577180989205999,-0.46125679963733673,-1.189445098315442,-0.65577893363407,-0.5602283770286947,-1.282149705589571,-0.8039250393948271,1,0
14633.0,-1.0552626048729952,-1.0577180989205999,-0.46125679963733673,0.30726942976728283,0.9319711197237016,-0.3319664456362507,-0.5870572757944853,-0.8039250393948271,1,0
14634.0,-0.6536803767449005,0.07422339860702587,1.2679144016898993,0.8952604926676716,-0.7342993018340764,0.16253566624592464,0.7410432245545576,1.6719867635063792,1,0
14635.0,-1.0552626048729952,-1.0577180989205999,-0.23948967731245785,-0.3341589100809426,-0.11289382575095978,-0.07426329780256188,-0.8101418318588084,-0.8039250393948271,1,0
14636.0,-0.15942532674109194,-0.5568260068131017,-0.21693377280109097,0.13961359417001457,0.3668822840246003,-0.6943222153282232,-0.351053338929104,-0.8039250393948271,1,0
14637.0,-1.0552626048729952,-1.0577180989205999,-0.4174164944150915,-1.2858614124588439,-0.7834373135974108,-1.277214299835045,-1.3787746355824586,-0.8039250393948271,1,0
14638.0,-1.0552626048729952,-1.0577180989205999,0.12815070761061717,0.6499609239539713,0.4514772886089151,-0.09503028911869377,-0.7604075912169913,-0.8039250393948271,1,0
14639.0,1.2963102502232506,0.9305040858134475,0.6444449502343683,0.9508201762216733,0.06379258828175169,0.40232454155815495,1.2781196868122275,0.8107045800741712,1,0
14640.0,1.5009627318654526,1.048245697623346,0.12228812994045087,0.3907275494901825,0.16985170121888798,0.20833604805906303,1.1090163026658677,1.5675928766263612,1,0
14641.0,-1.0552626048729952,-1.0577180989205999,-0.5305292569807909,-1.238760526973755,-0.6227313641789671,-1.485945419229041,-1.3787746355824586,-0.8039250393948271,1,0
14642.0,-1.0552626048729952,-1.0577180989205999,-0.7117662213583644,-1.4267692486947083,-0.5869533969642676,-1.0222871175758335,-2.18341137617149,-0.8039250393948271,1,0
14643.0,1.099380503737358,0.29945468039331957,0.6747832638998361,0.27159478462700665,-0.6298515379398957,1.0134691263446138,0.24636711066584036,0.7169161657937569,1,0
14644.0,1.527992304912536,0.6548432754922423,-0.31499143455569134,0.20996196232634395,0.5912314166355366,0.22741126261658207,0.14085407936492755,1.6516236415683632,1,0
14645.0,0.7904710974849777,-0.20143741171417867,0.30554967700838387,0.0820644741289664,-0.3799164169257383,1.1608512063238763,0.05620547486057961,1.1620610054185785,1,0
14646.0,1.7867039326489045,4.3003622631373695,3.029089709619713,3.458415765135144,-0.42939432088063456,3.399499478022089,2.5512695680981397,-0.013880928029863978,0,0
14647.0,0.18809775529283598,-0.5568260068131017,-0.5305292569807909,-0.07728013396134863,0.5745047865240338,0.40232454155815495,0.0008790944596697093,-0.8039250393948271,1,0
14648.0,0.15334544708944317,1.5111239626986637,0.4405817389434628,0.13155301763573715,-0.4920114948901151,-0.07426329780256188,1.5581608711048394,0.9720793875323959,1,0
14649.0,1.5859128185848572,0.9305040858134475,0.6683971071119092,0.5738109017149966,-0.34714121867410397,0.16253566624592464,1.777562071750053,0.8107045800741712,1,0
14650.0,-1.0552626048729952,-1.0577180989205999,-2.022662961337652,-2.006838936871307,0.5479260850811816,-0.07426329780256188,-1.7643485641128949,-0.8039250393948271,1,0
14651.0,1.1225487092062867,0.9305040858134475,-0.4342556340100716,-0.26765841285369363,0.2191260031095265,1.7836956018958723,1.3287995917962476,-0.8039250393948271,1,0
14652.0,-1.0552626048729952,-1.0577180989205999,-1.0967119057658503,-1.1939416226892463,0.12484703825045529,-0.3319664456362507,-0.2944540898073254,-0.8039250393948271,1,0
14653.0,1.7867039326489045,1.254616278688769,0.11945406843522491,0.12294173645148253,-0.1088484892744678,2.8322077099910605,1.5141236236776097,-0.8039250393948271,1,0
14654.0,-1.0552626048729952,-1.0577180989205999,0.6653218673552708,-0.14772121196809446,-0.9594186942542545,-1.0222871175758335,-0.351053338929104,-0.8039250393948271,1,0
14655.0,1.2152215310820007,0.6548432754922423,0.884776428815772,0.9529248123270908,-0.24395615722433517,0.09371390337111857,0.4350642467200411,1.6516236415683632,1,0
14656.0,0.6205709240461685,0.29945468039331957,-0.9022648965724381,-0.7121148783855714,0.3858416810559807,0.09371390337111857,1.0203829895905052,-0.8039250393948271,1,0
14657.0,0.5587890427956924,0.48988501576479315,0.0007738502027300541,-0.16647503554779158,-0.24887371533363026,0.09371390337111857,0.9923815093050296,0.5566200963305212,1,0
14658.0,-0.6227894361196625,-0.5568260068131017,-1.954120175534579,-1.0868963726032734,1.5968333367963357,1.1608512063238763,-0.351053338929104,-0.8039250393948271,1,0
14659.0,0.13017724162051467,0.9305040858134475,-0.11249502879622095,0.02894421046566091,0.09933018486278353,-0.07426329780256188,1.0148586338590864,1.1620610054185785,1,0
14660.0,-1.0012034587788285,-0.5568260068131017,-0.2765838864567547,-0.8903093290016049,-0.5978819497142271,-0.09503028911869377,-0.4440240814723802,-0.8039250393948271,1,0
14661.0,-1.0552626048729952,-1.0577180989205999,-1.5366009722482303,-1.2698545597860278,0.6799173845834947,-0.2142740832441155,-1.7643485641128949,-0.8039250393948271,1,0
14662.0,1.6785856404605712,0.6548432754922423,-0.10607776219889468,-0.41805127776969425,-0.36195141583292817,0.22741126261658207,1.2618743296985702,-0.8039250393948271,1,0
14663.0,-1.0552626048729952,-0.5568260068131017,0.3210680726623974,-0.15634055775068312,-0.6146108230808269,0.22741126261658207,0.2877387536535113,-0.8039250393948271,1,0
14664.0,-1.0012034587788285,-0.5568260068131017,0.49411707419160367,0.2007855530574667,-0.49038103164043007,-0.3319664456362507,0.4998634741417061,-0.8039250393948271,1,0
14665.0,0.9989849467053344,0.6548432754922423,0.11131571575343993,0.4843474397876637,0.28820285086773495,0.22741126261658207,0.651162367871365,1.0320515692003946,1,0
14666.0,-1.0552626048729952,-1.0577180989205999,0.09517248681020817,-0.4664532408931681,-0.6368605488005972,-0.3319664456362507,-0.8630868935309756,-0.8039250393948271,1,0
14667.0,1.7519516244455116,3.0364678823573934,0.46470192705640984,0.4530386435786775,-0.2148389751442372,1.3155995981328836,2.133908756081617,0.34566621816509147,1,0
14668.0,-1.0552626048729952,-1.0577180989205999,-1.180206933732233,-1.2245050030781732,0.20756828086179033,-0.5602283770286947,-1.1175267461574372,-0.8039250393948271,1,0
14669.0,0.8599757138917633,0.6548432754922423,0.7433352044357744,0.7094975565237704,-0.30751766127133334,0.22741126261658207,1.6850287398948356,-0.8039250393948271,1,0
14670.0,0.690075540452954,-0.20143741171417867,-0.020125718219390003,-0.4292840883738898,-0.4739074343085248,-0.49273161976031987,1.0788154545053559,-0.8039250393948271,1,0
14671.0,-0.9818966208880547,-0.5568260068131017,0.7137197193850614,0.9764596233708319,-0.001256099029336285,0.16253566624592464,0.10803515400060046,-0.8039250393948271,1,0
14672.0,0.6669073349840255,0.07422339860702587,0.0985157866139212,0.015237019169820364,-0.1909603092742386,-0.07426329780256188,0.6424811892318264,-0.8039250393948271,1,0
14673.0,0.5124526318578354,0.6548432754922423,0.6137743584979436,0.6198558298300946,-0.23568325458240771,-0.07426329780256188,0.5789959775241094,-0.8039250393948271,1,0
14674.0,-1.0552626048729952,-1.0577180989205999,-0.38566105877315654,-0.6255609284325301,-0.22043707258304318,-0.07426329780256188,-0.8630868935309756,-0.8039250393948271,1,0
14675.0,0.3811661342005737,-0.5568260068131017,0.9734613952065676,0.9012379447283209,-0.4009448066399802,0.22741126261658207,1.249475649471019,-0.8039250393948271,1,0
14676.0,1.292448882645096,1.254616278688769,1.733868758323302,1.2645359188594725,-0.9078627738616792,-0.07426329780256188,0.48941283948908304,1.1620610054185785,1,0
14677.0,-1.0552626048729952,-1.0577180989205999,-0.06317290244604831,-0.540345198525869,-0.5256534249892706,-0.619945652967382,-0.8630868935309756,-0.8039250393948271,1,0
14678.0,-1.0552626048729952,-1.0577180989205999,0.20947810263266703,0.5205495649333484,0.1913936807651477,0.22741126261658207,-0.4440240814723802,1.7659550299964637,1,0
14679.0,0.2962160474811691,-0.20143741171417867,0.6318139560105275,0.6069580106909751,-0.2706405595367322,-0.2521611112671691,0.12460872225127,1.6204927696584461,1,0
14680.0,1.6863083756168809,3.123194846770614,1.238652706315094,1.7035013457034918,0.06789415594966886,0.16253566624592464,1.351174534905816,1.4608215350480005,1,0
14681.0,1.1920533256130723,0.48988501576479315,-1.7465235290484498,-0.8622438262024109,1.5375183531126015,-0.07426329780256188,-0.6270829566655943,-0.8039250393948271,1,0
14682.0,0.817500670532061,0.48988501576479315,0.07603000911384007,-0.11717583164292353,-0.2934923348550681,0.3469702689073076,0.5101826507817058,-0.8039250393948271,1,0
14683.0,-1.0552626048729952,-1.0577180989205999,1.0399341092472536,-0.8557367983040964,-1.651688171207097,-0.619945652967382,-0.5488939424337871,-0.8039250393948271,1,0
14684.0,0.35413656115349046,0.48988501576479315,0.17373699047371144,-0.15934616026723686,-0.4503406777166705,0.22741126261658207,1.5171341361424378,-0.8039250393948271,1,0
14685.0,-0.47605746814978184,0.8003467725008181,0.5766672543721266,1.0092977418086286,0.21930315957891933,0.40232454155815495,0.7714305402067275,1.5888608116488376,1,0
14686.0,-0.10922754822508014,0.29945468039331957,-0.47249938654325196,-0.598428949161753,-0.08192077739320859,0.09371390337111857,1.2023399657248122,0.7169161657937569,1,0
14687.0,0.6630459674058709,-0.20143741171417867,0.7054839431570593,0.721015141586442,-0.24986129433233925,-0.3319664456362507,-0.1679944637358899,-0.8039250393948271,1,0
14688.0,0.6784914377184899,2.2457965188165505,0.23374409202250243,-0.07933477872477805,-0.44628671721105767,0.6467390474220279,1.2536293987300506,0.7783074415255873,1,0
14689.0,-1.0552626048729952,-1.0577180989205999,-0.7117662213583644,-1.2103968029594343,-0.388236685293214,-0.5602283770286947,-0.9196861426527538,-0.8039250393948271,1,0
14690.0,0.3579979287316452,0.07422339860702587,-0.579297014423793,-0.4434661072447145,0.22774712148355278,0.22741126261658207,0.4006383399877607,0.9153033772197167,1,0
14691.0,-0.3524937056488297,0.29945468039331957,-0.04473223307225045,0.58476376697961,0.630045384146718,-0.07426329780256188,0.14085407936492755,-0.8039250393948271,1,0
14692.0,0.7981938326412872,1.254616278688769,-0.720016450681782,-0.8662857348697289,-0.0349172530363902,-0.07426329780256188,0.7094868830885774,0.02103660903962243,1,0
14693.0,-0.04744566697460407,0.6548432754922423,-1.0489854554317153,-0.6828669435255468,0.6370002024501339,-0.07426329780256188,0.019738861289862828,0.42541977181113405,1,0
14694.0,-1.0552626048729952,-1.0577180989205999,0.2907385264563425,-0.16183888929905887,-0.5858930259768439,-0.07426329780256188,-0.8101418318588084,-0.8039250393948271,1,0
14695.0,-0.2327913107260323,-0.20143741171417867,0.46116747230061655,0.9179260591369819,0.27931181338513406,0.09371390337111857,0.4788273542195676,1.1620610054185785,1,0
14696.0,0.5549276752175377,0.8003467725008181,0.49585430423090354,0.1583823494286335,-0.5307789475840891,-0.3319664456362507,0.9574671454424988,0.9153033772197167,1,0
14697.0,-1.0552626048729952,-0.5568260068131017,-0.5245845849687653,-1.4525231996852412,-0.8093255447887735,-0.44035248611375827,-0.5124273288630706,-0.8039250393948271,1,0
14698.0,-0.8621942259652573,0.29945468039331957,-0.19483728743886775,-0.1297088366171747,0.04110842897323805,-0.07426329780256188,1.0203829895905052,-0.8039250393948271,1,0
14699.0,0.14562271193313367,0.07422339860702587,-0.21247832535746608,-0.6100947484324573,-0.4165790322732493,-0.3319664456362507,0.05620547486057961,-0.8039250393948271,1,0
14700.0,0.6939369080311089,0.29945468039331957,0.8598179093575014,1.1132701933251181,-0.05048346620066035,-0.07426329780256188,0.7862122685181961,-0.8039250393948271,1,0
14701.0,1.5472991428033096,1.5111239626986637,-0.2322206388777039,0.13610310625307348,0.3848178213436542,1.1608512063238763,1.9379979669837204,0.7169161657937569,1,0
14702.0,1.7558129920236665,2.287676865127367,-0.4151963710051409,-0.2925324975283391,0.16547762212962178,0.40232454155815495,1.6947661091237132,0.17146691500164532,1,0
14703.0,-1.0552626048729952,-1.0577180989205999,0.23332301694338564,0.1974747087710193,-0.1787610196312273,-1.1639429167840407,-0.5124273288630706,-0.8039250393948271,1,0
14704.0,1.3117557205358696,1.1557353675997408,-0.31588033253882825,-0.6960539021761405,-0.374575224926818,0.09725622010391866,1.6474482582290062,-0.8039250393948271,1,0
14705.0,-1.0552626048729952,-1.0577180989205999,-0.4174164944150915,-0.5844480655187101,-0.13883911599297283,-1.8794321500245568,-2.516040243029759,-0.8039250393948271,1,0
14706.0,-1.0552626048729952,-1.0577180989205999,0.6249863694253284,0.47698837787804327,-0.3871103201415742,-0.07426329780256188,-0.41184883109283577,-0.8039250393948271,1,0
14707.0,-0.5108097763531746,-0.5568260068131017,-1.2021248494409003,-1.8621445362642346,-0.4180279439096241,-2.02650960880903,-2.516040243029759,-0.8039250393948271,1,0
14708.0,0.6939369080311089,0.29945468039331957,0.48853917024518373,0.3604630854119948,-0.33443077057944176,1.932129182619007,-0.351053338929104,0.7169161657937569,1,0
14709.0,1.7210606838202736,2.1108969658951904,0.12580947678964788,0.34829712684865605,0.11911730664457992,1.1608512063238763,0.7410432245545576,-0.005428274805381285,1,0
14710.0,1.7326447865547379,1.3461657029712149,-0.5480951274074322,-0.8434731756625613,-0.23299474073498092,-0.07426329780256188,1.6240448532588052,-0.8039250393948271,1,0
14711.0,-0.08219797517799686,1.1557353675997408,-0.5436136358107484,-0.07302365301755043,0.5990104612731897,2.93293348630791,1.3474875007173552,0.07951852525571697,1,0
14712.0,0.44680938302920453,0.07422339860702587,-0.38827213085837375,0.2554549514565762,0.7558961112881069,-0.07426329780256188,-0.4440240814723802,-0.8039250393948271,1,0
14713.0,1.7519516244455116,1.9045263848297673,0.07910912069253129,-0.1646481629272264,-0.34301806362708914,0.09371390337111857,1.351174534905816,0.6736602684416555,1,0
14714.0,1.5048240994436073,0.07422339860702587,0.09181885221478002,-0.2643749304098836,-0.45197707569577916,-0.07426329780256188,0.3398428478240282,1.6719867635063792,1,0
14715.0,1.512546834599917,0.8003467725008181,-0.1414882935984736,-0.243559887764477,-0.146605530381214,0.4050224433654097,0.7174904951184494,-0.8039250393948271,1,0
14716.0,0.4931457939670616,-0.20143741171417867,0.5730808050639267,-0.5143546201848219,-1.138530204252941,-0.49273161976031987,0.5695118981833196,-0.8039250393948271,1,0
14717.0,-1.0552626048729952,-1.0577180989205999,-1.6309996088557088,-1.6528084780634946,0.3730359757343195,-0.3319664456362507,-1.0461457687241897,1.7659550299964637,1,0
14718.0,-1.0552626048729952,-1.0577180989205999,0.33993637307355096,-0.2652150702773779,-0.7279344929204483,-1.277214299835045,-1.0461457687241897,-0.8039250393948271,1,0
14719.0,-0.09764344549061588,0.29945468039331957,0.36320022586980266,0.2070902230954299,-0.33001709957716274,-0.14210498399285518,1.1662742139876363,0.7169161657937569,1,0
14720.0,-0.5880371279162697,-0.20143741171417867,-0.7548805010380715,-0.2964851391504653,0.6517552456216756,0.22741126261658207,-0.1679944637358899,-0.8039250393948271,1,0
14721.0,-1.0552626048729952,-1.0577180989205999,-0.9824062899433923,-1.1752250898305359,-0.010169185467034316,-0.49273161976031987,-0.4440240814723802,-0.8039250393948271,1,0
14722.0,0.25374100412146683,-0.20143741171417867,-0.7403178672498535,-0.6455332606893612,0.2299395246217696,-0.3319664456362507,0.4350642467200411,-0.8039250393948271,1,0
14723.0,1.7442288892892022,1.1557353675997408,-0.330202651800042,-0.6748578212459182,-0.33705188529726476,0.22741126261658207,1.5610143130286798,-0.8039250393948271,1,0
14724.0,-1.0552626048729952,-1.0577180989205999,0.25665509743329146,0.3086500801228015,-0.09595093718368741,0.40232454155815495,-0.03819322927216564,-0.8039250393948271,1,0
14725.0,0.9140348599859299,0.07422339860702587,0.8866230674364721,0.24224243967885867,-0.8739613688714222,-0.09503028911869377,0.5695118981833196,0.9153033772197167,1,0
14726.0,-1.0552626048729952,-1.0577180989205999,-0.5186723091502936,-1.0740803671867094,-0.4885530376922389,-0.3319664456362507,-0.8101418318588084,-0.8039250393948271,1,0
14727.0,-0.004970623614901763,-0.20143741171417867,0.061160299204770084,-0.7712844112647835,-0.8541813801114354,0.22741126261658207,0.019738861289862828,1.1620610054185785,1,0
14728.0,-1.0552626048729952,-1.0577180989205999,-0.8307785687615927,-0.4993317656452122,0.5264172935120505,-0.3319664456362507,-0.8630868935309756,-0.8039250393948271,1,0
14729.0,-0.08219797517799686,-0.20143741171417867,-0.1717534394011896,-0.4477078614098445,-0.31086714243709773,-0.07426329780256188,0.8893223210263874,-0.8039250393948271,1,0
14730.0,0.006613479119562502,0.8003467725008181,-0.04397063253010862,-0.12709951570737765,-0.15332241997875215,0.6445604725968617,1.6423048951364767,-0.8039250393948271,1,0
14731.0,-0.4181369544774605,-0.20143741171417867,-0.5876424396344058,-1.0533583443054513,-0.3880268934227867,-0.09503028911869377,-0.07921996423456719,-0.8039250393948271,1,0
14732.0,1.7326447865547379,1.7867847730198683,-0.2247159380282223,0.07307696605975932,0.30309789653533215,0.40232454155815495,1.0940548473899332,0.9604732193673713,1,0
14733.0,0.4352252802947403,1.5111239626986637,1.0438517299572503,1.6979578928750576,0.3299387414904673,-0.07426329780256188,0.9751100560900954,0.7169161657937569,1,0
14734.0,-0.5687302900254959,0.07422339860702587,-0.4781646731909979,-0.05589746566468542,0.5219578091390255,0.16253566624592464,0.10803515400060046,0.9153033772197167,1,0
14735.0,1.7712584623362855,3.080592283601436,-0.6489586208580613,-0.3131432541917252,0.47470026316898134,0.22741126261658207,1.257762222211382,-0.232376953432956,1,0
14736.0,-1.0552626048729952,-0.5568260068131017,-0.6303605535519127,-0.4301418181817205,0.31459510151188863,0.22741126261658207,0.41227490000197986,-0.8039250393948271,1,0
14737.0,0.4777003236544426,0.07422339860702587,0.6443328216695712,1.596748472245594,0.7997396555896157,0.09371390337111857,-0.3222656930578095,-0.8039250393948271,1,0
14738.0,1.6090810240537858,0.9305040858134475,-0.603111138766218,-0.4173768519752428,0.2902198490819312,0.40232454155815495,0.26039076371065795,1.1620610054185785,1,0
14739.0,1.7751198299144402,2.1108969658951904,1.045080066170501,0.7081041855537219,-0.6554698309655939,0.22741126261658207,0.9084756515476784,0.28423309243913614,1,0
14740.0,0.7016596431874184,1.1557353675997408,0.2691733124092038,0.4330289202812117,0.01674634602034671,1.1608512063238763,1.1476287812477595,0.6326212419203412,1,0
14741.0,0.5124526318578354,0.6548432754922423,-0.027242174879198784,-0.1595194317804476,-0.20699928198471146,-0.3319664456362507,0.10803515400060046,-0.8039250393948271,1,0
14742.0,-1.0552626048729952,-1.0577180989205999,1.0057612076310438,1.0148940787714258,-0.33174366298333313,-0.5602283770286947,-0.1679944637358899,-0.8039250393948271,1,0
14743.0,-1.0552626048729952,-1.0577180989205999,-1.395506342811086,-2.2933145339694323,-0.5895511888737861,-1.9207421836798164,-1.947407439306109,-0.8039250393948271,1,0
14744.0,1.083935033424739,1.4313961779209454,0.16240633993466894,-0.06972014342745686,-0.3526787895810255,0.6873545789148016,0.24636711066584036,0.7783074415255873,1,0
14745.0,0.9719553736582512,1.254616278688769,0.11999965553635193,-0.3398690290058788,-0.552952057405899,-0.5602283770286947,0.4572375891095386,1.3358549073493926,1,0
14746.0,-0.9896193560443642,0.07422339860702587,-0.4228006242136921,-0.8390475606977013,-0.3821953957560488,-1.8163206498761402,-1.3787746355824586,-0.8039250393948271,1,0
14747.0,-1.0552626048729952,-1.0577180989205999,-0.6045283825049639,0.23971515709101104,1.0742406521944339,0.22741126261658207,-0.6691621147691496,1.7659550299964637,1,0
14748.0,1.323339823270334,1.048245697623346,0.535954107787792,-0.035022043633335546,-0.7417378305147194,-0.5602283770286947,0.9084756515476784,1.5675928766263612,1,0
14749.0,-1.0552626048729952,-1.0577180989205999,1.086574157772267,0.16273288846098755,-1.1169643785478405,-1.277214299835045,-0.6691621147691496,-0.8039250393948271,1,0
14750.0,-1.0552626048729952,-1.0577180989205999,-0.8790042827620301,-1.2196652666201233,-0.19063566557354744,-0.3319664456362507,-0.21626507557551844,-0.8039250393948271,1,0
14751.0,-0.8930851665904953,-0.5568260068131017,-1.6146850167897508,-1.9913406887138096,-0.022401964527638006,-1.0222871175758335,-1.3787746355824586,-0.8039250393948271,1,0
14752.0,-1.0552626048729952,-1.0577180989205999,0.6125873781522663,0.4733238719690699,-0.37581517800786024,-1.0222871175758335,-1.6147785724478398,-0.8039250393948271,1,0
14753.0,0.38502750177872846,-0.5568260068131017,0.36110582381446565,0.6225281031395838,0.09475227014315235,-0.3319664456362507,0.05620547486057961,-0.8039250393948271,1,0
14754.0,1.4391808506149766,0.48988501576479315,0.14427135975333222,-0.08552610332111789,-0.3459344283630683,-0.07426329780256188,0.778854696993705,0.5566200963305212,1,0
14755.0,1.7519516244455116,2.1108969658951904,0.1914892086116045,0.5053139685887038,0.19956481290915828,1.1608512063238763,1.340063343930377,0.7169161657937569,1,0
14756.0,0.5240367345922996,-0.20143741171417867,1.2629804421414481,1.5906639764450756,-0.08192087724217174,1.4092449345986064,0.7174904951184494,1.1620610054185785,1,0
14757.0,-1.0552626048729952,-1.0577180989205999,0.08845481873575128,0.5771221203940365,0.4254836214829139,-0.09503028911869377,-0.6270829566655943,-0.8039250393948271,1,0
14758.0,0.7441346865471207,0.6548432754922423,-0.22140759327582904,0.540294765660184,0.8450879843875727,0.6445604725968617,0.6248382785842298,-0.8039250393948271,1,0
14759.0,-0.17487079705371097,-0.20143741171417867,0.2719356307130436,0.9228795624786047,0.5572374433830228,0.16253566624592464,0.6337071620011621,-0.8039250393948271,1,0
14760.0,-1.0552626048729952,-1.0577180989205999,-1.395506342811086,-1.5276795439346917,0.1757698840650034,-0.8464662631382949,-1.6147785724478398,1.7659550299964637,1,0
14761.0,0.4352252802947403,-0.20143741171417867,-0.8203467583135057,-0.830559321054316,0.13844557380655984,-0.3319664456362507,-0.5488939424337871,-0.8039250393948271,1,0
14762.0,0.3464138259971809,-0.5568260068131017,0.4022443989760323,-0.3754049958660473,-0.8803585199563445,-0.3319664456362507,-0.3222656930578095,-0.8039250393948271,1,0
14764.0,-1.0552626048729952,-1.0577180989205999,0.27383065290268127,0.015310338390633692,-0.4051441053122119,-1.7601883558991351,-1.4883189463764042,1.7659550299964637,1,0
14765.0,-0.4876415708842461,-0.20143741171417867,-1.2706676352439727,-1.5974910656252694,-0.06891877948227247,-0.49273161976031987,-0.07921996423456719,-0.8039250393948271,1,0
14766.0,1.0414599900650368,1.1557353675997408,0.9750859025144327,1.014334167093205,-0.2950535598400803,0.09371390337111857,1.451470002234734,0.9917078520475852,1,0
14767.0,-1.0552626048729952,-1.0577180989205999,-0.24864500529645414,0.44924398575731744,0.7763949029602024,-0.07426329780256188,-0.6691621147691496,-0.8039250393948271,1,0
14768.0,-0.630512171275972,-0.5568260068131017,-1.8487072318595295,-1.4242414205710747,0.9833400307686742,-1.0222871175758335,-1.7643485641128949,1.4608215350480005,1,0
14769.0,1.7287834189765832,1.656627459707239,1.6240865593253992,1.6556425293945556,-0.46114273640773584,1.0445209855400752,2.434267909582976,0.8615676530235191,1,0
14770.0,0.5665117779520019,0.8003467725008181,0.32784448399851573,0.6836405125955292,0.20639303047305468,-0.07426329780256188,1.0421157499468463,0.31649817812236203,1,0
14771.0,-0.6112053333851982,-0.5568260068131017,0.8062233338029028,0.10520215192981723,-0.9018337753137017,-1.606782133071617,0.07384838550817617,1.4608215350480005,1,0
14772.0,-1.0552626048729952,-1.0577180989205999,-0.6303605535519127,-0.9250013285697094,-0.21064283880208107,-0.07426329780256188,-1.195715760389244,-0.8039250393948271,1,0
14773.0,-1.0552626048729952,-1.0577180989205999,-1.0967119057658503,-0.9125029926031466,0.43950815645958924,-0.07426329780256188,-1.1175267461574372,1.7659550299964637,1,0
14774.0,-1.0552626048729952,-1.0577180989205999,-0.4282116076385533,-0.17784849660143215,0.31040047839398616,0.16253566624592464,-0.9196861426527538,-0.8039250393948271,1,0
14775.0,0.15720681466759795,-0.20143741171417867,1.0547832707806764,0.2769400006294058,-1.0077073186142693,-1.606782133071617,0.24636711066584036,-0.8039250393948271,1,0
14776.0,0.4699775884981331,1.5111239626986637,0.8045994054564819,-0.14573983682840552,-1.0850173205276818,-1.1639429167840407,0.38883434171884856,0.9720793875323959,1,0
14777.0,-1.0552626048729952,-1.0577180989205999,0.39210507351394025,0.15132173254363931,-0.41736624415929335,0.22741126261658207,-0.7604075912169913,1.8723113812894887,1,0
14778.0,-0.35635507322698445,-0.5568260068131017,0.04022910473531481,0.38598195700687266,0.2786446597239833,-0.3319664456362507,-0.1679944637358899,-0.8039250393948271,1,0
14779.0,-0.8892237990123406,-0.20143741171417867,-1.771181406999852,-1.0316826746034644,1.3568444338661418,1.1608512063238763,-0.03819322927216564,-0.8039250393948271,1,0
14780.0,-0.9587284154191262,-0.5568260068131017,0.05422800770922354,-0.2807909322402603,-0.4231822985858322,0.22741126261658207,-0.38088803500765217,-0.8039250393948271,1,0
14782.0,-1.0552626048729952,-1.0577180989205999,-0.2765838864567547,-0.43312549501963926,-0.16575531102935415,-1.277214299835045,-1.4883189463764042,-0.8039250393948271,1,0
14783.0,-1.0552626048729952,-1.0577180989205999,0.6208690972058282,0.15017092522517,-0.6758864745271025,-0.49273161976031987,-0.7135169018659211,1.7659550299964637,1,0
14784.0,0.3464138259971809,-0.20143741171417867,-0.21247832535746608,-0.8244875377741693,-0.6110504086312977,1.1608512063238763,-0.41184883109283577,-0.8039250393948271,1,0
14785.0,-1.0359557669822212,-0.5568260068131017,-1.3438346759048645,-2.648042584018264,-0.9401237044808123,-2.1228885995770903,-2.18341137617149,-0.8039250393948271,1,0
14786.0,-1.0552626048729952,-1.0577180989205999,-0.2956177067290469,-1.501298679897564,-1.0659301299832853,-1.9376978457118947,-1.3787746355824586,-0.8039250393948271,1,0
14787.0,-1.0552626048729952,-1.0577180989205999,-0.9824062899433923,-1.2364353794079173,-0.0740474935626959,-1.277214299835045,-0.8630868935309756,-0.8039250393948271,1,0
14788.0,1.2190828986601554,-0.20143741171417867,0.5245937953185552,0.458566682991296,-0.2835715318276259,-0.07426329780256188,0.18774476871599804,-0.8039250393948271,1,0
14789.0,-1.0552626048729952,-1.0577180989205999,-0.2578782519020756,-0.4499281856971239,-0.20626787585298725,-1.0222871175758335,-1.4883189463764042,-0.8039250393948271,1,0
14790.0,1.6940311107731902,1.048245697623346,0.6299065589364923,-0.11613315135873857,-0.9014517644976575,1.1608512063238763,0.3523677281481314,-0.8039250393948271,1,0
14791.0,-1.0552626048729952,-1.0577180989205999,-0.16039312693195282,0.13382248864792393,0.2801379382399725,-0.5602283770286947,-0.6270829566655943,-0.8039250393948271,1,0
14792.0,-1.0552626048729952,-1.0577180989205999,-4.232476017011647,-4.978751864222317,0.6881673895275772,-1.1639429167840407,-2.18341137617149,1.7659550299964637,1,0
14793.0,0.9294803302985489,-0.5568260068131017,0.21848147320655012,0.17496291186022656,-0.18256031788100457,-0.8464662631382949,-0.0584501529419441,1.4608215350480005,1,0
14794.0,0.817500670532061,1.048245697623346,-0.6798346798922087,-0.4654797108375248,0.34541908536230387,2.4764919706870967,0.5695118981833196,1.073874783839221,1,0
14795.0,-1.0552626048729952,-1.0577180989205999,-2.2885962983419095,-1.003215346095815,2.3124407384920356,-0.5602283770286947,-1.4883189463764042,-0.8039250393948271,1,0
14796.0,1.7403675217110475,2.2024463901776357,0.6427992353487049,0.4336845291084777,-0.4485035231431039,0.16253566624592464,1.993637164824462,1.3820367923862882,1,0
14797.0,-1.0552626048729952,-1.0577180989205999,-0.4282116076385533,0.1188625897663452,0.6530011634485688,-0.07426329780256188,-0.7604075912169913,-0.8039250393948271,1,0
14798.0,1.2461124717072387,0.8003467725008181,-0.7241652126314274,-1.507566599505084,-0.6442114838274885,-1.0222871175758335,-0.26755450858075713,0.31649817812236203,1,0
14799.0,1.5936355537411666,-0.5568260068131017,0.559343134917605,-0.661876712259058,-1.2245963506089825,-0.3319664456362507,-0.5870572757944853,-0.8039250393948271,1,0
14800.0,0.4429480154510498,1.656627459707239,1.034644323102785,0.5903899889489882,-0.743649837910834,1.932129182619007,1.6923425808440873,1.208437966888955,1,0
14801.0,-1.0552626048729952,-1.0577180989205999,0.1850973029429482,-0.48121043707129946,-0.7454630708078225,-0.49273161976031987,0.23209955581276964,-0.8039250393948271,1,0
14802.0,-1.0552626048729952,-0.5568260068131017,-4.672365083494027,1.368329266993846,11.886351765702148,5.112288982878659,-2.516040243029759,1.8596832102061218,1,0
14803.0,-0.5532848197128769,-0.20143741171417867,-0.19192480266225062,0.03255274023128707,0.2122208786405584,-0.07426329780256188,-0.14488409814227088,-0.8039250393948271,1,0
14804.0,-1.0552626048729952,-1.0577180989205999,-0.21247832535746608,0.3399100572426549,0.5914889866059614,-0.07426329780256188,-0.980481634816486,-0.8039250393948271,1,0
14805.0,1.2847261474887863,0.6548432754922423,-0.9619358726852489,-0.7554698253419889,0.4229495149704959,-0.07426329780256188,0.5976414102639861,-0.8039250393948271,1,0
14806.0,0.35027519357533565,-0.5568260068131017,0.3895553662822543,-0.8088589125397819,-1.1813839382910782,-0.44035248611375827,-0.7135169018659211,-0.8039250393948271,1,0
14807.0,-0.05516840213091358,-0.5568260068131017,-0.19047148706953348,-0.0790597744133027,0.0891694027545014,-0.07426329780256188,-0.1005293110454993,-0.8039250393948271,1,0
14808.0,-0.5417007169784127,0.8003467725008181,0.6468529155500604,0.29834542617980114,-0.5755929824472372,2.432880753823806,1.1616524342925765,1.727656682103227,1,0
14809.0,-1.0552626048729952,-0.5568260068131017,-0.2578782519020756,0.30125720995531446,0.6136200903107549,-0.07426329780256188,-0.6691621147691496,-0.8039250393948271,1,0
14810.0,0.44680938302920453,1.3461657029712149,-0.5369678511173159,-0.5672991147742203,0.03581763522263876,0.40232454155815495,0.8828371985110838,-0.8039250393948271,1,0
14811.0,-1.0552626048729952,-1.0577180989205999,-0.7403178672498535,-0.6504860976586236,0.22446938650051956,-0.07426329780256188,-0.3222656930578095,-0.8039250393948271,1,0
14812.0,-1.0552626048729952,-1.0577180989205999,-0.08667345873840847,-0.5338253780461515,-0.4928185790530089,-0.2521611112671691,-0.12240697358821374,-0.8039250393948271,1,0
14813.0,-0.12467301853769916,0.07422339860702587,-0.3987797183497076,-0.22126888490865312,0.22077575534831828,0.5055184603984593,0.778854696993705,-0.8039250393948271,1,0
14814.0,-1.0552626048729952,-1.0577180989205999,-0.46125679963733673,-0.7328409475966206,-0.23211522709252827,-0.3319664456362507,-0.3222656930578095,-0.8039250393948271,1,0
14815.0,-0.9355602099501976,-0.5568260068131017,0.9999595899138087,0.47196026053956946,-0.8047782964000676,-1.0222871175758335,0.18774476871599804,-0.8039250393948271,1,0
14816.0,-1.0552626048729952,-1.0577180989205999,-3.4804806909179686,-0.01658581012549525,6.280493468661521,2.432880753823806,-1.7643485641128949,-0.8039250393948271,1,0
14817.0,0.5935413509990852,0.6548432754922423,0.939291899864219,0.9812118970426519,-0.28344148042221023,1.4092449345986064,0.9866646657794853,1.0320515692003946,1,0
14818.0,1.161162384987834,0.48988501576479315,-0.5186723091502936,-0.4677175478452615,0.11752546848014125,-0.07426329780256188,0.5883716650135135,-0.8039250393948271,1,0
14819.0,1.4700717912402146,0.07422339860702587,-1.312746591001433,-1.1546871477620897,0.47787374625530965,0.16253566624592464,0.17241042083090774,-0.8039250393948271,1,0
14820.0,1.477794526396524,0.9305040858134475,-0.650886299558311,-0.902030846650017,-0.16150600685678043,1.932129182619007,0.15678397263081445,-0.8039250393948271,1,0
14821.0,0.14176134435497892,0.6548432754922423,-0.855772133182499,-0.6011814050031081,0.44522233797714217,-0.07426329780256188,0.3523677281481314,-0.8039250393948271,1,0
14822.0,-1.0552626048729952,-1.0577180989205999,-0.4838596990124887,-0.7563788967546203,-0.22713399869818093,-0.49273161976031987,-1.195715760389244,-0.8039250393948271,1,0
14823.0,-1.0012034587788285,-0.20143741171417867,-1.7224136495568498,-1.2799998733384435,0.9598123946836061,-0.07426329780256188,0.23209955581276964,-0.8039250393948271,1,0
14824.0,1.3658148666300363,1.048245697623346,0.30407762803392874,0.5168344355358255,0.058775945791476505,0.09371390337111857,0.5599168914235233,0.7169161657937569,1,0
14825.0,1.2963102502232506,2.0624455833410726,-0.26097354623488855,-0.4506098856949682,-0.20305008766097268,0.40232454155815495,1.2111139929554766,0.31649817812236203,1,0
14826.0,-0.615066700963353,-0.5568260068131017,-0.7117662213583644,-0.4850129376215499,0.3691402837567684,-0.49273161976031987,-1.1175267461574372,-0.8039250393948271,1,0
14828.0,1.0144304170179534,1.3461657029712149,1.7556403071282718,1.3780757203819571,-0.8406368039798988,-0.49273161976031987,0.4350642467200411,-0.030266317867525,1,0
14829.0,0.5163139994359901,0.6548432754922423,-0.08103174073230536,-0.38064424454576967,-0.356410926322764,-0.5602283770286947,0.48941283948908304,1.0320515692003946,1,0
14830.0,-1.0552626048729952,-1.0577180989205999,0.1474669435887154,-0.45343770341044476,-0.6822742027980047,-0.5229139223515364,-0.0584501529419441,-0.8039250393948271,1,0
14831.0,-0.835164652918174,-0.20143741171417867,0.749110151149287,0.9646398847899755,-0.05989414028964828,-0.23305906672429438,0.3768580162303092,1.8222621776056886,1,0
14832.0,-1.0552626048729952,-1.0577180989205999,-4.672365083494027,0.2166722247855807,10.0739806634275,3.5007099974592157,-2.516040243029759,1.8596832102061218,1,0
14833.0,-1.0552626048729952,-1.0577180989205999,-1.0006403313901333,-1.4454510739857778,-0.2620585057211047,-1.277214299835045,-1.3787746355824586,-0.8039250393948271,1,0
14834.0,0.4506707506073593,0.6548432754922423,-0.18117494408538048,0.18456379289225763,0.3665792658437145,0.22741126261658207,0.2175794647945466,1.0320515692003946,1,0
14835.0,-0.7116008904172219,-0.5568260068131017,-0.5305292569807909,-0.8379056390655807,-0.24944159322596546,-1.9376978457118947,-2.516040243029759,1.4608215350480005,1,0
14836.0,-0.9780352533098999,-0.20143741171417867,-2.41637910521299,-2.814219707828172,0.20658724758801034,-0.8464662631382949,-1.6147785724478398,-0.8039250393948271,1,0
14837.0,1.242251104129084,0.9305040858134475,0.8919912126181462,0.4551710948007941,-0.7066378987369653,-0.49273161976031987,1.1381447019069697,1.1620610054185785,1,0
14838.0,0.15334544708944317,-0.5568260068131017,0.22146606911288833,0.46348589218364333,0.11314847683669549,-0.5602283770286947,0.4006383399877607,-0.8039250393948271,1,0
14839.0,0.049088522479264804,-0.20143741171417867,0.7992464613483503,0.14036456238103617,-0.8676446857459821,-0.07426329780256188,0.3010782951428931,-0.8039250393948271,1,0
14840.0,-0.004970623614901763,-0.5568260068131017,-0.5365066821719121,-0.5667029586636966,0.0358309686363336,-0.3319664456362507,-0.5870572757944853,1.4608215350480005,1,0
14841.0,1.5859128185848572,1.4313961779209454,0.7579750400651689,0.8443667667011757,-0.1932541772268418,-0.07426329780256188,1.249475649471019,-0.8039250393948271,1,0
14842.0,-0.032000196661985045,0.07422339860702587,0.7362054968851426,1.2835345218688796,0.30016699820074394,3.399499478022089,0.9021407650415885,1.7659550299964637,1,0
14843.0,-1.0552626048729952,-1.0577180989205999,-0.11882099381998272,-0.35592465915521965,-0.28661161465276164,-1.606782133071617,-1.195715760389244,-0.8039250393948271,1,0
14844.0,1.0414599900650368,1.048245697623346,1.1739907243723673,1.2123500508004408,-0.34552948149229934,-0.07426329780256188,1.0736720914128266,0.7169161657937569,1,0
14845.0,-1.0552626048729952,-1.0577180989205999,1.5174747724440791,-0.8242765684798474,-1.8637641163892145,-2.7881274855263936,-2.516040243029759,-0.8039250393948271,1,0
14846.0,-1.0552626048729952,-1.0577180989205999,0.2907385264563425,0.6307895175276926,0.1997934545138914,-0.23305906672429438,-0.980481634816486,1.7659550299964637,1,0
14847.0,0.5510663076393829,-0.20143741171417867,0.2014118950089062,0.6684125016932513,0.36710445125000607,-0.07426329780256188,0.23209955581276964,1.1620610054185785,1,0
14848.0,-1.0552626048729952,-1.0577180989205999,0.6125873781522663,0.16453057485059813,-0.6546741389522147,-1.606782133071617,-1.0461457687241897,-0.8039250393948271,1,0
14849.0,1.558883245537774,2.760807072036188,0.674399813474956,0.3592194109180511,-0.5523234543634604,0.22741126261658207,1.5379039474350604,0.5362774832434483,1,0
14850.0,-0.06289113728722308,0.6548432754922423,0.33534581645972067,-0.09676132404629684,-0.5780378349594284,0.22741126261658207,0.9084756515476784,1.0320515692003946,1,0
14851.0,1.288587515066941,-0.20143741171417867,0.38358264219643945,0.006336201744492581,-0.5403163579459586,-0.5602283770286947,-0.07921996423456719,-0.8039250393948271,1,0
14852.0,1.2074987959256913,1.7234195042875162,0.5387756956662174,0.29382408666043724,-0.4566442123672739,0.22741126261658207,1.0421157499468463,0.5566200963305212,1,0
14853.0,1.1881919580349174,0.29945468039331957,-0.8151682285397266,0.0009331451475968587,1.1106124072495671,0.22741126261658207,-0.38088803500765217,1.3056202738679257,1,0
14854.0,1.292448882645096,1.1557353675997408,0.6638810969871761,0.48497173311992076,-0.4255526876348061,1.1608512063238763,1.1333612263946888,0.9917078520475852,1,0
14855.0,0.8406688760009895,0.6548432754922423,1.3231242250748314,1.661090477335159,-0.08737938307702735,-0.07426329780256188,1.123709777120437,-0.8039250393948271,1,0
14856.0,-0.9780352533098999,-0.20143741171417867,0.5170545021025027,0.6299380985435203,-0.10320176914393253,0.09371390337111857,0.3523677281481314,-0.8039250393948271,1,0
14857.0,1.165023752565989,0.6548432754922423,0.7574555763598997,0.8708713189644086,-0.16607443443882058,0.09371390337111857,1.1333612263946888,1.3562632318428542,1,0
14858.0,-1.0552626048729952,-1.0577180989205999,-0.3649956734261198,-0.5712397100690981,-0.19230062791783,-1.0222871175758335,-1.0461457687241897,-0.8039250393948271,1,0
14859.0,1.037598622486882,0.29945468039331957,0.2010070060593561,0.2923006715517569,-0.04043450540514268,0.22741126261658207,0.15678397263081445,0.7169161657937569,1,0
14860.0,-1.0552626048729952,-1.0577180989205999,0.4894708147229819,-0.6519196786881416,-1.1604577622477028,-1.9207421836798164,-1.0461457687241897,1.7659550299964637,1,0
14861.0,1.5666059806940835,1.048245697623346,-0.33870603838307184,-0.9366037046425744,-0.5695039453439016,-0.5602283770286947,0.31420439478743356,1.3056202738679257,1,0
14862.0,-0.5803143927599602,-0.5568260068131017,1.0399341092472536,0.5774459650715373,-0.7598288451602299,-0.14210498399285518,0.09111983872311039,-0.8039250393948271,1,0
14863.0,-1.0552626048729952,-1.0577180989205999,-0.11882099381998272,-0.042293460921961165,0.03199142213626914,-0.9415432471223134,-1.0461457687241897,-0.8039250393948271,1,0
14865.0,1.7673970947581308,0.07422339860702587,-1.1376563848668353,-3.3277529433446187,-1.5396795355528015,-2.1228885995770903,-1.7643485641128949,-0.8039250393948271,1,0
14866.0,0.7209664810781922,1.7867847730198683,1.2721512484634425,1.8778417242537777,0.21047314792027041,1.0612431997500418,-0.03819322927216564,-0.24104402673263767,1,0
14867.0,1.0646281955339654,1.5860167045095306,-0.9251772053690718,-0.5433316222057121,0.6156498248926342,0.40232454155815495,0.3768580162303092,0.6597416579845705,1,0
14868.0,0.5549276752175377,1.254616278688769,0.24990158563444848,0.3220582686459718,-0.07343944460551934,0.16253566624592464,0.9271919856078553,0.02103660903962243,1,0
14869.0,1.7056152135076545,0.48988501576479315,0.9534072211025855,0.7210734368087469,-0.5429347474880586,0.22741126261658207,1.2111139929554766,1.4608215350480005,1,0
14870.0,0.5742345131083114,0.48988501576479315,-0.6501465109665858,0.1465868857766485,1.0301003941016627,-0.07426329780256188,0.019738861289862828,1.4608215350480005,1,0
14871.0,1.7828425650707498,0.9305040858134475,-1.1493095573534338,-0.9189262593508808,0.5096371382932943,0.40232454155815495,0.8697110988665433,-0.8039250393948271,1,0
14872.0,-0.47605746814978184,-0.20143741171417867,0.4353736884848553,-0.01483575574771062,-0.6167581079007921,-1.0222871175758335,-0.1679944637358899,1.1620610054185785,1,0
14873.0,0.5780958806864662,-0.5568260068131017,0.05769969044045421,0.5982211564276152,0.49440140643585034,-0.07426329780256188,0.10803515400060046,-0.8039250393948271,1,0
14874.0,-1.0552626048729952,-1.0577180989205999,0.004420576082459907,-1.1704401431498102,-1.0983525875169613,-1.485945419229041,-1.4883189463764042,-0.8039250393948271,1,0
14875.0,0.23443416623069302,-0.20143741171417867,1.1914399384085066,1.6938714672181128,0.12117239001095924,1.932129182619007,0.5976414102639861,1.8222621776056886,1,0
14876.0,-0.9008079017468049,-0.5568260068131017,-0.6435110167174068,-1.0355470208656277,-0.3031537320348448,-0.3319664456362507,-0.980481634816486,-0.8039250393948271,1,0
14877.0,-0.19031626736633,-0.5568260068131017,-0.5855500572544349,-0.313605191623208,0.38207646143757495,-0.3319664456362507,0.24636711066584036,-0.8039250393948271,1,0
14878.0,1.431458115458667,2.1108969658951904,-0.4470342290144076,-0.7015000706229362,-0.21884562887277206,-0.07426329780256188,1.0788154545053559,0.28423309243913614,1,0
14879.0,-1.0552626048729952,-1.0577180989205999,-0.37527916205734746,-0.5392441683576288,-0.14699910305558747,-0.5602283770286947,-0.351053338929104,-0.8039250393948271,1,0
14880.0,-0.2405140458823418,-0.20143741171417867,-0.18323396904908865,-0.21236581970962365,-0.0607542774537593,0.09725622010391866,0.05620547486057961,-0.8039250393948271,1,0
14881.0,-1.0552626048729952,-1.0577180989205999,0.8234717086788186,-0.10147664378603577,-1.070576563300548,-1.0222871175758335,-0.7135169018659211,-0.8039250393948271,1,0
14882.0,1.2345283689727746,1.4313961779209454,-0.24733236154560587,-0.08163613471192202,0.16395571572555567,0.09371390337111857,-0.21626507557551844,-0.07562038801004557,1,0
14883.0,-0.3100186622891274,0.48988501576479315,-0.12154345428934683,-1.0505988652531943,-0.8930021617463191,-1.0222871175758335,-0.0584501529419441,0.5566200963305212,1,0
14884.0,-1.0552626048729952,-1.0577180989205999,-0.7696412719700645,-1.1198937951313894,-0.22926892250241385,-1.277214299835045,-1.282149705589571,-0.8039250393948271,1,0
14885.0,0.23443416623069302,-0.20143741171417867,1.1717586743566684,0.899337896721688,-0.6280710397427667,-1.1639429167840407,-0.4440240814723802,1.1620610054185785,1,0
14886.0,-1.0552626048729952,-1.0577180989205999,0.08845481873575128,0.3836328165233324,0.208771664296187,-0.3319664456362507,-0.6691621147691496,-0.8039250393948271,1,0
14887.0,-1.0552626048729952,-1.0577180989205999,2.174250625144715,2.6059293518851816,-0.21507858007390682,-1.8794321500245568,-1.4883189463764042,-0.8039250393948271,1,0
14888.0,-1.0552626048729952,-1.0577180989205999,0.2392032477491476,0.3999556626647212,0.021735156409518862,-0.7231586611558216,-0.5870572757944853,-0.8039250393948271,1,0
14889.0,-1.0552626048729952,-1.0577180989205999,-0.5305292569807909,-0.958102689714479,-0.3660486266071204,-1.0222871175758335,-1.1175267461574372,-0.8039250393948271,1,0
14890.0,0.5124526318578354,-0.20143741171417867,0.39210507351394025,-0.013753511948566837,-0.5678316349903084,-0.07426329780256188,0.2175794647945466,-0.8039250393948271,1,0
14891.0,0.05681125763557431,0.07422339860702587,0.3128801098140292,0.0073813129558564766,-0.4583195901102944,-0.8464662631382949,0.2175794647945466,-0.8039250393948271,1,0
14892.0,-1.0552626048729952,-1.0577180989205999,-0.6703000303320932,-0.41793618628535806,0.38560036987336976,-0.3319664456362507,-0.9196861426527538,-0.8039250393948271,1,0
14893.0,1.292448882645096,-0.20143741171417867,0.9309108463411698,1.0687065655002639,-0.18682287086183752,0.6445604725968617,0.6849965950064003,1.7659550299964637,1,0
14894.0,1.462349056083905,-0.20143741171417867,0.33457883167858776,0.8064580366611227,0.3332372046379285,-0.07426329780256188,-0.0584501529419441,1.6204927696584461,1,0
14895.0,1.7326447865547379,2.6117890580026883,0.7001827361168687,1.1935046742894482,0.25064262123462555,3.399499478022089,1.9124166244435816,0.9604732193673713,1,0
14896.0,0.9874008439708702,0.8003467725008181,-0.2520982705814828,-0.2474427763360526,-0.006701736733369926,0.40232454155815495,1.0313213346555676,0.9153033772197167,1,0
14897.0,1.7133379486639642,0.8003467725008181,-0.015789829208536707,0.483516443796293,0.46919636878741144,0.4473365033277267,0.651162367871365,0.31649817812236203,1,0
14898.0,1.6978924783513452,1.4313961779209454,0.08314731461905846,-0.16623042504367658,-0.3494018080201549,1.0445209855400752,1.2023399657248122,1.0320515692003946,1,0
14899.0,-1.0552626048729952,-1.0577180989205999,1.4919035567018168,2.202040838504729,0.26263614067155744,1.1608512063238763,0.8893223210263874,-0.8039250393948271,1,0
14900.0,-1.0552626048729952,-1.0577180989205999,-1.2021248494409003,-3.9840615743219767,-1.7960932101505376,-2.752478262033116,-2.516040243029759,-0.8039250393948271,1,0
14901.0,0.8252234056883705,1.254616278688769,-0.7439402409914974,-0.7316225418271578,0.14068774037428133,0.09371390337111857,0.7254167763544643,0.02103660903962243,1,0
14902.0,0.9835394763927154,-0.20143741171417867,0.5200765094262201,0.3084792181768417,-0.4211900030061655,-0.3319664456362507,0.15678397263081445,1.6204927696584461,1,0
14903.0,-0.06289113728722308,0.29945468039331957,0.7929286826730849,0.9725887151287536,-0.10838033021777191,0.6467390474220279,1.36936516326007,1.7659550299964637,1,0
14904.0,0.5858186158427757,0.07422339860702587,1.5827153615070046,0.5432149918395155,-1.2756035735962596,-0.49273161976031987,0.8957565793121419,-0.8039250393948271,1,0
14905.0,1.180469222878608,0.8003467725008181,-0.1678348998579669,-0.1501261136383023,-0.01626832545632888,-0.49273161976031987,0.05620547486057961,0.9153033772197167,1,0
14906.0,-1.0552626048729952,-1.0577180989205999,-4.672365083494027,-1.884761363013366,6.7669392715098855,1.7585513027584476,-2.516040243029759,1.8596832102061218,1,0
14907.0,1.257696574441703,1.5860167045095306,0.09809843714629059,0.31448268685120134,0.12037585094610036,0.22741126261658207,1.047460157943218,1.3709566042959365,1,0
14908.0,0.44680938302920453,-0.5568260068131017,-0.5186723091502936,-0.4966977498842902,0.08637198865487464,-0.3319664456362507,-0.8630868935309756,-0.8039250393948271,1,0
14909.0,-0.18259353221002048,-0.20143741171417867,0.7527691762964093,0.7235583835364588,-0.30541674898772647,-0.07426329780256188,0.3010782951428931,1.6204927696584461,1,0
14910.0,-0.8544714908089478,0.07422339860702587,-0.9734029193695083,-1.2618898253237718,-0.11205583850969969,-0.3319664456362507,-0.41184883109283577,1.6719867635063792,1,0
14911.0,1.7905653002270592,5.484476085493251,1.0014493959131316,1.333557254766023,-0.007017369782157444,5.36995610047232,3.350457496570558,1.0189242442327242,0,0
14912.0,1.5164082021780716,0.48988501576479315,0.7786371591219916,0.1833079445406145,-0.8129309384125314,1.1530860350580188,0.03817477705094321,1.7114222858191708,0,0
14913.0,0.6823528052966445,0.8003467725008181,1.3077854413195926,0.8376886830585951,-0.8221735528827624,1.1608512063238763,1.1616524342925765,-0.8039250393948271,1,0
14915.0,1.4353194830368217,1.1557353675997408,-0.8910254575842163,-0.6977908611730652,0.38589520303503005,0.16253566624592464,0.3523677281481314,0.6326212419203412,1,0
14916.0,1.0569054603776558,0.8003467725008181,0.7740202398390693,0.44053301250577515,-0.5914318825101509,-0.07426329780256188,0.8007323595364199,1.256310742518105,1,0
14917.0,-1.0552626048729952,-0.5568260068131017,1.1950907548465752,0.9719800887051403,-0.5902889574856106,-0.49273161976031987,-0.2944540898073254,-0.8039250393948271,1,0
14918.0,0.8561143463136085,0.9305040858134475,0.7059078149841853,1.1949806004774726,0.24430180634781085,0.09371390337111857,0.5101826507817058,-0.8039250393948271,1,0
14919.0,-1.0552626048729952,-1.0577180989205999,-0.14357263607961768,0.36314035320704013,0.5167980340378223,-0.7231586611558216,-0.9196861426527538,-0.8039250393948271,1,0
14920.0,0.3078001502156334,-0.20143741171417867,0.7503311979047741,0.9070324968069776,-0.12046681387017927,0.22741126261658207,0.6158724655605186,-0.8039250393948271,1,0
14921.0,-0.394968749008532,-0.5568260068131017,1.2679144016898993,1.1872929883755035,-0.4794232922870918,-0.930965887215077,0.4998634741417061,-0.8039250393948271,1,0
14922.0,-0.615066700963353,-0.5568260068131017,0.2624105482138739,0.5815521232328233,0.1850545526436709,-0.07426329780256188,0.12460872225127,-0.8039250393948271,1,0
14923.0,-1.0552626048729952,-1.0577180989205999,1.1261253150609554,1.3639864290472596,-0.13721861910497454,-0.07426329780256188,0.03817477705094321,-0.8039250393948271,1,0
14924.0,0.46611622091997834,-0.20143741171417867,-0.37527916205734746,0.16355164085473278,0.6265111605348279,2.432880753823806,-0.26755450858075713,-0.8039250393948271,1,0
14926.0,-0.2173458404134133,-0.5568260068131017,-0.39614326522300464,-0.5791493781785026,-0.16069180177230385,-0.7231586611558216,-2.18341137617149,1.4608215350480005,1,0
14927.0,-1.0552626048729952,-1.0577180989205999,0.30738693388731153,0.15415036288813472,-0.3132510500857103,-0.7231586611558216,-0.5870572757944853,-0.8039250393948271,1,0
14928.0,-1.0552626048729952,-1.0577180989205999,0.6453415617959198,-0.28036597745656366,-1.0384336361513589,-1.0222871175758335,-0.5488939424337871,1.7659550299964637,1,0
14929.0,0.44680938302920453,-0.5568260068131017,0.5417378816094736,0.570124536236573,-0.19496999397069867,-0.49273161976031987,-0.1679944637358899,-0.8039250393948271,1,0
14930.0,0.8676984490480728,0.48988501576479315,0.9838432919223766,1.5749295882483405,0.27704944758820504,1.3155995981328836,1.3173790306579516,1.4608215350480005,0,0
14931.0,-0.14397985642847294,0.29945468039331957,-0.6122136561614233,-0.12220658838593439,0.6437050475224753,3.391826436616855,-0.26755450858075713,0.7169161657937569,0,0
14932.0,-0.9780352533098999,-0.5568260068131017,-0.14775337315202564,0.25974231876258375,0.40395261833132995,1.4092449345986064,-0.2944540898073254,-0.8039250393948271,0,0
14933.0,-1.0514012372948403,0.07422339860702587,0.018886122759088707,0.6465791319875545,0.6080945071432481,-1.485945419229041,-2.516040243029759,0.9153033772197167,0,0
14934.0,0.33482972326271665,0.29945468039331957,1.131291514955286,1.2729289983051681,-0.23462980774798942,1.4092449345986064,0.8149999143894906,1.6968657294740452,0,0
14935.0,0.18809775529283598,-0.5568260068131017,2.0328959345345634,2.240918611518203,-0.39549549260208033,-1.1639429167840407,-0.41184883109283577,-0.8039250393948271,0,0
14936.0,1.06848956311212,1.254616278688769,1.368386341354847,1.8038110891919101,0.0013534117654791992,1.1608512063238763,1.5019698647016215,0.5566200963305212,0,0
14937.0,-0.7695214040895432,-0.20143741171417867,0.09740249772430806,0.9194476053091749,0.8158169425720901,-0.23305906672429438,-0.19177478749334104,1.1620610054185785,0,0
14938.0,-1.0552626048729952,-0.5568260068131017,1.6601972250267356,1.9617609624855925,-0.21211632835209593,0.22741126261658207,0.42374870558137934,1.7659550299964637,0,0
14940.0,0.16492954982390745,-0.5568260068131017,0.2851317960049527,-0.04747824462140068,-0.4766165340036961,-1.485945419229041,-0.21626507557551844,-0.8039250393948271,1,0
14941.0,-1.0552626048729952,-1.0577180989205999,-0.6568228392834701,-0.5611370148599489,0.20631403926470646,-1.485945419229041,-1.3787746355824586,-0.8039250393948271,1,0
14942.0,0.21126596076176452,0.07422339860702587,-0.5485612498325305,-0.5277002717634167,0.09369206330102936,-0.8464662631382949,-0.980481634816486,0.9153033772197167,1,0
14943.0,-1.0552626048729952,-1.0577180989205999,-1.247335554754067,-1.2739958065746235,0.24743637812407468,-0.8464662631382949,-1.6147785724478398,-0.8039250393948271,1,0
14944.0,1.3812603369426553,1.7867847730198683,0.5958318338669072,0.8532317359103152,0.02539718714864879,1.4092449345986064,1.197917509052301,0.9604732193673713,1,0
14945.0,-1.0552626048729952,-1.0577180989205999,0.061160299204770084,-0.5814177263574388,-0.698648901633431,-1.485945419229041,-1.0461457687241897,-0.8039250393948271,1,0
14946.0,-1.0552626048729952,-1.0577180989205999,-2.022662961337652,-1.361180317484782,1.3527487084624943,-0.879512969193419,-1.947407439306109,-0.8039250393948271,1,0
14947.0,1.0762122982684297,0.48988501576479315,-0.8100142999502645,-0.6153987810458997,0.36264020997597946,0.3469702689073076,0.09111983872311039,-0.8039250393948271,1,0
14948.0,-0.29843455955466314,0.48988501576479315,-0.294018738233672,-0.5495428267335293,-0.25968110571611264,-0.3319664456362507,0.23209955581276964,0.5566200963305212,1,0
14949.0,-0.08219797517799686,0.07422339860702587,-0.9208975156862491,-1.0313319122090376,0.059613290699630485,-0.44035248611375827,-0.7604075912169913,1.4608215350480005,1,0
14950.0,-1.0552626048729952,-1.0577180989205999,-0.08667345873840847,0.4073111073530842,0.48463808331424874,-0.3319664456362507,-0.6270829566655943,1.7659550299964637,1,0
14951.0,-1.0552626048729952,-1.0577180989205999,0.8062233338029028,0.16947295580901753,-0.8516387819745849,-0.07426329780256188,-0.5870572757944853,-0.8039250393948271,1,0
14952.0,1.558883245537774,2.4054184769372653,0.4223979183415397,0.9451414930812131,0.3646191838426501,0.22741126261658207,1.414855402062007,1.187169873106778,1,0
14953.0,0.5278981021704544,0.07422339860702587,0.6000450427648736,-0.1119390776501602,-0.8689417377399082,-0.07426329780256188,1.274088407319195,0.9153033772197167,1,0
14954.0,1.6129423916319405,-0.5568260068131017,-0.3198894109460272,-0.1212122774555588,0.22105868441621215,0.40232454155815495,0.7862122685181961,-0.8039250393948271,1,0
14955.0,-1.0552626048729952,-1.0577180989205999,-0.7403178672498535,-0.7051374340844407,0.1645050789643968,-0.3319664456362507,-0.26755450858075713,-0.8039250393948271,1,0
14956.0,-1.0552626048729952,-1.0577180989205999,3.0643804153254752,2.1417435517923193,-1.429525845787116,-2.5593695448032507,-1.7643485641128949,-0.8039250393948271,1,0
14957.0,0.45453211818551403,-0.5568260068131017,-1.1068040708928828,-0.6815226534163907,0.7266951793135035,-0.2521611112671691,-0.351053338929104,-0.8039250393948271,1,0
14958.0,1.2190828986601554,0.48988501576479315,-1.356523708598643,-0.7396501985909089,1.047812957457046,0.16253566624592464,0.17241042083090774,-0.8039250393948271,1,0
14959.0,-0.15942532674109194,0.07422339860702587,-0.19047148706953348,-0.6240376310760044,-0.45541495059517123,-0.5602283770286947,-0.1005293110454993,0.9153033772197167,1,0
14960.0,-0.42585968963377,-0.5568260068131017,-0.31011547161666714,-1.2366187997765474,-0.8527087508601058,-0.3319664456362507,-0.47751296500053947,-0.8039250393948271,1,0
14961.0,1.7442288892892022,1.9594399542263008,1.0245342775367967,1.3581791118369588,-0.011678522150621616,0.09371390337111857,1.6702024858851812,0.9917078520475852,1,0
14962.0,0.15720681466759795,0.07422339860702587,-1.6728928417799278,-1.4899522500438012,0.6259727709482907,-0.07426329780256188,-0.8630868935309756,-0.8039250393948271,1,0
14963.0,0.9372030654548584,1.254616278688769,0.29120444870001905,-0.057950239322179055,-0.49319122903454926,-0.3319664456362507,1.608063236294026,0.02103660903962243,1,0
14964.0,-1.0552626048729952,-1.0577180989205999,-0.032610320060871854,-0.392265391336504,-0.4250299112205411,-0.07426329780256188,-0.9196861426527538,-0.8039250393948271,1,0
14965.0,-1.0552626048729952,-0.5568260068131017,0.23037090647497707,0.11518772186674968,-0.2566723721983699,-0.09503028911869377,0.520373635574267,-0.8039250393948271,1,0
14966.0,1.6863083756168809,0.48988501576479315,0.23332301694338564,-0.5325592149324634,-0.8366381266462367,-0.07426329780256188,0.8828371985110838,-0.8039250393948271,1,0
14967.0,1.5974969213193215,0.48988501576479315,-0.32810216725672203,0.24895221054192757,0.6569276880798273,-0.07426329780256188,-0.5124273288630706,0.5566200963305212,1,0
14968.0,0.59740271857724,-0.5568260068131017,-0.14357263607961768,-0.11703221392089311,-0.013709790647606683,0.22741126261658207,0.5502083316528148,-0.8039250393948271,1,0
14969.0,-1.0552626048729952,-1.0577180989205999,1.6288882841140473,1.6236268616066052,-0.4959301940153005,-0.23305906672429438,-0.9196861426527538,-0.8039250393948271,1,0
14970.0,1.242251104129084,1.254616278688769,-0.6325412576584544,0.5425037128041555,1.5096155310927626,-0.3319664456362507,0.42374870558137934,1.1620610054185785,1,0
14971.0,-1.024371664247757,-0.20143741171417867,0.4056032249645707,0.4109374408267987,-0.18255298271760576,0.16253566624592464,0.9980587895827047,-0.8039250393948271,1,0
14972.0,-0.07833660759984211,-0.5568260068131017,-2.1213582369382444,-1.8065394471627607,0.9478363797639254,-0.07426329780256188,-0.5870572757944853,-0.8039250393948271,1,0
14973.0,-0.599621230650734,-0.20143741171417867,-0.19483728743886775,0.6331230043329813,0.9176500463678335,3.399499478022089,-0.2944540898073254,-0.8039250393948271,1,0
14974.0,-1.0552626048729952,-1.0577180989205999,-1.2945125495546914,-1.1914548707448676,0.40862904210593637,-0.3319664456362507,-0.7135169018659211,-0.8039250393948271,1,0
14975.0,0.35027519357533565,-0.5568260068131017,0.5852266670367463,-0.20776329134782878,-0.9286299735716895,-0.07426329780256188,-0.41184883109283577,-0.8039250393948271,1,0
14976.0,-0.016554726349366028,0.6548432754922423,-1.5850223929196634,-1.2082391933989902,0.8299669418307828,0.09725622010391866,0.09111983872311039,0.42541977181113405,1,0
14977.0,-1.0552626048729952,-1.0577180989205999,-2.2885962983419095,-2.9032839304554794,-0.07194785809109132,-1.1639429167840407,-1.7643485641128949,-0.8039250393948271,1,0
14978.0,0.9449258006111679,1.048245697623346,-0.7403178672498535,0.18044820250718063,1.2177515201899578,0.3469702689073076,1.157004468737163,0.7169161657937569,1,0
14979.0,-1.0552626048729952,-1.0577180989205999,0.3971865812944752,0.6371892846062904,0.06185351368406223,-0.5602283770286947,0.0008790944596697093,-0.8039250393948271,1,0
14980.0,-1.0552626048729952,-1.0577180989205999,-0.6703000303320932,-0.8181425967652433,-0.0503313046445072,-0.07426329780256188,-0.4440240814723802,-0.8039250393948271,1,0
14981.0,-0.37180054353960346,-0.5568260068131017,-0.21693377280109097,-0.529010483016683,-0.33428505142423,-1.0222871175758335,-0.5870572757944853,1.4608215350480005,1,0
14982.0,-1.0552626048729952,-1.0577180989205999,-0.17747851826850622,-0.19867122533515483,-0.054104559275751994,-0.3319664456362507,-0.0584501529419441,-0.8039250393948271,1,0
14983.0,-1.0552626048729952,-1.0577180989205999,-0.5305292569807909,-0.5529601107253744,0.04238234880777295,-0.07426329780256188,-0.26755450858075713,-0.8039250393948271,1,0
14984.0,1.5627446131159286,0.48988501576479315,-0.99452820295477,-0.35527259685250523,0.9505510384623298,-0.07426329780256188,0.10803515400060046,-0.8039250393948271,1,0
14985.0,-0.4374437923682343,-0.5568260068131017,-0.13525918599176848,-0.8390475606977013,-0.7073136513696657,-0.3319664456362507,0.4998634741417061,-0.8039250393948271,1,0
14986.0,0.13403860919866942,-0.5568260068131017,0.16015597628249342,0.04025333378741415,-0.24328714710077828,-0.3319664456362507,0.5883716650135135,-0.8039250393948271,1,0
14987.0,1.7326447865547379,0.8003467725008181,-0.7135288536351672,-0.476358290069324,0.3815067749007241,-0.5602283770286947,-1.7643485641128949,0.31649817812236203,1,0
14988.0,0.45453211818551403,0.6548432754922423,0.22910325305590004,0.09564344598164969,-0.2742357106329205,-0.07426329780256188,1.1381447019069697,-0.8039250393948271,1,0
14989.0,-1.0552626048729952,-1.0577180989205999,0.3291947018799872,0.29736682409827625,-0.19975673577144948,-0.07426329780256188,-0.6691621147691496,-0.8039250393948271,1,0
14990.0,-0.599621230650734,-0.5568260068131017,-0.8790042827620301,-0.7999931465643759,0.2537440202991856,0.09371390337111857,-0.018424472070835033,-0.8039250393948271,1,0
14991.0,-1.0552626048729952,-1.0577180989205999,0.2794959395504273,0.18242167581136334,-0.2514799388370654,-0.3319664456362507,-0.5488939424337871,-0.8039250393948271,1,0
14992.0,-1.0552626048729952,-1.0577180989205999,-0.017645945876385277,-0.36429007491944476,-0.4165166011477505,-0.49273161976031987,-0.351053338929104,-0.8039250393948271,1,0
14993.0,-1.0552626048729952,-1.0577180989205999,-2.0708886753380886,-2.7394076562701226,-0.19305259630051674,-0.8464662631382949,-1.195715760389244,-0.8039250393948271,1,0
14994.0,-0.12467301853769916,0.29945468039331957,-0.2634561558484955,-0.4883594392367243,-0.23742006245558978,0.3469702689073076,1.3906745100710023,1.5675928766263612,1,0
14995.0,-0.12081165095954441,-0.5568260068131017,-1.1272744881510262,-1.1653817013159253,0.19850896709924684,-0.2618344117975608,0.18774476871599804,-0.8039250393948271,1,0
14996.0,-1.0552626048729952,-0.5568260068131017,0.33993637307355096,-0.29725309661567373,-0.7545509366307904,-0.6943222153282232,-0.1005293110454993,-0.8039250393948271,1,0
14997.0,1.2963102502232506,0.07422339860702587,0.9401703613921558,-0.47412665892308803,-1.3994598887715528,-1.8163206498761402,-0.12240697358821374,0.9153033772197167,1,0
14998.0,0.6244322916243232,0.07422339860702587,-0.5098638716337541,-0.4844313141383773,0.08757128901957903,0.09371390337111857,0.7862122685181961,-0.8039250393948271,1,0
14999.0,-1.0552626048729952,-1.0577180989205999,-0.5546391364723908,-1.023672728462669,-0.3993756495172749,-0.07426329780256188,-1.195715760389244,-0.8039250393948271,1,0
15000.0,-1.0552626048729952,-1.0577180989205999,0.42224312060599484,0.7869249154742188,0.1890921367360662,-0.5229139223515364,0.4788273542195676,-0.8039250393948271,1,0
15001.0,-1.0552626048729952,-0.5568260068131017,-1.382355879645592,-1.1792058547330238,0.5530738751041747,0.22741126261658207,0.03817477705094321,-0.8039250393948271,1,0
15002.0,1.1881919580349174,0.9305040858134475,0.5649073568007549,0.7143433517487804,-0.07853833216577837,0.40232454155815495,1.3437838207199313,-0.8039250393948271,1,0
15003.0,-0.24823678103865132,0.48988501576479315,-0.5167086888355445,-0.6013642219452364,-0.02697444544134055,0.09371390337111857,1.4579551247500377,0.5566200963305212,1,0
15004.0,-1.0552626048729952,-1.0577180989205999,1.5703212547173107,2.0582367608178553,0.001463165288172812,0.16253566624592464,1.0527699740597574,-0.8039250393948271,1,0
15005.0,1.7365061541328926,3.080592283601436,0.0614070636611341,-0.14187774754572965,-0.2995660462837199,0.22741126261658207,2.1521242413063866,1.2178942096201173,1,0
15006.0,0.49700716154521635,-0.5568260068131017,0.37153763426255265,0.551193511822709,0.005228103099404671,0.22741126261658207,1.1090163026658677,-0.8039250393948271,1,0
15007.0,-1.0552626048729952,-1.0577180989205999,-0.8151682285397266,-0.7631915959818188,0.20487615344210397,-0.3319664456362507,-0.980481634816486,-0.8039250393948271,1,0
15008.0,-0.4490278951026986,-0.5568260068131017,1.7592021034625496,-0.5768847928127591,-1.8810202223950339,-2.6598655618363005,-1.4883189463764042,-0.8039250393948271,1,0
15009.0,-1.0050648263569832,-0.20143741171417867,0.4022443989760323,0.5774243778162357,-0.007859729138934415,0.20833604805906303,1.0203829895905052,-0.8039250393948271,1,0
15010.0,-1.0552626048729952,-1.0577180989205999,0.2392032477491476,0.15741367726751887,-0.22604136743797643,-0.07426329780256188,-0.5870572757944853,-0.8039250393948271,1,0
15011.0,-0.9741738857317452,-0.5568260068131017,-0.021367733154956617,-0.3785647672867088,-0.42547465378272553,-1.0222871175758335,-0.7135169018659211,-0.8039250393948271,1,0
15012.0,0.9642326385019416,-0.20143741171417867,-0.12700895666835094,-0.2847635688500126,-0.20632992589654037,-0.07426329780256188,1.1090163026658677,-0.8039250393948271,1,0
15013.0,-0.32160276502359164,1.048245697623346,0.18324646383429652,-0.702157983351163,-0.9200163610923433,-0.07426329780256188,1.1662742139876363,-0.8039250393948271,1,0
15014.0,-0.5417007169784127,-0.5568260068131017,-0.7188339983274227,-1.0173574519691209,-0.19107613024213216,-1.0222871175758335,-0.2944540898073254,-0.8039250393948271,1,0
15015.0,-0.19031626736633,1.3461657029712149,-0.19888291025395974,-0.5624452839659629,-0.38787155657717576,-0.07426329780256188,1.0736720914128266,1.5065143929755396,1,0
15016.0,0.37730476662241896,0.29945468039331957,-1.1715622670557244,-1.0599323107022345,0.37981926631187607,-0.07426329780256188,0.6424811892318264,0.7169161657937569,1,0
15017.0,-1.0552626048729952,-1.0577180989205999,-0.9123884530256321,-1.0650993273670608,0.012290371908160434,-0.3319664456362507,-0.5870572757944853,-0.8039250393948271,1,0
15018.0,0.21512732833991927,-0.20143741171417867,-0.9123884530256321,-0.6916714270123507,0.4238988944125119,1.1608512063238763,-0.26755450858075713,1.1620610054185785,1,0
15019.0,-1.0552626048729952,-1.0577180989205999,0.08169529576158605,-0.046173810217165205,-0.2309111686304357,-0.3319664456362507,0.3398428478240282,-0.8039250393948271,1,0
15020.0,-1.0552626048729952,-1.0577180989205999,-0.2956177067290469,-0.41077169507484573,-0.11872041976029545,-0.5602283770286947,-0.351053338929104,-0.8039250393948271,1,0
15021.0,0.8368075084228348,1.254616278688769,-0.4886284975819039,-0.33650228321846454,0.21909952247745207,0.40232454155815495,1.7349070177112866,1.3358549073493926,1,0
15022.0,1.5164082021780716,0.29945468039331957,-0.12536641293638667,-0.20188811236264773,-0.12497417679459165,1.1608512063238763,0.8149999143894906,-0.8039250393948271,1,0
15023.0,1.5357150400688453,1.8470577950787128,0.5305877328178502,1.0281183721480947,0.304512649120187,2.432880753823806,1.9919543668476887,0.46638318604246143,1,0
15024.0,0.5472049400612282,1.5860167045095306,-0.20914870659748977,-0.27970983394582694,-0.09639425940221187,0.22741126261658207,1.123709777120437,-0.8039250393948271,1,0
15025.0,1.0105690494397988,-0.5568260068131017,0.6021455273081925,0.8307232295817715,-0.006573693155971419,0.09371390337111857,0.9271919856078553,-0.8039250393948271,1,0
15026.0,0.3657206638879547,0.29945468039331957,-0.09781706294020664,-0.35257999424069264,-0.30909566989409093,0.09371390337111857,0.7714305402067275,-0.8039250393948271,1,0
15027.0,1.2383897365509293,1.048245697623346,0.6857182729527291,0.2034071660205202,-0.6999782852304217,0.09371390337111857,0.4006383399877607,1.073874783839221,1,0
15028.0,0.4352252802947403,0.48988501576479315,-0.2876463267982634,-0.7202447095139498,-0.4309024138455377,-0.3319664456362507,0.3523677281481314,-0.8039250393948271,1,0
15029.0,-1.0552626048729952,-1.0577180989205999,0.4987435201268303,0.3847519590084173,-0.3234578482301077,-0.2618344117975608,-1.1175267461574372,1.7659550299964637,1,0
15030.0,1.161162384987834,0.8003467725008181,0.041109348132671544,-0.14426255772150604,-0.2769761706687256,0.3469702689073076,-0.41184883109283577,0.31649817812236203,1,0
15031.0,1.7519516244455116,1.4313961779209454,-0.2638556770931977,-0.27092971816046224,-0.015735298464487693,0.22741126261658207,1.4045793128836639,0.42541977181113405,1,0
15032.0,0.771164259594204,0.8003467725008181,1.8626369421265432,2.1935194352342013,-0.2349491947358756,-0.07426329780256188,-0.0584501529419441,0.9153033772197167,1,0
15033.0,0.19968185802730024,1.048245697623346,0.15065314243603328,-0.08419183027545725,-0.35234710205113584,0.16253566624592464,1.6371290815890065,0.14676385148134682,1,0
15034.0,1.114825974049977,1.4313961779209454,0.9089929306325035,1.047325925320355,-0.18059337828722902,1.3155995981328836,1.8646520455547277,0.7783074415255873,1,0
15035.0,-1.0552626048729952,-1.0577180989205999,0.5483733758586514,-0.11576723556856161,-0.8203935654366026,-1.0222871175758335,-0.38088803500765217,-0.8039250393948271,1,0
15036.0,-0.6420962740104363,-0.20143741171417867,-0.3248096004571912,-0.7782012268687503,-0.441214481787718,-0.07426329780256188,0.7563775724396483,-0.8039250393948271,1,0
15037.0,-1.0552626048729952,-0.5568260068131017,0.02247257206728863,-0.42530720858655774,-0.5192511425119885,-0.3319664456362507,-0.03819322927216564,-0.8039250393948271,1,0
15038.0,0.36185929630979996,0.9305040858134475,-1.2971946273798516,-1.002780229380724,0.6329825936713633,0.22741126261658207,1.2241015527489714,0.22484244827571642,1,0
15039.0,1.7249220513984285,3.6985690601430536,0.2888125968655051,0.5879939237269804,0.1558171308057582,0.6445604725968617,2.1109198269068443,0.46940912383661293,1,0
15040.0,-1.0552626048729952,-1.0577180989205999,-4.672365083494027,-4.7537614181996695,2.251972921394245,-0.619945652967382,-2.516040243029759,-0.8039250393948271,1,0
15041.0,0.002752111541407747,-0.5568260068131017,-0.43364971390064594,-0.8515799100618529,-0.38109072619768897,-0.14210498399285518,0.6849965950064003,-0.8039250393948271,1,0
15042.0,0.47383895607628784,-0.5568260068131017,-0.23041096384971307,-0.7561638589922474,-0.5301457304365469,-0.07426329780256188,-1.195715760389244,-0.8039250393948271,1,0
15043.0,0.8831439193606918,0.48988501576479315,0.16539958208096145,0.7544530839169538,0.5177807066411783,-0.23305906672429438,-0.0584501529419441,-0.8039250393948271,1,0
15044.0,1.6631401701479522,2.5129081469136603,0.02482294253752468,0.7082102803244388,0.6721697958707946,2.1699566709375353,1.7091588243593632,1.1850602173271663,1,0
15045.0,-0.645957641588591,-0.5568260068131017,-1.0191860809061732,0.39489421387453383,1.9721447203402074,-0.07426329780256188,-1.0461457687241897,1.4608215350480005,1,0
15046.0,1.589774186163012,2.1108969658951904,0.262640132370423,0.1729855863407264,-0.23985043915322107,1.0445209855400752,1.441645169524136,0.28423309243913614,1,0
15047.0,-1.0552626048729952,-1.0577180989205999,0.4418798544770121,0.3022082698938796,-0.33390393046371214,-0.8464662631382949,-0.5124273288630706,-0.8039250393948271,1,0
15048.0,0.11473177130789564,0.07422339860702587,-1.1856450399943248,-1.4282811592959441,-0.004893013544762598,-0.3319664456362507,0.5789959775241094,0.9153033772197167,1,0
15049.0,-1.0552626048729952,-1.0577180989205999,-0.9123884530256321,-1.1135095252032725,-0.03854675683638566,-1.485945419229041,-1.947407439306109,-0.8039250393948271,1,0
15050.0,0.7016596431874184,0.29945468039331957,1.374101246455763,1.5181236716218511,-0.2938287971133165,-0.07426329780256188,0.822041706347352,1.3056202738679257,1,0
15051.0,1.7056152135076545,0.9305040858134475,0.9001711229762999,0.630291190370634,-0.5641075766307059,1.932129182619007,1.3657591630539172,0.22484244827571642,1,0
15052.0,-1.0552626048729952,-1.0577180989205999,-0.6303605535519127,-0.3306277596147263,0.4274595358516189,1.1608512063238763,-0.351053338929104,-0.8039250393948271,1,0
15053.0,0.014336214275872011,-0.20143741171417867,0.8659783797691311,-0.22863206521107535,-1.1934659998460697,-1.0222871175758335,0.12460872225127,-0.8039250393948271,1,0
15054.0,-0.9471443126846619,-0.5568260068131017,-0.4282116076385533,-0.8148165366095045,-0.35260347143951837,-0.5229139223515364,0.7410432245545576,-0.8039250393948271,1,0
15055.0,-0.09378207791246113,-0.20143741171417867,-0.7024135778530766,-0.5273365472437466,0.3080239870232363,0.40232454155815495,0.48941283948908304,-0.8039250393948271,1,0
15056.0,-1.0552626048729952,-1.0577180989205999,-0.6435110167174068,-0.9827553568172537,-0.25144427213808396,-0.3319664456362507,-1.4883189463764042,-0.8039250393948271,1,0
15057.0,0.7171051135000374,0.29945468039331957,0.6880472182357797,1.1730438550408402,0.24494572771825823,0.09371390337111857,0.31420439478743356,0.7169161657937569,1,0
15058.0,1.369676234208191,1.5860167045095306,-0.3778653371264022,-0.34743884011246506,0.05556192293577176,0.40232454155815495,1.387161169686037,-0.15215647067619234,1,0
15059.0,1.62066512678825,1.7867847730198683,-0.5905122549328896,-0.5363779316068085,0.1416306164530166,0.22741126261658207,1.6187521657003685,1.3434851924743079,1,0
15060.0,-1.0514012372948403,0.07422339860702587,-0.86674539608369,-1.7477211900117833,-0.6962186573982181,-0.07426329780256188,0.5304395744514846,-0.8039250393948271,1,0
15061.0,1.7828425650707498,4.079966024317927,1.4898350823012538,1.7513261495186323,-0.20807356799313279,-0.07426329780256188,0.9210005318717817,0.04664360567125177,1,0
15062.0,1.0260145197524178,0.8003467725008181,0.4987435201268303,0.21883199157443545,-0.4792145090125445,0.22741126261658207,0.6849965950064003,-0.8039250393948271,1,0
15063.0,-1.0552626048729952,-1.0577180989205999,-1.0380543813173266,0.40584318545723963,2.020109326771163,0.16253566624592464,-1.6147785724478398,-0.8039250393948271,1,0
15064.0,0.13017724162051467,0.07422339860702587,0.34260525493050975,0.17779727156319655,-0.33321557037486804,1.4092449345986064,0.46810349267815093,-0.8039250393948271,1,0
15065.0,0.38502750177872846,0.29945468039331957,0.727640942937632,1.202407340858894,0.22230890996656216,2.432880753823806,1.0632876017895492,1.3056202738679257,1,0
15066.0,-1.0552626048729952,-1.0577180989205999,0.8268887191499396,1.60447289852623,0.5355778094951879,-0.07426329780256188,0.0008790944596697093,1.7659550299964637,1,0
15067.0,0.9874008439708702,0.29945468039331957,1.163284797703055,1.4113413252732354,-0.13666506091422803,1.932129182619007,1.1333612263946888,0.7169161657937569,1,0
15068.0,1.165023752565989,0.07422339860702587,0.37542384711434384,0.09095283908641903,-0.4539267812753902,0.09371390337111857,1.1708701012236533,-0.8039250393948271,1,0
15069.0,-1.0552626048729952,-1.0577180989205999,1.362502358588885,1.8996591115607835,0.11075141775029378,0.22741126261658207,0.41227490000197986,-0.8039250393948271,1,0
15070.0,0.30393878263747864,-0.20143741171417867,-0.26097354623488855,-0.15421750743423884,0.10412675585210521,0.22741126261658207,-0.38088803500765217,-0.8039250393948271,1,0
15071.0,0.786609729906823,0.07422339860702587,-0.37527916205734746,0.38023246117965726,0.887655382297379,-0.07426329780256188,-0.018424472070835033,-0.8039250393948271,1,0
15072.0,-1.0552626048729952,-1.0577180989205999,0.11507946602518795,-0.5213128336761813,-0.7052393843885247,-1.0222871175758335,-0.9196861426527538,-0.8039250393948271,1,0
15073.0,1.5395764076470002,0.8003467725008181,0.19277532457030522,0.3214139257897389,0.000765824349216324,0.6445604725968617,0.8149999143894906,0.31649817812236203,1,0
15074.0,0.34255245841902615,-0.20143741171417867,0.947317963240046,0.8719600034790788,-0.3975197044910335,-1.0222871175758335,0.32712377558849165,-0.8039250393948271,1,0
15075.0,-1.0552626048729952,-1.0577180989205999,1.1987293270477712,1.4068582794251874,-0.18603773104457164,0.09371390337111857,-0.351053338929104,-0.8039250393948271,1,0
15076.0,0.2962160474811691,-0.20143741171417867,0.7256452653406701,0.7646919806041806,-0.23187650461512263,1.0445209855400752,0.38883434171884856,1.6204927696584461,1,0
15077.0,-0.14397985642847294,-0.5568260068131017,0.6290880753610983,2.022441732536724,1.3574633109543708,-0.07426329780256188,-0.3222656930578095,1.7659550299964637,1,0
15078.0,1.7558129920236665,3.0138002390211587,0.1255736012031384,0.23124879527155195,-0.004848417575822201,-0.07426329780256188,0.8359465091600137,0.7498553445893243,1,0
15079.0,0.9487871681893226,1.1557353675997408,-0.1136424640462036,0.24543345852949816,0.33892515953449476,1.4081348126143514,0.8428115176399747,1.5141526126156624,1,0
15080.0,-0.7695214040895432,-0.5568260068131017,-0.028849831277695092,-0.010221382600145996,-0.053312563907169,-0.8464662631382949,-0.2415090281351582,-0.8039250393948271,1,0
15081.0,0.9256189627203941,1.254616278688769,-0.9223222039116401,-0.7837702623465317,0.33349861843698825,0.40232454155815495,0.46810349267815093,0.02103660903962243,1,0
15082.0,-1.0552626048729952,-1.0577180989205999,-1.3188933492444097,-1.4662718034705027,0.13611704306994907,-1.485945419229041,-1.4883189463764042,-0.8039250393948271,1,0
15083.0,-1.0552626048729952,-1.0577180989205999,-1.4497626444781349,-1.5428989572111507,0.2354939262911645,-0.07426329780256188,-1.6147785724478398,-0.8039250393948271,1,0
15084.0,-0.02813882908383029,-0.5568260068131017,0.7672831041685383,0.7647484403006921,-0.28321489679241024,0.09371390337111857,-0.2415090281351582,-0.8039250393948271,1,0
15085.0,-1.0552626048729952,-1.0577180989205999,0.1474669435887154,0.31764918569685097,0.05711924160666387,-1.277214299835045,-1.195715760389244,-0.8039250393948271,1,0
15086.0,-0.819719182605555,-0.5568260068131017,-1.213252125731016,-1.2534759685138877,0.22203730284697967,-0.6943222153282232,-1.1175267461574372,-0.8039250393948271,1,0
15087.0,-1.0552626048729952,-1.0577180989205999,1.2530446917808293,0.14857589647246228,-1.263321865829847,-1.1639429167840407,-0.8101418318588084,-0.8039250393948271,1,0
15088.0,-0.8776396962778763,-0.5568260068131017,0.48011817121769396,1.0153288136031522,0.36163860099798917,2.000618897443466,0.18774476871599804,1.4608215350480005,1,0
15089.0,-0.599621230650734,0.48988501576479315,0.4635544918064272,0.5208308582784191,-0.1455185177452133,0.22741126261658207,0.9692711437114102,-0.8039250393948271,1,0
15090.0,-1.0552626048729952,-1.0577180989205999,0.37153763426255265,0.44393391634433443,-0.1057763882424096,-0.5602283770286947,-0.47751296500053947,-0.8039250393948271,1,0
15091.0,1.288587515066941,-0.20143741171417867,0.2963164304027624,0.32284863763154015,-0.13245817622547024,-0.49273161976031987,0.2175794647945466,1.7659550299964637,1,0
15092.0,-0.10150481306877063,-0.20143741171417867,-0.7024135778530766,-0.08338768852609989,0.8280871410296852,-0.07426329780256188,-0.0584501529419441,1.1620610054185785,1,0
15093.0,1.6978924783513452,2.0120160548061623,1.2498352230735916,1.051774329288891,-0.5807093783956072,-0.07426329780256188,0.733267206846029,1.4319545129782094,1,0
15094.0,-0.35635507322698445,-0.5568260068131017,-2.4863969421307504,-2.5550024942578182,0.6158503771096716,-1.1639429167840407,-1.7643485641128949,-0.8039250393948271,1,0
15095.0,1.1997760607693817,1.048245697623346,0.4481860198115645,0.1802316392333252,-0.45614525364196523,0.22741126261658207,0.6158724655605186,0.14676385148134682,1,0
15096.0,-1.0552626048729952,-1.0577180989205999,-0.22140759327582904,-0.3080810810774635,-0.10958567882340718,-0.09503028911869377,-1.0461457687241897,-0.8039250393948271,1,0
15097.0,1.180469222878608,-0.20143741171417867,-0.045240263953801305,0.1300229587158513,0.11665520659744098,-0.07426329780256188,0.2741787139163245,1.6204927696584461,1,0
15098.0,-1.0552626048729952,-0.20143741171417867,-1.3867216800149271,5.28993624533451,10.121234100269005,4.290634054134593,-2.516040243029759,1.6204927696584461,1,0
15099.0,-1.0552626048729952,-1.0577180989205999,0.9121513023761727,0.5442770688990957,-0.6524498759632492,-1.0222871175758335,-0.47751296500053947,-0.8039250393948271,1,0
15100.0,0.3657206638879547,0.6548432754922423,-1.4339820036629158,0.1769803013681866,2.407063542557067,-0.23305906672429438,-1.0461457687241897,1.7659550299964637,1,0
15101.0,1.1920533256130723,0.48988501576479315,-0.28923592404634685,-0.15068027777323256,0.14650643308697736,1.1608512063238763,0.17241042083090774,1.7114222858191708,1,0
15102.0,-0.9934807236225189,-0.5568260068131017,0.15065314243603328,0.010585428033283113,-0.2606629094256229,-0.2521611112671691,-0.38088803500765217,-0.8039250393948271,1,0
15103.0,-0.8428873880744836,-0.5568260068131017,0.11836207042886132,0.33376925645551037,0.11360204010522743,2.000618897443466,-0.14488409814227088,-0.8039250393948271,1,0
15104.0,-0.7231849931516862,-0.5568260068131017,0.8319941399963193,0.8498870192741238,-0.27970205062594433,0.40232454155815495,0.36470425725432115,1.4608215350480005,1,0
15105.0,1.292448882645096,0.9305040858134475,0.2969344309479421,0.3032334394773008,-0.15308789484930288,-0.3319664456362507,0.9084756515476784,-0.8039250393948271,1,0
15106.0,-0.08219797517799686,0.29945468039331957,0.5088527836207436,0.045302470743550434,-0.6448643755278601,0.22741126261658207,0.6158724655605186,1.3056202738679257,1,0
15107.0,-0.5146711439313294,0.9305040858134475,-1.4843065154697235,-1.4919125480126434,0.3423936509534157,0.09371390337111857,-0.21626507557551844,1.1620610054185785,1,0
15108.0,-0.7231849931516862,0.07422339860702587,-0.17963323581438587,0.2266417859685943,0.41217038358751246,0.29175106031440495,0.14085407936492755,0.9153033772197167,0,0
15109.0,0.8368075084228348,-0.20143741171417867,-0.579297014423793,0.23764011909977018,1.0314921148504286,0.22741126261658207,0.07384838550817617,1.1620610054185785,1,0
15110.0,0.7286892162345017,0.48988501576479315,-1.034886788037235,-0.12524263371530514,1.3068961238558854,1.1608512063238763,-0.47751296500053947,1.4608215350480005,1,0
15111.0,1.1186873416281318,0.29945468039331957,0.39006578733505953,0.7812304133553294,0.22734418553323663,-0.07426329780256188,0.7714305402067275,-0.8039250393948271,1,0
15112.0,-1.0552626048729952,-1.0577180989205999,-0.7696412719700645,-0.37140876350666874,0.585311964401049,-0.49273161976031987,-1.3787746355824586,-0.8039250393948271,1,0
15113.0,-0.8815010638560311,-0.20143741171417867,1.8227904824853005,2.0101056811353324,-0.36372890723532053,-0.49273161976031987,0.48941283948908304,1.1620610054185785,1,0
15114.0,0.45453211818551403,1.254616278688769,0.7466639270514946,0.03974131006557709,-0.8945084834897596,0.22741126261658207,1.0367362964018012,-0.8039250393948271,1,0
15115.0,1.7017538459294999,-0.5568260068131017,-0.1992207274535521,-0.04655733802741425,0.13603986789255346,0.20833604805906303,-0.14488409814227088,1.4608215350480005,1,0
15116.0,-0.3331868677580559,0.07422339860702587,0.10184881512709346,0.28051670606264517,0.07888801982769232,-0.23305906672429438,-0.1005293110454993,-0.8039250393948271,1,0
15117.0,1.338785293582953,0.8003467725008181,1.0416847953262405,0.1653464255001082,-1.075914408966304,0.20833604805906303,0.6068075807745934,0.31649817812236203,1,0
15118.0,-1.0552626048729952,-1.0577180989205999,2.4662172221641705,-0.15911472499592746,-2.0058571251344244,-2.862982481670883,-2.516040243029759,-0.8039250393948271,1,0
15119.0,-1.0552626048729952,-1.0577180989205999,-0.5546391364723908,-0.04413014631514524,0.6497167229524262,1.1608512063238763,-0.8630868935309756,-0.8039250393948271,1,0
15120.0,-1.0552626048729952,-1.0577180989205999,0.7527691762964093,0.3611309977399347,-0.63734915817673,1.1608512063238763,-0.5488939424337871,1.7659550299964637,1,0
15121.0,-0.1362571212721634,-0.5568260068131017,-0.4228006242136921,-0.25064614244788586,0.22189715507035288,0.6467390474220279,-0.3222656930578095,-0.8039250393948271,1,0
15122.0,0.8947280220951561,1.1557353675997408,0.2503414039920052,0.5388948148492057,0.15522035343272894,-0.07426329780256188,1.0580456432127332,1.3976309785735228,1,0
15123.0,1.3619534990518813,0.29945468039331957,1.3303798739430561,1.6607428302458698,-0.09708221045854654,0.09371390337111857,1.0258703928331887,-0.8039250393948271,1,0
15124.0,1.3735376017863457,0.07422339860702587,-0.2625245113706964,-1.2115369176341886,-0.880173636821377,0.09371390337111857,-0.26755450858075713,-0.8039250393948271,1,0
15125.0,1.2345283689727746,2.0624455833410726,0.9382478020945443,1.289692449531265,0.030518795410998212,1.932129182619007,1.0367362964018012,1.4608215350480005,1,0
15126.0,-0.4721961005716271,-0.5568260068131017,-0.0827211777636523,-0.2753070479301439,-0.25229432432759935,0.22741126261658207,-0.41184883109283577,-0.8039250393948271,1,0
15127.0,0.6977982756092636,-0.5568260068131017,0.4894708147229819,0.3494333574705305,-0.34610836208869566,1.1608512063238763,-0.351053338929104,-0.8039250393948271,1,0
15128.0,0.3734433990442642,0.29945468039331957,0.8255232061594393,0.3532012570370764,-0.7219856693966311,-0.07426329780256188,0.5883716650135135,1.6968657294740452,1,0
15129.0,1.1071032388936677,2.0120160548061623,0.17891552024749155,0.10958243195582078,-0.19802423404816255,0.22741126261658207,0.5789959775241094,-0.8039250393948271,1,0
15130.0,-1.0552626048729952,-1.0577180989205999,0.3128801098140292,0.24761289204776613,-0.22871862448283206,-0.8464662631382949,-0.5124273288630706,-0.8039250393948271,1,0
15131.0,-1.0552626048729952,-1.0577180989205999,-0.5546391364723908,-1.6698336476886495,-0.9503854385960055,-0.5602283770286947,-1.3787746355824586,-0.8039250393948271,1,0
15132.0,-0.1130889158032349,0.29945468039331957,-0.08825841143480627,-0.4641179340390386,-0.42659432731763713,-0.7231586611558216,0.12460872225127,-0.8039250393948271,1,0
15133.0,0.4622548533418236,0.29945468039331957,0.2851317960049527,0.3708093216130938,-0.06899987437443829,-0.49273161976031987,0.05620547486057961,-0.8039250393948271,1,0
15134.0,0.5201753670141449,1.048245697623346,-0.35785479245597457,-0.7398853141329518,-0.3658704848290657,-0.8464662631382949,0.09111983872311039,-0.8039250393948271,1,0
15135.0,0.1687909174020622,-0.5568260068131017,-1.3438346759048645,-0.7988390464136498,0.9535390504430398,0.22741126261658207,-0.7135169018659211,1.4608215350480005,1,0
15136.0,-0.6922940525264482,0.07422339860702587,0.2963164304027624,0.21238472196895697,-0.24286988361348988,-1.0222871175758335,0.3010782951428931,0.9153033772197167,1,0
15137.0,-0.4374437923682343,-0.5568260068131017,0.7600504111958601,0.5483186744683186,-0.47891106032604003,-0.2618344117975608,-0.1679944637358899,1.8371065454341933,1,0
15138.0,-1.0552626048729952,-1.0577180989205999,0.7672831041685383,0.8198538450523868,-0.22921538114722745,1.1608512063238763,-0.2415090281351582,1.7659550299964637,1,0
15139.0,-0.6807099497919838,-0.5568260068131017,-0.37527916205734746,-1.5234483381471473,-1.0094854691205912,-1.277214299835045,-0.9196861426527538,-0.8039250393948271,1,0
15140.0,0.4506707506073593,0.8003467725008181,0.5755925639150273,0.5275239854045372,-0.27901111034097054,-0.09503028911869377,0.7254167763544643,0.31649817812236203,1,0
15141.0,-0.42199832205561527,0.6548432754922423,0.16015597628249342,-0.4450377951513224,-0.6887211791405551,-0.3319664456362507,0.03817477705094321,1.0320515692003946,1,0
15142.0,0.6977982756092636,0.48988501576479315,0.9619755809814241,0.6284624329215397,-0.6339427787185801,-0.23305906672429438,0.8149999143894906,0.5566200963305212,1,0
15143.0,-0.2559595161949608,-0.5568260068131017,0.08845481873575128,0.032383803305131104,-0.1610192878368422,-0.07426329780256188,-0.351053338929104,-0.8039250393948271,1,0
15144.0,1.7171993162421189,2.287676865127367,0.22187709390572904,0.5732983001812552,0.2320987870198141,-0.07426329780256188,1.2618743296985702,0.3963234538438099,1,0
15145.0,-0.1130889158032349,0.07422339860702587,0.2681356270811905,0.11146877004122062,-0.30667872657271583,0.16253566624592464,0.20279773648307728,-0.8039250393948271,1,0
15146.0,-0.5648689224473412,-0.5568260068131017,1.739522492277981,1.1987312035416935,-0.9630974155653927,-0.2863856841199625,0.6158724655605186,1.4608215350480005,1,0
15147.0,-1.0552626048729952,-1.0577180989205999,0.9823662325686563,1.1138124330618924,-0.20645952929079464,-0.07426329780256188,-0.3222656930578095,1.7659550299964637,1,0
15148.0,-1.0552626048729952,-1.0577180989205999,0.25665509743329146,0.12329554225981755,-0.28114893546790803,-0.8464662631382949,-0.5870572757944853,-0.8039250393948271,1,0
15149.0,0.9372030654548584,0.29945468039331957,-0.7117662213583644,0.16611583502930927,1.153296317535915,2.2894270681815847,0.31420439478743356,-0.8039250393948271,1,0
15150.0,0.9758167412364059,1.3461657029712149,1.2659026545630652,1.2566667966563358,-0.41296660026353904,0.6445604725968617,2.0069767063138437,-0.030266317867525,1,0
15151.0,-0.7231849931516862,-0.5568260068131017,1.0717030224929076,1.815066949385803,0.42268913670563746,3.399499478022089,0.23209955581276964,-0.8039250393948271,1,0
15152.0,1.6168037592100952,1.4313961779209454,0.4015232956409258,0.42476017464323584,-0.1635240165911104,0.09371390337111857,1.321203577100184,1.0320515692003946,1,0
15153.0,-1.0552626048729952,-1.0577180989205999,0.31834561219303326,0.24406249746414202,-0.2390259583927703,0.22741126261658207,-0.5124273288630706,-0.8039250393948271,1,0
15154.0,0.5008685291233711,-0.20143741171417867,-0.25479176353943095,0.7076878534647518,1.1051492731824195,-0.07426329780256188,1.1139434269424622,1.1620610054185785,1,0
15155.0,-1.0552626048729952,-1.0577180989205999,0.2851317960049527,0.45336374743287,0.016957950692350964,-0.3319664456362507,-0.4440240814723802,-0.8039250393948271,1,0
15156.0,-0.9316988423720429,-0.20143741171417867,0.32378371845512494,0.20739032705222046,-0.28167594317118316,0.09371390337111857,0.15678397263081445,-0.8039250393948271,1,0
15157.0,1.7480902568673569,0.29945468039331957,1.6738795537562845,0.8945085797085943,-1.1216399616670572,2.000618897443466,1.0421157499468463,1.3056202738679257,1,0
15158.0,0.31938425295009765,-0.5568260068131017,-0.3198894109460272,0.13104119272140777,0.5063052506407171,2.744916198564831,-1.0461457687241897,1.4608215350480005,1,0
15159.0,0.6051254537335495,2.4781072004988403,1.0714627789205529,1.1715779525570105,-0.26015227704881433,2.432880753823806,1.8587288160244173,0.2687686337376465,1,0
15160.0,-0.8081350798710908,0.07422339860702587,-0.7012501461836962,-0.8487466321892456,-0.041405293516828666,-0.5602283770286947,-0.7135169018659211,-0.8039250393948271,1,0
15161.0,-1.0552626048729952,-1.0577180989205999,-0.025102332118955028,-1.127549379415104,-1.0416047754597066,-0.8464662631382949,-0.19177478749334104,-0.8039250393948271,1,0
15162.0,-1.0552626048729952,-1.0577180989205999,-0.7403178672498535,0.17474547660746165,1.2104675189284102,-0.23305906672429438,-0.980481634816486,1.7659550299964637,1,0
15163.0,-0.3833846462740677,-0.5568260068131017,-0.4953402286603878,-0.8042183657576973,-0.2600592825785346,-0.49273161976031987,-0.2944540898073254,-0.8039250393948271,1,0
15164.0,1.3465080287392623,0.9305040858134475,-0.3810346128379299,-0.2446016364310754,0.17061268329722215,0.09371390337111857,1.4250043611008119,0.22484244827571642,1,0
15165.0,-1.0552626048729952,-1.0577180989205999,0.08845481873575128,0.7792096466267505,0.6609776381674233,0.3469702689073076,-0.351053338929104,-0.8039250393948271,1,0
15166.0,-1.0552626048729952,-1.0577180989205999,-0.05545116217800767,-0.6773353323492298,-0.6551260317456221,-0.07426329780256188,-0.980481634816486,-0.8039250393948271,1,0
15167.0,0.3078001502156334,0.29945468039331957,0.18139246179768956,0.2551126098162736,-0.05332649035395505,0.5055184603984593,1.486519997035165,-0.8039250393948271,1,0
15168.0,-1.0552626048729952,-1.0577180989205999,-1.1169909995197986,-1.2873836210145513,0.052039061987055504,-0.5602283770286947,-1.6147785724478398,-0.8039250393948271,1,0
15169.0,0.2730478420122406,-0.5568260068131017,0.20343407626114873,0.04580922676147858,-0.2912464174418712,-0.07426329780256188,0.26039076371065795,-0.8039250393948271,1,0
15170.0,-1.0552626048729952,-1.0577180989205999,-1.598612131292182,-1.6552989024056046,0.3229843401001301,-0.8464662631382949,-1.7643485641128949,-0.8039250393948271,1,0
15171.0,-1.0552626048729952,-1.0577180989205999,0.7306275929387226,2.104696801686561,1.2982963179804918,-0.6252905000779018,-1.6147785724478398,1.7659550299964637,1,0
15172.0,-0.17487079705371097,0.29945468039331957,0.8444857350787272,0.22558420264296267,-0.8453367660993734,0.09725622010391866,0.7487462269343014,-0.8039250393948271,1,0
15173.0,-0.1401184888503182,0.6548432754922423,-0.22140759327582904,-0.3449711323662354,-0.14710528104813686,-0.3319664456362507,0.38883434171884856,0.42541977181113405,1,0
15174.0,-0.7154622579953767,-0.5568260068131017,0.2794959395504273,-0.1819086441964196,-0.5911032016899939,-0.49273161976031987,-0.1679944637358899,-0.8039250393948271,1,0
15175.0,-1.0552626048729952,-1.0577180989205999,1.2155498179001065,-0.2789706280926984,-1.4811108260103645,-1.4030960559345154,-0.47751296500053947,-0.8039250393948271,1,0
15176.0,-1.0552626048729952,-1.0577180989205999,1.2011482799511823,1.7414937273554303,0.15937614903625794,1.4081348126143514,0.17241042083090774,1.7659550299964637,1,0
15177.0,-1.0552626048729952,-1.0577180989205999,1.2870568793862676,1.6864140376391366,-0.014268422775656828,-0.07426329780256188,-0.38088803500765217,-0.8039250393948271,1,0
15178.0,-1.0552626048729952,-1.0577180989205999,-1.6988279396262262,-2.5875080116176523,-0.5075564666728346,-1.8163206498761402,-1.947407439306109,-0.8039250393948271,1,0
15179.0,1.7171993162421189,1.3461657029712149,1.1225342491306582,1.0065285783812905,-0.47733268924720695,0.3469702689073076,1.3621372422654447,1.0953505504041956,1,0
15180.0,-0.1980390025226395,-0.20143741171417867,0.42224312060599484,-0.01428620167732223,-0.60181109010504,-0.8464662631382949,0.07384838550817617,-0.8039250393948271,1,0
15181.0,1.512546834599917,0.29945468039331957,-0.07407651108714405,-0.18581098291344428,-0.17418235561205686,-0.3319664456362507,-0.8101418318588084,1.5675928766263612,1,0
15182.0,0.8831439193606918,1.1557353675997408,-0.33652861682380375,-0.012678777492080257,0.3657436834575846,0.09371390337111857,0.4998634741417061,0.9917078520475852,1,0
15183.0,-0.9123920044812691,-0.20143741171417867,-0.4282116076385533,-0.3462718244837982,0.1250560135972904,-0.5602283770286947,-0.19177478749334104,1.1620610054185785,1,0
15184.0,1.6245264943664048,0.07422339860702587,-0.2080411006536817,-0.6347562530049177,-0.4448075028677017,-0.07426329780256188,0.4350642467200411,-0.8039250393948271,1,0
15185.0,-1.0552626048729952,-1.0577180989205999,1.630516041250202,0.164793452459473,-1.520745308144805,1.1608512063238763,-0.5488939424337871,-0.8039250393948271,1,0
15186.0,1.5781900834285476,0.29945468039331957,-0.031104560030498628,0.026700183480334164,-0.011930011575983989,-0.07426329780256188,-0.2944540898073254,-0.8039250393948271,1,0
15187.0,-0.2405140458823418,1.5860167045095306,-0.24005962737953382,0.11097328271650242,0.3675691890970503,0.09725622010391866,0.3010782951428931,0.31649817812236203,1,0
15188.0,-1.0552626048729952,-1.0577180989205999,0.49411707419160367,0.16396083298416625,-0.5237828713820709,-0.07426329780256188,-0.47751296500053947,-0.8039250393948271,1,0
15189.0,0.9063121248296203,2.842288372936632,0.01919845900069518,0.44266493601486684,0.37206750159309404,2.000618897443466,0.6158724655605186,0.9528062535715655,1,0
15190.0,-1.0552626048729952,-1.0577180989205999,1.8155000733443565,1.5110859302190949,-0.794428485356213,0.22741126261658207,-0.03819322927216564,-0.8039250393948271,1,0
15191.0,-0.18645489978817523,-0.20143741171417867,-0.46499139860133415,-0.46113049363026604,0.051844547855242076,-0.2521611112671691,-0.19177478749334104,-0.8039250393948271,1,0
15192.0,1.1071032388936677,0.29945468039331957,0.7291352956914275,0.26061247265115944,-0.697827857000908,-0.3319664456362507,0.23209955581276964,-0.8039250393948271,1,0
15193.0,-1.0552626048729952,-1.0577180989205999,-0.025102332118955028,0.8111501672977269,0.8725880680107029,-0.07426329780256188,-0.6270829566655943,-0.8039250393948271,1,0
15194.0,1.7751198299144402,2.2457965188165505,0.8324791198558609,0.6054584138858217,-0.5099319164129917,1.1608512063238763,1.5231222191235918,1.2920346954759117,1,0
15195.0,-1.0552626048729952,-1.0577180989205999,2.4387692385527324,3.6011322943443473,0.49646557329856317,-1.5447518551427224,-2.516040243029759,-0.8039250393948271,1,0
15196.0,0.07997946310450284,-0.5568260068131017,-0.8708163199136619,-0.7527278534493106,0.29487198510289925,-1.1639429167840407,-0.1679944637358899,-0.8039250393948271,1,0
15197.0,1.7171993162421189,0.48988501576479315,0.1932852657913164,0.17482520688799313,-0.15074266610210565,1.0134691263446138,0.03817477705094321,1.6204927696584461,1,0
15198.0,1.2499738392853936,0.29945468039331957,-0.8724489762454515,-1.1928753171384485,-0.1720143434313833,0.09371390337111857,-0.3222656930578095,0.7169161657937569,1,0
15199.0,0.9372030654548584,1.048245697623346,-0.5377061294225858,0.171872080856938,0.884632956618521,-0.49273161976031987,-0.7135169018659211,-0.8039250393948271,1,0
15200.0,-1.0552626048729952,-1.0577180989205999,0.30186580274645863,0.9405151745145273,0.5337459538743666,-0.23305906672429438,-0.26755450858075713,-0.8039250393948271,1,0
15201.0,0.9680940060800964,0.6548432754922423,0.5131566538578971,-0.06015983488950077,-0.7387804652394026,-0.930965887215077,0.03817477705094321,1.7659550299964637,1,0
15202.0,-1.0552626048729952,-0.20143741171417867,-4.672365083494027,2.7038215929778775,13.988025797306172,5.888322053197397,-2.516040243029759,1.8473187889165001,1,0
15203.0,1.6708629053042618,1.5111239626986637,0.6880472182357797,0.08693685183473336,-0.798697550963533,-0.5602283770286947,1.0313213346555676,-0.8039250393948271,1,0
15204.0,-1.0552626048729952,-1.0577180989205999,0.6042419529416526,0.1906568982967894,-0.623000557697448,-0.49273161976031987,-1.195715760389244,-0.8039250393948271,1,0
15205.0,-0.8930851665904953,-0.5568260068131017,0.2681356270811905,0.23314724385322505,-0.18700253978909753,0.22741126261658207,-0.1005293110454993,1.4608215350480005,1,0
15206.0,-0.032000196661985045,0.07422339860702587,-1.382355879645592,-1.3063627769681625,0.4054467237983201,-1.485945419229041,-1.947407439306109,-0.8039250393948271,1,0
15207.0,-0.5494234521347222,-0.20143741171417867,-0.035124573625858566,-0.2559223492859013,-0.2920638349968149,-1.485945419229041,-0.6270829566655943,1.6204927696584461,1,0
15208.0,0.5742345131083114,0.48988501576479315,-0.9763957486542921,-0.7219491953437941,0.48277544872461936,-0.07426329780256188,-0.351053338929104,0.5566200963305212,1,0
15209.0,-1.0552626048729952,-1.0577180989205999,-0.4838596990124887,-0.5845997591942477,-0.052770639383438074,-0.44035248611375827,-0.9196861426527538,-0.8039250393948271,1,0
15210.0,0.2962160474811691,-0.20143741171417867,0.693976352237094,0.4817665202548408,-0.46361418058020215,1.4081348126143514,0.36470425725432115,-0.8039250393948271,1,0
15211.0,0.12245450646420515,-0.5568260068131017,-0.22140759327582904,0.6609856261379817,0.9937565126881476,0.09371390337111857,0.17241042083090774,-0.8039250393948271,1,0
15212.0,-0.5339779818221032,-0.5568260068131017,-1.3438346759048645,-1.318449415695671,0.3356374801007137,-0.3319664456362507,-1.3787746355824586,1.4608215350480005,1,0
15213.0,-1.0127875615132929,-0.5568260068131017,-0.08667345873840847,-0.7017860088076219,-0.6422693252698362,-1.485945419229041,-0.5124273288630706,1.4608215350480005,1,0
15214.0,-0.12467301853769916,0.8003467725008181,0.0663306025299532,-0.38261474242600113,-0.5306150009019124,-0.07426329780256188,0.7714305402067275,-0.8039250393948271,1,0
15215.0,1.130271444362596,0.6548432754922423,-0.3066460093450777,0.3118455739705192,0.6995018855578425,0.6467390474220279,0.5695118981833196,1.5408951706492844,1,0
15216.0,0.9951235791271797,-0.5568260068131017,-0.3297522054876844,-0.16889691627207146,0.18244147710648634,0.09371390337111857,-0.4440240814723802,-0.8039250393948271,1,0
15217.0,-1.0552626048729952,-1.0577180989205999,0.27383065290268127,0.5955875618260171,0.1846432873560995,-0.5602283770286947,-0.3222656930578095,-0.8039250393948271,1,0
15218.0,1.5395764076470002,1.9594399542263008,0.7595555127180048,0.8755318204940384,-0.1640508133639672,-0.07426329780256188,0.9692711437114102,0.3869169183580845,1,0
15219.0,0.7673028920160492,-0.5568260068131017,-0.09064019049841081,0.29865823216334797,0.36617498870143766,-0.07426329780256188,-0.38088803500765217,-0.8039250393948271,1,0
15220.0,-0.17100942947555622,0.48988501576479315,0.49024657444693853,0.1014596845473029,-0.5752846540135882,-0.09503028911869377,0.778854696993705,0.5566200963305212,1,0
15221.0,-0.008831991193056518,0.07422339860702587,-0.946832613532547,0.85473203300686,2.482491698758081,0.5055184603984593,-0.5488939424337871,1.6719867635063792,1,0
15222.0,0.5085912642796806,1.1557353675997408,1.092660227405727,0.21717823272277767,-1.084525608048527,-0.5602283770286947,0.6849965950064003,1.5141526126156624,1,0
15223.0,0.9101734924077751,0.29945468039331957,-0.6977673183844557,0.04092507361688302,0.9737919112919193,-0.07426329780256188,-0.38088803500765217,0.7169161657937569,1,0
15224.0,0.2382955338088478,0.29945468039331957,-0.5473497478331261,-0.6207858109950345,-0.006727524815373774,-0.2618344117975608,-0.4440240814723802,1.5675928766263612,1,0
15225.0,-1.0552626048729952,-1.0577180989205999,0.46116747230061655,0.5406892423094192,-0.12234363086512927,-0.49273161976031987,-0.47751296500053947,-0.8039250393948271,1,0
15226.0,-1.0552626048729952,-1.0577180989205999,-0.7846056461545511,-0.7849775688535581,0.13872967071199999,-0.07426329780256188,-1.282149705589571,-0.8039250393948271,1,0
15227.0,1.2499738392853936,0.9305040858134475,-0.09285021352324775,0.0064783292233247716,0.04889671686571912,0.22741126261658207,0.5789959775241094,-0.8039250393948271,1,0
15228.0,0.6167095564680137,0.48988501576479315,1.4475772727154754,1.6590005425276115,-0.246676160499993,0.22741126261658207,1.197917509052301,0.5566200963305212,1,0
15229.0,-1.0552626048729952,-1.0577180989205999,-0.2765838864567547,-0.7325027838020751,-0.455270456545891,-1.485945419229041,-1.195715760389244,-0.8039250393948271,1,0
15230.0,-1.0514012372948403,-0.5568260068131017,0.1881750352984766,-0.336813279868957,-0.626014989992132,-1.0222871175758335,-0.47751296500053947,-0.8039250393948271,1,0
15231.0,-1.0552626048729952,-1.0577180989205999,0.27383065290268127,-0.12912191567068426,-0.5377925459733099,-1.0222871175758335,-0.8630868935309756,1.7659550299964637,1,0
15232.0,-0.9510056802628167,-0.5568260068131017,0.9121513023761727,0.14453568934855615,-0.9730377846617932,-1.0222871175758335,-0.38088803500765217,-0.8039250393948271,1,0
15233.0,-1.0552626048729952,-1.0577180989205999,-2.641647037054194,-2.075166650254398,1.4882308574868919,-1.0222871175758335,-2.516040243029759,-0.8039250393948271,1,0
15234.0,-1.0552626048729952,-1.0577180989205999,0.30738693388731153,-0.4543337312118198,-0.8485471387401771,-1.1639429167840407,-0.8630868935309756,-0.8039250393948271,1,0
15235.0,-0.394968749008532,1.5860167045095306,-0.3675574217893068,-0.6283972239668872,-0.2458843943325043,0.22741126261658207,1.0890064392979164,-0.8039250393948271,1,0
15236.0,-1.0552626048729952,-1.0577180989205999,0.6493671691150471,0.20973791972916767,-0.6556211510562343,-1.0222871175758335,-0.8101418318588084,-0.8039250393948271,1,0
15237.0,-0.18259353221002048,0.07422339860702587,0.6443328216695712,0.33917770238919337,-0.5363699062830003,0.22741126261658207,0.651162367871365,-0.8039250393948271,1,0
15238.0,-0.4567506302590081,-0.20143741171417867,0.48324468614153115,0.3554661586566855,-0.33282433138208883,2.432880753823806,0.12460872225127,1.6204927696584461,1,0
15239.0,-0.7926896095584718,-0.5568260068131017,0.7564159021761392,0.4756109795824745,-0.5406067540438632,-0.49273161976031987,0.10803515400060046,1.4608215350480005,1,0
15240.0,1.6090810240537858,1.254616278688769,0.6446691726031994,0.4090155849299857,-0.4733891830267321,0.22741126261658207,0.9394364476328624,1.6204927696584461,1,0
15241.0,1.2152215310820007,1.1557353675997408,0.7764191575497843,0.010351316995572079,-0.9456253143810668,0.09725622010391866,0.8496195544385344,0.07951852525571697,1,0
15242.0,-1.0552626048729952,-1.0577180989205999,0.30738693388731153,0.1266784109351523,-0.33966019024144384,-1.2305367866712973,-1.7643485641128949,-0.8039250393948271,1,0
15243.0,0.3386910908408714,-0.5568260068131017,0.6593663175722636,0.7101482949053418,-0.20316739105411957,0.22741126261658207,0.23209955581276964,-0.8039250393948271,1,0
15244.0,1.2654193095980126,-0.20143741171417867,0.07033498329234929,0.13559895216000664,-0.03191379354526704,1.1608512063238763,0.03817477705094321,1.1620610054185785,1,0
15245.0,0.7248278486563469,0.8003467725008181,1.0161982089754573,1.0066549950915065,-0.3521737549654507,-0.3319664456362507,0.4350642467200411,-0.8039250393948271,1,0
15246.0,0.1687909174020622,-0.20143741171417867,-0.22440042256061293,-0.07650444845658448,0.13807142923288437,-0.07426329780256188,0.05620547486057961,-0.8039250393948271,1,0
15247.0,0.5472049400612282,-0.20143741171417867,0.16225646082581238,0.22785891204842929,-0.056541784977365395,-0.44035248611375827,-0.9196861426527538,1.1620610054185785,1,0
15248.0,-0.5803143927599602,-0.20143741171417867,0.9493515157149677,1.130779346630803,-0.1478379624937366,-0.07426329780256188,0.7254167763544643,1.1620610054185785,1,0
15249.0,1.2306670013946197,1.7234195042875162,0.6797437101848862,0.8526896338917365,-0.08511972324148741,1.1608512063238763,1.608063236294026,0.5566200963305212,1,0
15250.0,-1.0552626048729952,-1.0577180989205999,-1.2021248494409003,-2.0616723008578632,-0.6009787352185435,-2.1228885995770903,-1.947407439306109,-0.8039250393948271,1,0
15251.0,1.5318536724906906,1.9045263848297673,1.4743360984637721,1.7133163873847024,-0.22637620552058435,0.09371390337111857,1.19347108230788,1.4290799335465074,1,0
15252.0,1.165023752565989,0.29945468039331957,0.7156114372623172,0.5777114603942032,-0.3997647452144836,-0.23305906672429438,0.7487462269343014,1.3056202738679257,1,0
15253.0,1.145716914675215,0.8003467725008181,0.3210680726623974,-0.09358615304684134,-0.5592430460647209,0.3469702689073076,0.7174904951184494,1.4608215350480005,1,0
15254.0,0.6167095564680137,-0.20143741171417867,0.5125056487812214,0.37608578485129507,-0.3483769973967406,-0.07426329780256188,0.3398428478240282,1.1620610054185785,1,0
15255.0,1.5318536724906906,0.9305040858134475,0.5586152583872979,0.5571551660022219,-0.22895505352095258,0.6445604725968617,0.9574671454424988,0.8107045800741712,1,0
15256.0,0.5394822049049186,-0.5568260068131017,-1.247335554754067,-1.5896025048641416,-0.09148920961247478,-1.485945419229041,-1.4883189463764042,-0.8039250393948271,1,0
15257.0,-0.5494234521347222,-0.5568260068131017,-1.5216365980637432,0.29955156880659123,2.7410765362188583,2.744916198564831,-1.0461457687241897,1.4608215350480005,1,0
15258.0,-0.8660555935434121,-0.5568260068131017,-0.7846056461545511,0.16899262444168622,1.2752554562311322,0.16253566624592464,-0.21626507557551844,-0.8039250393948271,1,0
15259.0,-0.39883011658668677,0.07422339860702587,0.073186233100969,0.0973310858335455,-0.07524655185663326,3.399499478022089,0.14085407936492755,-0.8039250393948271,1,0
15260.0,1.3889830720989647,2.1108969658951904,0.2077891665650952,0.33000626523540644,-0.01007094064146458,0.3469702689073076,1.2067387093789805,0.7169161657937569,1,0
15261.0,0.09928630099527662,0.07422339860702587,0.337260909503748,0.4284204854070985,-0.07737936774828316,0.22741126261658207,0.5883716650135135,-0.8039250393948271,1,0
15262.0,-0.4181369544774605,-0.20143741171417867,-0.7597784774284073,-0.921631343661464,-0.04012052524973852,-0.07426329780256188,-0.5124273288630706,-0.8039250393948271,1,0
15263.0,-1.0552626048729952,-1.0577180989205999,-0.5425172234610122,-0.7666540725867911,-0.1632022875095903,-0.49273161976031987,-0.980481634816486,-0.8039250393948271,1,0
15264.0,0.7441346865471207,-0.5568260068131017,0.4394446123148273,0.5890535031966585,-0.04458821463075371,-0.23305906672429438,0.17241042083090774,1.4608215350480005,1,0
15265.0,1.211360163503846,0.07422339860702587,1.0580046090939934,1.514301258179736,0.10887855649258998,0.22741126261658207,1.1754403844982437,-0.8039250393948271,1,0
15266.0,0.3464138259971809,0.29945468039331957,-1.2199836877271573,-0.6509478649556466,0.9405382270754672,0.09371390337111857,-0.07921996423456719,0.7169161657937569,1,0
15267.0,-0.4374437923682343,0.29945468039331957,0.26699302568255134,0.30162186124776696,-0.1164427776041921,-1.1639429167840407,-1.282149705589571,-0.8039250393948271,1,0
15268.0,-0.5648689224473412,-0.20143741171417867,-0.035124573625858566,0.2079705296793526,0.18733189023457528,-0.07426329780256188,-0.5488939424337871,1.1620610054185785,1,0
15269.0,0.36185929630979996,-0.20143741171417867,-0.18612318494501445,0.5375365835730388,0.7874796512002848,2.5996183390222924,-0.19177478749334104,-0.8039250393948271,1,0
15270.0,1.6747242728824165,1.9045263848297673,0.27922683377508556,0.5291501697746785,0.10538955925104662,2.5996183390222924,0.36470425725432115,1.4290799335465074,1,0
15271.0,0.8136393029539063,2.0624455833410726,-0.39702137124239334,-0.49226286334177854,-0.07084149062108219,0.6445604725968617,1.7665503127759508,0.02103660903962243,1,0
15272.0,1.2847261474887863,0.48988501576479315,-0.2718771548759853,0.31780584936831097,0.6541720395951399,2.432880753823806,1.4707735687652388,-0.8039250393948271,1,0
15273.0,-1.0552626048729952,-1.0577180989205999,0.41228984044717715,-0.2500523591182686,-0.7905173533493238,-2.222738076020031,-2.516040243029759,-0.8039250393948271,1,0
15274.0,-1.0012034587788285,-0.5568260068131017,0.8009948902968458,0.3590996821360645,-0.6910429474272203,-0.8464662631382949,0.03817477705094321,-0.8039250393948271,1,0
15275.0,-1.0552626048729952,-1.0577180989205999,1.3156954946896209,1.095413911652815,-0.6151368692701876,-0.23305906672429438,-0.018424472070835033,1.7659550299964637,1,0
15276.0,0.3657206638879547,0.07422339860702587,-0.6206012680025333,-0.7166819496486466,-0.010080056849653223,0.22741126261658207,1.0839267715139342,0.9153033772197167,1,0
15277.0,0.408195707247657,-0.5568260068131017,0.2537658815373647,-0.1964433130493902,-0.5753036475960681,-0.8464662631382949,-0.47751296500053947,-0.8039250393948271,1,0
15278.0,-0.6536803767449005,0.07422339860702587,-0.2718771548759853,-1.081810111785529,-0.7663348183954453,-0.5988151577868094,-0.2944540898073254,-0.8039250393948271,1,0
15279.0,0.18423638771468123,0.29945468039331957,0.09114687949108186,0.18862642331663265,-0.003980931091580716,0.40232454155815495,0.4572375891095386,1.3056202738679257,1,0
15280.0,0.4854230588107521,-0.20143741171417867,0.16015597628249342,-0.963031096625224,-1.0901216869541832,0.40232454155815495,0.10803515400060046,-0.8039250393948271,1,0
15281.0,0.36958203146610946,1.5860167045095306,0.8606863421349044,0.9025735305190116,-0.2635672450278626,1.0134691263446138,1.886011834381602,1.256310742518105,1,0
15282.0,-1.0552626048729952,-1.0577180989205999,1.0648754359077084,0.32175566063423755,-0.9840899869028191,-0.7678395663192259,-0.351053338929104,-0.8039250393948271,1,0
15283.0,-0.5610075548691864,-0.20143741171417867,-2.92628600861313,-2.3210858424981033,1.6760885741229679,0.22741126261658207,-1.195715760389244,1.1620610054185785,1,0
15284.0,-1.0552626048729952,-1.0577180989205999,-3.4804806909179686,-3.2390460865442514,1.4882308574868919,-1.0222871175758335,-2.516040243029759,-0.8039250393948271,1,0
15285.0,-1.0552626048729952,-1.0577180989205999,-0.22140759327582904,-1.4437421225025193,-1.091143273210142,-1.8163206498761402,-1.4883189463764042,-0.8039250393948271,1,0
15286.0,-1.0552626048729952,-1.0577180989205999,-1.0572566512332655,-0.18292557066989673,1.2693408489943536,-1.0222871175758335,-1.947407439306109,-0.8039250393948271,1,0
15287.0,1.7056152135076545,0.29945468039331957,0.33993637307355096,-0.6448777613419505,-1.0243530745402791,-0.8464662631382949,-0.47751296500053947,0.7169161657937569,1,0
15288.0,1.3465080287392623,1.048245697623346,-0.10423660787032775,0.4093196013093383,0.5126664627670253,-0.07426329780256188,0.9021407650415885,-0.8039250393948271,1,0
15289.0,1.2306670013946197,0.29945468039331957,0.855174490777696,0.19938956947607553,-0.8765264214922948,-0.8464662631382949,0.3768580162303092,1.3056202738679257,1,0
15290.0,1.4507649533494409,2.1575195518147376,0.5812845584956946,0.5216060623620797,-0.2917386898544521,0.22741126261658207,0.7487462269343014,0.4878572895827382,1,0
15291.0,1.6901697431950355,2.6735695261314913,-0.19812320593584734,0.2795363114483811,0.49985124632459876,1.292464186651415,0.822041706347352,1.1411689795099227,1,0
15292.0,-1.0552626048729952,-1.0577180989205999,-1.0380543813173266,-0.5698133205747401,0.7557730131831312,0.16253566624592464,-0.4440240814723802,-0.8039250393948271,1,0
15293.0,-1.0552626048729952,-1.0577180989205999,0.20343407626114873,-0.14420075297699933,-0.47089217255404725,-1.485945419229041,-0.6270829566655943,-0.8039250393948271,1,0
15294.0,-1.0552626048729952,-1.0577180989205999,-0.45012952334722056,-0.2242365776786277,0.2895468559966725,-0.44035248611375827,-0.8101418318588084,1.7659550299964637,1,0
15295.0,-1.0552626048729952,-1.0577180989205999,0.026047204387651634,-0.3214642653308418,-0.42798127708460143,-0.6943222153282232,0.14085407936492755,-0.8039250393948271,1,0
15296.0,1.4044285424115837,1.254616278688769,1.2187243627481477,1.555239772275069,-0.06102629645511462,0.09371390337111857,1.7043892543776058,1.6204927696584461,1,0
15297.0,-0.8506101232307931,-0.20143741171417867,-0.4464456490852954,-0.34201054288939947,0.15466481312796018,-0.49273161976031987,-0.26755450858075713,1.1620610054185785,1,0
15298.0,1.7596743596018212,2.0120160548061623,0.6161958961230856,0.488441772623738,-0.3657961433459919,-0.3319664456362507,1.2618743296985702,0.9528062535715655,1,0
15299.0,1.3735376017863457,1.048245697623346,0.8885586610412979,1.0965500810344306,-0.10485508358652323,4.201058632011898,-1.195715760389244,1.4608215350480005,1,0
15300.0,-1.0552626048729952,-1.0577180989205999,0.7380584434119645,0.8032691286787348,-0.20917491084354262,-0.09503028911869377,-0.3222656930578095,-0.8039250393948271,1,0
15301.0,0.48928442638890685,1.656627459707239,0.44559380124039105,0.5348594717824681,-0.10828483289944738,-0.07426329780256188,1.383632718113141,0.2687686337376465,1,0
15302.0,-1.0552626048729952,-1.0577180989205999,-0.39614326522300464,0.15326704533444357,0.6456239468951191,0.22741126261658207,-0.8101418318588084,1.7659550299964637,1,0
15303.0,0.4622548533418236,-0.20143741171417867,0.16225646082581238,0.5362245320835187,0.2743554531876596,0.16253566624592464,0.32712377558849165,1.1620610054185785,1,0
15304.0,0.3386910908408714,0.9305040858134475,-2.6051763784279474,-1.5384847824883159,2.1537856687048818,-0.07426329780256188,-1.282149705589571,0.8107045800741712,1,0
15305.0,-1.0552626048729952,-1.0577180989205999,-1.395506342811086,-1.4626592921494606,0.24771605965117682,-0.5602283770286947,-1.6147785724478398,-0.8039250393948271,1,0
15306.0,1.242251104129084,0.9305040858134475,0.9075862530575033,0.46474272465718974,-0.715085035519175,-0.2521611112671691,0.8697110988665433,0.22484244827571642,1,0
15307.0,-1.0552626048729952,-1.0577180989205999,-1.4779434477997069,-0.3982739724408813,1.6941900587209733,-0.09503028911869377,-0.980481634816486,-0.8039250393948271,1,0
15308.0,-1.0552626048729952,-1.0577180989205999,0.1850973029429482,0.16413616350058713,-0.15110649258476008,-0.07426329780256188,-0.6270829566655943,1.7659550299964637,1,0
15309.0,-0.5725916576036507,0.07422339860702587,-0.31499143455569134,-0.43727277284892885,-0.12078457099869823,-0.07426329780256188,0.12460872225127,1.8371065454341933,1,0
15310.0,-1.0552626048729952,-1.0577180989205999,2.492987872699198,2.4282474762908364,-0.7415628274785249,-0.8464662631382949,0.05620547486057961,-0.8039250393948271,1,0
15311.0,1.7944266678052139,4.685663988037883,0.8949118693906463,0.9517411170982079,-0.2576468660404896,1.0134691263446138,2.463224929611168,1.068393999057921,1,0
15312.0,1.446903585771286,1.254616278688769,-0.047147501352807944,-0.16254862013469668,-0.18494054182317143,-0.23305906672429438,0.8359465091600137,0.5566200963305212,1,0
15313.0,-1.0552626048729952,-1.0577180989205999,-1.8896517109605147,-2.2535901732005,0.07360925972680037,-1.7675137489305075,-2.516040243029759,-0.8039250393948271,1,0
15314.0,-0.17100942947555622,-0.20143741171417867,0.5702030847354698,-0.00843801561681384,-0.7554165970604452,-0.3319664456362507,0.12460872225127,1.1620610054185785,1,0
15315.0,-0.8544714908089478,-0.5568260068131017,1.1592740725151875,0.04886489560700031,-1.251955368008159,-1.485945419229041,-0.14488409814227088,1.4608215350480005,1,0
15316.0,-1.0552626048729952,-1.0577180989205999,-0.4174164944150915,-0.6949843764631468,-0.24944159322596546,-1.9376978457118947,-2.516040243029759,-0.8039250393948271,1,0
15317.0,-1.0552626048729952,-1.0577180989205999,-1.2706676352439727,-1.0208507303477075,0.5715255621347543,-0.8464662631382949,-1.6147785724478398,1.7659550299964637,1,0
15318.0,-1.0552626048729952,-1.0577180989205999,1.5907595344102015,0.17352719878295805,-1.4908461949698053,-1.2305367866712973,-0.19177478749334104,-0.8039250393948271,1,0
15319.0,-1.0552626048729952,-1.0577180989205999,0.1850973029429482,-0.40357817428257886,-0.6801712108744875,-0.07426329780256188,-0.7604075912169913,-0.8039250393948271,1,0
15320.0,-1.0552626048729952,-1.0577180989205999,0.8571669613611048,-0.04040832794334189,-1.057323371566241,-0.49273161976031987,-0.12240697358821374,-0.8039250393948271,1,0
15321.0,1.2770034123324767,1.254616278688769,0.7830865157112873,0.965340751389401,-0.10312160494246174,0.16253566624592464,1.4216353061561855,1.4608215350480005,1,0
15322.0,0.45453211818551403,-0.5568260068131017,1.2881724578164173,1.262637444038941,-0.4335172230313611,1.932129182619007,0.4788273542195676,1.4608215350480005,1,0
15323.0,-0.6729872146356743,-0.20143741171417867,-0.918053739673378,-0.8714934360204663,0.22943659709769812,-0.44035248611375827,-0.2944540898073254,1.1620610054185785,1,0
15324.0,-1.0552626048729952,-1.0577180989205999,-0.7403178672498535,-0.9156893659167973,-0.059570927363943704,-1.277214299835045,-1.282149705589571,-0.8039250393948271,1,0
15325.0,1.099380503737358,0.8003467725008181,0.17191864945327145,-0.4320991204103606,-0.6903127776940899,-0.07426329780256188,1.1040594070649958,0.31649817812236203,1,0
15326.0,0.5085912642796806,0.29945468039331957,0.6541782631534726,0.2882085555739469,-0.5926762336711143,0.843979790974327,0.651162367871365,1.7659550299964637,1,0
15327.0,-1.0552626048729952,-1.0577180989205999,-0.2578782519020756,-0.375632775923572,-0.13148336689677956,-0.07426329780256188,-1.1175267461574372,-0.8039250393948271,1,0
15328.0,-1.0552626048729952,-1.0577180989205999,-0.5546391364723908,-1.278780128985054,-0.6311364436620617,-0.5602283770286947,-1.282149705589571,-0.8039250393948271,1,0
15329.0,1.5936355537411666,1.1557353675997408,-0.30702395741638994,-0.019326763284584474,0.31619635221243153,0.16253566624592464,0.6849965950064003,1.7049905445456073,1,0
15330.0,-0.9471443126846619,-0.5568260068131017,1.6141275131820543,0.356037509747572,-1.408650726912206,-2.02650960880903,-1.1175267461574372,-0.8039250393948271,1,0
15331.0,-0.630512171275972,-0.20143741171417867,0.49720356255424736,-0.09844512405649905,-0.753861719908611,-0.44035248611375827,-0.018424472070835033,1.1620610054185785,1,0
15332.0,-0.4876415708842461,0.48988501576479315,1.0352517544272832,1.4796912594649352,0.1025127419914609,-0.49273161976031987,0.8007323595364199,-0.8039250393948271,0,0
15333.0,-1.0552626048729952,-1.0577180989205999,0.9153005061193046,1.7963079627066247,0.629740772356265,-1.277214299835045,-0.7604075912169913,-0.8039250393948271,1,0
15334.0,-0.9896193560443642,-0.20143741171417867,-0.5147486161655719,-1.158338922792994,-0.569258529069671,-0.3319664456362507,0.3768580162303092,-0.8039250393948271,1,0
15335.0,-1.0552626048729952,-1.0577180989205999,-0.6568228392834701,-0.6231400723692821,0.13861887044722399,-0.49273161976031987,-0.1679944637358899,-0.8039250393948271,1,0
15336.0,-1.0552626048729952,-1.0577180989205999,-0.6045283825049639,-0.18320818473396325,0.560299978885648,-0.07426329780256188,-0.8101418318588084,-0.8039250393948271,1,0
15337.0,-1.0552626048729952,-1.0577180989205999,0.3291947018799872,0.41397029442420497,-0.08177475047675595,-0.07426329780256188,-0.5488939424337871,1.7659550299964637,1,0
15338.0,-1.0552626048729952,-1.0577180989205999,0.018886122759088707,0.04015734396656096,-0.06353127887979099,-0.07426329780256188,0.23209955581276964,-0.8039250393948271,1,0
15339.0,1.273142044754322,0.6548432754922423,0.11037273444441852,-0.07135601838464668,-0.29105834864716773,-0.07426329780256188,1.0940548473899332,1.5408951706492844,1,0
15340.0,-1.0552626048729952,-1.0577180989205999,-0.7117662213583644,-1.3009040273834853,-0.47295264399575493,-1.485945419229041,-1.3787746355824586,-0.8039250393948271,1,0
15341.0,0.36958203146610946,-0.5568260068131017,1.3286625804658059,2.008120164526827,0.2756114799195302,-1.1639429167840407,-0.5124273288630706,1.4608215350480005,1,0
15342.0,-1.0552626048729952,-1.0577180989205999,0.7042113331252393,0.5296341144658934,-0.4312684472320398,0.09371390337111857,-0.4440240814723802,1.7659550299964637,1,0
15343.0,-1.0552626048729952,-1.0577180989205999,-0.6045283825049639,0.3825127558301715,1.2555634160554023,-0.07426329780256188,-0.5488939424337871,-0.8039250393948271,1,0
15344.0,-0.7695214040895432,-0.20143741171417867,-1.4313740698885171,-0.5179858019551034,1.4560549840147305,0.09371390337111857,-0.5488939424337871,1.6204927696584461,1,0
15345.0,-1.0552626048729952,-1.0577180989205999,-0.6435110167174068,0.48688559281868304,1.4549429669311338,0.40232454155815495,-0.5870572757944853,1.7659550299964637,1,0
15346.0,-0.6729872146356743,-0.20143741171417867,-0.5710152953702312,-0.44261705706151255,0.2171191697181455,-0.49273161976031987,-0.12240697358821374,1.1620610054185785,1,0
15347.0,-0.7811055068240075,0.07422339860702587,-0.09064019049841081,0.07367606045819297,0.11773279179283426,-0.3319664456362507,-0.2944540898073254,1.4608215350480005,1,0
15348.0,-1.0552626048729952,-1.0577180989205999,-0.6045283825049639,-0.7534572813715947,-0.06956565187673366,-1.277214299835045,-1.195715760389244,-0.8039250393948271,1,0
15349.0,-0.9432829451065071,-0.5568260068131017,0.1117868992256571,-0.20368301580165776,-0.41893988559491585,-0.09503028911869377,0.3523677281481314,-0.8039250393948271,1,0
15350.0,-1.0166489290914476,-0.5568260068131017,-0.08667345873840847,-0.006863953640659767,0.026527120774552954,-1.0222871175758335,-0.38088803500765217,-0.8039250393948271,1,0
15351.0,0.5665117779520019,1.048245697623346,-0.08509081815471554,0.313027360971889,0.374500631581654,0.09371390337111857,1.2700372201923964,1.4608215350480005,1,0
15352.0,-1.0552626048729952,-1.0577180989205999,-1.3188933492444097,-1.1848455931194344,0.4520427309682402,-0.07426329780256188,-0.1679944637358899,-0.8039250393948271,1,0
15353.0,0.8097779353757515,0.6548432754922423,0.344507587397105,0.539976249536331,0.029289835751248463,-0.07426329780256188,1.5231222191235918,0.42541977181113405,1,0
15354.0,-1.0552626048729952,-0.20143741171417867,-4.672365083494027,-1.4454510739857778,7.4582850833141086,2.1227542183987893,-2.516040243029759,1.8222621776056886,1,0
15355.0,-0.9625897829972809,-0.5568260068131017,-1.9993308808477464,-0.9321739805950822,1.8849347193120607,-0.5229139223515364,-1.195715760389244,-0.8039250393948271,1,0
15356.0,0.45453211818551403,1.3461657029712149,0.010564169954211706,-0.10371881310338157,-0.1989340157615322,-0.3319664456362507,1.5695155676131012,-0.8039250393948271,1,0
15358.0,1.7558129920236665,2.732406926993274,0.9487708895690633,0.47838842872364784,-0.7468916561847775,1.7010479979872455,1.7440731882218938,1.1003603420395474,1,0
15359.0,-0.9355602099501976,0.8003467725008181,-2.222824650514781,-3.3541010353718166,-0.600320330785746,-1.7601883558991351,-1.1175267461574372,0.31649817812236203,1,0
15360.0,-1.0552626048729952,-1.0577180989205999,0.44673400095409205,0.6009769952746238,-0.04175681297942839,-1.0222871175758335,-0.9196861426527538,-0.8039250393948271,1,0
15361.0,-0.3524937056488297,0.07422339860702587,-0.49245868665369763,-0.6364885240969027,-0.09510876088294663,1.932129182619007,-1.1175267461574372,-0.8039250393948271,1,0
15362.0,0.06453399279188382,-0.5568260068131017,0.2392032477491476,0.14680145386012375,-0.23652680077446214,-0.3319664456362507,-0.07921996423456719,-0.8039250393948271,1,0
15363.0,-0.5918984954944245,-0.5568260068131017,0.2823175274288537,0.2840037764898404,-0.15389014052309935,-0.3319664456362507,-0.21626507557551844,1.4608215350480005,1,0
15364.0,-0.441305159946389,-0.5568260068131017,0.5549685325075681,0.689290725561514,-0.0913849182913452,-1.0222871175758335,-0.2944540898073254,-0.8039250393948271,1,0
15365.0,1.446903585771286,1.3461657029712149,0.11457356723881078,0.3293822126402546,0.11402739363927909,0.22741126261658207,0.8893223210263874,0.4878572895827382,1,0
15366.0,1.1688851201441437,0.6548432754922423,0.9326806671704075,0.2929754225983576,-0.8795981456958744,-0.07426329780256188,0.5789959775241094,-0.8039250393948271,1,0
15367.0,1.5395764076470002,1.1557353675997408,0.6438739931883295,0.7051416534659303,-0.1886985867134845,0.22741126261658207,1.321203577100184,0.6326212419203412,1,0
15368.0,0.38502750177872846,-0.5568260068131017,0.34526758737755564,0.37077164883678015,-0.14643900947085212,-0.49273161976031987,-1.282149705589571,-0.8039250393948271,1,0
15369.0,-0.13239575369400866,1.1557353675997408,0.763343977561833,0.9874659586020157,-0.05484878921558803,-0.7831339784253591,0.03817477705094321,0.6326212419203412,1,0
15370.0,0.3734433990442642,0.8003467725008181,0.18278326027169547,0.7210819379873541,0.4539140108133532,0.09371390337111857,0.6158724655605186,0.31649817812236203,1,0
15371.0,-1.0552626048729952,-1.0577180989205999,-2.641647037054194,-2.075166650254398,1.4882308574868919,-1.0222871175758335,-2.516040243029759,-0.8039250393948271,1,0
15372.0,0.9758167412364059,0.8003467725008181,1.8308213688536816,1.3694943930457564,-0.9208997883572023,-0.23305906672429438,0.05620547486057961,0.9153033772197167,1,0
15373.0,1.176607855300453,1.656627459707239,-1.324710520970975,-0.564918418889783,1.2178358757731214,0.843979790974327,0.7563775724396483,-0.18473051374715874,1,0
15374.0,0.8599757138917633,-0.5568260068131017,-0.017645945876385277,-0.7915817383667764,-0.7908050691187916,-0.49273161976031987,-1.282149705589571,-0.8039250393948271,1,0
15375.0,-1.0552626048729952,-1.0577180989205999,-0.6045283825049639,-2.040355007883733,-1.1709190029281806,-1.7067089928021477,-1.4883189463764042,-0.8039250393948271,1,0
15376.0,-0.3524937056488297,-0.20143741171417867,0.3628514395212822,0.5463987473937217,0.011695088581303999,0.5055184603984593,0.7014044164687462,-0.8039250393948271,1,0
15377.0,-0.9278374747938881,0.07422339860702587,-0.9081588183204512,0.130715590182503,1.429492496149718,-0.3319664456362507,-0.8101418318588084,0.9153033772197167,1,0
15378.0,-0.9046692693249596,-0.5568260068131017,-0.8790042827620301,-1.090462570554252,-0.05861454520834595,-1.8163206498761402,-1.282149705589571,-0.8039250393948271,1,0
15379.0,-0.1632866943192467,0.8003467725008181,1.0086504235269707,1.0833741640135919,-0.26903083806108585,0.22741126261658207,1.1662742139876363,0.31649817812236203,1,0
15380.0,1.7635357271799759,1.1557353675997408,-0.5702655372700888,0.09624899927985095,0.842621861563824,-0.3319664456362507,-0.351053338929104,0.6326212419203412,1,0
15381.0,0.3734433990442642,0.29945468039331957,0.09114687949108186,0.4324378391833796,0.25882743092658594,1.0134691263446138,-0.5870572757944853,0.7169161657937569,1,0
15382.0,1.7287834189765832,1.254616278688769,1.7804215676279833,1.941939851600155,-0.37775923711334103,0.22741126261658207,1.6371290815890065,1.6204927696584461,1,0
15384.0,0.5780958806864662,0.07422339860702587,1.1859405747043315,0.8318054233734422,-0.7010592955047764,-0.3319664456362507,0.5502083316528148,0.9153033772197167,1,0
15385.0,1.4044285424115837,-0.20143741171417867,-0.035124573625858566,0.17963663527862433,0.15647550890233813,-0.5229139223515364,-0.6691621147691496,-0.8039250393948271,1,0
15386.0,-1.0552626048729952,-1.0577180989205999,1.1963049686585192,0.4889601052707718,-0.9827031046572838,-1.0222871175758335,-0.2415090281351582,-0.8039250393948271,1,0
15387.0,-1.0552626048729952,-1.0577180989205999,0.8866230674364721,0.7247894735281359,-0.4632613180729613,-0.44035248611375827,-0.5870572757944853,-0.8039250393948271,1,0
15388.0,-1.0552626048729952,-1.0577180989205999,-0.5546391364723908,-0.9125994401803961,-0.2928069551949935,-1.0222871175758335,-1.1175267461574372,-0.8039250393948271,0,0
15389.0,0.9101734924077751,0.29945468039331957,1.8127534897818864,0.9348197673042713,-1.2109482610731885,-2.1228885995770903,-2.18341137617149,-0.8039250393948271,1,0
15390.0,-1.0050648263569832,-0.5568260068131017,1.1987293270477712,1.0802411460257952,-0.49759903316357684,-0.8464662631382949,0.48941283948908304,-0.8039250393948271,0,0
15391.0,-1.0552626048729952,-1.0577180989205999,-0.3248096004571912,0.07072242036201544,0.44389879533906534,-0.07426329780256188,-0.980481634816486,1.7659550299964637,1,0
15392.0,0.5935413509990852,0.6548432754922423,0.789705507181217,0.5622912907703834,-0.5002263781457255,0.6445604725968617,0.7014044164687462,0.42541977181113405,1,0
15393.0,1.6785856404605712,0.29945468039331957,-0.7174167545886769,-0.5900110647078393,0.25929011486187675,-0.07426329780256188,-0.1005293110454993,-0.8039250393948271,1,0
15394.0,1.7056152135076545,1.1557353675997408,0.4104703013578185,0.7591424185872163,0.1749958146135051,0.09371390337111857,0.9084756515476784,0.6326212419203412,1,0
15395.0,-1.0552626048729952,-1.0577180989205999,-2.2885962983419095,-1.276134088942703,1.9335875656429988,-0.49273161976031987,-1.3787746355824586,-0.8039250393948271,1,0
15396.0,0.7634415244378945,-0.5568260068131017,-0.06317290244604831,0.5028812090913647,0.5611790482735038,-0.49273161976031987,-0.7604075912169913,-0.8039250393948271,1,0
15397.0,-1.0552626048729952,-1.0577180989205999,-2.1213582369382444,-1.4568990843140468,1.3960118226032163,-0.7231586611558216,-1.4883189463764042,-0.8039250393948271,1,0
15398.0,-0.8158578150274003,-0.5568260068131017,1.0357209003492864,1.2174696572164143,-0.17008661081649226,-0.07426329780256188,0.2877387536535113,1.4608215350480005,1,0
15399.0,-0.7540759337769242,-0.20143741171417867,0.34880723139096664,-0.016218946234795292,-0.5211854486124877,-0.8464662631382949,0.05620547486057961,-0.8039250393948271,1,0
15400.0,0.7518574217034302,0.8003467725008181,-0.6206012680025333,-0.7133020981267439,-0.006533512227839268,0.16253566624592464,-0.7604075912169913,0.31649817812236203,1,0
15401.0,-0.6073439658070435,-0.5568260068131017,-1.235855025106168,-1.2632919943582412,0.24307706355712422,-0.07426329780256188,-0.8630868935309756,-0.8039250393948271,1,0
15402.0,0.6553232322495613,0.48988501576479315,0.8994622696823946,0.14034969573181175,-0.9642512220034385,0.09371390337111857,0.5101826507817058,0.5566200963305212,1,0
15403.0,-0.13239575369400866,-0.5568260068131017,0.5527745986401271,-1.5858068567333587,-1.702696869201783,-2.3444262971695755,-1.4883189463764042,-0.8039250393948271,1,0
15404.0,-1.0552626048729952,-1.0577180989205999,0.8833893841848252,-0.092666685891271,-1.1169185599764015,-0.3319664456362507,-0.7604075912169913,-0.8039250393948271,1,0
15405.0,0.43908664787289503,-0.5568260068131017,0.17891552024749155,0.2468292967994374,-0.058660457425302195,0.3469702689073076,-0.2944540898073254,-0.8039250393948271,1,0
15406.0,0.5742345131083114,0.07422339860702587,-0.08075042349288945,-0.16374625748497199,-0.1434332129161613,-0.3319664456362507,0.7639385819629544,1.4608215350480005,1,0
15407.0,-0.004970623614901763,0.07422339860702587,-0.05930516242184436,-0.0558717182371019,-0.06076105592864444,2.93293348630791,0.9866646657794853,-0.8039250393948271,1,0
15408.0,-1.0552626048729952,-1.0577180989205999,-0.35480874479920405,-0.040153779783591026,0.3608300287169617,0.22741126261658207,-0.1679944637358899,-0.8039250393948271,1,0
15409.0,-1.0552626048729952,-1.0577180989205999,-0.9824062899433923,-1.0052783117042592,0.17215936083105224,-0.5988151577868094,-1.195715760389244,1.7659550299964637,1,0
15410.0,0.9333416978767036,1.048245697623346,0.27496607940896284,0.7245627261897862,0.32576763176737017,-0.07426329780256188,0.520373635574267,-0.8039250393948271,1,0
15411.0,-0.45288926268085333,0.07422339860702587,-0.11475006999001071,0.28667084416349303,0.3871273046378575,-0.07426329780256188,0.5789959775241094,0.9153033772197167,1,0
15412.0,-1.0552626048729952,-1.0577180989205999,-0.3347174312149545,-0.49968810383511925,-0.1588241312464831,-0.49273161976031987,-1.1175267461574372,-0.8039250393948271,1,0
15413.0,-0.8737783286997216,0.29945468039331957,1.400960605992155,2.177053216203467,0.36271270913213927,-0.23305906672429438,-0.5870572757944853,1.3056202738679257,1,0
15414.0,-0.1555639591629372,-0.20143741171417867,0.001990787994632005,-0.08612265230273995,-0.1704804120233605,0.09725622010391866,-0.1005293110454993,-0.8039250393948271,1,0
15415.0,-1.0552626048729952,-1.0577180989205999,1.4713803321264867,0.9982469334596172,-0.8581158563538562,-0.49273161976031987,0.07384838550817617,-0.8039250393948271,1,0
15416.0,1.307894352957715,0.6548432754922423,0.9206779641064311,1.1773657408703635,-0.06348539935998385,0.16253566624592464,1.2197951715950153,1.0320515692003946,1,0
15417.0,-1.0552626048729952,-1.0577180989205999,0.7080246935635707,0.8367751729222669,-0.13764644846523447,-1.485945419229041,-0.3222656930578095,-0.8039250393948271,1,0
15418.0,-0.4335824247900795,-0.5568260068131017,-0.11069436460239296,-0.26677670307653817,-0.20892497756008838,-0.07426329780256188,0.3398428478240282,-0.8039250393948271,1,0
15419.0,-1.0552626048729952,-1.0577180989205999,0.48011817121769396,-0.9585016281251502,-1.3459461571177087,-1.1639429167840407,-1.282149705589571,-0.8039250393948271,1,0
15420.0,0.10314766857343137,0.48988501576479315,-0.05033370020012583,-1.0840683329551692,-0.986573113332181,-0.49273161976031987,0.17241042083090774,-0.8039250393948271,1,0
15421.0,1.5472991428033096,1.048245697623346,0.2890595476413965,0.4411244218002112,-0.0010900402252040147,0.40232454155815495,1.1333612263946888,-0.8039250393948271,1,0
15422.0,0.28463194474670483,0.6548432754922423,-0.4021788853948413,-0.23550085266548906,0.20985074620849764,0.22741126261658207,0.520373635574267,0.42541977181113405,1,0
15423.0,1.195914693191227,-0.20143741171417867,-0.8626896906960722,-1.5312661756650194,-0.5094503448105863,0.16253566624592464,-0.9196861426527538,1.1620610054185785,1,0
15424.0,-0.24823678103865132,-0.20143741171417867,0.734349380217294,-0.43883977720447803,-1.2225410873954603,-1.0222871175758335,-0.19177478749334104,-0.8039250393948271,1,0
15425.0,-0.03972293181829455,0.07422339860702587,0.6146637422841048,0.774712208006026,-0.08095756323561451,-0.07426329780256188,0.807897153777444,-0.8039250393948271,1,0
15426.0,1.134132811940751,0.9305040858134475,-0.24050312897674517,-0.1586396341953742,0.07169531168653269,0.6467390474220279,1.6677051818987851,0.8107045800741712,1,0
15427.0,-1.0012034587788285,-0.20143741171417867,0.8951993961124085,0.7976039556708027,-0.40569351023223316,-0.09503028911869377,1.3906745100710023,-0.8039250393948271,1,0
15428.0,1.6747242728824165,0.07422339860702587,-0.5699845115133747,-0.4985659533535589,0.15446473444326878,1.1608512063238763,-0.0584501529419441,-0.8039250393948271,1,0
15429.0,-0.8660555935434121,-0.5568260068131017,0.27383065290268127,-0.442833543191779,-0.8055270434494202,-0.09503028911869377,0.48941283948908304,1.4608215350480005,1,0
15430.0,-0.819719182605555,-0.5568260068131017,0.050745179909983035,0.74991838976668,0.6828190557126328,-0.07426329780256188,-0.12240697358821374,1.4608215350480005,1,0
15431.0,-1.0552626048729952,-1.0577180989205999,-0.6045283825049639,-0.7952940762793681,-0.11259911165645638,-1.3664151374999618,-2.18341137617149,-0.8039250393948271,1,0
15432.0,0.9449258006111679,-0.5568260068131017,-1.247335554754067,-0.7335175265878461,0.8817160030865812,-0.07426329780256188,-0.7604075912169913,1.7659550299964637,1,0
15433.0,-0.8467487556526383,-0.5568260068131017,0.6413009614912862,-0.04285440822436127,-0.8554292768634082,-1.485945419229041,-0.03819322927216564,1.4608215350480005,1,0
15434.0,1.5550218779596192,1.1557353675997408,-0.14054218738369845,-0.22412537126936397,-0.12810293355205665,-0.09503028911869377,0.5403834989422175,0.6326212419203412,1,0
15435.0,-1.0552626048729952,-1.0577180989205999,-1.0768049265508703,-0.8307107052161499,0.5048305765054554,-0.09503028911869377,-0.2944540898073254,-0.8039250393948271,1,0
15436.0,-0.1980390025226395,-0.20143741171417867,0.35233536434661394,0.4181855953086144,-0.10734054355162101,-0.23305906672429438,1.4250043611008119,-0.8039250393948271,1,0
15437.0,0.4043343396695022,-0.5568260068131017,-0.5485612498325305,-0.4562311147439372,0.17102982681586243,-0.49273161976031987,0.23209955581276964,-0.8039250393948271,1,0
15438.0,-1.0552626048729952,-1.0577180989205999,-0.9824062899433923,-0.7660475048900418,0.440691186286317,-0.23305906672429438,-0.41184883109283577,-0.8039250393948271,1,0
15439.0,-0.09378207791246113,0.07422339860702587,-0.032610320060871854,0.1935875831547391,0.16818657926133,-0.07426329780256188,0.12460872225127,-0.8039250393948271,1,0
15440.0,-0.46061199783716283,-0.20143741171417867,-0.8681006741209335,-1.0403752347125366,-0.020776303449328692,-0.49273161976031987,0.14085407936492755,-0.8039250393948271,1,0
15441.0,0.23443416623069302,-0.20143741171417867,0.30554967700838387,0.5692289868913131,0.11276084802327555,-0.07426329780256188,0.05620547486057961,-0.8039250393948271,1,0
15442.0,-1.0552626048729952,-1.0577180989205999,-0.22140759327582904,1.04775209445011,1.4882308574868919,-1.0222871175758335,-2.18341137617149,-0.8039250393948271,1,0
15443.0,1.4198740127242027,1.4313961779209454,0.3038408623265784,0.4018324383822693,-0.06134230321141576,0.40232454155815495,1.848760725874179,0.42541977181113405,1,0
15444.0,-0.9355602099501976,-0.5568260068131017,1.0286623202922205,1.2892319477150822,-0.08833744483344735,-0.07426329780256188,1.228385446170411,-0.8039250393948271,1,0
15445.0,0.20354322560545499,-0.5568260068131017,-0.9824062899433923,-0.8962051565243335,0.2929171223560489,-0.07426329780256188,-0.980481634816486,-0.8039250393948271,1,0
15446.0,0.2962160474811691,-0.20143741171417867,-0.5425172234610122,-0.9605979695749771,-0.3539650718711359,-0.49273161976031987,0.6158724655605186,1.6204927696584461,1,0
15447.0,0.0838408306826576,0.29945468039331957,-1.256608260157915,-1.3926757746898,0.12989119668821042,-0.07426329780256188,-0.351053338929104,0.7169161657937569,1,0
15448.0,0.34255245841902615,-0.5568260068131017,0.5417378816094736,0.4898753455921314,-0.27412041909865426,0.09371390337111857,0.12460872225127,-0.8039250393948271,1,0
15449.0,-0.1478412240066277,-0.20143741171417867,0.6560434974319315,0.22570989900443553,-0.6491145160678768,-0.3319664456362507,0.09111983872311039,1.6204927696584461,1,0
15450.0,-1.0552626048729952,-1.0577180989205999,1.0115319655336608,0.60704250977689,-0.7054630570850569,-0.09503028911869377,-0.26755450858075713,-0.8039250393948271,1,0
15451.0,-0.4181369544774605,-0.5568260068131017,-1.4088181653771499,-1.1654977770945514,0.6091957783799486,-0.07426329780256188,0.23209955581276964,-0.8039250393948271,1,0
15452.0,0.8059165677975968,0.48988501576479315,0.22642222176018903,0.11678440444407702,-0.25021454189715503,0.09371390337111857,1.0736720914128266,-0.8039250393948271,1,0
15453.0,-0.3370482353362107,0.6548432754922423,-0.21502205437210464,-0.4451356271468652,-0.25509038267129186,0.09371390337111857,1.1285496951471736,-0.8039250393948271,1,0
15454.0,-0.06675250486537784,-0.5568260068131017,-0.7403178672498535,-0.7899497390910042,0.07290219347550995,-0.23305906672429438,-0.14488409814227088,-0.8039250393948271,1,0
15455.0,-1.0552626048729952,-1.0577180989205999,-3.920369757400348,-2.6636051402449707,3.2878108969232795,-0.07426329780256188,-2.18341137617149,-0.8039250393948271,1,0
15456.0,0.674630070140335,1.048245697623346,0.7026822279704455,-0.35511016421570973,-1.1409959467259834,0.16253566624592464,0.9021407650415885,-0.8039250393948271,1,0
15457.0,-1.0552626048729952,-1.0577180989205999,-0.11882099381998272,-0.20273652658589056,-0.13423556047425264,-0.3319664456362507,0.23209955581276964,-0.8039250393948271,1,0
15458.0,0.40047297209134747,-0.5568260068131017,0.018886122759088707,-0.5380707141269155,-0.615541437892839,-1.8163206498761402,-0.9196861426527538,-0.8039250393948271,1,0
15459.0,-0.7463531986206147,-0.5568260068131017,-0.9556172763287061,-1.3542981736064588,-0.22824036543580237,-0.07426329780256188,-1.4883189463764042,-0.8039250393948271,1,0
15460.0,-1.0552626048729952,-1.0577180989205999,-0.3248096004571912,-0.3244701393487609,0.008907624502047502,-0.07426329780256188,0.18774476871599804,-0.8039250393948271,1,0
15461.0,-0.394968749008532,-0.5568260068131017,-0.2671907548124939,-0.33649701269932686,-0.07940590270342224,-1.7601883558991351,-2.516040243029759,1.4608215350480005,1,0
15462.0,0.30007741505932384,0.07422339860702587,-0.18829515749773748,-0.5451081951332838,-0.3841074000896798,-0.07426329780256188,-0.21626507557551844,-0.8039250393948271,1,0
15463.0,-1.0552626048729952,-1.0577180989205999,-0.35480874479920405,-1.0590730394029908,-0.6590464227010414,-1.2305367866712973,-1.3787746355824586,-0.8039250393948271,1,0
15464.0,-1.0552626048729952,-1.0577180989205999,0.9340061406739828,1.8229502528404924,0.6333529706575689,1.1608512063238763,1.0580456432127332,-0.8039250393948271,1,0
15465.0,1.6863083756168809,2.4054184769372653,-0.6222217312279662,0.43471488479336934,1.3518110007474187,0.09371390337111857,0.651162367871365,0.7966759928947028,1,0
15466.0,1.4584876885057503,0.07422339860702587,0.50793764233685,0.48415800235569506,-0.23795584518793841,-0.23305906672429438,1.3096760282782078,-0.8039250393948271,1,0
15467.0,-0.5030870411968651,-0.20143741171417867,-0.3821893760419259,-0.6154375724711103,-0.21473233007063566,0.6445604725968617,-0.018424472070835033,1.1620610054185785,1,0
15468.0,0.26146373927777633,-0.20143741171417867,1.2453394042228498,0.7483526807602842,-0.8307604969688716,0.22741126261658207,0.520373635574267,1.8222621776056886,1,0
15469.0,0.4429480154510498,-0.20143741171417867,-0.46499139860133415,0.07796230332496919,0.6597725512812002,0.4473365033277267,-0.07921996423456719,1.7659550299964637,1,0
15470.0,-1.0552626048729952,-1.0577180989205999,0.4894708147229819,-1.9872020464961366,-1.8239823600949472,-2.6438118278149303,-1.7643485641128949,-0.8039250393948271,1,0
15471.0,1.0607668279558105,-0.20143741171417867,0.46910386415012345,0.6353076782427611,-0.035403561473362946,-0.3319664456362507,0.8630684413097528,-0.8039250393948271,1,0
15472.0,-1.0552626048729952,-1.0577180989205999,0.574516807825173,0.40863088887103266,-0.39160499856646874,-0.3319664456362507,0.4788273542195676,-0.8039250393948271,1,0
15473.0,0.6051254537335495,0.8003467725008181,-0.45012952334722056,-0.09961438672609568,0.43049497440968776,-1.277214299835045,-1.6147785724478398,1.256310742518105,1,0
15474.0,-1.0552626048729952,-1.0577180989205999,-1.0380543813173266,-0.7106998953038459,0.5876011214076203,-0.07426329780256188,-0.6270829566655943,-0.8039250393948271,1,0
15475.0,-1.0552626048729952,-1.0577180989205999,0.8336906218552653,0.6818568910733784,-0.4413545255680024,-0.14210498399285518,-0.2944540898073254,-0.8039250393948271,1,0
15476.0,-0.8158578150274003,0.07422339860702587,0.743598369974415,0.9490386445867987,-0.06881456488610566,-0.07426329780256188,0.3768580162303092,0.9153033772197167,1,0
15477.0,-1.0552626048729952,-1.0577180989205999,0.41228984044717715,0.3970023521963229,-0.20486792697382938,-1.606782133071617,-2.18341137617149,-0.8039250393948271,1,0
15478.0,1.0105690494397988,-0.20143741171417867,0.772078249776924,1.2219772054735267,0.1824255905442408,-0.07426329780256188,0.18774476871599804,-0.8039250393948271,1,0
15479.0,-1.0552626048729952,-1.0577180989205999,-1.4497626444781349,-0.8479874838443759,1.0618609150034402,-0.7831339784253591,-1.195715760389244,-0.8039250393948271,1,0
15480.0,1.1071032388936677,0.29945468039331957,0.9952958538647131,2.0685732041059386,0.8351823325830501,5.485462216845079,1.2618743296985702,1.3056202738679257,0,0
15481.0,-1.0552626048729952,-1.0577180989205999,2.4737200178185295,2.698931474545807,-0.4850779344147532,-0.07426329780256188,-0.07921996423456719,-0.8039250393948271,0,0
15482.0,1.7326447865547379,1.7867847730198683,0.9146382751036395,1.3980101712597985,0.17843608511345133,1.162232255027529,0.4572375891095386,0.9604732193673713,1,0
15483.0,0.9642326385019416,1.048245697623346,-0.4793012892485777,-1.5735433809608637,-0.9491783546093129,-0.3319664456362507,1.3287995917962476,-0.8039250393948271,1,0
15484.0,1.7751198299144402,0.48988501576479315,1.651989279162224,1.412086484725454,-0.7063605292567464,0.09371390337111857,1.1799853475140005,0.5566200963305212,1,0
15485.0,1.6785856404605712,0.6548432754922423,0.8067199691641633,1.2495279291389214,0.16489508893443594,-0.3319664456362507,0.520373635574267,0.42541977181113405,1,0
15486.0,-1.0552626048729952,-1.0577180989205999,-1.395506342811086,-1.3465224513897458,0.37871700235207867,-1.606782133071617,-2.516040243029759,-0.8039250393948271,1,0
15487.0,-1.0552626048729952,-1.0577180989205999,-0.025102332118955028,-0.23611352267191102,-0.2850915855492081,-0.7231586611558216,-0.8630868935309756,-0.8039250393948271,1,0
15488.0,0.8406688760009895,0.29945468039331957,-1.1544768757191706,-1.570978863632253,-0.19279941420799085,0.09725622010391866,-1.1175267461574372,-0.8039250393948271,1,0
15489.0,1.5357150400688453,0.8003467725008181,0.0748933930562603,0.12852979827187885,-0.04523370697399215,-0.07426329780256188,0.46810349267815093,1.4608215350480005,1,0
15490.0,-1.0552626048729952,-1.0577180989205999,-0.5918393498111858,-0.31921419521531447,0.3847602514772875,-0.5602283770286947,-0.5124273288630706,1.7659550299964637,1,0
15491.0,-0.5146711439313294,0.48988501576479315,0.6705883822008899,0.8577195935637353,-0.06809011446961843,0.22741126261658207,0.7639385819629544,0.5566200963305212,1,0
15492.0,-0.8776396962778763,-0.5568260068131017,0.5328269491498814,0.24604525151527268,-0.4935767213369507,-0.09503028911869377,-0.21626507557551844,-0.8039250393948271,1,0
15493.0,1.3465080287392623,0.9305040858134475,-0.05545116217800767,0.7558050349907514,0.8518520533935643,0.40232454155815495,1.566691593306355,0.8107045800741712,1,0
15494.0,1.6785856404605712,0.29945468039331957,1.551941497190713,1.3765049202951738,-0.6292821321129882,-0.07426329780256188,1.616092961666868,0.7169161657937569,1,0
15495.0,-1.0552626048729952,-1.0577180989205999,0.2963164304027624,-0.1497054670145221,-0.5813811202132929,-0.3319664456362507,-0.5870572757944853,-0.8039250393948271,1,0
15496.0,-1.0552626048729952,-1.0577180989205999,-0.43911521627965006,-0.8596280139503131,-0.3821794765314639,-0.07426329780256188,-0.5124273288630706,-0.8039250393948271,1,0
15497.0,1.6631401701479522,0.9305040858134475,0.8582723103387667,1.7049731172075322,0.6068422831150412,0.22741126261658207,0.36470425725432115,0.8107045800741712,1,0
15498.0,1.7287834189765832,2.788568957234865,0.6783812541190818,0.9906135047251206,0.06061669186302976,1.932129182619007,2.160396886797502,0.9153033772197167,1,0
15499.0,-1.0552626048729952,-1.0577180989205999,-0.9644736514511453,-0.7232359542992454,0.46375347510844517,-0.5602283770286947,-0.03819322927216564,-0.8039250393948271,1,0
15500.0,-0.773382771667698,0.07422339860702587,-0.032610320060871854,0.037563064240649695,0.0014386638952948653,0.22741126261658207,0.3398428478240282,-0.8039250393948271,1,0
15501.0,-1.0127875615132929,-0.5568260068131017,-0.38566105877315654,-0.4253409576683157,-0.01621177903307161,-0.07426329780256188,0.3398428478240282,-0.8039250393948271,1,0
15502.0,1.0260145197524178,1.4313961779209454,1.0728691636955403,1.6635426173989423,0.2509384294955766,6.07839983102731,1.383632718113141,1.7457767414708711,1,0
15503.0,0.35027519357533565,-0.5568260068131017,-0.8307785687615927,-0.9814867318476007,-0.008621420775995583,-0.3319664456362507,0.7935044385417946,-0.8039250393948271,1,0
15504.0,1.1997760607693817,0.07422339860702587,-1.4779434477997069,-1.2949883201035874,0.5607204331440713,-0.3319664456362507,0.0008790944596697093,0.9153033772197167,1,0
15505.0,-0.6575417443230553,0.29945468039331957,1.2713171224962618,1.314114434747245,-0.36531100970873587,-0.5602283770286947,0.6158724655605186,1.3056202738679257,1,0
15506.0,0.7016596431874184,0.48988501576479315,0.6712449026007898,0.2878122800318349,-0.6118589834170707,-0.07426329780256188,1.1799853475140005,-0.8039250393948271,1,0
15507.0,-1.0552626048729952,-1.0577180989205999,0.10184881512709346,0.7920258630589638,0.6561015159317152,-0.07426329780256188,-0.018424472070835033,-0.8039250393948271,1,0
15508.0,-0.8776396962778763,0.48988501576479315,-0.7500045380990472,-0.680979881144249,0.2044055797151776,-0.07426329780256188,0.4998634741417061,-0.8039250393948271,1,0
15509.0,-1.0552626048729952,-1.0577180989205999,-0.7696412719700645,-0.6826224286620731,0.23004420867667777,0.09371390337111857,-0.38088803500765217,-0.8039250393948271,1,0
15510.0,-1.0552626048729952,-1.0577180989205999,-4.232476017011647,-0.130535301215707,8.046980758686376,2.432880753823806,-2.516040243029759,-0.8039250393948271,1,0
15511.0,-0.7695214040895432,0.29945468039331957,-1.0728669914551316,-0.5630321170472167,0.8178406859358592,-0.07426329780256188,0.8290235674343082,-0.8039250393948271,1,0
15512.0,0.9565099033456321,0.07422339860702587,-0.9869361500848558,-1.6266042169300434,-0.45252062033695895,-0.07426329780256188,-0.2944540898073254,-0.8039250393948271,1,0
15513.0,1.5009627318654526,2.5129081469136603,0.7649119626024704,1.3753038646062783,0.36252311076258625,3.399499478022089,1.5349688325830804,0.5811004507490745,1,0
15514.0,1.7365061541328926,1.7234195042875162,0.5074288967576669,0.39028237027087254,-0.3286614828451092,-0.44035248611375827,1.1381447019069697,0.22484244827571642,1,0
15515.0,-1.0552626048729952,-1.0577180989205999,-0.12700895666835094,-0.64009791431893,-0.5430198965657183,-0.7231586611558216,-1.3787746355824586,-0.8039250393948271,1,0
15516.0,-1.0475398697166856,-0.20143741171417867,-2.92628600861313,-3.4657540120485155,0.2297739673319661,-0.49273161976031987,-0.8101418318588084,-0.8039250393948271,1,0
15517.0,-1.0552626048729952,-1.0577180989205999,0.7417548692288378,-0.04091756669574096,-0.9514052705745503,-0.07426329780256188,-0.351053338929104,-0.8039250393948271,1,0
15518.0,1.4739331588183693,1.5111239626986637,0.26355798346385556,0.02971504588575213,-0.37936682887301637,0.16253566624592464,1.4482081143348087,1.500788329424994,1,0
15519.0,-0.8119964474492455,-0.5568260068131017,-1.0006403313901333,-0.6361930951671126,0.6193647204932342,-0.8464662631382949,-0.1679944637358899,-0.8039250393948271,1,0
15520.0,-1.0552626048729952,-1.0577180989205999,0.8166052305187119,0.30173282274549373,-0.7554004773903477,-1.0222871175758335,-0.6691621147691496,-0.8039250393948271,1,0
15521.0,1.5048240994436073,1.5860167045095306,0.7013424907455756,0.651704267454513,-0.3122322478192457,2.432880753823806,1.2067387093789805,1.4608215350480005,1,0
15522.0,-0.8428873880744836,-0.5568260068131017,0.7174998623304634,-0.43774949683777065,-1.2081623025291086,-1.485945419229041,0.09111983872311039,-0.8039250393948271,1,0
15523.0,1.46621042366206,1.5860167045095306,2.0623100711848936,1.8691657358259148,-0.7556760567553674,-0.07426329780256188,0.3523677281481314,0.31649817812236203,1,0
15524.0,1.1920533256130723,-0.5568260068131017,-2.4863969421307504,0.09781429422335,4.309379609851525,2.2894270681815847,-1.195715760389244,-0.8039250393948271,1,0
15525.0,0.4120570748258118,0.07422339860702587,-0.06317290244604831,-0.1555509512688929,-0.1575757186295195,0.09371390337111857,1.0421157499468463,0.9153033772197167,1,0
15526.0,-1.0552626048729952,-0.5568260068131017,-2.641647037054194,-1.7756106692921083,1.8934233653367614,-0.3319664456362507,-1.7643485641128949,-0.8039250393948271,1,0
15527.0,1.6708629053042618,2.0120160548061623,-0.45447009341797484,-0.17240247509308432,0.35393729355976694,0.40232454155815495,1.3657591630539172,1.1967019853795202,1,0
15528.0,-1.0552626048729952,-1.0577180989205999,-0.19483728743886775,-0.24785760370543297,-0.08224604462738537,-0.3319664456362507,-0.38088803500765217,-0.8039250393948271,1,0
15529.0,0.3811661342005737,1.254616278688769,0.9624775009199281,0.5136708122410074,-0.7319299879540611,-0.44035248611375827,1.930770045989095,0.02103660903962243,1,0
15530.0,0.8406688760009895,0.29945468039331957,0.6453415617959198,0.37593817093943777,-0.5043387049726812,0.22741126261658207,0.7862122685181961,-0.8039250393948271,1,0
15531.0,-0.9703125181535904,-0.5568260068131017,1.4281515088234118,1.7629669874583014,-0.11838648351578815,0.09371390337111857,1.249475649471019,-0.8039250393948271,1,0
15532.0,0.9680940060800964,1.048245697623346,-0.09541949306336919,0.429106508177731,0.5226989076907593,0.5055184603984593,1.8666169895504725,0.7169161657937569,1,0
15533.0,-0.7849668744021622,-0.20143741171417867,-0.45753501235876537,-0.029960050990887888,0.5217301836035829,0.40232454155815495,0.4462258301354361,1.6204927696584461,1,0
15534.0,-1.0552626048729952,-1.0577180989205999,-0.9123884530256321,-0.7177895226434289,0.3940318269998803,-0.5602283770286947,-1.282149705589571,-0.8039250393948271,1,0
15535.0,0.010474846697717257,0.48988501576479315,-1.0800974933504022,-0.5670898064843768,0.8241316794414618,-0.07426329780256188,0.5976414102639861,1.6204927696584461,1,0
15536.0,-1.0552626048729952,-1.0577180989205999,0.5350615532925883,-0.08196976932597493,-0.7794703801512086,-1.0222871175758335,-0.7604075912169913,-0.8039250393948271,1,0
15537.0,-1.0552626048729952,-1.0577180989205999,-1.734401616037071,-1.2331380199077264,1.0378968968763627,0.22741126261658207,-0.4440240814723802,-0.8039250393948271,1,0
15538.0,-0.5687302900254959,0.48988501576479315,0.1495921155272795,0.9667758968024508,0.7932422922397717,0.7285893499435366,-1.947407439306109,1.7114222858191708,1,0
15539.0,-1.0552626048729952,-1.0577180989205999,1.10521093383765,0.9139755809348646,-0.5413565525975051,-1.1639429167840407,-0.018424472070835033,-0.8039250393948271,1,0
15540.0,0.35027519357533565,-0.5568260068131017,0.4418798544770121,-0.2418844146152457,-0.8140404447271824,-1.0222871175758335,-0.2415090281351582,-0.8039250393948271,1,0
15541.0,-1.0552626048729952,-1.0577180989205999,-1.180206933732233,-1.5907115597178276,-0.17977082236260075,-0.8464662631382949,-0.2944540898073254,-0.8039250393948271,1,0
15542.0,-0.18645489978817523,-0.20143741171417867,0.06346125431484498,0.14506914882257554,-0.012990729188834793,0.09371390337111857,1.313536570583899,1.1620610054185785,1,0
15543.0,-0.394968749008532,-0.5568260068131017,-0.5981653148349466,-1.1107187984625833,-0.4295256423759701,-0.07426329780256188,0.14085407936492755,-0.8039250393948271,1,0
15544.0,1.5357150400688453,1.8470577950787128,0.8938638057335535,0.47595807543664476,-0.6910860516523187,-0.07426329780256188,1.157004468737163,1.073874783839221,1,0
15545.0,0.1687909174020622,-0.5568260068131017,-0.6369158600684913,-0.8575883749226721,-0.13435591308975248,-0.3319664456362507,0.4998634741417061,-0.8039250393948271,1,0
15546.0,-1.0552626048729952,-0.5568260068131017,-0.4282116076385533,0.916731171693608,1.6615807880543463,-0.930965887215077,-1.4883189463764042,1.4608215350480005,1,0
15547.0,1.7480902568673569,2.1575195518147376,0.7047988771026246,0.4765124139036559,-0.4809380077524374,0.5055184603984593,2.2325777174986725,-0.030266317867525,1,0
15548.0,-1.0552626048729952,-1.0577180989205999,-0.8955679621732969,-0.7530281589239031,0.3298458378848883,0.22741126261658207,-0.47751296500053947,-0.8039250393948271,1,0
15549.0,1.338785293582953,0.8003467725008181,-0.24405768375682924,0.08647142869584078,0.34560336077090464,0.16253566624592464,0.9692711437114102,0.31649817812236203,1,0
15550.0,1.7712584623362855,1.254616278688769,-0.4687388977600752,-0.5404186321200132,-0.02669085029222222,1.0134691263446138,1.1139434269424622,0.5566200963305212,1,0
15551.0,0.9294803302985489,0.6548432754922423,-0.2552321532056067,-0.16191044206945834,0.08809350009682503,-0.07426329780256188,0.8290235674343082,1.0320515692003946,1,0
15552.0,0.5124526318578354,-0.5568260068131017,-0.6173675847508863,-1.057785145692755,-0.3564794760273047,-1.1639429167840407,-0.2944540898073254,-0.8039250393948271,1,0
15553.0,-1.0552626048729952,-1.0577180989205999,1.2083729454583116,0.6302600388826963,-0.8870708590849251,-0.3319664456362507,0.15678397263081445,-0.8039250393948271,1,0
15554.0,-1.0552626048729952,-1.0577180989205999,-0.7403178672498535,-0.3217145021992183,0.5999943741126464,-0.3319664456362507,-0.8630868935309756,-0.8039250393948271,1,0
15555.0,1.7287834189765832,2.5467555217635396,0.5137711335015492,0.17826487589970771,-0.5331945346259029,0.40232454155815495,2.251209034389762,1.0076700295572323,1,0
15556.0,-1.0552626048729952,-1.0577180989205999,0.50793764233685,0.022476587033410402,-0.663498753446377,-0.3319664456362507,-0.2415090281351582,-0.8039250393948271,1,0
15557.0,-1.0552626048729952,-1.0577180989205999,0.4271857256364871,0.7392465315592226,0.1305916359220576,-0.2863856841199625,-0.7604075912169913,-0.8039250393948271,1,0
15558.0,-1.0552626048729952,-1.0577180989205999,-0.579297014423793,-0.3410583441818964,0.34202453006184885,0.22741126261658207,-0.47751296500053947,1.7659550299964637,1,0
15559.0,-1.0552626048729952,-1.0577180989205999,1.3749250125756192,1.8994992940606283,0.09382952048186781,-0.07426329780256188,0.31420439478743356,-0.8039250393948271,1,0
15560.0,-1.0552626048729952,-0.5568260068131017,-1.5068758271317502,-1.7302734558243005,0.10973014687713994,-1.1639429167840407,-1.1175267461574372,-0.8039250393948271,1,0
15561.0,1.462349056083905,0.8003467725008181,0.13301210451743495,-0.17588619518799986,-0.4179687844181145,0.09371390337111857,0.3523677281481314,0.31649817812236203,1,0
15562.0,0.39275023693503797,-0.20143741171417867,0.25665509743329146,-0.2770316419073794,-0.6489455231100523,-0.07426329780256188,-0.21626507557551844,-0.8039250393948271,1,0
15563.0,1.4855172615528336,0.6548432754922423,1.1599913617497304,0.5412593685367915,-0.9087960295206444,-0.07426329780256188,1.1754403844982437,1.5408951706492844,1,0
15564.0,-0.2327913107260323,-0.5568260068131017,-2.0708886753380886,-2.76764069233288,-0.2218241976285865,-0.8464662631382949,-1.7643485641128949,-0.8039250393948271,1,0
15565.0,-0.9780352533098999,-0.5568260068131017,-1.6988279396262262,-1.567920258555539,0.5730003338744264,-0.5229139223515364,-1.282149705589571,-0.8039250393948271,1,0
15566.0,0.22671143107438352,-0.5568260068131017,-0.7047441908390081,-1.1968485700687816,-0.3837997034765119,-1.485945419229041,-1.195715760389244,-0.8039250393948271,1,0
15567.0,-1.0552626048729952,-1.0577180989205999,0.44673400095409205,-0.532291523153048,-1.040025491345576,0.09371390337111857,-1.3787746355824586,-0.8039250393948271,1,0
15568.0,-0.7811055068240075,-0.20143741171417867,0.044915504798805225,-0.11558790089965851,-0.25359586443927035,0.22741126261658207,-0.351053338929104,-0.8039250393948271,1,0
15569.0,1.053044092799501,1.048245697623346,0.17643291063388364,0.36042892202036214,0.0637304402753162,0.40232454155815495,0.8697110988665433,-0.8039250393948271,1,0
15570.0,1.3156170881140243,2.1108969658951904,0.11875531634426235,0.3339844580990075,0.11329966225410867,0.40232454155815495,1.914270554556934,-0.005428274805381285,1,0
15571.0,1.7326447865547379,1.4313961779209454,0.20947810263266703,0.06852481503626984,-0.27655028597460746,0.843979790974327,1.914270554556934,-0.8039250393948271,1,0
15572.0,1.2615579420198577,1.048245697623346,0.40627374410070227,0.5322372831247637,-0.060089145517973945,2.93293348630791,1.4771084552713287,-0.8039250393948271,1,0
15573.0,1.6399719646790238,0.29945468039331957,0.061160299204770084,-0.17792732890942883,-0.3340482693150082,-0.07426329780256188,1.1845052692841687,-0.8039250393948271,1,0
15574.0,0.05294989005741956,0.48988501576479315,-0.14496442578650331,-0.49984254594082406,-0.3929908380707575,0.09371390337111857,1.228385446170411,0.5566200963305212,1,0
15575.0,-1.0552626048729952,-1.0577180989205999,-3.313242629514303,-2.981339110518082,1.5121684159685893,-0.8464662631382949,-1.947407439306109,-0.8039250393948271,1,0
15576.0,-1.0552626048729952,-1.0577180989205999,1.0892562355974262,1.6744914821249826,0.24023590346488993,0.09371390337111857,0.019738861289862828,-0.8039250393948271,1,0
15577.0,1.165023752565989,0.29945468039331957,-1.9235575931494036,-1.6813706259167707,0.7850328898847085,-0.07426329780256188,0.26039076371065795,-0.8039250393948271,1,0
15578.0,-1.0552626048729952,-1.0577180989205999,-1.1169909995197986,-1.0488037499320546,0.31373511670573856,-0.5602283770286947,-0.9196861426527538,-0.8039250393948271,1,0
15579.0,0.35027519357533565,0.29945468039331957,-0.020622353580650562,-0.07458891277045461,-0.1299855722656239,0.22741126261658207,0.9751100560900954,1.3056202738679257,1,0
15580.0,0.07997946310450284,0.8003467725008181,-0.22252893697020837,-0.6334879715625221,-0.4266036022788329,0.22741126261658207,1.0313213346555676,1.6719867635063792,1,0
15581.0,1.3272011908484886,2.6117890580026883,-0.6557659469176375,-0.44777226379877694,0.33097764655638295,5.8147929764181026,2.081247018095919,0.357748660105668,1,0
15582.0,-0.29843455955466314,-0.20143741171417867,0.026047204387651634,-0.25793107455077036,-0.3681658656718002,-0.3319664456362507,-0.0584501529419441,-0.8039250393948271,1,0
15583.0,-1.0552626048729952,-1.0577180989205999,-0.9123884530256321,-1.2709827454325702,-0.19970643965075266,-0.49273161976031987,-0.1005293110454993,-0.8039250393948271,1,0
15584.0,1.4430422181931313,0.48988501576479315,-0.6413081734677447,-0.3487796829175146,0.42256727757758256,0.20833604805906303,1.152330018904625,0.5566200963305212,1,0
15585.0,-1.0552626048729952,-1.0577180989205999,0.8370756477768553,0.6854218068166074,-0.4420015791110214,-0.5602283770286947,-0.2415090281351582,-0.8039250393948271,1,0
15586.0,-0.6382349064322815,-0.20143741171417867,1.1963049686585192,0.43813701917712944,-1.0199495298939163,-1.277214299835045,-0.26755450858075713,1.1620610054185785,1,0
15587.0,0.6476004970932518,0.6548432754922423,-0.71984744999171,-0.32021376855786765,0.5711902455042307,-1.3664151374999618,-1.947407439306109,-0.8039250393948271,1,0
15588.0,-1.0552626048729952,-1.0577180989205999,-0.46125679963733673,1.0143063792352056,1.8488606689577582,-0.49273161976031987,-1.7643485641128949,-0.8039250393948271,1,0
15589.0,-0.8428873880744836,-0.20143741171417867,-0.6435110167174068,-0.7408970561387263,-0.0050579162954242,0.5055184603984593,-0.3222656930578095,1.1620610054185785,1,0
15590.0,-0.19031626736633,0.29945468039331957,0.13074616322105348,0.11436973941263658,-0.13207502397774545,-0.3319664456362507,0.46810349267815093,0.7169161657937569,1,0
15591.0,-0.7038781552609124,-0.20143741171417867,-2.1563580440272045,-1.8047151217609894,1.0074339681907167,-0.5602283770286947,-1.4883189463764042,-0.8039250393948271,1,0
15592.0,-1.0552626048729952,-1.0577180989205999,0.9462997558187782,0.46961446140327556,-0.7515722523549977,-1.0222871175758335,-0.4440240814723802,-0.8039250393948271,1,0
15593.0,-1.0552626048729952,-1.0577180989205999,-0.9644736514511453,-0.4351635654130047,0.805426844132469,-0.6943222153282232,-1.6147785724478398,-0.8039250393948271,1,0
15594.0,-0.20962310525710376,0.29945468039331957,0.31068617594658826,0.34408851961847337,-0.1292957231328428,-0.3319664456362507,0.5695118981833196,0.7169161657937569,1,0
15595.0,-1.0552626048729952,-1.0577180989205999,-0.025102332118955028,0.35649441851457536,0.3379883200534087,-1.0808399641377464,-1.7643485641128949,-0.8039250393948271,1,0
15596.0,0.4854230588107521,0.9305040858134475,-0.10084378169525074,0.1313554939157505,0.1943438669253622,-0.23305906672429438,0.5403834989422175,1.6862906204510737,1,0
15597.0,1.0298758873305724,-0.5568260068131017,0.3101369985480088,0.03175614019908489,-0.4325354147952497,-0.7678395663192259,-0.14488409814227088,1.4608215350480005,1,0
15598.0,0.3888888693568832,-0.5568260068131017,0.33993637307355096,-0.005821101991626806,-0.5016358993930666,-0.3319664456362507,-0.21626507557551844,1.7659550299964637,1,0
15599.0,0.5626504103738472,-0.20143741171417867,0.9823662325686563,0.5647151703117738,-0.7101829395240201,-0.07426329780256188,0.48941283948908304,-0.8039250393948271,1,0
15600.0,-0.4181369544774605,0.07422339860702587,0.1167220097571522,0.11667473954864443,-0.11172597254086199,-0.07426329780256188,0.2175794647945466,0.9153033772197167,1,0
15601.0,1.7519516244455116,2.328183835086569,0.9231337526239113,0.7375427847667324,-0.4936628832579758,0.09371390337111857,1.6240448532588052,0.5566200963305212,1,0
15602.0,1.7596743596018212,1.5860167045095306,-0.028849831277695092,-0.46039735054594755,-0.49233665021004513,-0.07426329780256188,0.31420439478743356,1.5319820386854333,1,0
15603.0,1.145716914675215,-0.5568260068131017,-0.8955679621732969,-2.4697101557244,-1.214258451624023,-2.1228885995770903,-1.7643485641128949,1.4608215350480005,1,0
15604.0,-1.0552626048729952,-1.0577180989205999,0.08169529576158605,-0.3267916928242097,-0.4975752190212241,-1.0222871175758335,-0.7135169018659211,-0.8039250393948271,1,0
15605.0,1.4855172615528336,0.9305040858134475,-0.781262346350838,-0.47833041045601155,0.47779448335016894,1.1608512063238763,0.520373635574267,0.22484244827571642,1,0
15606.0,1.2074987959256913,1.656627459707239,-0.47249938654325196,0.15196440846891623,0.7597966354456775,-0.07426329780256188,0.5599168914235233,0.2687686337376465,1,0
15607.0,0.35027519357533565,0.9305040858134475,0.11068715262593458,-0.5042892517653278,-0.6861303240415567,-0.07426329780256188,0.6597526424467606,1.3820367923862882,1,0
15608.0,0.43908664787289503,0.29945468039331957,0.5805273491142732,0.3549555493803522,-0.4487641081385476,0.09371390337111857,0.6424811892318264,-0.8039250393948271,1,0
15609.0,-1.0552626048729952,-1.0577180989205999,0.004420576082459907,0.11054599408336299,0.0290363839146705,0.22741126261658207,-0.7604075912169913,1.7659550299964637,1,0
15610.0,-1.0552626048729952,-1.0577180989205999,-0.8626896906960722,-1.2144816151133295,-0.20615163983864568,-1.50326875650423,-1.4883189463764042,-0.8039250393948271,1,0
15611.0,1.5472991428033096,2.1575195518147376,-1.744181849037824,-1.1809657714800503,1.119845396403831,0.09725622010391866,0.019738861289862828,0.8443025417040958,1,0
15612.0,-0.9587284154191262,-0.5568260068131017,-1.8487072318595295,-1.4064687308041897,1.0056212789885637,0.09725622010391866,-1.7643485641128949,-0.8039250393948271,1,0
15613.0,-1.0552626048729952,-1.0577180989205999,1.684454923486913,0.6192817175442425,-1.3072587438949939,0.40232454155815495,-0.351053338929104,-0.8039250393948271,1,0
15614.0,-0.3254641326017464,0.07422339860702587,1.0999187285740732,1.4310004305667847,-0.03473152008465838,0.09371390337111857,0.4462258301354361,1.6719867635063792,1,0
15615.0,1.7519516244455116,2.868296742012583,0.601028754591328,0.6838212002689639,-0.155920669022469,0.22741126261658207,1.575134519210314,0.4603723135044073,1,0
15616.0,-1.0552626048729952,-1.0577180989205999,-0.07878324266791349,0.192933287103906,0.23136205213732383,1.1608512063238763,-0.9196861426527538,-0.8039250393948271,1,0
15617.0,-0.6266508036978172,-0.20143741171417867,0.09962793425383305,0.0049250573375173344,-0.20264970646266633,-0.3319664456362507,-0.018424472070835033,-0.8039250393948271,1,0
15618.0,-0.6536803767449005,0.07422339860702587,-0.2813111267366193,-0.47368776333419904,-0.20044956278239487,-0.3319664456362507,-0.0584501529419441,0.9153033772197167,1,0
15619.0,-1.0552626048729952,-1.0577180989205999,-0.08667345873840847,0.2733033238940993,0.3319331479293754,-0.5988151577868094,-1.947407439306109,-0.8039250393948271,1,0
15620.0,0.3078001502156334,0.07422339860702587,0.8105612041471936,0.7731630043460814,-0.32776208613954366,0.843979790974327,0.807897153777444,1.7659550299964637,1,0
15621.0,-0.9896193560443642,0.07422339860702587,-0.1753280717215526,0.21906356853498304,0.39733493795911756,-1.3924939243307226,-1.0461457687241897,1.4608215350480005,1,0
15622.0,1.2692806771761673,1.656627459707239,0.529004322279817,0.7050801506806618,-0.04137734511161764,1.4081348126143514,1.6776491063895171,1.6797162013897478,1,0
15623.0,1.2152215310820007,0.8003467725008181,-0.08766378279414552,0.1383021272195141,0.18373422962737204,-0.3319664456362507,0.6248382785842298,-0.8039250393948271,1,0
15624.0,-0.5146711439313294,0.07422339860702587,-0.5395077903864232,-0.8513723975407105,-0.25153182674316127,-0.07426329780256188,-0.38088803500765217,-0.8039250393948271,1,0
15625.0,0.6398777619369422,0.9305040858134475,0.8884154021043773,0.36408713681638855,-0.7783959593311788,-1.0222871175758335,0.7487462269343014,1.5248499756746356,1,0
15626.0,0.28463194474670483,-0.20143741171417867,1.0210822026244375,0.34977771501897065,-0.92160039238237,-0.3319664456362507,0.4462258301354361,1.1620610054185785,1,0
15627.0,-0.804273712292936,-0.5568260068131017,0.1664452688392444,0.04025333378741415,-0.2510919214861946,-1.4030960559345154,-0.47751296500053947,-0.8039250393948271,1,0
15628.0,1.7326447865547379,1.656627459707239,0.3815675971748661,0.1782662226184167,-0.37954737460370036,-0.07426329780256188,0.951500837500856,0.8615676530235191,1,0
15629.0,-0.7386304634643052,0.07422339860702587,1.0215575147580984,0.9679723891234732,-0.3951592414384623,-0.23305906672429438,-0.0584501529419441,-0.8039250393948271,1,0
15630.0,1.257696574441703,-0.20143741171417867,0.8670747921188672,0.7960046563820159,-0.3738415214433855,0.09371390337111857,0.4788273542195676,1.1620610054185785,1,0
15631.0,-1.0552626048729952,-1.0577180989205999,1.3728644232995073,1.0538644349928568,-0.7121668543777531,-0.49273161976031987,-0.0584501529419441,-0.8039250393948271,1,0
15632.0,-0.05516840213091358,0.8003467725008181,0.6275517523367529,0.5448865602132765,-0.32555599483156,-0.5229139223515364,0.7563775724396483,0.9153033772197167,1,0
15633.0,-0.1980390025226395,1.3461657029712149,0.07699083194585371,0.2668328665436645,0.0978145491289954,-0.07426329780256188,0.48941283948908304,1.2758667980352048,1,0
15634.0,0.3579979287316452,-0.5568260068131017,-0.2813111267366193,0.010536379521382078,0.31321190620619266,-0.5602283770286947,-0.1679944637358899,-0.8039250393948271,1,0
15635.0,-1.0552626048729952,-1.0577180989205999,-3.4804806909179686,-1.3685686944598334,4.204761269051043,0.6445604725968617,-2.18341137617149,-0.8039250393948271,1,0
15636.0,0.7981938326412872,0.07422339860702587,-0.05545116217800767,0.36992373640712695,0.3965602214391034,-0.3319664456362507,-0.0584501529419441,-0.8039250393948271,1,0
15637.0,1.5395764076470002,0.29945468039331957,-0.13360411331726751,-0.7408290163549363,-0.624812598903818,0.22741126261658207,-0.1005293110454993,-0.8039250393948271,1,0
15638.0,-0.15942532674109194,0.48988501576479315,0.2681356270811905,0.4303452897183512,0.015300911246440839,-0.3319664456362507,-0.5870572757944853,1.4608215350480005,1,0
15639.0,0.7634415244378945,-0.20143741171417867,0.7042113331252393,0.34666258410111267,-0.5966756160732547,0.22741126261658207,0.3010782951428931,1.6204927696584461,1,0
15640.0,1.7287834189765832,2.287676865127367,1.1339540651980726,1.478301377287452,-0.030139202638020786,0.843979790974327,1.6053691001254513,0.5860961379857975,1,0
15641.0,1.369676234208191,1.254616278688769,0.9897315013708182,0.6556678809221425,-0.6406304763836108,0.09371390337111857,1.4449332048917842,-0.8039250393948271,1,0
15642.0,-1.0552626048729952,-1.0577180989205999,0.6533778943029145,-1.297319565226212,-1.6329463848141086,-2.3817407518467335,-1.4883189463764042,-0.8039250393948271,1,0
15643.0,-0.7038781552609124,-0.20143741171417867,-0.6303605535519127,-0.29609620553059646,0.4671557919952553,0.22741126261658207,-0.2415090281351582,1.7659550299964637,1,0
15644.0,-0.6884326849482933,0.07422339860702587,-0.061237308841221576,-0.41190746938056266,-0.40962188560056345,-0.44035248611375827,1.1139434269424622,-0.8039250393948271,1,0
15645.0,0.5163139994359901,-0.20143741171417867,-0.11882099381998272,0.3339369824754526,0.4469570660478112,0.22741126261658207,0.2741787139163245,1.1620610054185785,1,0
15646.0,-0.07833660759984211,0.29945468039331957,0.11639369989605185,-0.7627421183662999,-0.9019008831265697,-0.07426329780256188,0.3523677281481314,0.7169161657937569,1,0
15647.0,-1.0552626048729952,-1.0577180989205999,-0.18612318494501445,-0.6624788591033126,-0.49579258431624096,-1.0808399641377464,-1.0461457687241897,-0.8039250393948271,1,0
15648.0,-0.8119964474492455,-0.5568260068131017,-0.31011547161666714,0.24168352604521953,0.6213432417545498,-0.07426329780256188,-0.47751296500053947,1.7659550299964637,1,0
15649.0,-0.8583328583871026,0.07422339860702587,-0.5157282098463268,0.5594784222917686,1.3382942084746159,0.09371390337111857,-1.282149705589571,-0.8039250393948271,1,0
15650.0,-0.6420962740104363,-0.5568260068131017,-0.3649956734261198,0.00864667059455799,0.4310418769093436,-0.3319664456362507,-0.19177478749334104,1.4608215350480005,1,0
15651.0,1.1071032388936677,0.29945468039331957,0.18015469791245595,-0.12071539343360246,-0.4219478107987102,-1.0222871175758335,0.17241042083090774,-0.8039250393948271,1,0
15652.0,0.46611622091997834,0.29945468039331957,-0.12045365015177227,0.04321609766940632,0.12549824774682247,1.932129182619007,0.6424811892318264,0.7169161657937569,1,0
15653.0,-0.9664511505754357,-0.5568260068131017,1.5174747724440791,0.6348937905268826,-1.1641005672209725,-2.02650960880903,-1.7643485641128949,-0.8039250393948271,1,0
15654.0,-0.9896193560443642,-0.5568260068131017,0.5147824595386404,0.7031523691726863,-0.024749149442082976,0.09725622010391866,-0.8101418318588084,-0.8039250393948271,1,0
15655.0,-1.0552626048729952,-1.0577180989205999,0.8505111127076004,0.9690544127318527,-0.18518043253740077,-0.07426329780256188,-0.1679944637358899,1.7659550299964637,1,0
15656.0,-0.13239575369400866,0.07422339860702587,-0.5824190307587929,-0.5241762262828834,0.14374964580573846,-0.07426329780256188,0.07384838550817617,-0.8039250393948271,1,0
15657.0,-1.0552626048729952,-1.0577180989205999,-1.9322022598259123,-2.985735788172193,-0.6009787352185435,-2.1228885995770903,-2.516040243029759,-0.8039250393948271,1,0
15658.0,1.053044092799501,0.8003467725008181,-0.6753974551884253,-0.05304888518500796,0.8232585766045044,0.40232454155815495,0.520373635574267,1.5888608116488376,1,0
15659.0,1.3001716178014053,-0.20143741171417867,-1.083400083199787,-0.5958976193117773,0.7941799212687292,-0.5229139223515364,-0.8630868935309756,-0.8039250393948271,1,0
15660.0,1.4430422181931313,1.5111239626986637,-0.23161707840164858,-0.6261915761372039,-0.40902713287360376,-0.07426329780256188,0.4462258301354361,0.7169161657937569,1,0
15661.0,-0.04744566697460407,0.8003467725008181,-0.44598604309336504,-0.8063693503583242,-0.32290827974888714,-0.07426329780256188,-0.351053338929104,-0.8039250393948271,1,0
15662.0,-0.757937301355079,-0.5568260068131017,-0.7622357829585207,-0.8998791316839052,-0.014121703431171017,-0.3319664456362507,-0.980481634816486,-0.8039250393948271,1,0
15663.0,-1.0552626048729952,-1.0577180989205999,-0.35480874479920405,-0.9359461781697967,-0.550765827215123,-0.7231586611558216,-1.195715760389244,-0.8039250393948271,1,0
15664.0,1.257696574441703,0.07422339860702587,-0.11475006999001071,0.17738497200353864,0.264435381417644,-0.09503028911869377,0.20279773648307728,1.6719867635063792,1,0
15665.0,0.7479960541252754,0.29945468039331957,1.4404302162748837,1.4587598720060246,-0.42941302514633856,0.6445604725968617,1.0990723781751348,-0.8039250393948271,1,0
15666.0,-0.9664511505754357,-0.5568260068131017,0.5010493656871502,0.19018396420663014,-0.507965849653856,-0.44035248611375827,0.31420439478743356,-0.8039250393948271,1,0
15667.0,-1.0552626048729952,-1.0577180989205999,0.5260953871537395,0.12343101807722517,-0.5957335633485707,-1.3510515177884561,-0.9196861426527538,-0.8039250393948271,1,0
15668.0,-1.0552626048729952,-1.0577180989205999,-0.7696412719700645,-1.7380201052144468,-0.7905173533493238,-2.222738076020031,-2.516040243029759,-0.8039250393948271,1,0
15669.0,-0.19417763494448476,0.07422339860702587,-0.5855500572544349,-0.6458373289276528,0.017781666817281744,-0.07426329780256188,-0.2415090281351582,0.9153033772197167,1,0
15670.0,-0.05130703455275882,-0.5568260068131017,-0.8626896906960722,-0.7148658040343387,0.3258055797011019,-0.07426329780256188,-0.6270829566655943,1.4608215350480005,1,0
15671.0,-0.08219797517799686,0.6548432754922423,0.5382458817533946,0.4377425088157129,-0.32037108195232766,0.09725622010391866,0.17241042083090774,1.3562632318428542,1,0
15672.0,-1.0552626048729952,-1.0577180989205999,-2.8228840014317678,-2.4380924596512723,1.3309625933830431,-0.07426329780256188,-1.947407439306109,-0.8039250393948271,1,0
15673.0,1.134132811940751,0.9305040858134475,1.0041527567393493,1.2961819266888104,-0.04940494970731297,0.22741126261658207,1.1662742139876363,0.22484244827571642,1,0
15674.0,1.4855172615528336,1.3461657029712149,0.6950634759176741,0.9038644222801191,-0.052307761306395736,3.5419759172057717,1.486519997035165,1.2758667980352048,1,0
15675.0,0.19195912287099073,0.07422339860702587,0.061160299204770084,-0.9619973210844134,-0.9999573150014267,0.22741126261658207,-0.21626507557551844,-0.8039250393948271,1,0
15676.0,-0.032000196661985045,-0.20143741171417867,1.7601647476496907,1.9428820450252513,-0.35269641113588573,1.1608512063238763,1.228385446170411,1.6204927696584461,1,0
15677.0,0.5433435724830734,-0.20143741171417867,0.45637761936463234,0.6239528189177526,-0.030526778521269872,0.22741126261658207,0.32712377558849165,-0.8039250393948271,1,0
15678.0,0.7595801568597397,-0.20143741171417867,0.9513812635993142,1.130750559450986,-0.15044606841817298,-0.3319664456362507,0.48941283948908304,-0.8039250393948271,1,0
15679.0,-0.44516652752454383,0.07422339860702587,0.7399082306081376,-0.46596638908470117,-1.2443057812439287,-0.6186133758597899,0.6849965950064003,-0.8039250393948271,1,0
15680.0,1.7558129920236665,1.048245697623346,0.6704570304327379,0.5187896037670053,-0.4016778537206264,2.744916198564831,1.0580456432127332,0.7169161657937569,1,0
15681.0,1.0260145197524178,1.4313961779209454,-0.42357197151083265,-0.34474386585026917,0.12036993994851963,-0.07426329780256188,0.10803515400060046,0.42541977181113405,1,0
15682.0,-0.7154622579953767,-0.5568260068131017,-0.3052613251395872,-0.7442181145730443,-0.4325335934041142,-0.7678395663192259,-0.41184883109283577,1.4608215350480005,1,0
15683.0,0.31938425295009765,-0.5568260068131017,0.12815070761061717,-0.06537971573868584,-0.3070042370785945,-0.3319664456362507,-0.41184883109283577,-0.8039250393948271,1,0
15684.0,-0.32932550017990114,-0.20143741171417867,-1.8621844229081517,-2.1075677843662253,0.19503253950955274,-0.3319664456362507,-1.195715760389244,1.7659550299964637,1,0
15685.0,-1.0552626048729952,-1.0577180989205999,-1.5068758271317502,-2.154740577043648,-0.32787316443088615,-0.49273161976031987,-0.7135169018659211,-0.8039250393948271,1,0
15686.0,-1.0552626048729952,-1.0577180989205999,-0.7696412719700645,-1.5156250088194754,-0.6009787352185435,-2.1228885995770903,-2.516040243029759,-0.8039250393948271,1,0
15687.0,0.18809775529283598,0.9305040858134475,-0.013525546211298391,0.257704343341734,0.21191931866421473,0.09371390337111857,0.8428115176399747,0.8107045800741712,1,0
15688.0,-1.0552626048729952,-1.0577180989205999,-0.47249938654325196,-0.49940302584262347,0.02136230433510072,-0.44035248611375827,-0.38088803500765217,-0.8039250393948271,1,0
15689.0,0.8676984490480728,-0.20143741171417867,-0.8151682285397266,-0.6254306656265802,0.35868526437258563,-0.07426329780256188,-0.5870572757944853,-0.8039250393948271,1,0
15690.0,-0.6845713173701387,-0.5568260068131017,0.3505727320698112,-1.1280010476513507,-1.3500674997290734,-1.8163206498761402,-0.6270829566655943,-0.8039250393948271,1,0
15691.0,0.802055200219442,0.07422339860702587,-1.0967119057658503,-0.8907363960408172,0.4646130330673961,-0.07426329780256188,-0.980481634816486,0.9153033772197167,1,0
15692.0,-1.0552626048729952,-1.0577180989205999,-0.07094999616330684,-0.4960578110676849,-0.4763828977450481,-1.1857083812767173,-0.980481634816486,-0.8039250393948271,1,0
15693.0,-1.0552626048729952,-1.0577180989205999,-1.6988279396262262,-2.6899435886840277,-0.6009787352185435,-2.1228885995770903,-2.516040243029759,-0.8039250393948271,1,0
15694.0,1.7712584623362855,2.0624455833410726,-0.3878365155432556,0.5617158442856339,1.1336706776194314,0.09725622010391866,0.2175794647945466,0.7532206143664368,1,0
15695.0,0.5472049400612282,0.07422339860702587,-0.21247832535746608,0.036937778437035475,0.24569506188854026,0.3469702689073076,0.2175794647945466,-0.8039250393948271,1,0
15696.0,1.4584876885057503,1.3461657029712149,-0.33855235895399893,0.11974754622442449,0.5206211914498103,1.6109581610597774,1.0990723781751348,1.5808982722251415,1,0
15697.0,-1.0552626048729952,-1.0577180989205999,-0.16039312693195282,-0.1483272061891226,-0.024205244446341697,-0.23305906672429438,-0.8630868935309756,-0.8039250393948271,1,0
15698.0,-1.0552626048729952,-1.0577180989205999,-0.9644736514511453,-2.4118103536233657,-1.1164824305296333,-2.1228885995770903,-2.18341137617149,-0.8039250393948271,1,0
15699.0,-1.0552626048729952,-1.0577180989205999,-0.2860590552236475,0.16053737941331517,0.49088142315053396,0.843979790974327,-0.6691621147691496,-0.8039250393948271,1,0
15700.0,-1.0514012372948403,-0.5568260068131017,0.20646029838436403,0.32077904831982706,-0.01795722031932648,0.22741126261658207,0.5695118981833196,1.4608215350480005,1,0
15701.0,-0.6382349064322815,0.07422339860702587,0.4836348677417546,0.4589022459465155,-0.23265204136647413,0.843979790974327,1.2368867007548323,-0.8039250393948271,1,0
15702.0,-0.2598208837731156,-0.5568260068131017,-1.1272744881510262,-1.850687442990344,-0.49569577122342584,0.7632807841633635,-0.26755450858075713,-0.8039250393948271,0,0
15703.0,-1.0552626048729952,-1.0577180989205999,-0.8626896906960722,-0.3578505949060149,0.7422617567589632,-0.8464662631382949,-1.6147785724478398,-0.8039250393948271,1,0
15704.0,0.6553232322495613,0.48988501576479315,0.7200126600437919,1.141567668623174,0.1663571633976767,-0.3319664456362507,0.9084756515476784,1.1620610054185785,1,0
15705.0,-1.0552626048729952,-1.0577180989205999,-0.9294738443621855,-0.8881286259420229,0.22707550192355416,-0.5602283770286947,-1.4883189463764042,-0.8039250393948271,1,0
15706.0,-0.8506101232307931,0.07422339860702587,-0.653479539479758,-0.05057807490367363,0.7924504725073087,-0.07426329780256188,0.14085407936492755,1.6719867635063792,1,0
15707.0,-0.8583328583871026,0.07422339860702587,0.02783011346225184,-0.20661268361280213,-0.32120536073123984,-0.07426329780256188,0.8893223210263874,-0.8039250393948271,1,0
15708.0,0.43136391271658553,0.9305040858134475,0.14462688980001037,0.6620664765113456,0.4414957686914178,0.22741126261658207,0.9454908199539594,1.5248499756746356,1,0
15709.0,0.1263158740423599,-0.5568260068131017,-0.5981653148349466,-0.7038538177937005,-0.026376355389067994,0.16253566624592464,-0.38088803500765217,-0.8039250393948271,1,0
15710.0,-1.0552626048729952,-1.0577180989205999,1.5890709738705346,1.6125066287678202,-0.4602740041954741,-0.07426329780256188,0.778854696993705,-0.8039250393948271,1,0
15711.0,-0.5610075548691864,-0.5568260068131017,-0.4228006242136921,-0.3667127325767239,0.09568303984643431,-0.3319664456362507,-0.41184883109283577,-0.8039250393948271,1,0
15712.0,1.7596743596018212,1.254616278688769,-0.35059226095409296,0.06836195083006266,0.4787436020705569,0.22741126261658207,0.5789959775241094,0.02103660903962243,1,0
15713.0,1.1843305904567627,0.07422339860702587,-0.28844083428725203,-0.3681036645145275,-0.08430358974580265,0.22741126261658207,0.10803515400060046,1.4608215350480005,1,0
15714.0,1.0453213576431915,0.29945468039331957,-0.763712842312241,-0.7627421183662999,0.13411958937068422,-0.3319664456362507,0.05620547486057961,-0.8039250393948271,1,0
15715.0,-0.8081350798710908,0.29945468039331957,-1.1758759901454272,-1.0016289842425807,0.45299131646598756,-0.3319664456362507,-0.19177478749334104,-0.8039250393948271,1,0
15716.0,1.211360163503846,1.1557353675997408,-0.16890218959256986,-0.2548369517704318,-0.12291440140730212,0.40232454155815495,1.2154660653693528,-0.8039250393948271,1,0
15717.0,0.32710698810640715,0.29945468039331957,-1.2753948755238373,-1.110941846781289,0.4733230840153547,-0.07426329780256188,-0.7135169018659211,-0.8039250393948271,1,0
15718.0,-1.0552626048729952,-1.0577180989205999,-0.47249938654325196,0.08899764990012779,0.6842476534066122,-0.619945652967382,-0.6691621147691496,-0.8039250393948271,1,0
15719.0,1.6708629053042618,2.367404649905085,0.17370350022296507,0.2462356468588749,-0.052473039718721505,0.09371390337111857,1.927132063415108,0.9433011983464541,1,0
15720.0,0.9758167412364059,-0.5568260068131017,0.11836207042886132,0.406430543638442,0.19238429538675286,0.22741126261658207,1.0421157499468463,-0.8039250393948271,1,0
15721.0,-1.0552626048729952,-1.0577180989205999,1.1025680581634905,0.832161485899727,-0.6107359504345623,-0.49273161976031987,0.520373635574267,-0.8039250393948271,1,0
15722.0,1.2808647799106316,1.1557353675997408,0.36917556076747104,0.7517267345381077,0.22388390465652377,0.40232454155815495,0.6248382785842298,1.2321901792666519,1,0
15723.0,-0.24437541346049657,0.07422339860702587,-0.3052613251395872,-0.20363997932553868,0.11118692096795493,-0.07426329780256188,0.7639385819629544,-0.8039250393948271,1,0
15724.0,-0.2868504568201989,-0.20143741171417867,-1.4222953564257719,-1.3252614900067299,0.4424187056069275,-0.8464662631382949,-0.7135169018659211,1.6204927696584461,1,0
15725.0,-1.0552626048729952,-1.0577180989205999,0.43700389153798785,0.5600114745162657,-0.0714075311574155,-0.5229139223515364,-0.21626507557551844,-0.8039250393948271,1,0
15726.0,-1.0552626048729952,-1.0577180989205999,-0.19483728743886775,0.2133785936159008,0.41897764408453564,-0.07426329780256188,-0.47751296500053947,-0.8039250393948271,1,0
15727.0,1.5241309373343812,1.5111239626986637,1.0679759337347514,1.1273003414594398,-0.2989600496242374,3.399499478022089,1.8840928540305162,-0.8039250393948271,1,0
15728.0,-0.804273712292936,-0.5568260068131017,-0.8626896906960722,-0.014336151997724294,1.167880663151742,-1.0222871175758335,-1.1175267461574372,1.4608215350480005,1,0
15729.0,-0.3177413974454369,-0.20143741171417867,-2.372091326308292,-1.9711208288828468,1.155712764338768,-0.7678395663192259,-1.1175267461574372,1.6204927696584461,1,0
15730.0,0.3579979287316452,0.29945468039331957,0.393123280935208,0.30891027492750905,-0.2679125873568614,-0.07426329780256188,0.7174904951184494,1.3056202738679257,1,0
15731.0,-1.0552626048729952,-1.0577180989205999,-0.20362195023502777,-1.068122476537093,-0.8251595626186188,-1.9376978457118947,-1.282149705589571,-0.8039250393948271,1,0
15732.0,0.7248278486563469,1.048245697623346,-0.16549055178828492,-0.7850917694605012,-0.628369875324882,-0.07426329780256188,0.18774476871599804,0.7169161657937569,1,0
15733.0,-1.0552626048729952,-1.0577180989205999,-0.9294738443621855,-0.7173714649976565,0.41932653423512045,-0.49273161976031987,-1.1175267461574372,-0.8039250393948271,1,0
15734.0,0.6167095564680137,0.07422339860702587,-0.14357263607961768,0.9815267516068381,1.2743739919556576,3.399499478022089,-0.12240697358821374,-0.8039250393948271,1,0
15735.0,-1.0552626048729952,-1.0577180989205999,0.36110582381446565,0.23755705194031768,-0.2980794844092262,0.22741126261658207,-0.6270829566655943,-0.8039250393948271,1,0
15736.0,-1.0552626048729952,-0.5568260068131017,1.5771768852883274,1.6260774264850315,-0.43390919492432706,0.22741126261658207,0.6597526424467606,1.4608215350480005,1,0
15737.0,-0.17487079705371097,0.8003467725008181,-0.7277339656117048,-0.8185026566991791,0.02556522745007081,0.22741126261658207,0.2877387536535113,1.4608215350480005,1,0
15738.0,1.6901697431950355,2.703338482285134,0.4333025840619718,0.1973025650205961,-0.42290636891621564,0.22741126261658207,0.41227490000197986,0.129027578697416,1,0
15739.0,-1.0552626048729952,-1.0577180989205999,1.2576417322510738,0.6668060123202827,-0.9067328684169731,-0.8464662631382949,-1.282149705589571,-0.8039250393948271,1,0
15740.0,-1.0552626048729952,-1.0577180989205999,0.033161327766256535,-0.7808551808140248,-0.8337634960383041,-1.1857083812767173,-1.195715760389244,-0.8039250393948271,1,0
15741.0,-0.4374437923682343,-0.5568260068131017,-1.5366009722482303,-1.3162438706269945,0.6245038394496728,-0.07426329780256188,-1.0461457687241897,-0.8039250393948271,1,0
15742.0,-1.0552626048729952,-1.0577180989205999,-1.1376563848668353,-0.7635374487245902,0.6754925819825252,0.22741126261658207,-0.018424472070835033,-0.8039250393948271,1,0
15743.0,-0.40655285174299627,0.07422339860702587,-1.0768049265508703,-0.46044929260746276,0.9501611085802699,-0.07426329780256188,0.2741787139163245,-0.8039250393948271,1,0
15744.0,-1.0552626048729952,-1.0577180989205999,-0.22140759327582904,-2.7892053730178046,-1.7960932101505376,-2.752478262033116,-1.947407439306109,-0.8039250393948271,1,0
15745.0,-0.2173458404134133,0.07422339860702587,-0.36243995981142496,-0.007621762196217826,0.4087505009197966,-0.07426329780256188,0.24636711066584036,1.4608215350480005,1,0
15746.0,-1.0552626048729952,-1.0577180989205999,0.20343407626114873,-0.4551613561123429,-0.7430029728999537,-1.277214299835045,-0.3222656930578095,1.7659550299964637,1,0
15747.0,1.5627446131159286,0.9305040858134475,0.034735928808597175,0.046403920495000375,-0.0777157547229933,-0.07426329780256188,0.822041706347352,0.22484244827571642,1,0
15748.0,0.5240367345922996,-0.20143741171417867,-0.56279631721496,-0.4007908988149265,0.2518366058586812,-0.3319664456362507,-0.1679944637358899,-0.8039250393948271,1,0
15749.0,-0.6807099497919838,-0.20143741171417867,4.01560934368171,5.439370336481859,0.3299256148943045,-0.7231586611558216,-1.6147785724478398,1.1620610054185785,1,0
15750.0,1.7867039326489045,1.7234195042875162,0.5173066578102559,0.360690608662999,-0.3687827363322972,1.1608512063238763,1.8097373221295976,1.1620610054185785,1,0
15751.0,-0.0011092560367470079,1.1557353675997408,-1.3883136097616429,-1.0660212671810407,0.6965962374775738,0.5055184603984593,0.6158724655605186,0.9917078520475852,1,0
15752.0,0.5587890427956924,0.9305040858134475,0.8120033151234956,0.6346902497098279,-0.45969037970604393,0.40232454155815495,1.7440731882218938,0.22484244827571642,1,0
15753.0,-1.0552626048729952,-1.0577180989205999,-0.025102332118955028,-1.6880947647842373,-1.4016244971636436,-2.54467103597386,-2.516040243029759,-0.8039250393948271,1,0
15754.0,1.2770034123324767,0.9305040858134475,0.30616244173957136,0.27779612829252476,-0.1903065406230078,1.932129182619007,0.807897153777444,1.1620610054185785,1,0
15755.0,1.7442288892892022,1.656627459707239,0.5138455278297892,0.3370804965746822,-0.3869904799095519,-0.07426329780256188,1.5437428598137455,0.6064211416583084,1,0
15756.0,-0.32932550017990114,0.07422339860702587,-0.9556172763287061,-0.9848893043181675,0.15727572064999557,-0.07426329780256188,1.0839267715139342,-0.8039250393948271,1,0
15757.0,0.8059165677975968,0.48988501576479315,0.7411396722020177,0.7856466949274659,-0.23046458004425247,0.22741126261658207,1.0940548473899332,-0.8039250393948271,1,0
15758.0,-1.0552626048729952,-1.0577180989205999,-1.2244947126369312,-0.39860488196416094,1.266694515604664,-0.8464662631382949,-1.195715760389244,-0.8039250393948271,1,0
15759.0,0.9487871681893226,0.6548432754922423,-0.7300343786186257,-1.141344058722866,-0.29965843207557163,-0.3319664456362507,-1.1175267461574372,1.3562632318428542,1,0
15760.0,-1.0552626048729952,-0.5568260068131017,-4.672365083494027,4.405045189293549,16.665253801363914,6.973011201329241,-2.516040243029759,1.8371065454341933,0,0
15761.0,-1.0552626048729952,-1.0577180989205999,-1.6643837791193108,-0.8886023955916158,1.3635482531385907,-0.07426329780256188,-1.6147785724478398,-0.8039250393948271,1,0
15762.0,-1.008926193935138,-0.5568260068131017,-0.17318187927539255,0.08010038869795555,0.23849638440240686,0.22741126261658207,-0.1005293110454993,-0.8039250393948271,1,0
15763.0,-0.8776396962778763,-0.5568260068131017,-0.09064019049841081,0.9265703934185332,1.1191388808466354,1.1608512063238763,0.26039076371065795,1.4608215350480005,1,0
15764.0,0.4506707506073593,0.8003467725008181,0.9886298936325131,0.9744274941387834,-0.34979680125613194,1.0383783963926798,1.2111139929554766,1.6719867635063792,1,0
15765.0,-1.0552626048729952,-1.0577180989205999,0.8866230674364721,0.4052188403718451,-0.7427063587598619,-0.23305906672429438,-0.41184883109283577,-0.8039250393948271,1,0
15766.0,1.3310625584266433,-0.20143741171417867,-0.302037251659169,0.009039552741769425,0.34098999355468407,-0.07426329780256188,-0.5488939424337871,1.1620610054185785,1,0
15768.0,1.3426466611611076,2.4781072004988403,-0.17520170751108718,0.6960182534916532,0.9646433680756091,2.432880753823806,1.9049587210256105,-0.18473051374715874,1,0
15769.0,1.7287834189765832,2.842288372936632,2.1409267004350996,2.6522940461486786,-0.1266207956558816,-0.7831339784253591,-0.38088803500765217,0.2082399627962168,1,0
15770.0,-1.0552626048729952,-1.0577180989205999,-0.8466168051985027,0.21143246422180872,1.4325463497969229,-0.07426329780256188,-0.6691621147691496,-0.8039250393948271,1,0
15771.0,-0.7116008904172219,-0.20143741171417867,0.15805141708183337,0.26971102524894985,-0.00749097773770916,-0.2521611112671691,-0.38088803500765217,-0.8039250393948271,1,0
15772.0,-1.0552626048729952,-1.0577180989205999,-0.31499143455569134,0.02786301764910917,0.3808065926932009,-0.3319664456362507,-0.7604075912169913,-0.8039250393948271,1,0
15773.0,0.5047298967015259,-0.5568260068131017,0.3558520608706746,0.4649810599953857,-0.06387343791354662,-0.5602283770286947,0.07384838550817617,-0.8039250393948271,1,0
15774.0,1.2152215310820007,0.48988501576479315,-0.6725625961734759,-0.29411232207599175,0.5315328668625368,0.22741126261658207,0.5976414102639861,0.5566200963305212,1,0
15775.0,0.4352252802947403,-0.5568260068131017,-0.13525918599176848,-1.7570440366605655,-1.362009847142491,-0.49273161976031987,-1.195715760389244,-0.8039250393948271,1,0
15776.0,-1.0552626048729952,-1.0577180989205999,-0.07094999616330684,-0.17689161021854335,-0.16918388102700527,-0.07426329780256188,-0.6691621147691496,-0.8039250393948271,1,0
15777.0,0.20740459318360974,0.6548432754922423,-0.5846545558187572,-0.12077247960680754,0.604059199274702,0.22741126261658207,-0.2944540898073254,1.0320515692003946,1,0
15778.0,-1.0552626048729952,-1.0577180989205999,-0.40672773871612355,0.15304612661374115,0.661281371219094,-0.07426329780256188,-0.7135169018659211,-0.8039250393948271,1,0
15779.0,-0.788828241980317,-0.5568260068131017,-2.8228840014317678,-2.0167643310984484,1.8990970220223822,-0.07426329780256188,-1.282149705589571,-0.8039250393948271,1,0
15780.0,-0.3833846462740677,-0.20143741171417867,-0.7500045380990472,-0.7501422410391341,0.1289459913531755,-0.07426329780256188,-0.38088803500765217,-0.8039250393948271,1,0
15781.0,0.025920317010336275,-0.20143741171417867,-0.9644736514511453,-1.1824536923157392,-0.04157016128546575,-0.07426329780256188,-0.5870572757944853,1.1620610054185785,1,0
15782.0,0.5703731455301567,0.07422339860702587,1.2321134973113732,1.762702004729965,0.14011989327943633,0.4473365033277267,0.15678397263081445,1.4608215350480005,1,0
15783.0,-1.0552626048729952,-1.0577180989205999,0.39210507351394025,-0.15080907841787536,-0.6868975669658464,-0.5229139223515364,-0.8630868935309756,-0.8039250393948271,1,0
15784.0,-0.2636822513512703,-0.5568260068131017,0.2766669941985422,0.5889411259160017,0.17349920811773797,0.09371390337111857,-0.19177478749334104,-0.8039250393948271,1,0
15785.0,1.6168037592100952,1.5860167045095306,0.6924488334678093,0.4143375247253485,-0.5232730113000112,1.1608512063238763,0.7174904951184494,1.5888608116488376,1,0
15786.0,0.8368075084228348,0.29945468039331957,2.2651290460193376,2.484114401059625,-0.4412636159611537,1.932129182619007,1.741791229237234,1.6968657294740452,1,0
15787.0,-0.9201147396375786,-0.20143741171417867,0.21548864392176717,0.18823317170149748,-0.16545514183034205,-0.09503028911869377,1.0632876017895492,-0.8039250393948271,1,0
15788.0,-1.0552626048729952,-1.0577180989205999,-0.2671907548124939,-0.29304998276728705,-0.03441821440176323,0.16253566624592464,-0.8630868935309756,1.7659550299964637,1,0
15789.0,-0.032000196661985045,0.48988501576479315,1.1222344563978353,0.23473669372066253,-1.0982105140443505,0.22741126261658207,0.778854696993705,0.5566200963305212,1,0
15790.0,-1.0552626048729952,-1.0577180989205999,-0.2765838864567547,-0.29906719088513223,-0.02832113366574551,-0.3319664456362507,-0.1679944637358899,-0.8039250393948271,1,0
15791.0,1.2538352068635483,0.29945468039331957,1.062132324641688,1.3131249230923443,-0.10700859180029158,-0.07426329780256188,0.8563715573771615,1.6968657294740452,1,0
15792.0,-0.20962310525710376,-0.5568260068131017,0.7780425304813309,0.7197514667850653,-0.33968581607841236,-0.5602283770286947,0.24636711066584036,-0.8039250393948271,1,0
15793.0,1.7403675217110475,0.8003467725008181,0.3850789087116322,0.117213525465635,-0.4408804709946671,0.20833604805906303,-0.980481634816486,0.31649817812236203,1,0
15794.0,-1.0514012372948403,-0.5568260068131017,-0.025102332118955028,0.469334096411459,0.46641789961382846,-0.5602283770286947,-0.8101418318588084,-0.8039250393948271,1,0
15795.0,1.0337372549087274,0.8003467725008181,0.19354014654609533,-0.14429002739501134,-0.45949192437897685,0.22741126261658207,0.7862122685181961,-0.8039250393948271,1,0
15796.0,1.3272011908484886,1.656627459707239,-0.39552385331481277,0.1375396171012524,0.6260694210126898,0.7285893499435366,0.9633903749728084,1.056965896393169,1,0
15797.0,1.1379941795189057,0.48988501576479315,0.39971843758412456,0.7292296119285249,0.15723157214213346,0.09725622010391866,-0.980481634816486,-0.8039250393948271,1,0
15798.0,-0.3254641326017464,-0.20143741171417867,0.7851566538599358,0.8447585517057514,-0.22686088154706796,-0.07426329780256188,0.4462258301354361,-0.8039250393948271,1,0
15799.0,0.26918647443408583,0.07422339860702587,0.8882363018270033,0.350666903519154,-0.7891422847840615,-0.07426329780256188,0.9923815093050296,-0.8039250393948271,1,0
15800.0,0.9178962275640846,0.6548432754922423,-0.6045283825049639,-0.5957847228876508,0.0966647262250586,0.09371390337111857,1.257762222211382,-0.8039250393948271,1,0
15801.0,-0.8119964474492455,-0.20143741171417867,0.27383065290268127,0.34521750921621536,-0.08066605906123771,-0.2863856841199625,0.3010782951428931,1.1620610054185785,1,0
15802.0,-1.0552626048729952,-1.0577180989205999,-4.672365083494027,0.6737639120913217,10.793309191627541,3.87965428669998,-2.516040243029759,1.8596832102061218,1,0
15803.0,1.3580921314737266,0.07422339860702587,0.6021455273081925,0.7642260989907281,-0.07551795369001497,-0.3319664456362507,0.10803515400060046,-0.8039250393948271,1,0
15804.0,-0.29071182439835364,1.3461657029712149,0.3154060712059369,0.22037213064643985,-0.25867066640978537,2.432880753823806,1.1333612263946888,1.4080772117532363,1,0
15805.0,1.6708629053042618,2.328183835086569,0.36893907031907325,0.28635427714019807,-0.2601500345116607,0.22741126261658207,1.6923425808440873,1.1620610054185785,1,0
15806.0,-0.16714806189740147,-0.20143741171417867,0.332787089029009,-0.06923966788067733,-0.550689817335287,-0.930965887215077,-0.4440240814723802,-0.8039250393948271,1,0
15807.0,1.323339823270334,0.29945468039331957,0.7901089281871587,0.3787875504713405,-0.6626096360822348,-0.07426329780256188,0.5695118981833196,0.7169161657937569,1,0
15808.0,0.612848188889859,1.9045263848297673,0.8615816161921496,1.5005593912614457,0.36633666032974455,0.843979790974327,1.7186155714532017,0.42541977181113405,1,0
15809.0,0.8715598166262276,0.6548432754922423,-0.4174164944150915,-0.5614139747462087,-0.11538282458482309,3.399499478022089,0.15678397263081445,1.0320515692003946,1,0
15810.0,1.242251104129084,0.8003467725008181,0.36437655263398977,0.420742440731465,-0.12020752084408545,0.22741126261658207,0.6068075807745934,1.5888608116488376,1,0
15811.0,0.3579979287316452,0.6548432754922423,0.6167361401019108,0.8516401684511059,-0.003936136969614033,-0.07426329780256188,1.2861232988420996,1.3562632318428542,1,0
15812.0,1.3272011908484886,1.254616278688769,0.7212668797531071,0.6184518930730861,-0.3680417490752428,1.0445209855400752,0.5883716650135135,0.02103660903962243,1,0
15813.0,-0.9316988423720429,-0.5568260068131017,0.7726761555113891,1.1746400318950578,0.1303104609162961,0.09371390337111857,-0.03819322927216564,-0.8039250393948271,1,0
15814.0,1.211360163503846,0.48988501576479315,0.7231454948159841,0.6359903187594953,-0.35362219640746767,1.0445209855400752,0.5502083316528148,1.1620610054185785,1,0
15815.0,-0.29843455955466314,0.29945468039331957,0.9976302279288306,0.5758908095227621,-0.7169238398853286,-0.5229139223515364,-0.19177478749334104,-0.8039250393948271,1,0
15816.0,-1.0552626048729952,-0.5568260068131017,-1.809251977326945,-1.8151061068344123,0.4498124216103779,0.22741126261658207,-1.0461457687241897,1.4608215350480005,1,0
15817.0,-0.5803143927599602,-0.20143741171417867,1.3872070297224262,1.6473503000065435,-0.1829231636734529,0.3469702689073076,0.9333370609779713,-0.8039250393948271,1,0
15818.0,-1.0552626048729952,-1.0577180989205999,0.7080246935635707,0.2897925084495871,-0.650290623689989,-1.0222871175758335,-1.0461457687241897,-0.8039250393948271,1,0
15819.0,1.1920533256130723,1.048245697623346,0.741016590923568,0.4866745074042793,-0.5131870525004804,-0.14210498399285518,1.1890004242354304,0.14676385148134682,1,0
15820.0,-1.0552626048729952,-1.0577180989205999,-0.1519502833288057,-0.38720178203237526,-0.27633724483519234,-0.930965887215077,-0.7135169018659211,-0.8039250393948271,1,0
15821.0,-0.9896193560443642,-0.5568260068131017,-0.40672773871612355,0.04996135809420132,0.5398708062139845,0.22741126261658207,0.24636711066584036,-0.8039250393948271,1,0
15822.0,1.7635357271799759,0.48988501576479315,0.07716543562012258,0.14740798118021609,-0.028595752955238876,-0.07426329780256188,0.07384838550817617,1.1620610054185785,1,0
15823.0,0.3309683556845619,-0.20143741171417867,1.5017161724055752,2.109508623093576,0.14790110290518116,1.1608512063238763,1.0580456432127332,1.7659550299964637,1,0
15824.0,-0.7502145661987695,-0.5568260068131017,0.5215843622439662,0.6556908137960992,-0.08268134126803305,-0.7231586611558216,-0.4440240814723802,-0.8039250393948271,1,0
15825.0,-1.0552626048729952,-1.0577180989205999,0.43210591514765107,0.8999346091654651,0.30010885600137155,2.432880753823806,-0.5870572757944853,-0.8039250393948271,1,0
15826.0,0.9217575951422394,0.07422339860702587,1.2203081585443565,1.169644458383863,-0.440509634345469,-0.07426329780256188,0.7014044164687462,1.4608215350480005,1,0
15827.0,1.3658148666300363,2.2457965188165505,-0.9424668131632127,-1.0320310207356542,0.08817725372465728,0.22741126261658207,0.8763004011681347,1.4608215350480005,1,0
15828.0,-1.0552626048729952,-1.0577180989205999,0.9853183430370649,1.8987860341022984,0.6465323910651496,0.22741126261658207,0.4572375891095386,-0.8039250393948271,1,0
15829.0,-0.8969465341686501,-0.5568260068131017,1.3156954946896209,0.19704691758188328,-1.2820779713295551,-0.07426329780256188,0.03817477705094321,-0.8039250393948271,1,0
15830.0,-1.0552626048729952,-1.0577180989205999,1.118329593414202,1.0058153324530699,-0.4731380471790948,-0.49273161976031987,-0.0584501529419441,1.7659550299964637,1,0
15831.0,-0.02813882908383029,-0.20143741171417867,0.9892420360217865,-0.03978052831671392,-1.1710928318071518,1.4092449345986064,0.32712377558849165,1.1620610054185785,1,0
15832.0,-1.0552626048729952,-1.0577180989205999,1.2414661408166612,1.5149206034004936,-0.13149915872018775,-0.5988151577868094,0.20279773648307728,-0.8039250393948271,1,0
15833.0,-1.0552626048729952,-1.0577180989205999,-1.9322022598259123,-1.6678196312452667,0.8153272010420953,-0.8464662631382949,-1.6147785724478398,-0.8039250393948271,1,0
15834.0,0.31166151779378815,0.6548432754922423,0.6119934006243011,0.9153378196471795,0.06956756765108213,2.432880753823806,1.6825762306661116,1.0320515692003946,1,0
15835.0,0.049088522479264804,0.07422339860702587,-0.3174376586534837,-0.19443274661636084,0.1377394385129961,0.22741126261658207,0.09111983872311039,-0.8039250393948271,1,0
15836.0,-1.0552626048729952,-1.0577180989205999,-1.8487072318595295,-0.9435219878051795,1.6053812631273725,0.6467390474220279,-1.1175267461574372,1.7659550299964637,1,0
15837.0,0.5703731455301567,-0.5568260068131017,0.34260525493050975,0.4693516209104247,-0.042069932046474946,-0.07426329780256188,0.17241042083090774,-0.8039250393948271,1,0
15838.0,1.6978924783513452,2.4781072004988403,2.7585924063138823,2.804132899282589,-0.7068562550676373,-1.0808399641377464,0.3010782951428931,0.2687686337376465,1,0
15839.0,-0.6112053333851982,-0.20143741171417867,0.45637761936463234,0.32529165803070026,-0.32928750483303054,-0.8464662631382949,0.23209955581276964,1.6204927696584461,1,0
15840.0,-0.615066700963353,-0.5568260068131017,0.31834561219303326,-0.5937323647655893,-0.966617710233941,-0.49273161976031987,-0.38088803500765217,1.4608215350480005,1,0
15841.0,1.481655893974679,0.9305040858134475,0.635889978066425,0.13866375903572387,-0.7016767655512707,-0.07426329780256188,0.2877387536535113,1.1620610054185785,1,0
15842.0,-0.5378393494002579,-0.5568260068131017,0.004420576082459907,-0.003886488487415798,-0.09007347733890166,-0.49273161976031987,-0.4440240814723802,1.4608215350480005,1,0
15843.0,-1.0552626048729952,-1.0577180989205999,-1.809251977326945,-1.1385446828825083,1.2820643540056613,-0.07426329780256188,-1.282149705589571,-0.8039250393948271,1,0
15844.0,-1.0552626048729952,-1.0577180989205999,-0.1026281569786321,-1.010553027824435,-0.8803141522656203,-0.23305906672429438,-1.0461457687241897,-0.8039250393948271,1,0
15845.0,1.512546834599917,1.1557353675997408,0.29327749304394884,0.5171664395036384,0.0736223710385113,-0.07426329780256188,0.9084756515476784,0.9917078520475852,1,0
15846.0,-1.0552626048729952,-1.0577180989205999,-0.6703000303320932,-1.2816840696247205,-0.5033945188982677,-1.277214299835045,-0.351053338929104,-0.8039250393948271,1,0
15847.0,1.273142044754322,0.29945468039331957,-0.1469159358833307,-0.698987053573983,-0.5732118999271912,0.09371390337111857,-0.0584501529419441,-0.8039250393948271,1,0
15848.0,-1.0552626048729952,-1.0577180989205999,-1.247335554754067,-0.9183987999281437,0.6576511830561755,0.22741126261658207,-0.1679944637358899,-0.8039250393948271,1,0
15850.0,1.6747242728824165,0.48988501576479315,0.4793351326216462,-0.6039005891521773,-1.1192215406949513,-0.2618344117975608,1.5080692513565126,-0.8039250393948271,1,0
15851.0,-1.0552626048729952,-1.0577180989205999,-0.8466168051985027,-1.247731008677491,-0.2593866623053499,-0.8464662631382949,-1.282149705589571,-0.8039250393948271,1,0
15852.0,0.2576023716996216,-0.20143741171417867,-2.1213582369382444,-1.5808672570653308,1.2346923572954611,0.09371390337111857,-0.2415090281351582,-0.8039250393948271,1,0
15853.0,-1.0552626048729952,-1.0577180989205999,-0.09462147910482348,-1.234602529862161,-1.0557610725197344,-1.1857083812767173,-0.2944540898073254,-0.8039250393948271,1,0
15854.0,1.7442288892892022,1.9045263848297673,-0.6416225916492607,-0.04670712576126167,0.7789097237383622,-0.2618344117975608,1.123709777120437,-0.8039250393948271,1,0
15855.0,0.2576023716996216,0.48988501576479315,-0.2334287680980151,-0.611615452947531,-0.39314681105496785,-1.0222871175758335,0.4350642467200411,-0.8039250393948271,1,0
15856.0,1.7712584623362855,2.990708876970072,1.0228179113306082,1.1233228718263593,-0.24739210643552087,-0.23305906672429438,1.7991518368600823,0.25372620439008925,1,0
15857.0,0.5356208373267639,-0.5568260068131017,0.7380584434119645,0.048817203342271374,-0.8790339150008434,-0.3319664456362507,-0.5488939424337871,-0.8039250393948271,1,0
15858.0,1.7017538459294999,1.3461657029712149,0.3779077071849125,-0.0003677198452790287,-0.5399170196464526,0.40232454155815495,1.5201336412245063,0.4878572895827382,1,0
15859.0,-1.0552626048729952,-1.0577180989205999,0.17891552024749155,0.6340863483863336,0.3604144303299793,0.3469702689073076,-0.5124273288630706,-0.8039250393948271,1,0
15860.0,1.62066512678825,1.656627459707239,-0.7301547959479822,-0.905034850952058,-0.06186772769031173,0.22741126261658207,1.4449332048917842,-0.8039250393948271,1,0
15861.0,1.5241309373343812,1.254616278688769,0.8426939924291493,0.39113526238713076,-0.708303165463362,2.744916198564831,1.9325830052374868,0.9153033772197167,1,0
15862.0,1.7017538459294999,1.3461657029712149,-0.2241699115796698,-0.447424638079688,-0.24597439968598073,0.843979790974327,1.8666169895504725,-0.8039250393948271,1,0
15863.0,1.636110597100869,0.29945468039331957,-1.6050127394015785,-1.821378874755627,0.14710869045800512,-0.3319664456362507,0.4572375891095386,-0.8039250393948271,1,0
15864.0,0.3309683556845619,0.6548432754922423,0.3935593631790619,0.16880543659112565,-0.4027047386926299,-0.44035248611375827,-0.6691621147691496,1.0320515692003946,1,0
15865.0,1.5048240994436073,0.29945468039331957,0.4772965833392685,0.6688183714749146,-0.011261648449898897,0.4473365033277267,0.8428115176399747,-0.8039250393948271,1,0
15866.0,-1.0552626048729952,-1.0577180989205999,-0.16890218959256986,-0.2407636602411346,-0.10855803649211616,0.22741126261658207,0.019738861289862828,-0.8039250393948271,1,0
15867.0,1.7249220513984285,2.367404649905085,0.11677495365720474,0.06542527645753271,-0.1637273051131839,0.40232454155815495,2.0887664449481567,0.341940132029809,1,0
15868.0,-1.0552626048729952,-1.0577180989205999,-1.0191860809061732,-1.4493040546705398,-0.242625410954922,-0.930965887215077,-1.7643485641128949,-0.8039250393948271,1,0
15869.0,0.29235467990301434,-0.20143741171417867,-0.5147486161655719,-1.2706483709941578,-0.6676562875355243,-0.6943222153282232,-0.2944540898073254,-0.8039250393948271,1,0
15870.0,0.5433435724830734,0.07422339860702587,-0.16039312693195282,-0.33143092424612663,-0.21083513053474465,1.1608512063238763,0.8957565793121419,-0.8039250393948271,1,0
15871.0,-1.0552626048729952,-1.0577180989205999,-3.4804806909179686,-2.855621453865303,2.019706594808712,-0.3319664456362507,-1.6147785724478398,-0.8039250393948271,1,0
15872.0,1.0144304170179534,0.07422339860702587,-0.16463931602258372,-0.44115951817318394,-0.3132166932507381,0.3469702689073076,1.1040594070649958,-0.8039250393948271,1,0
15873.0,-1.0514012372948403,0.07422339860702587,0.7231454948159841,-1.7004059755578547,-1.8254373064104792,-2.54467103597386,-1.947407439306109,0.9153033772197167,1,0
15874.0,1.4082899099897386,1.9045263848297673,0.5393052509692233,0.9112132092663672,0.16365076813189805,3.399499478022089,1.486519997035165,0.6736602684416555,1,0
15875.0,-1.0552626048729952,-1.0577180989205999,-0.7117662213583644,-1.223414565471103,-0.4005613952823046,-1.277214299835045,-0.6691621147691496,-0.8039250393948271,1,0
15876.0,-0.9046692693249596,-0.5568260068131017,1.188999217631667,1.3185960136293609,-0.2611490804910801,-0.3319664456362507,-1.0461457687241897,-0.8039250393948271,1,0
15877.0,-0.9934807236225189,-0.5568260068131017,0.24796426382012948,-0.14893346952889225,-0.5262915747317221,-0.14210498399285518,0.8630684413097528,1.4608215350480005,1,0
15878.0,-0.39110738143037727,-0.5568260068131017,-0.2080411006536817,-0.6918218413353971,-0.4973477223870561,-0.07426329780256188,0.09111983872311039,-0.8039250393948271,1,0
15879.0,0.17265228498021695,0.07422339860702587,0.09349696535327157,0.06816212180714087,-0.13127194978238738,1.6109581610597774,1.1381447019069697,-0.8039250393948271,1,0
15880.0,-1.0552626048729952,-1.0577180989205999,0.3869996526675594,0.30086073934828184,-0.2682351345938667,0.22741126261658207,0.6597526424467606,1.7659550299964637,1,0
15881.0,-0.8544714908089478,0.29945468039331957,-1.1169909995197986,-1.3695388668428405,-0.0348095289030746,-0.3319664456362507,-0.38088803500765217,1.5675928766263612,1,0
15882.0,0.9951235791271797,0.8003467725008181,-0.6402084268680222,-0.9121895850273872,-0.18535102832756298,-0.5602283770286947,0.12460872225127,0.9153033772197167,1,0
15883.0,-0.9355602099501976,-0.5568260068131017,-0.3004288007674733,-0.4458108590667287,-0.14814791340476463,-0.07426329780256188,0.0008790944596697093,-0.8039250393948271,1,0
15884.0,0.11859313888605039,-0.5568260068131017,-0.6703000303320932,-1.0729951785511873,-0.3066378806177559,-1.1639429167840407,-0.8630868935309756,1.4608215350480005,1,0
15885.0,1.242251104129084,1.5111239626986637,-1.3573749443643437,-1.0169791157499422,0.7079740823117039,0.09725622010391866,0.5502083316528148,1.1620610054185785,1,0
15886.0,1.022153152174263,0.07422339860702587,0.13301210451743495,-0.06047534419203283,-0.3081903752449222,-0.07426329780256188,0.26039076371065795,-0.8039250393948271,1,0
15887.0,-0.4799188357279366,-0.20143741171417867,0.33815346399895074,0.29730056510189873,-0.2110601567485186,-0.44035248611375827,-0.351053338929104,-0.8039250393948271,1,0
15888.0,0.6669073349840255,-0.20143741171417867,-1.2396683855444992,-0.8885708058325789,0.6815980117104954,-0.07426329780256188,-0.19177478749334104,1.1620610054185785,1,0
15889.0,1.1573010174096794,0.8003467725008181,-0.3649956734261198,-0.5139104037189027,-0.13448005834117147,0.5055184603984593,1.467587686213589,0.31649817812236203,1,0
15890.0,-0.24437541346049657,0.29945468039331957,-1.9409163623197652,-1.2801681994977276,1.3197683486123466,1.932129182619007,-1.1175267461574372,-0.8039250393948271,1,0
15891.0,-1.0552626048729952,-1.0577180989205999,1.1865529935338748,0.8782349695219072,-0.6622892514637674,-0.07426329780256188,0.2877387536535113,-0.8039250393948271,1,0
15892.0,-1.0552626048729952,-1.0577180989205999,-1.247335554754067,-1.0371310479993727,0.5175343040244881,-0.07426329780256188,-0.07921996423456719,-0.8039250393948271,1,0
15893.0,-1.0552626048729952,-1.0577180989205999,0.7231454948159841,0.1411968364549942,-0.7905173533493238,-2.222738076020031,-2.516040243029759,-0.8039250393948271,1,0
15894.0,-0.6073439658070435,-0.5568260068131017,-0.6045283825049639,-0.9998696616969952,-0.31634246579638153,-0.5602283770286947,-0.14488409814227088,-0.8039250393948271,1,0
15895.0,-1.0552626048729952,-1.0577180989205999,-0.4838596990124887,-0.5831593493757412,-0.051275844878360795,-1.1639429167840407,-1.0461457687241897,-0.8039250393948271,1,0
15897.0,-1.0552626048729952,-0.5568260068131017,-0.13112622888785114,-1.231857861209636,-1.0206215385121977,-1.0222871175758335,-0.7135169018659211,-0.8039250393948271,1,0
15898.0,1.7519516244455116,2.1108969658951904,-0.5605061174820747,-0.4136811662861159,0.23435737290418202,0.22741126261658207,1.5437428598137455,0.5213941782751079,1,0
15899.0,-1.0552626048729952,-1.0577180989205999,-1.4222953564257719,-2.148287003744803,-0.4247838414499313,-0.07426329780256188,-1.7643485641128949,-0.8039250393948271,1,0
15900.0,1.0260145197524178,0.07422339860702587,0.12326742887355616,-0.27316191202320317,-0.49645159702495006,-0.44035248611375827,0.7014044164687462,0.9153033772197167,1,0
15901.0,0.9796781088145607,0.6548432754922423,-0.4143518033157397,-1.3670878166904783,-0.852154695341382,0.22741126261658207,1.0036970504436913,1.0320515692003946,1,0
15902.0,-1.0552626048729952,-1.0577180989205999,-0.18612318494501445,-0.870152636923185,-0.6793153737596811,-0.49273161976031987,-0.6691621147691496,-0.8039250393948271,1,0
15903.0,1.589774186163012,1.254616278688769,0.8610307657473489,1.3564796419690424,0.20686223015268318,-0.09503028911869377,0.26039076371065795,0.9153033772197167,1,0
15904.0,-1.0552626048729952,-1.0577180989205999,-0.6045283825049639,-0.6976185639309179,-0.011422222924659907,0.40232454155815495,-0.26755450858075713,-0.8039250393948271,1,0
15905.0,-1.0552626048729952,-1.0577180989205999,-0.6303605535519127,-1.1879102074284946,-0.46352703148768337,-0.5602283770286947,-0.5124273288630706,-0.8039250393948271,1,0
15906.0,0.6089868213117042,1.048245697623346,-0.7245215601227989,-0.10060372703705943,0.8413361647724956,0.22741126261658207,0.9923815093050296,0.7169161657937569,1,0
15907.0,-0.2559595161949608,-0.20143741171417867,0.1517131326793463,0.21580032677539873,-0.05525400885899934,0.09371390337111857,1.157004468737163,-0.8039250393948271,1,0
15908.0,-0.9703125181535904,-0.5568260068131017,-0.56689802315073,0.44737534391114686,1.2774988663115265,1.0445209855400752,-0.1005293110454993,-0.8039250393948271,1,0
15909.0,-1.0552626048729952,-1.0577180989205999,-0.43911521627965006,-0.4896748678148643,-0.012804925239422614,-1.606782133071617,-1.3787746355824586,-0.8039250393948271,1,0
15910.0,1.5974969213193215,1.5111239626986637,-0.019629310099209624,-0.586067001055729,-0.6150768983822336,-0.07426329780256188,1.8201879567822206,-0.8039250393948271,1,0
15911.0,-0.6420962740104363,0.8003467725008181,-0.40274645010970994,-0.3495723162420397,0.08686509840984911,-0.07426329780256188,1.0940548473899332,0.9153033772197167,1,0
15912.0,1.0723509306902748,0.9305040858134475,-0.600282193414333,-1.1333067760651439,-0.4481024667273174,0.40232454155815495,0.5502083316528148,-0.8039250393948271,1,0
15913.0,-1.0552626048729952,-1.0577180989205999,-3.920369757400348,-4.959921672832331,0.08751463932310327,-1.7601883558991351,-2.516040243029759,-0.8039250393948271,1,0
15914.0,-1.0552626048729952,-0.5568260068131017,-0.7331092033345905,-1.3333979618361402,-0.4780636233978975,-0.07426329780256188,-0.9196861426527538,-0.8039250393948271,1,0
15915.0,-1.0552626048729952,-1.0577180989205999,1.2083729454583116,0.6050448197254857,-0.9065570443959218,-0.3319664456362507,0.7410432245545576,-0.8039250393948271,1,0
15916.0,1.6978924783513452,1.3461657029712149,-0.16890218959256986,-0.15386138567137023,-0.01876248487428345,0.22741126261658207,1.36936516326007,1.0953505504041956,1,0
15917.0,0.8368075084228348,0.29945468039331957,-1.1047781133896106,-1.2185062784694194,0.10935340801401491,0.22741126261658207,0.8957565793121419,-0.8039250393948271,1,0
15918.0,0.6476004970932518,-0.20143741171417867,-0.6568228392834701,-0.47312434200820025,0.30400484929966265,-0.7831339784253591,0.12460872225127,-0.8039250393948271,1,0
15919.0,0.29235467990301434,-0.5568260068131017,0.6633403144249812,0.20504577974065907,-0.6746911293183598,-0.07426329780256188,0.7254167763544643,-0.8039250393948271,1,0
15920.0,1.14957828225337,0.9305040858134475,-1.822244946127972,-1.9851785652839493,0.2744572139802798,1.1608512063238763,0.6424811892318264,-0.8039250393948271,1,0
15921.0,0.7518574217034302,0.07422339860702587,-0.5855500572544349,-0.43022649179296646,0.25115512701438947,0.22741126261658207,0.4006383399877607,-0.8039250393948271,1,0
15922.0,-1.0552626048729952,-1.0577180989205999,-0.07094999616330684,0.40106150900433374,0.45454475743394746,-0.07426329780256188,-1.0461457687241897,1.7659550299964637,1,0
15923.0,-1.0552626048729952,-1.0577180989205999,-0.20362195023502777,-1.0490169074360567,-0.8097515224717398,-0.3319664456362507,-0.5488939424337871,-0.8039250393948271,1,0
15924.0,-1.0552626048729952,-1.0577180989205999,-0.38566105877315654,-1.3356971637416928,-0.8558987454483564,-0.3319664456362507,-0.8630868935309756,-0.8039250393948271,1,0
15925.0,-1.0552626048729952,-1.0577180989205999,-0.4953402286603878,-0.38608636885724656,0.17405273049379577,-0.07426329780256188,-0.980481634816486,-0.8039250393948271,1,0
15926.0,-1.0552626048729952,-1.0577180989205999,0.05422800770922354,-0.972740005221683,-1.0014512909038926,-1.9207421836798164,-1.3787746355824586,-0.8039250393948271,1,0
15927.0,-1.0552626048729952,-1.0577180989205999,-0.8151682285397266,-1.088925219905747,-0.1401787098929015,-0.8464662631382949,-0.9196861426527538,-0.8039250393948271,1,0
15928.0,-1.0552626048729952,-1.0577180989205999,0.11507946602518795,0.08779306324688096,-0.13897997909812093,-0.07426329780256188,-1.0461457687241897,-0.8039250393948271,1,0
15929.0,-1.0552626048729952,-1.0577180989205999,-0.22140759327582904,1.04775209445011,1.4882308574868919,-1.0222871175758335,-2.516040243029759,-0.8039250393948271,1,0
15930.0,-1.0552626048729952,-1.0577180989205999,-0.06317290244604831,0.5968331670227396,0.6720100027324939,-0.5229139223515364,-0.5488939424337871,-0.8039250393948271,1,0
15931.0,-1.0552626048729952,-1.0577180989205999,-0.23948967731245785,-0.18660412487219566,0.0406089435742731,1.1608512063238763,-0.8630868935309756,-0.8039250393948271,1,0
15932.0,0.045227154901110046,0.8003467725008181,0.7329552057769062,0.17075483123929602,-0.776491936912549,-0.3319664456362507,0.6424811892318264,1.256310742518105,1,0
15933.0,-0.804273712292936,-0.20143741171417867,0.749110151149287,0.399783561584447,-0.5996736541793622,-0.3319664456362507,0.32712377558849165,-0.8039250393948271,1,0
15934.0,-1.008926193935138,-0.5568260068131017,2.157368546490273,1.8820905823110332,-0.8418257207751904,-0.5602283770286947,-0.2944540898073254,-0.8039250393948271,1,0
15935.0,-1.0475398697166856,-0.5568260068131017,-1.0098735779957548,-0.37771710055248886,0.946963045844438,3.4511444066735755,-0.980481634816486,1.4608215350480005,1,0
15936.0,-0.7154622579953767,-0.5568260068131017,-0.359890252579739,-0.9043776886456443,-0.5165004384315591,-0.07426329780256188,-0.7604075912169913,-0.8039250393948271,1,0
15937.0,-1.0552626048729952,-1.0577180989205999,-0.7548805010380715,-0.8669773936067618,0.010683915066160723,-1.0222871175758335,-1.3787746355824586,-0.8039250393948271,1,0
15938.0,0.659184599827716,0.9305040858134475,-1.1610892597013796,-1.6470885081049853,-0.2603750924104741,-0.3319664456362507,-0.351053338929104,-0.8039250393948271,1,0
15939.0,0.045227154901110046,1.5860167045095306,1.0545528087664848,0.9826086180998987,-0.4203558974487212,0.09725622010391866,0.17241042083090774,-0.15215647067619234,1,0
15940.0,-1.0552626048729952,-1.0577180989205999,-3.678281334706809,-2.75159508163162,2.5928844803108175,-0.44035248611375827,-2.516040243029759,1.8596832102061218,1,0
15941.0,-1.0552626048729952,-1.0577180989205999,-0.9644736514511453,0.5259739214396983,2.05604950104124,-0.7231586611558216,-1.4883189463764042,1.7659550299964637,1,0
15942.0,-1.0552626048729952,-1.0577180989205999,0.4894708147229819,0.2775048362092465,-0.41410066201499196,-0.3319664456362507,-0.8630868935309756,-0.8039250393948271,1,0
15943.0,-0.9471443126846619,-0.5568260068131017,-0.5127920783445317,-0.960647921723086,-0.3897519453216761,-1.0808399641377464,-0.980481634816486,-0.8039250393948271,1,0
15944.0,0.6823528052966445,0.07422339860702587,0.40602234798609627,0.9205393830651502,0.36017193486224913,-0.23305906672429438,-0.41184883109283577,-0.8039250393948271,1,0
15945.0,0.38502750177872846,0.07422339860702587,-0.5761839565410904,-0.7235088471017231,-0.07567491896714001,1.1608512063238763,-0.4440240814723802,-0.8039250393948271,1,0
15946.0,-0.5494234521347222,-0.20143741171417867,1.399351558715039,1.3980643599487343,-0.4377421383349085,-0.07426329780256188,-0.41184883109283577,-0.8039250393948271,1,0
15947.0,-1.0552626048729952,-1.0577180989205999,1.9543510629616279,2.488334850848467,-0.054081082536929614,-0.3319664456362507,-0.2944540898073254,-0.8039250393948271,1,0
15948.0,0.5510663076393829,-0.20143741171417867,0.7080246935635707,0.8212358813733217,-0.15333949273479547,-0.8464662631382949,0.32712377558849165,-0.8039250393948271,1,0
15949.0,-0.8428873880744836,-0.5568260068131017,-0.040170628898255525,-0.559199867341676,-0.5685453048784134,-1.1857083812767173,-0.980481634816486,-0.8039250393948271,1,0
15950.0,1.4584876885057503,1.048245697623346,0.8975460491175906,1.3063129873388355,0.10267925338530144,1.1608512063238763,1.3621372422654447,1.073874783839221,1,0
15951.0,0.38502750177872846,-0.20143741171417867,-0.05545116217800767,0.278647241256357,0.293731075308346,0.09371390337111857,0.03817477705094321,1.1620610054185785,1,0
15952.0,-0.31388002986728214,0.07422339860702587,-0.4201052192800715,-0.4226941894212042,0.03239646934844666,-0.07426329780256188,0.3523677281481314,-0.8039250393948271,1,0
15953.0,1.7287834189765832,1.7234195042875162,-0.4470587601090881,-0.4877932679959792,-0.00029592683297631,0.22741126261658207,0.7174904951184494,0.5566200963305212,1,0
15954.0,-1.0552626048729952,-1.0577180989205999,-0.23041096384971307,-0.4981209110573277,-0.2879353199610603,-1.277214299835045,-0.5870572757944853,-0.8039250393948271,1,0
15955.0,1.3773989693645003,1.9594399542263008,0.217394126658273,0.3938372389262257,0.04433163990572943,-0.09503028911869377,1.351174534905816,0.3869169183580845,1,0
15956.0,-0.37952327869591296,-0.5568260068131017,-0.06317290244604831,0.15679689146807016,0.17016399048320494,-1.277214299835045,-0.6691621147691496,-0.8039250393948271,1,0
15957.0,0.44680938302920453,-0.20143741171417867,0.037878291404404206,0.16222091874502997,0.03900412384322827,-0.3319664456362507,0.8563715573771615,-0.8039250393948271,1,0
15958.0,0.7827483623286682,0.07422339860702587,-1.369362910844565,-1.0904900389841494,0.63835819755673,-0.2521611112671691,0.14085407936492755,-0.8039250393948271,1,0
15959.0,-1.0552626048729952,-0.20143741171417867,-0.4838596990124887,-0.4810463699651249,0.05605012994317669,0.843979790974327,0.26039076371065795,-0.8039250393948271,1,0
15960.0,-0.819719182605555,0.07422339860702587,-0.8872545120854467,-1.3367824177319214,-0.29629742052896185,0.22741126261658207,-0.4440240814723802,0.9153033772197167,1,0
15961.0,-1.0552626048729952,-1.0577180989205999,0.047251135254671124,0.6733715836295391,0.5974375011712982,-0.2521611112671691,0.0008790944596697093,-0.8039250393948271,1,0
15962.0,-1.0552626048729952,-1.0577180989205999,0.5033503207972251,0.09841231536110585,-0.5925440291527424,-0.49273161976031987,0.019738861289862828,-0.8039250393948271,1,0
15963.0,-0.9548670478409714,-0.5568260068131017,0.0116774588438258,-0.21246207144456253,-0.30717762971471074,-0.3319664456362507,-0.38088803500765217,-0.8039250393948271,1,0
15964.0,-1.0552626048729952,-1.0577180989205999,-0.4838596990124887,-0.011043344887087156,0.5828349805792703,-0.619945652967382,-0.5870572757944853,-0.8039250393948271,1,0
15965.0,1.7210606838202736,1.3461657029712149,-0.3697297897136512,-0.3057815889135537,0.08904394864693797,0.16253566624592464,1.274088407319195,-0.030266317867525,1,0
15966.0,-1.0552626048729952,-1.0577180989205999,0.6732120834257648,0.5965138894050256,-0.33122389084040277,-1.0222871175758335,-0.351053338929104,1.7659550299964637,1,0
15967.0,1.7056152135076545,1.254616278688769,-0.41384186209472845,-0.11180942173662604,0.364293255993463,0.40232454155815495,1.6397210702413942,0.02103660903962243,1,0
15968.0,-1.0552626048729952,-1.0577180989205999,0.5830931365011094,0.5691638331075181,-0.24751982762865635,0.22741126261658207,0.41227490000197986,-0.8039250393948271,1,0
15969.0,0.9526485357674774,0.29945468039331957,-1.2801428040108656,-0.2712914476887048,1.525470587473247,0.5055184603984593,-0.2415090281351582,0.7169161657937569,1,0
15970.0,0.0838408306826576,-0.5568260068131017,0.5658721411486638,0.8364002226277468,0.04751133817886917,-0.07426329780256188,-0.6270829566655943,-0.8039250393948271,1,0
15971.0,1.7017538459294999,1.7234195042875162,-0.1770002727559231,0.23861577980238396,0.42204022471707603,-1.0222871175758335,-0.980481634816486,0.22484244827571642,1,0
15972.0,-0.4992256736187104,0.29945468039331957,-0.46125679963733673,0.3733460733475233,1.013972369259908,2.2894270681815847,0.733267206846029,-0.8039250393948271,1,0
15973.0,-0.8119964474492455,-0.20143741171417867,-0.8790042827620301,-0.2624964887789499,0.8835526801705479,0.09725622010391866,-1.282149705589571,1.6204927696584461,1,0
15974.0,-0.09378207791246113,0.6548432754922423,0.8476460584164714,0.790297319872304,-0.3560332325005896,-0.07426329780256188,0.9809077037256301,0.42541977181113405,1,0
15975.0,-1.0552626048729952,-1.0577180989205999,0.5395170007362131,0.4066140412571174,-0.351725380452706,-1.0222871175758335,-0.4440240814723802,-0.8039250393948271,1,0
15976.0,0.4352252802947403,0.48988501576479315,0.21348882782053444,0.07651427941440611,-0.2736885456178347,-0.07426329780256188,1.4958247893315055,-0.8039250393948271,1,0
15977.0,-0.9703125181535904,-0.5568260068131017,1.3372219931304257,0.8856056223133962,-0.8134579661108758,0.22741126261658207,0.10803515400060046,-0.8039250393948271,1,0
15978.0,1.134132811940751,-0.20143741171417867,1.8488149709468065,1.879360832774767,-0.5150432064865081,0.22741126261658207,0.7563775724396483,1.6204927696584461,1,0
15979.0,-1.0552626048729952,-1.0577180989205999,1.2059700653448526,0.2439384796677974,-1.163604235083521,-0.8464662631382949,-0.5124273288630706,-0.8039250393948271,1,0
15980.0,0.7518574217034302,0.6548432754922423,1.676020716267452,1.6763520811396941,-0.5019267119284878,-0.3319664456362507,0.7094868830885774,1.0320515692003946,1,0
15981.0,1.2461124717072387,1.9045263848297673,0.4794470298862221,0.6568406036393135,-0.026576860931010117,-0.3319664456362507,1.0367362964018012,1.0320515692003946,1,0
15982.0,-1.0552626048729952,-1.0577180989205999,-0.12700895666835094,0.22432660208273664,0.3341871110640883,-0.07426329780256188,0.05620547486057961,-0.8039250393948271,1,0
15983.0,1.6901697431950355,0.8003467725008181,0.5090814483760903,0.4812295238184165,-0.24226019289200248,-0.2863856841199625,0.9574671454424988,-0.8039250393948271,1,0
15984.0,1.7867039326489045,2.328183835086569,0.3342207197995384,0.061385127116567274,-0.4332073107052286,0.843979790974327,1.9433774205287655,-0.11599345861404298,1,0
15985.0,0.6360163943587875,0.6548432754922423,1.0589888239194796,0.46721949208930796,-0.8676257899688655,-0.49273161976031987,0.14085407936492755,0.42541977181113405,1,0
15986.0,0.30007741505932384,-0.5568260068131017,0.2392032477491476,-0.5980918481308434,-0.8940307946281978,-1.277214299835045,-0.41184883109283577,-0.8039250393948271,1,0
15987.0,0.36185929630979996,0.8003467725008181,0.34858634165636954,-0.46068305634407447,-0.8941895887511068,-0.09503028911869377,0.9923815093050296,-0.8039250393948271,1,0
15988.0,1.4044285424115837,-0.20143741171417867,0.10184881512709346,-0.09459011558176086,-0.3031708356269092,0.40232454155815495,0.807897153777444,-0.8039250393948271,1,0
15989.0,0.34255245841902615,-0.5568260068131017,-0.5855500572544349,-0.5305042012313199,0.14118625004461213,0.16253566624592464,0.5304395744514846,-0.8039250393948271,1,0
15990.0,1.2808647799106316,0.6548432754922423,0.05918416035652427,0.057896327362648964,-0.09759260136666346,-0.07426329780256188,0.8290235674343082,-0.8039250393948271,1,0
15991.0,-1.0552626048729952,-1.0577180989205999,-1.369362910844565,-0.8193131389344307,0.9687231404912275,0.40232454155815495,-1.4883189463764042,-0.8039250393948271,1,0
15992.0,0.6823528052966445,-0.20143741171417867,0.16225646082581238,0.11230746124578712,-0.17427532872918877,0.09371390337111857,0.18774476871599804,-0.8039250393948271,1,0
15993.0,-0.9162533720594239,0.6548432754922423,0.7417548692288378,0.5078748071333027,-0.49479295978437743,-0.07426329780256188,1.6874739391001152,1.3562632318428542,1,0
15994.0,1.1881919580349174,-0.20143741171417867,0.06346125431484498,0.5115287649090081,0.3867409003307664,0.22741126261658207,0.6424811892318264,1.6204927696584461,1,0
15995.0,-1.0552626048729952,-1.0577180989205999,0.9432393872796042,1.2641264111876185,-0.0029242678326439537,0.16253566624592464,0.7639385819629544,-0.8039250393948271,1,0
15996.0,0.13789997677682417,0.6548432754922423,-0.49369269618320843,-0.4110483933429551,0.14462477694392745,1.0445209855400752,0.9751100560900954,0.42541977181113405,1,0
15998.0,1.6554174349916428,1.5860167045095306,0.8890420203398831,0.8645315049489427,-0.33494719303447884,0.22741126261658207,2.269426594087265,1.1084181315062873,1,0
15999.0,-1.0552626048729952,-1.0577180989205999,-1.9322022598259123,-3.4916616891362064,-1.0215112263383108,-2.3444262971695755,-2.516040243029759,-0.8039250393948271,1,0
16000.0,-1.0552626048729952,-0.20143741171417867,2.64830325716049,3.6934624251296855,0.30194547042533576,-0.025924166763239952,-1.195715760389244,-0.8039250393948271,1,0
16001.0,-1.0552626048729952,-1.0577180989205999,0.8930616615729982,1.0231888624514305,-0.18465755150595745,-0.07426329780256188,-0.2944540898073254,1.7659550299964637,1,0
16002.0,-1.0552626048729952,-1.0577180989205999,-0.7997793190621191,-0.6607935167850572,0.29686177866708563,-0.07426329780256188,0.0008790944596697093,-0.8039250393948271,1,0
16003.0,1.6747242728824165,1.048245697623346,0.43700389153798785,0.9707862961335718,0.37277478445006285,2.432880753823806,1.0092968245825193,-0.8039250393948271,1,0
16004.0,-0.24823678103865132,0.29945468039331957,0.4082828186150901,0.6052605842031815,0.013332902176845617,0.16253566624592464,0.32712377558849165,-0.8039250393948271,1,0
16005.0,0.6360163943587875,1.048245697623346,-0.12700895666835094,-0.16567303637551226,-0.08582026518682459,-0.07426329780256188,1.6371290815890065,0.14676385148134682,1,0
16006.0,-0.3756619111177582,-0.5568260068131017,-0.359890252579739,-0.6261472649237844,-0.25321026596851565,-0.5602283770286947,0.46810349267815093,-0.8039250393948271,1,0
16007.0,0.8599757138917633,0.6548432754922423,1.0160446962622716,0.6367110057628139,-0.6851977195529287,-0.07426329780256188,1.6923425808440873,-0.8039250393948271,1,0
16008.0,1.288587515066941,1.5111239626986637,0.4232334446617319,0.3615937907294239,-0.25348778998216337,-0.5602283770286947,0.32712377558849165,-0.8039250393948271,1,0
16009.0,-0.5262552466657937,0.07422339860702587,-0.4781646731909979,-0.14048388263123132,0.4243534721669939,-0.3319664456362507,0.38883434171884856,-0.8039250393948271,1,0
16010.0,-0.41427558689930577,1.1557353675997408,-0.59643639028143,-0.7647250192028461,-0.09174320110244126,-0.7231586611558216,0.8630684413097528,0.07951852525571697,1,0
16011.0,1.7635357271799759,2.287676865127367,-0.2636490098046925,-0.471196530069813,-0.22017676434280073,0.22741126261658207,1.1845052692841687,-0.4172356948645849,1,0
16012.0,0.8522529787354538,0.29945468039331957,0.9438521520107926,1.0568032531942368,-0.21488268088337434,0.16253566624592464,1.2940495800781144,-0.8039250393948271,1,0
16013.0,1.7558129920236665,3.5742388892435777,0.7839742015055765,1.2143830041782753,0.15787382207059888,-0.23305906672429438,0.20279773648307728,0.2779955781054202,1,0
16014.0,1.416012645146048,0.29945468039331957,-0.46573986356908675,-0.2674138817155798,0.2634696681362388,0.09725622010391866,1.340063343930377,0.7169161657937569,1,0
16015.0,-0.8776396962778763,-0.20143741171417867,0.7780425304813309,-0.2139066624151113,-1.1092041389954497,-0.5229139223515364,1.0092968245825193,1.1620610054185785,1,0
16016.0,0.4854230588107521,1.1557353675997408,-0.6173675847508863,-0.46397652860151933,0.25843319533761355,0.6445604725968617,1.1845052692841687,0.9917078520475852,1,0
16017.0,1.477794526396524,0.29945468039331957,-0.1519502833288057,0.16543290993672718,0.30349894758211415,0.40232454155815495,0.6932415259749206,-0.8039250393948271,1,0
16018.0,1.62066512678825,0.07422339860702587,-0.1710399241319802,-0.6187583220135712,-0.4731555023845299,-0.3319664456362507,0.10803515400060046,-0.8039250393948271,1,0
16019.0,1.5666059806940835,2.2024463901776357,0.6057922531879224,1.1639950377452288,0.3505164549995148,0.3469702689073076,1.467587686213589,1.0632785352793788,1,0
16020.0,-0.8660555935434121,-0.20143741171417867,0.10406515895761743,0.04130877659705636,-0.1718531833156768,-0.09503028911869377,0.0008790944596697093,-0.8039250393948271,1,0
16021.0,-0.4799188357279366,-0.5568260068131017,0.008055085102181907,-0.045534836542218585,-0.13723225455126975,-0.07426329780256188,0.8290235674343082,-0.8039250393948271,1,0
16022.0,-1.0552626048729952,-1.0577180989205999,0.6167361401019108,1.1242218046952492,0.29051366551338936,-0.07426329780256188,0.38883434171884856,-0.8039250393948271,1,0
16023.0,-0.205761737678949,-0.20143741171417867,-0.227401530775124,-0.1863963526730884,0.02467768718898531,0.09371390337111857,0.6158724655605186,-0.8039250393948271,1,0
16024.0,0.4854230588107521,-0.20143741171417867,0.14320407001872926,-0.7249161603348523,-0.8987263717463077,-0.49273161976031987,0.4998634741417061,-0.8039250393948271,1,0
16025.0,-1.0552626048729952,-1.0577180989205999,0.8962666858470114,0.6378090264144645,-0.553041431737678,-0.5229139223515364,-0.3222656930578095,-0.8039250393948271,1,0
16026.0,-1.0552626048729952,-1.0577180989205999,0.5395170007362131,-0.20836774884346998,-0.884785743818025,-1.4030960559345154,-0.26755450858075713,-0.8039250393948271,1,0
16027.0,1.2963102502232506,1.5111239626986637,-0.0559642385307854,-0.9515634463877753,-0.8800938707818342,2.744916198564831,-0.5870572757944853,0.7169161657937569,1,0
16028.0,-1.0552626048729952,-1.0577180989205999,-2.229938773893386,-1.6379605914156898,1.3451603681682835,-0.49273161976031987,-1.6147785724478398,-0.8039250393948271,1,0
16029.0,1.62066512678825,3.87008092622758,1.3410795959114028,1.890644195994661,0.13006455868693817,7.150914632904471,0.24636711066584036,0.5646891806607045,1,0
16030.0,-1.0552626048729952,-1.0577180989205999,0.7042113331252393,0.2522639524649481,-0.678301673145194,-0.5602283770286947,-0.3222656930578095,-0.8039250393948271,1,0
16031.0,-0.4567506302590081,-0.5568260068131017,0.3895553662822543,-0.003539540181185679,-0.5558807654604176,1.1608512063238763,0.6248382785842298,-0.8039250393948271,1,0
16032.0,-0.7965509771366265,0.48988501576479315,0.5556988589758928,0.24057882624005913,-0.5246419636992087,-0.49273161976031987,0.9147619943852421,-0.8039250393948271,1,0
16033.0,0.7981938326412872,2.2024463901776357,0.0672853679948366,0.4939044366532934,0.3613157798893531,0.6445604725968617,2.171298890774315,1.1620610054185785,1,0
16034.0,-0.2327913107260323,0.48988501576479315,-0.4228006242136921,-0.7816728211055217,-0.3273309756741185,-0.07426329780256188,0.019738861289862828,0.5566200963305212,1,0
16035.0,-1.0552626048729952,-1.0577180989205999,-1.598612131292182,-0.318402580437754,2.013460696374867,0.16253566624592464,-0.5488939424337871,-0.8039250393948271,1,0
16036.0,1.0028463142834891,0.07422339860702587,0.9097833859882192,1.1477299009420592,-0.07984864499333189,-0.07426329780256188,0.8496195544385344,-0.8039250393948271,1,0
16037.0,0.408195707247657,0.29945468039331957,0.04163715156206826,0.12590334683254056,-0.0042198637143618855,1.0134691263446138,0.31420439478743356,1.3056202738679257,1,0
16038.0,-0.30615729471097264,-0.20143741171417867,-0.6391097939359323,-0.7601691161371974,-0.0310701712704484,-0.3319664456362507,-0.4440240814723802,1.1620610054185785,1,0
16039.0,-0.2636822513512703,-0.5568260068131017,0.35321560774397165,-0.2545716031443783,-0.7330039106938531,-0.44035248611375827,-0.351053338929104,1.4608215350480005,1,0
16040.0,1.0453213576431915,0.6548432754922423,0.14928877429009427,0.3087345643924191,0.04522733703743753,1.1608512063238763,0.6597526424467606,0.42541977181113405,1,0
16041.0,-0.6266508036978172,-0.20143741171417867,1.3790344869124025,1.8315272027085754,0.016346368131929242,0.09371390337111857,-1.4883189463764042,-0.8039250393948271,1,0
16042.0,0.6089868213117042,0.8003467725008181,0.21698609057458385,0.03876473256780335,-0.3146133328525387,0.22741126261658207,0.5976414102639861,1.256310742518105,1,0
16043.0,0.659184599827716,0.8003467725008181,-0.16570346512970538,-0.2316914791849191,-0.10341153248349032,0.22741126261658207,0.23209955581276964,-0.8039250393948271,1,0
16044.0,-1.0552626048729952,-1.0577180989205999,0.1538300112587326,0.2911510031873373,0.02060543497817875,-0.49273161976031987,-0.6270829566655943,-0.8039250393948271,1,0
16045.0,0.408195707247657,0.8003467725008181,0.6270391608187231,0.6055405512362767,-0.2661474087098516,0.09371390337111857,0.7862122685181961,0.31649817812236203,1,0
16046.0,-1.0552626048729952,-1.0577180989205999,0.5615238390241457,-0.21015390075081944,-0.9076133226004987,0.22741126261658207,-0.5124273288630706,-0.8039250393948271,1,0
16047.0,-1.0552626048729952,-1.0577180989205999,-4.672365083494027,-1.280041952932547,7.718590625730365,2.259883909338738,-2.516040243029759,-0.8039250393948271,0,0
16048.0,-0.3756619111177582,0.07422339860702587,-0.35227688850955463,-0.4022667823165568,-0.03617331501268362,-0.8464662631382949,-0.26755450858075713,1.4608215350480005,1,0
16049.0,0.7827483623286682,0.48988501576479315,0.2972432992568542,0.1908001793170415,-0.2652054301923602,0.843979790974327,1.797018249894061,-0.8039250393948271,1,0
16050.0,-0.17487079705371097,-0.20143741171417867,-0.14079440171186608,-1.3701410797626143,-1.110422134134668,-0.49273161976031987,-0.6270829566655943,-0.8039250393948271,1,0
16051.0,-1.0552626048729952,-1.0577180989205999,-0.6568228392834701,-0.5146668587922478,0.25766299446450847,-1.1639429167840407,-0.980481634816486,-0.8039250393948271,1,0
16052.0,-1.0552626048729952,-1.0577180989205999,0.7003845216522266,0.3733686345524855,-0.5688506617041914,-0.3319664456362507,-0.1679944637358899,-0.8039250393948271,1,0
16053.0,1.176607855300453,0.48988501576479315,1.343950625316367,1.0745760312095378,-0.66381433712705,0.09371390337111857,1.1285496951471736,1.1620610054185785,1,0
16054.0,0.7673028920160492,0.07422339860702587,0.31698181574979917,0.8871679015631252,0.45007105525201313,3.399499478022089,0.7714305402067275,1.6719867635063792,1,0
16055.0,-1.0552626048729952,-1.0577180989205999,-2.022662961337652,-0.9691161997950815,1.8760927252116166,0.6445604725968617,-1.282149705589571,-0.8039250393948271,1,0
16056.0,-1.0552626048729952,-1.0577180989205999,0.9246936377635654,1.2013375231688024,-0.04394708101827538,-0.07426329780256188,0.36470425725432115,-0.8039250393948271,1,0
16057.0,1.589774186163012,1.048245697623346,0.14810493239141503,0.45872564414662514,0.2085276262267606,0.09371390337111857,1.157004468737163,1.642793016142764,1,0
16058.0,-1.0552626048729952,-1.0577180989205999,-2.229938773893386,-2.0025459546178563,0.8801886902760893,-1.277214299835045,-2.18341137617149,-0.8039250393948271,1,0
16059.0,0.8908666545170013,1.254616278688769,-0.2080411006536817,-0.08615775153866467,0.10536949525345725,0.40232454155815495,1.3906745100710023,-0.8039250393948271,1,0
16060.0,-0.6922940525264482,-0.20143741171417867,-0.6435110167174068,-0.5719910404301658,0.17593410770423704,-0.07426329780256188,-0.5124273288630706,-0.8039250393948271,1,0
16061.0,-1.0552626048729952,-1.0577180989205999,-2.1742906825194512,-1.5208857753743683,1.4029436633861732,0.843979790974327,-1.947407439306109,1.8596832102061218,1,0
16062.0,0.9796781088145607,0.8003467725008181,0.5889502791716966,0.357754883971915,-0.45597899641683953,0.40232454155815495,0.9394364476328624,-0.8039250393948271,1,0
16063.0,-1.0552626048729952,-1.0577180989205999,0.6208690972058282,0.26892648522802304,-0.5726669018161095,-1.0222871175758335,-0.47751296500053947,-0.8039250393948271,1,0
16064.0,-1.0552626048729952,-1.0577180989205999,-1.0380543813173266,-1.2321625520337112,0.004243698642771835,-0.5602283770286947,-0.7135169018659211,-0.8039250393948271,1,0
16065.0,-0.676848582213829,0.8003467725008181,0.033161327766256535,-0.12339503715719696,-0.2466898857716177,-0.07426329780256188,1.321203577100184,0.9153033772197167,1,0
16066.0,-0.6382349064322815,0.29945468039331957,0.25780863281865757,0.13715258131600339,-0.2690448932125981,-0.09503028911869377,0.48941283948908304,-0.8039250393948271,1,0
16067.0,-0.6189280685415077,-0.20143741171417867,1.1474907146408129,1.9267204071479445,0.4411297348833739,0.09371390337111857,0.2877387536535113,1.7659550299964637,1,0
16068.0,-1.0552626048729952,-1.0577180989205999,-1.1169909995197986,-1.0939830295453474,0.26312283839176265,-0.3319664456362507,-0.1679944637358899,-0.8039250393948271,1,0
16069.0,-1.0552626048729952,-1.0577180989205999,-0.07094999616330684,0.692583356258386,0.7988011684185905,-0.2618344117975608,-0.41184883109283577,-0.8039250393948271,1,0
16070.0,-1.0166489290914476,-0.5568260068131017,0.47305039424863665,0.5950602326886021,-0.08210408290113014,-0.8464662631382949,-0.21626507557551844,-0.8039250393948271,1,0
16071.0,1.30403298537956,0.07422339860702587,0.18046427129955453,-0.02990952573202772,-0.3363768945423739,-0.23305906672429438,0.31420439478743356,-0.8039250393948271,1,0
16072.0,-0.04744566697460407,0.07422339860702587,1.085902601001998,1.8656705647042466,0.4601143833113016,0.5055184603984593,1.8607079815827312,-0.8039250393948271,1,0
16073.0,-1.0552626048729952,-1.0577180989205999,-1.2021248494409003,-1.099833834059467,0.37871700235207867,-1.606782133071617,-2.516040243029759,1.7659550299964637,1,0
16074.0,-1.0552626048729952,-1.0577180989205999,-1.4222953564257719,-0.05001394560893468,2.0702185459530593,0.22741126261658207,-0.47751296500053947,-0.8039250393948271,1,0
16075.0,-0.8158578150274003,-0.5568260068131017,-0.09064019049841081,0.3972425472800883,0.4788045259527817,-0.07426329780256188,-0.018424472070835033,1.4608215350480005,1,0
16076.0,-0.2636822513512703,1.048245697623346,-0.028849831277695092,-0.2830210768629092,-0.32593744322951423,-0.49273161976031987,0.42374870558137934,0.14676385148134682,1,0
16077.0,-1.0552626048729952,-1.0577180989205999,1.8819975955880028,2.8944295174031573,0.4899081515043697,-0.930965887215077,-1.282149705589571,1.7659550299964637,1,0
16078.0,0.4352252802947403,-0.5568260068131017,-0.4174164944150915,-0.5656552764830489,-0.11971235248910608,-0.8464662631382949,-0.0584501529419441,-0.8039250393948271,1,0
16079.0,-0.9625897829972809,-0.20143741171417867,0.7231454948159841,0.6714888509559827,-0.3196361808308351,-0.09503028911869377,-0.6691621147691496,-0.8039250393948271,1,0
16080.0,0.36958203146610946,0.07422339860702587,-0.7331092033345905,-0.8185026566991791,0.032776644052919475,-0.44035248611375827,-0.2944540898073254,1.4608215350480005,1,0
16081.0,1.3310625584266433,0.8003467725008181,0.6687808998888284,0.9123613579245746,-0.009046539887473863,0.6445604725968617,1.3976563711579584,-0.8039250393948271,1,0
16082.0,-1.0552626048729952,-1.0577180989205999,-1.4222953564257719,-1.2849742406668436,0.4891081221097481,0.09371390337111857,-0.7604075912169913,-0.8039250393948271,1,0
16083.0,0.05681125763557431,0.07422339860702587,1.0187025133006669,1.0335797034381526,-0.3294565910156787,-0.7231586611558216,0.3010782951428931,-0.8039250393948271,1,0
16084.0,-1.0552626048729952,-1.0577180989205999,0.41228984044717715,0.6269851704654247,0.03088367813013959,-0.07426329780256188,-0.07921996423456719,-0.8039250393948271,1,0
16085.0,1.512546834599917,1.254616278688769,-0.2640776969297914,-0.4661460403718661,-0.2146200684181353,-0.07426329780256188,1.4771084552713287,0.02103660903962243,1,0
16086.0,1.5627446131159286,1.048245697623346,-0.017645945876385277,-0.03206862083271395,-0.09041009908448976,0.22741126261658207,0.36470425725432115,0.14676385148134682,1,0
16087.0,0.10314766857343137,0.29945468039331957,-0.1123148278278259,0.3193871454880425,0.4208815513011369,-1.3664151374999618,-1.4883189463764042,-0.8039250393948271,1,0
16088.0,-0.9934807236225189,-0.5568260068131017,0.2537658815373647,1.3075350839617716,1.050714619845216,-0.3319664456362507,-1.947407439306109,-0.8039250393948271,1,0
16089.0,-0.5803143927599602,-0.5568260068131017,-0.946832613532547,-0.9598988313498563,0.17238704740062558,0.16253566624592464,0.0008790944596697093,-0.8039250393948271,1,0
16090.0,-1.0552626048729952,-1.0577180989205999,-0.8790042827620301,-0.39424332160369085,0.7234273975552831,-0.07426329780256188,-0.6691621147691496,-0.8039250393948271,1,0
16091.0,-0.8853624314341858,-0.5568260068131017,-0.6977673183844557,-0.7578420525191325,0.049651655173549844,-0.879512969193419,-0.7604075912169913,-0.8039250393948271,1,0
16092.0,0.7402733189689659,0.48988501576479315,0.31834561219303326,-0.05305959106068889,-0.5197960102606404,-0.07426329780256188,0.2877387536535113,1.6204927696584461,1,0
16093.0,-1.0552626048729952,-1.0577180989205999,-2.1213582369382444,-3.7278617824477664,-1.0215112263383108,-2.3444262971695755,-2.516040243029759,-0.8039250393948271,1,0
16094.0,1.226805633816465,1.1557353675997408,0.23706866776347954,0.2715218609747575,-0.10864764956171932,0.16253566624592464,0.7094868830885774,1.6593018284075436,1,0
16095.0,-1.0552626048729952,-1.0577180989205999,0.6331743322736965,0.6605134370333013,-0.21966799679180823,-0.7231586611558216,-0.26755450858075713,-0.8039250393948271,1,0
16096.0,0.4159184424039665,0.07422339860702587,0.1850973029429482,0.496204765117455,0.19842599203719732,2.432880753823806,0.26039076371065795,-0.8039250393948271,1,0
16097.0,-1.0552626048729952,-1.0577180989205999,-0.56689802315073,-0.5393175427486387,0.10615316165936559,0.09371390337111857,-1.1175267461574372,-0.8039250393948271,1,0
16098.0,1.4044285424115837,1.4313961779209454,-0.025102332118955028,0.057016185792248104,0.011912966414302653,0.5055184603984593,0.5502083316528148,-0.8039250393948271,1,0
16099.0,1.2461124717072387,0.6548432754922423,-0.07766073876257401,-0.27532000667668355,-0.25858146181001723,-1.0222871175758335,0.03817477705094321,0.42541977181113405,1,0
16100.0,-1.0552626048729952,-1.0577180989205999,1.1767125639127023,1.0214356958984894,-0.525708243276392,-0.49273161976031987,-0.1005293110454993,-0.8039250393948271,1,0
16101.0,0.8406688760009895,0.07422339860702587,1.2321134973113732,1.4659840442210306,-0.16894819316727616,-0.07426329780256188,1.047460157943218,1.6719867635063792,1,0
16102.0,-0.7231849931516862,-0.20143741171417867,0.8166052305187119,1.0929892862525479,-0.014990881208313742,-0.2521611112671691,-0.018424472070835033,-0.8039250393948271,1,0
16103.0,1.62066512678825,1.9594399542263008,-0.2218152205313208,0.03057904274948512,0.2517218195633191,0.22741126261658207,0.7862122685181961,0.8307160222532001,1,0
16104.0,1.5395764076470002,0.9305040858134475,-0.2537648823196257,0.1565079832485826,0.4391896479944584,0.22741126261658207,1.2111139929554766,0.8107045800741712,1,0
16105.0,0.31938425295009765,0.29945468039331957,1.1441003996076196,0.7495273687121717,-0.7258874172314957,-0.2618344117975608,0.6337071620011621,-0.8039250393948271,1,0
16106.0,-1.0552626048729952,-1.0577180989205999,-0.7403178672498535,-1.2644771708006142,-0.4052680981121842,-1.8163206498761402,-1.4883189463764042,-0.8039250393948271,1,0
16107.0,-0.41427558689930577,0.6548432754922423,0.14106633547931893,0.6926938950825045,0.48187932779248793,1.0134691263446138,-0.7604075912169913,-0.8039250393948271,1,0
16108.0,1.0569054603776558,0.07422339860702587,0.9889972205118397,0.9649405904748721,-0.359266557976335,0.16253566624592464,0.8763004011681347,1.7659550299964637,1,0
16109.0,0.7981938326412872,-0.20143741171417867,0.9764378029108328,0.17587576193208843,-1.009548920651154,-0.23305906672429438,-0.26755450858075713,1.1620610054185785,1,0
16110.0,0.786609729906823,0.07422339860702587,0.4587751892414688,0.6839774901563342,0.02915907604416784,0.16253566624592464,1.70677750563062,-0.8039250393948271,1,0
16111.0,-1.0552626048729952,-1.0577180989205999,0.50793764233685,0.9734466356722123,0.27544578079954024,-0.07426329780256188,0.4350642467200411,-0.8039250393948271,1,0
16112.0,-0.3022959271328179,0.07422339860702587,-0.028849831277695092,-2.334912849160663,-1.712776743312899,-2.1228885995770903,-0.8101418318588084,-0.8039250393948271,1,0
16113.0,-1.0552626048729952,-1.0577180989205999,0.191244061185925,-0.7250842947314681,-0.9451574739101068,0.16253566624592464,-0.26755450858075713,-0.8039250393948271,1,0
16114.0,-1.0552626048729952,-1.0577180989205999,-1.3188933492444097,-0.9595993102534837,0.7178172922516153,-1.0222871175758335,-1.282149705589571,-0.8039250393948271,1,0
16115.0,1.1264100767844414,1.254616278688769,-0.10732615349047982,-0.3381107418402084,-0.2833873987616898,-0.23305906672429438,1.380089024801486,-0.8039250393948271,1,0
16116.0,-1.0552626048729952,-1.0577180989205999,0.5615238390241457,1.0901748739581998,0.3302982574642875,0.09371390337111857,-0.1679944637358899,1.7659550299964637,1,0
16117.0,0.49700716154521635,-0.20143741171417867,-0.344716579672171,-0.3158875600471664,0.04455663781291057,0.09371390337111857,0.3398428478240282,1.1620610054185785,1,0
16118.0,-1.0552626048729952,-1.0577180989205999,3.206860160811187,3.7720996805947884,-0.3447667488962253,0.09371390337111857,-0.018424472070835033,1.8752560383811008,1,0
16119.0,1.7056152135076545,0.8003467725008181,-0.40274645010970994,-0.33490887836415734,0.10259531001558737,-0.07426329780256188,-0.1005293110454993,-0.8039250393948271,1,0
16120.0,0.3464138259971809,0.48988501576479315,0.9867913913661873,0.8386082679773794,-0.4745762636481955,-1.0222871175758335,0.5599168914235233,0.5566200963305212,1,0
16121.0,0.9063121248296203,0.29945468039331957,0.21188631655763449,0.09651614718238972,-0.2521185031124617,-0.07426329780256188,1.467587686213589,0.7169161657937569,1,0
16122.0,0.30393878263747864,0.48988501576479315,0.3988751418341431,-0.8308923883720737,-1.2035472987787914,-1.0222871175758335,-0.3222656930578095,-0.8039250393948271,1,0
16123.0,-1.0552626048729952,-1.0577180989205999,0.1538300112587326,0.15229473543885522,-0.12313376856784115,-0.3319664456362507,-0.7604075912169913,-0.8039250393948271,1,0
16124.0,0.5472049400612282,0.07422339860702587,0.3251389964923694,0.6484939476687611,0.17174361398789556,0.22741126261658207,0.32712377558849165,1.4608215350480005,1,0
16125.0,0.32710698810640715,1.4313961779209454,-0.13525918599176848,0.14893683991119636,0.2616310157865763,1.0445209855400752,1.123709777120437,-0.8039250393948271,1,0
16126.0,1.6785856404605712,1.5111239626986637,1.1059146146975578,1.7254062884240318,0.2733211579675013,-0.07426329780256188,0.9980587895827047,-0.8039250393948271,1,0
16127.0,1.5974969213193215,-0.5568260068131017,0.3046298804906116,0.5112852020067153,0.05214856231927756,-0.07426329780256188,0.46810349267815093,-0.8039250393948271,1,0
16128.0,0.8522529787354538,1.1557353675997408,0.4432058679984457,0.30983238438111166,-0.3281913012516289,0.22741126261658207,1.0580456432127332,0.9917078520475852,1,0
16129.0,-0.6691258470575195,-0.20143741171417867,1.1321501615594483,0.7151632544457163,-0.7419524109539458,2.744916198564831,0.6248382785842298,-0.8039250393948271,1,0
16130.0,-0.3022959271328179,0.07422339860702587,-0.7403178672498535,-0.14766613492083938,0.8084419178121134,0.40232454155815495,0.18774476871599804,-0.8039250393948271,1,0
16131.0,1.5936355537411666,1.254616278688769,1.0712491844073406,1.5034580648391371,0.07945009752133018,0.16253566624592464,0.9210005318717817,0.9153033772197167,1,0
16132.0,-0.7347690958861505,-0.5568260068131017,-0.05545116217800767,0.2557931089053233,0.268292318701676,1.1608512063238763,-0.8630868935309756,-0.8039250393948271,1,0
16133.0,1.319478455692179,3.080592283601436,0.5431631937405503,0.5445957678828645,-0.22211596100351444,2.432880753823806,1.608063236294026,1.2920346954759117,1,0
16134.0,0.9487871681893226,0.29945468039331957,0.8618018780805776,0.604594142738167,-0.543945105676266,-0.23305906672429438,0.5695118981833196,1.3056202738679257,1,0
16135.0,0.18423638771468123,-0.5568260068131017,0.315616302759299,0.541769904506865,0.06980925187326739,-0.07426329780256188,-0.14488409814227088,-0.8039250393948271,1,0
16136.0,1.2770034123324767,0.07422339860702587,0.14427135975333222,-0.20485987180531412,-0.45808007806017487,-0.2863856841199625,0.03817477705094321,0.9153033772197167,1,0
16137.0,-1.0552626048729952,-1.0577180989205999,0.3818700926257948,0.5842290174418903,0.026257489927577832,-0.7231586611558216,-0.3222656930578095,-0.8039250393948271,1,0
16138.0,-0.23665267830418704,-0.20143741171417867,0.6042419529416526,0.13301559921191544,-0.6726636865411,0.09371390337111857,-0.14488409814227088,1.1620610054185785,1,0
16139.0,1.7171993162421189,0.29945468039331957,-0.21782706221156445,-0.29060158103203876,-0.09632276064314722,-0.3319664456362507,0.09111983872311039,-0.8039250393948271,1,0
16140.0,0.3966116045131927,-0.20143741171417867,1.1415506923759335,0.7511877224770045,-0.7218220198115358,-0.49273161976031987,0.14085407936492755,1.6204927696584461,1,0
16141.0,0.21512732833991927,-0.5568260068131017,0.3558520608706746,0.7516153216092029,0.24228099360120042,0.22741126261658207,0.09111983872311039,-0.8039250393948271,1,0
16142.0,-1.0552626048729952,-1.0577180989205999,1.1364332303980507,0.9060571319586002,-0.5833124975627487,-0.3319664456362507,-0.1005293110454993,-0.8039250393948271,1,0
16143.0,1.7480902568673569,1.254616278688769,0.05769969044045421,0.4377425088157129,0.3117771640328777,2.432880753823806,0.7563775724396483,1.1620610054185785,1,0
16144.0,-1.0552626048729952,-1.0577180989205999,-2.3506074573858613,-0.613576826297161,2.9863778631342695,-0.23305906672429438,-2.516040243029759,-0.8039250393948271,1,0
16145.0,1.1688851201441437,1.7867847730198683,0.6824821477534943,0.3587046584835205,-0.5618502791630079,0.3469702689073076,1.3325713856866046,1.4927769238404027,1,0
16146.0,0.06839536037003857,0.07422339860702587,-0.08667345873840847,-0.20546304483111874,-0.17794906097291732,-0.8464662631382949,-0.1679944637358899,-0.8039250393948271,1,0
16147.0,1.0260145197524178,0.29945468039331957,0.6888224236476309,0.7567701656997884,-0.1937061331121877,-0.07426329780256188,0.8007323595364199,1.3056202738679257,1,0
16148.0,-0.5146711439313294,-0.5568260068131017,-0.17747851826850622,-0.48001554226275983,-0.33504918413268103,-0.8464662631382949,-1.195715760389244,1.7659550299964637,1,0
16149.0,0.5858186158427757,-0.20143741171417867,0.3255903798680198,-0.9106717820916822,-1.1955355582372622,-1.485945419229041,-0.26755450858075713,-0.8039250393948271,1,0
16150.0,1.5704673482722382,1.048245697623346,0.32378371845512494,0.5097956910840271,0.025033202257395852,0.3469702689073076,0.9923815093050296,1.7659550299964637,1,0
16152.0,-1.0552626048729952,-1.0577180989205999,1.5907595344102015,2.581560752190179,0.552431243828488,0.22741126261658207,-0.2944540898073254,-0.8039250393948271,1,0
16153.0,0.9256189627203941,1.1557353675997408,0.8889687979237834,0.7190537353519324,-0.471242586254174,0.09371390337111857,1.0890064392979164,0.6326212419203412,1,0
16155.0,-0.44516652752454383,0.29945468039331957,-0.4282116076385533,-0.7420031781731758,-0.2822002536966449,0.843979790974327,0.05620547486057961,0.7169161657937569,1,0
16156.0,1.7596743596018212,1.8470577950787128,0.10184881512709346,0.16605893765161112,-0.04159287561623814,0.16253566624592464,1.2618743296985702,1.073874783839221,1,0
16157.0,-0.835164652918174,-0.20143741171417867,-0.26097354623488855,-0.31114037327847593,-0.061342741480535236,-0.5729450194924691,-0.980481634816486,1.1620610054185785,1,0
16158.0,-0.23665267830418704,0.9305040858134475,-2.109938132249437,-1.8580256050412283,0.8652697969949608,1.3155995981328836,-0.2944540898073254,0.22484244827571642,1,0
16159.0,0.7016596431874184,0.07422339860702587,0.07999881390264015,0.15413932494545438,-0.025309174149696863,-0.619945652967382,-0.2415090281351582,0.9153033772197167,1,0
16160.0,-0.9780352533098999,-0.5568260068131017,1.4826229190324018,0.8472321873698082,-0.9841217632676805,-0.6252905000779018,-0.5870572757944853,1.7659550299964637,1,0
16161.0,1.5241309373343812,2.760807072036188,-0.00784023480677457,0.09272212079586221,0.026563781252241413,0.22741126261658207,1.9433774205287655,1.1426504840280118,1,0
16162.0,-1.0552626048729952,-1.0577180989205999,-3.678281334706809,-2.693494090637495,2.677560411663612,-0.07426329780256188,-2.18341137617149,-0.8039250393948271,1,0
16163.0,0.8947280220951561,0.48988501576479315,-0.28923592404634685,0.5135775037233941,0.9176055308736717,0.40232454155815495,0.2741787139163245,1.8222621776056886,1,0
16164.0,-0.9587284154191262,-0.20143741171417867,-0.022611171603654386,-0.005076695390706503,-0.05613978252524753,0.40232454155815495,-0.351053338929104,1.1620610054185785,1,0
16165.0,-1.0552626048729952,-1.0577180989205999,-4.232476017011647,-1.6762310394428663,5.632358957515138,1.1608512063238763,-2.516040243029759,-0.8039250393948271,1,0
16166.0,-0.03972293181829455,-0.5568260068131017,-0.5730798058461877,-0.31724842146009247,0.36002590372966914,-0.23305906672429438,-0.6691621147691496,1.7659550299964637,1,0
16167.0,0.19582049044914548,0.29945468039331957,0.7629492771229434,0.010040890743555455,-0.9330213611431215,0.22741126261658207,0.15678397263081445,0.7169161657937569,1,0
16168.0,1.7480902568673569,3.2802762345336034,-0.720554355362209,-0.7625878737368433,0.07538493333965879,1.932129182619007,0.9210005318717817,0.18989584750603017,1,0
16169.0,-0.7965509771366265,0.07422339860702587,0.8744467339225757,0.6867450454331652,-0.48407471465913027,-0.3319664456362507,0.42374870558137934,-0.8039250393948271,1,0
16170.0,1.2963102502232506,1.8470577950787128,0.7773285456396831,0.30153467088628844,-0.7144479079799484,1.1608512063238763,1.4611785620054418,0.9153033772197167,1,0
16171.0,-1.0552626048729952,-1.0577180989205999,-1.9322022598259123,-1.7942493014216288,0.6618066459521275,-1.1857083812767173,-1.947407439306109,-0.8039250393948271,1,0
16172.0,0.5587890427956924,0.8003467725008181,0.19963938918947066,-0.2113724171061376,-0.5276868963927269,-0.07426329780256188,0.5304395744514846,-0.8039250393948271,1,0
16173.0,-0.7347690958861505,0.48988501576479315,-0.46312249214824786,-0.20666060624502083,0.3276699795137621,0.09371390337111857,0.41227490000197986,0.5566200963305212,1,0
16174.0,0.786609729906823,0.6548432754922423,0.3528384480225553,0.2093745292348143,-0.3152505499242034,-0.07426329780256188,-0.3222656930578095,-0.8039250393948271,1,0
16175.0,0.755718789281585,0.6548432754922423,-0.10953837096321056,-0.06497235015668258,-0.004211596923977099,0.09371390337111857,0.2741787139163245,-0.8039250393948271,1,0
16176.0,-0.2868504568201989,0.07422339860702587,0.5170545021025027,0.8484341383757825,0.1261048739398255,-0.3319664456362507,0.18774476871599804,1.6719867635063792,1,0
16177.0,1.2499738392853936,0.8003467725008181,-0.1551086550724758,0.028026461795560148,0.15645247159398593,0.3469702689073076,0.5101826507817058,1.4608215350480005,1,0
16178.0,-0.03972293181829455,-0.5568260068131017,0.033161327766256535,0.14573568015566393,0.027878706892749162,-0.07426329780256188,-0.4440240814723802,-0.8039250393948271,1,0
16179.0,-1.0552626048729952,-1.0577180989205999,-0.4282116076385533,-0.330312922033109,0.14232147499294312,-0.07426329780256188,-1.0461457687241897,-0.8039250393948271,1,0
16180.0,0.6205709240461685,1.3461657029712149,1.7661804005779955,2.0622476060243025,-0.24462060220323403,-0.07426329780256188,1.1381447019069697,0.8443025417040958,1,0
16181.0,-1.0552626048729952,-1.0577180989205999,0.033161327766256535,0.1423552304418533,0.024313096421884648,-0.8464662631382949,-1.0461457687241897,-0.8039250393948271,1,0
16182.0,1.1379941795189057,0.9305040858134475,1.6110039105887866,1.8977291231529565,-0.21418909602624725,-0.3319664456362507,-0.5870572757944853,-0.8039250393948271,1,0
16183.0,0.2576023716996216,0.07422339860702587,-0.5576908963685803,-0.02863438226726525,0.6727506855884755,-0.3319664456362507,-0.21626507557551844,-0.8039250393948271,1,0
16184.0,-0.4876415708842461,0.48988501576479315,-0.48958477787980537,-0.4812690372452242,0.06352687092101911,-0.5229139223515364,-0.38088803500765217,0.5566200963305212,1,0
16185.0,1.0607668279558105,-0.20143741171417867,-0.344716579672171,-0.3361386651259178,0.023129390349014435,-0.23305906672429438,-0.0584501529419441,-0.8039250393948271,1,0
16186.0,1.6785856404605712,2.1575195518147376,0.5857184249636039,0.2689436583702402,-0.5331447911795668,-0.07426329780256188,1.142900446970654,0.4878572895827382,1,0
16187.0,-0.07833660759984211,1.5111239626986637,0.8915627371276919,0.7016680649720588,-0.4901256987669882,1.1608512063238763,1.0839267715139342,0.3685237356790315,1,0
16188.0,0.35027519357533565,0.29945468039331957,0.13849548136699685,-0.31963892446184694,-0.555700195715026,0.09371390337111857,0.4350642467200411,0.7169161657937569,1,0
16189.0,-0.7849668744021622,-0.5568260068131017,-0.8466168051985027,-1.2724884447377096,-0.2837148225691711,0.09371390337111857,-1.195715760389244,-0.8039250393948271,1,0
16190.0,1.589774186163012,0.8003467725008181,0.0463758629782916,0.28956762709749617,0.1640780700624822,0.843979790974327,0.6068075807745934,-0.8039250393948271,1,0
16191.0,1.7480902568673569,2.0624455833410726,1.0510899908641933,1.1782157584073931,-0.2284093331705337,1.1608512063238763,0.8007323595364199,1.6204927696584461,1,0
16192.0,-1.0552626048729952,-1.0577180989205999,0.37153763426255265,0.3322975449225597,-0.21810051234108752,-0.49273161976031987,-1.0461457687241897,-0.8039250393948271,1,0
16193.0,-0.3833846462740677,-0.5568260068131017,0.2709868768898102,0.18477658635905747,-0.23860251320814382,0.09371390337111857,-0.07921996423456719,-0.8039250393948271,1,0
16194.0,-1.0552626048729952,-1.0577180989205999,-0.05545116217800767,0.15591528521747633,0.15859806722089548,0.09371390337111857,-1.282149705589571,-0.8039250393948271,1,0
16195.0,-1.0552626048729952,-1.0577180989205999,-0.19483728743886775,0.21903199217160244,0.42543848805684736,-0.7231586611558216,-0.7604075912169913,-0.8039250393948271,1,0
16196.0,-1.0552626048729952,-1.0577180989205999,-1.8487072318595295,-1.4669954542860695,0.9299836381790643,-1.1639429167840407,-1.7643485641128949,-0.8039250393948271,1,0
16197.0,-0.07447524002168734,0.9305040858134475,0.07337605025266125,-0.27934123398661725,-0.4443031503736441,-0.07426329780256188,0.17241042083090774,-0.8039250393948271,1,0
16198.0,0.34255245841902615,-0.5568260068131017,0.2851317960049527,0.8533319230628045,0.4573833250034772,-0.2863856841199625,-0.2415090281351582,-0.8039250393948271,1,0
16199.0,-0.13239575369400866,0.6548432754922423,-1.2506381446034522,-0.9703374403289261,0.6009663500971133,-1.0222871175758335,-2.18341137617149,-0.8039250393948271,1,0
16200.0,1.7751198299144402,1.254616278688769,0.6017957288438603,0.7295410401274465,-0.11057304517514117,0.22741126261658207,1.74861815123765,0.02103660903962243,1,0
16201.0,0.5356208373267639,0.29945468039331957,0.7087857598366101,0.5833394518782801,-0.38637711594992113,-0.07426329780256188,0.5789959775241094,0.7169161657937569,1,0
16202.0,0.40047297209134747,0.9305040858134475,-0.01599590764542291,0.01383776851812058,-0.04519573743960095,1.1608512063238763,0.7410432245545576,0.8107045800741712,1,0
16203.0,0.6669073349840255,0.48988501576479315,-0.5365066821719121,-0.7597666239526997,-0.16392120005857888,0.16253566624592464,0.23209955581276964,0.5566200963305212,1,0
16204.0,1.6785856404605712,-0.20143741171417867,0.47383798043765485,0.18275319326134237,-0.4835170972134683,-0.3319664456362507,0.5789959775241094,1.1620610054185785,1,0
16205.0,0.9217575951422394,0.6548432754922423,0.3707958223172571,-0.06929662264139333,-0.5932097640918899,-0.07426329780256188,1.0148586338590864,-0.8039250393948271,1,0
16206.0,1.3773989693645003,1.3461657029712149,-0.3501391539701434,-0.4325929627921004,-0.07041546374815745,0.40232454155815495,1.2111139929554766,-0.030266317867525,1,0
16207.0,-1.0552626048729952,-1.0577180989205999,-0.05545116217800767,0.48978902837366733,0.5345109799567829,0.6467390474220279,-0.6270829566655943,-0.8039250393948271,1,0
16208.0,1.2963102502232506,1.048245697623346,0.04795084500335449,0.3038908147435515,0.17750430852470997,0.5055184603984593,1.1799853475140005,-0.8039250393948271,1,0
16209.0,0.7132437459218827,0.9305040858134475,0.38472284191014045,0.7016404713822809,0.14783607410702423,0.09725622010391866,0.15678397263081445,-0.8039250393948271,1,0
16210.0,1.7867039326489045,2.5129081469136603,0.9469107949381282,1.70834483131537,0.48065918304420796,0.40232454155815495,1.0036970504436913,-0.1998334393645602,1,0
16211.0,0.2962160474811691,-0.20143741171417867,0.1726983116698862,0.3788849241138231,0.08843580287459395,-0.07426329780256188,-0.14488409814227088,1.1620610054185785,1,0
16212.0,1.4584876885057503,0.07422339860702587,-0.034495463763215835,0.21977910360881772,0.19937938710412967,0.09371390337111857,0.42374870558137934,0.9153033772197167,1,0
16213.0,-1.0552626048729952,-1.0577180989205999,-1.2021248494409003,-0.7452416062353303,0.796726447207225,-0.07426329780256188,-1.4883189463764042,-0.8039250393948271,1,0
16214.0,-0.032000196661985045,0.07422339860702587,0.8604796354699515,0.8388155070346257,-0.32510425634004053,0.22741126261658207,0.5599168914235233,-0.8039250393948271,1,0
16215.0,-1.0552626048729952,-1.0577180989205999,-0.37527916205734746,-0.1727902342955698,0.24146024982553835,-0.09503028911869377,-0.8630868935309756,-0.8039250393948271,1,0
16216.0,-1.0552626048729952,-1.0577180989205999,0.5873560100710945,1.6366559375710046,0.9363536118871787,2.744916198564831,-0.1005293110454993,-0.8039250393948271,1,0
16217.0,-0.8737783286997216,-0.5568260068131017,-1.2589388731438462,-0.8051987052401979,0.8120683856316467,-0.5665688377137309,-0.9196861426527538,1.7659550299964637,1,0
16218.0,0.9989849467053344,1.3461657029712149,0.40882308821641594,0.14120712238306918,-0.446372238439509,-0.23305906672429438,0.5403834989422175,1.4080772117532363,1,0
16219.0,-1.0552626048729952,-1.0577180989205999,-1.2021248494409003,-2.577674831781707,-1.0215112263383108,-2.3444262971695755,-2.516040243029759,-0.8039250393948271,1,0
16221.0,0.6823528052966445,0.9305040858134475,0.10554021007230467,-0.24470018809629995,-0.449776577200503,0.16253566624592464,1.1662742139876363,0.22484244827571642,1,0
16222.0,0.5008685291233711,-0.5568260068131017,0.5766672543721266,1.2171555636317306,0.45270810609254086,0.16253566624592464,0.9333370609779713,-0.8039250393948271,1,0
16223.0,-0.9741738857317452,-0.5568260068131017,0.8555068234277836,0.945779043436661,-0.21460734619047783,0.22741126261658207,0.7094868830885774,-0.8039250393948271,1,0
16224.0,0.21898869591807402,0.29945468039331957,0.8062233338029028,0.21927616370180975,-0.811924294256296,0.22741126261658207,0.7563775724396483,-0.8039250393948271,1,0
16225.0,1.3619534990518813,1.5111239626986637,-0.5834617025619968,-0.49520028947031053,0.17673242635137248,-0.07426329780256188,1.2197951715950153,0.7169161657937569,1,0
16226.0,-0.24437541346049657,0.29945468039331957,-0.37321465158139,-0.9728004835502849,-0.5629769016597427,-0.44035248611375827,-0.47751296500053947,-0.8039250393948271,1,0
16227.0,0.14176134435497892,-0.20143741171417867,-0.015171828663357064,0.29739332679639835,0.2579889708276082,-0.49273161976031987,-0.3222656930578095,1.7659550299964637,1,0
16228.0,-0.9973420912006737,-0.20143741171417867,0.25665509743329146,0.10349258262493642,-0.30038858284388914,-0.07426329780256188,0.05620547486057961,1.1620610054185785,1,0
16229.0,0.786609729906823,0.48988501576479315,0.40895168418974603,0.7516343229068619,0.16891201170344206,-0.09503028911869377,0.9980587895827047,0.5566200963305212,1,0
16230.0,-0.9355602099501976,-0.5568260068131017,0.23037090647497707,-0.020770022841528856,-0.3875422049593092,-0.07426329780256188,-0.21626507557551844,-0.8039250393948271,1,0
16231.0,-0.2134844728352585,0.07422339860702587,-0.04778399296843987,-0.02811708946480639,-0.0470854791317404,-0.49273161976031987,0.4006383399877607,-0.8039250393948271,1,0
16232.0,0.9024507572514656,0.6548432754922423,0.6296727694888197,0.46606058300046255,-0.402942986205541,-0.49273161976031987,0.2877387536535113,1.3562632318428542,1,0
16233.0,1.5164082021780716,0.9305040858134475,-0.7227805284259359,-0.4200562782163533,0.45938708484683405,0.09371390337111857,0.12460872225127,1.1620610054185785,1,0
16234.0,-0.7270463607298409,-0.20143741171417867,-1.025439123736815,-1.2314314082699516,-0.01185320523966224,-0.3319664456362507,-0.9196861426527538,1.1620610054185785,1,0
16235.0,0.6051254537335495,0.9305040858134475,-0.5600704365655318,-0.25463116671390806,0.41247991726649874,0.5055184603984593,0.520373635574267,0.8107045800741712,1,0
16236.0,-1.0552626048729952,-1.0577180989205999,0.2392032477491476,0.6145000410913354,0.25344152175112544,-0.5602283770286947,-0.5870572757944853,-0.8039250393948271,1,0
16237.0,-1.0552626048729952,-1.0577180989205999,-1.0191860809061732,-0.9506440995081429,0.2843035742737497,-0.5602283770286947,-1.3787746355824586,-0.8039250393948271,1,0
16238.0,-1.0552626048729952,-1.0577180989205999,-0.5918393498111858,-1.9821254968658255,-1.1421962798664318,-2.0081809609117514,-1.4883189463764042,-0.8039250393948271,1,0
16239.0,0.5163139994359901,0.48988501576479315,-0.2640776969297914,-0.1376242622261071,0.12622154499546054,-0.07426329780256188,-0.4440240814723802,0.5566200963305212,1,0
16240.0,-0.8506101232307931,-0.5568260068131017,1.856546144348002,2.6040227958455024,0.19969999855651235,2.5996183390222924,0.8893223210263874,1.8371065454341933,1,0
16241.0,0.4931457939670616,1.5860167045095306,-0.036383888831362024,-0.11308639829362183,-0.1488389225176824,0.22741126261658207,2.0152050975243805,-0.8039250393948271,1,0
16242.0,1.3619534990518813,1.4313961779209454,0.702299614696254,0.902350453906065,-0.0632877198205973,0.22741126261658207,1.7186155714532017,1.0320515692003946,1,0
16243.0,-0.9741738857317452,-0.5568260068131017,-1.0572566512332655,-0.4032460572072031,0.9902914640181267,2.000618897443466,0.12460872225127,-0.8039250393948271,1,0
16244.0,-0.4335824247900795,-0.5568260068131017,1.1504485741143282,1.3861458640155753,-0.14578507312053293,-0.5602283770286947,0.5976414102639861,-0.8039250393948271,1,0
16245.0,-0.1555639591629372,-0.20143741171417867,0.8962666858470114,0.732239521820416,-0.46757609863630417,1.0445209855400752,0.520373635574267,1.6204927696584461,1,0
16246.0,-0.24437541346049657,-0.5568260068131017,0.1474669435887154,0.5546715627850431,0.3157641466600672,-0.2521611112671691,0.5101826507817058,-0.8039250393948271,1,0
16247.0,-1.0552626048729952,-1.0577180989205999,0.22741074112491402,-1.189445098315442,-1.294231722386802,-0.3319664456362507,-0.7604075912169913,-0.8039250393948271,1,0
16248.0,-1.0552626048729952,-1.0577180989205999,-0.6839467502392094,-0.7979519405070677,-0.011209578455829443,-1.485945419229041,-1.3787746355824586,-0.8039250393948271,1,0
16249.0,-0.3331868677580559,0.29945468039331957,0.27383065290268127,0.3656535678886568,-0.05961125415223067,-0.07426329780256188,0.3768580162303092,-0.8039250393948271,1,0
16250.0,-0.5725916576036507,-0.20143741171417867,-0.5385064982731448,-0.5148590411296669,0.09381501125716257,-0.5602283770286947,-0.2944540898073254,-0.8039250393948271,1,0
16251.0,-1.0552626048729952,-1.0577180989205999,-1.2945125495546914,-1.0359692484207141,0.5895969398382406,-0.5602283770286947,-0.5870572757944853,-0.8039250393948271,1,0
16252.0,-1.0552626048729952,-1.0577180989205999,0.0748933930562603,0.09500469114228392,-0.07985733849484639,-0.3319664456362507,-0.5488939424337871,1.7659550299964637,1,0
16253.0,1.512546834599917,0.6548432754922423,1.9148511117588247,1.817030153291513,-0.6433137662963623,1.4092449345986064,1.3363259173019604,1.0320515692003946,1,0
16254.0,-0.07447524002168734,-0.20143741171417867,0.23332301694338564,0.240461399332825,-0.13543350315711625,-0.07426329780256188,0.3523677281481314,-0.8039250393948271,1,0
16255.0,1.5241309373343812,1.5111239626986637,0.28400696446020063,0.12726392335767459,-0.3107519144241626,0.6445604725968617,1.383632718113141,0.9720793875323959,1,0
16256.0,0.22285006349622877,-0.20143741171417867,1.3831284537619843,0.9257259816001887,-0.8275860599624174,1.4092449345986064,-0.351053338929104,1.1620610054185785,1,0
16257.0,-1.0552626048729952,-1.0577180989205999,-4.232476017011647,-2.390288616805149,4.526591853534425,0.6467390474220279,-2.18341137617149,-0.8039250393948271,1,0
16258.0,1.2383897365509293,1.5111239626986637,1.2758375454017625,1.4470690270108948,-0.24241346215443732,0.06496901167402991,1.4579551247500377,-0.11599345861404298,1,0
16259.0,-0.3022959271328179,-0.20143741171417867,-1.0768049265508703,-1.119369982774197,0.17855998010313517,-0.2618344117975608,0.46810349267815093,-0.8039250393948271,1,0
16260.0,-1.0552626048729952,-1.0577180989205999,0.8062233338029028,1.8054134724538238,0.8051396582656485,-0.09503028911869377,-0.6691621147691496,-0.8039250393948271,1,0
16261.0,0.5858186158427757,0.48988501576479315,-0.7047441908390081,-0.6029649153626854,0.22714396332822165,0.16253566624592464,0.8359465091600137,-0.8039250393948271,1,0
16262.0,-1.0552626048729952,-1.0577180989205999,1.1963049686585192,1.3749531426304336,-0.21473221467725861,0.09371390337111857,0.07384838550817617,1.8596832102061218,1,0
16263.0,-1.0552626048729952,-1.0577180989205999,0.3291947018799872,0.33117332825791473,-0.1659215240161283,-0.49273161976031987,-0.6270829566655943,-0.8039250393948271,1,0
16264.0,-1.024371664247757,-0.5568260068131017,0.8234717086788186,0.5714911515436369,-0.5303438825631619,0.09371390337111857,0.31420439478743356,-0.8039250393948271,1,0
16265.0,0.48156169123259734,1.254616278688769,0.6446691726031994,1.010376008181862,0.12720272718546333,1.4092449345986064,1.2326470854996978,0.9153033772197167,1,0
16266.0,1.2615579420198577,1.4313961779209454,-1.028579212550434,-1.0652302945486058,0.17073556496255235,0.40232454155815495,0.4462258301354361,-0.8039250393948271,1,0
16267.0,-1.0552626048729952,-1.0577180989205999,0.31834561219303326,-0.5275547703263906,-0.9164403781195519,-1.485945419229041,-1.3787746355824586,-0.8039250393948271,1,0
16268.0,-1.0552626048729952,-0.5568260068131017,0.6392750039880141,0.26284455543076946,-0.598472194573061,1.4092449345986064,0.05620547486057961,-0.8039250393948271,1,0
16269.0,-1.0552626048729952,-1.0577180989205999,1.4788883200684035,1.3053614997133174,-0.6111944640691609,-0.07426329780256188,0.18774476871599804,1.7659550299964637,1,0
16270.0,-1.0552626048729952,-1.0577180989205999,1.6657223730137143,1.938093849496724,-0.24233610283656523,0.22741126261658207,0.20279773648307728,-0.8039250393948271,1,0
16271.0,1.416012645146048,1.048245697623346,0.525645127787357,0.3127915346325371,-0.4237120127821101,0.09725622010391866,1.1616524342925765,0.14676385148134682,1,0
16272.0,-1.0552626048729952,-1.0577180989205999,0.4515665253262059,0.5483186744683186,-0.10223274914147272,-1.485945419229041,-0.41184883109283577,-0.8039250393948271,1,0
16273.0,-1.024371664247757,-0.5568260068131017,-1.97649003873061,-0.6703714177335482,2.204697783877424,-0.07426329780256188,-0.8101418318588084,-0.8039250393948271,1,0
16274.0,-1.0552626048729952,-1.0577180989205999,0.05422800770922354,0.35782619628324314,0.22791331948215038,0.843979790974327,0.3398428478240282,-0.8039250393948271,1,0
16275.0,0.6630459674058709,-0.20143741171417867,1.1381417345743348,1.3043478760952032,-0.2121033162436644,0.22741126261658207,0.7410432245545576,-0.8039250393948271,1,0
16276.0,0.6089868213117042,-0.20143741171417867,1.2959495515336759,1.578083746780259,-0.13702373369937113,-0.07426329780256188,-0.5870572757944853,-0.8039250393948271,1,0
16277.0,-1.0552626048729952,-1.0577180989205999,-1.598612131292182,-0.5128664639020168,1.749003090261536,0.22741126261658207,-0.47751296500053947,-0.8039250393948271,1,0
16278.0,0.4854230588107521,-0.20143741171417867,-0.2765838864567547,0.41248515983344164,0.7747133519732435,2.2894270681815847,0.14085407936492755,1.8222621776056886,1,0
16279.0,1.165023752565989,0.9305040858134475,1.1055041896652849,1.1363549979132925,-0.33572991011669207,-0.07426329780256188,1.4250043611008119,0.22484244827571642,1,0
16280.0,-1.0552626048729952,-1.0577180989205999,-0.40672773871612355,-0.19712843734879384,0.2585788067759382,-0.3319664456362507,-0.7604075912169913,-0.8039250393948271,1,0
16281.0,1.3001716178014053,-0.20143741171417867,1.369421386681625,1.9382133609371166,0.1428641903222132,-1.1639429167840407,-0.351053338929104,1.1620610054185785,1,0
16282.0,0.408195707247657,-0.20143741171417867,0.6263553285063086,0.6259855513778974,-0.24525872520609018,-0.07426329780256188,-0.2415090281351582,-0.8039250393948271,1,0
16283.0,1.431458115458667,0.8003467725008181,0.9678585254922292,0.944053492557527,-0.35380906722840405,0.22741126261658207,1.8012798892233481,1.4608215350480005,1,0
16284.0,0.34255245841902615,-0.20143741171417867,0.46910386415012345,0.3007682129698768,-0.3680044861510066,-0.49273161976031987,0.7639385819629544,-0.8039250393948271,1,0
16285.0,-1.0552626048729952,-1.0577180989205999,-0.9644736514511453,-0.6004686527625429,0.6071878290764443,-0.7831339784253591,-0.2415090281351582,-0.8039250393948271,1,0
16286.0,-0.49150293846240084,-0.5568260068131017,-1.148138591316684,-0.6993087653062695,0.7688633808511799,-0.44035248611375827,-0.7135169018659211,1.7659550299964637,1,0
16287.0,0.9526485357674774,0.29945468039331957,0.7125831033274806,-0.42435582782908454,-1.195405138795737,-0.930965887215077,-0.6691621147691496,-0.8039250393948271,1,0
16288.0,-1.0552626048729952,-1.0577180989205999,-2.1742906825194512,-1.0198070244623136,2.0792675442175472,0.09371390337111857,-1.3787746355824586,-0.8039250393948271,1,0
16289.0,-1.0552626048729952,-1.0577180989205999,-0.45012952334722056,-0.9540202785546673,-0.45762453629009653,-1.0222871175758335,-0.5488939424337871,1.7659550299964637,1,0
16290.0,-0.6652644794793648,0.07422339860702587,0.571283124573526,0.8594150608359236,0.06468530096209642,0.5055184603984593,0.5695118981833196,-0.8039250393948271,1,0
16291.0,-1.0552626048729952,-1.0577180989205999,-4.672365083494027,-1.1526157480416737,7.919122175447563,2.365524493020413,-2.516040243029759,-0.8039250393948271,0,0
16292.0,0.8097779353757515,0.29945468039331957,-0.07407651108714405,-0.12645135317062534,-0.11409066040869308,-0.07426329780256188,0.15678397263081445,1.6968657294740452,1,0
16293.0,1.6747242728824165,1.5111239626986637,-0.20185931795822407,0.04900796240519513,0.24419701931087767,0.40232454155815495,1.123709777120437,0.9720793875323959,1,0
16294.0,-1.0552626048729952,-1.0577180989205999,-1.0768049265508703,-1.0600397576529481,0.24402029097142094,-1.0222871175758335,-1.282149705589571,-0.8039250393948271,1,0
16295.0,-0.8428873880744836,0.07422339860702587,0.3831547581728578,0.2559467891506986,-0.30718181662842603,-0.07426329780256188,0.41227490000197986,-0.8039250393948271,1,0
16296.0,-0.6884326849482933,0.07422339860702587,0.09684542457844689,0.2406168151358314,0.0431905160575838,-0.3319664456362507,0.23209955581276964,1.4608215350480005,1,0
16297.0,-1.0552626048729952,-1.0577180989205999,0.36110582381446565,0.1260475781272007,-0.4044493964921928,-0.49273161976031987,-0.5870572757944853,1.8723113812894887,1,0
16298.0,0.5665117779520019,0.6548432754922423,-1.2945125495546914,-0.7789298212349811,0.9000627787890355,0.6467390474220279,-0.21626507557551844,1.0320515692003946,1,0
16299.0,-1.0552626048729952,-1.0577180989205999,-0.344716579672171,-0.4776288856555786,-0.12363643520177536,-0.8464662631382949,-0.980481634816486,1.7659550299964637,1,0
16300.0,-0.10922754822508014,-0.20143741171417867,0.4288282693684513,0.7116263472982552,0.09868137727547517,-0.07426329780256188,1.2241015527489714,-0.8039250393948271,1,0
16301.0,-1.0552626048729952,-1.0577180989205999,-1.369362910844565,-1.2776454837625661,0.41936391196239886,-1.0222871175758335,-1.4883189463764042,-0.8039250393948271,1,0
16302.0,-1.0552626048729952,-1.0577180989205999,0.0748933930562603,-0.22499408133725513,-0.3952831034796835,-1.1639429167840407,-1.0461457687241897,1.7659550299964637,1,0
16303.0,1.2847261474887863,0.6548432754922423,1.4257688066485183,1.9277403994203495,0.05574006745724704,0.22741126261658207,1.0632876017895492,1.0320515692003946,1,0
16304.0,-1.0552626048729952,-1.0577180989205999,0.47068419935705996,0.44514743013373415,-0.23011448923473163,-0.3319664456362507,-0.41184883109283577,-0.8039250393948271,1,0
16305.0,-1.0552626048729952,-1.0577180989205999,0.5958318338669072,0.3702064324035819,-0.45248773833415323,-1.0222871175758335,-0.5124273288630706,-0.8039250393948271,1,0
16306.0,-0.20190037010079426,0.6548432754922423,-0.39915687807112393,-0.7310303326841306,-0.3072347783937126,0.09371390337111857,0.2175794647945466,1.3562632318428542,1,0
16307.0,-0.48378020330609134,-0.20143741171417867,1.0067251347737338,0.5032801325136793,-0.7863053094378977,-1.0222871175758335,0.4006383399877607,-0.8039250393948271,1,0
16308.0,1.5974969213193215,0.6548432754922423,2.967200857557677,1.3314398753700118,-1.7467031350301014,-2.7264594317235566,-2.516040243029759,-0.8039250393948271,1,0
16309.0,-0.5378393494002579,-0.5568260068131017,0.49643276328365193,0.3399678580018824,-0.3634842132761602,-0.3319664456362507,-0.0584501529419441,1.4608215350480005,1,0
16310.0,-0.17487079705371097,-0.5568260068131017,-0.09462147910482348,-0.24365590225289896,-0.20610348676073603,-0.07426329780256188,-0.38088803500765217,-0.8039250393948271,1,0
16311.0,-0.9316988423720429,-0.5568260068131017,0.3128801098140292,0.1538412667529954,-0.3202252346175792,-0.07426329780256188,-0.14488409814227088,-0.8039250393948271,1,0
16312.0,-1.0552626048729952,-1.0577180989205999,-1.0967119057658503,-0.6453217748956183,0.7548455672786539,-0.07426329780256188,-1.1175267461574372,-0.8039250393948271,1,0
16313.0,-0.8776396962778763,-0.5568260068131017,-0.623844618483062,-0.9464355835380682,-0.24012640307273847,-0.49273161976031987,-0.7604075912169913,-0.8039250393948271,1,0
16314.0,-0.7347690958861505,-0.20143741171417867,0.39210507351394025,0.8051705779614177,0.25090958590263374,0.09371390337111857,0.26039076371065795,-0.8039250393948271,1,0
16315.0,-0.2598208837731156,-0.5568260068131017,-0.7770976582126342,-0.4246324021015976,0.534034674967047,0.22741126261658207,-0.5488939424337871,-0.8039250393948271,1,0
16316.0,0.6012640861553947,1.3461657029712149,0.504057326314411,0.6447807718170401,-0.07118015989707553,2.432880753823806,1.2368867007548323,1.4080772117532363,1,0
16317.0,0.7402733189689659,0.29945468039331957,0.5580326053508835,0.6342168136937552,-0.1512914987107813,0.22741126261658207,0.7254167763544643,0.7169161657937569,1,0
16318.0,-1.0552626048729952,-1.0577180989205999,0.32378371845512494,0.23950779516586046,-0.25025652871128146,-0.8464662631382949,-0.6270829566655943,-0.8039250393948271,1,0
16319.0,-1.0552626048729952,-1.0577180989205999,-0.7696412719700645,0.5239549406946724,1.7163892106809377,-0.8464662631382949,-1.947407439306109,-0.8039250393948271,1,0
16320.0,0.9101734924077751,0.48988501576479315,1.4294574372720734,1.670855069640966,-0.21247720620285893,0.09371390337111857,1.2368867007548323,1.1620610054185785,0,0
16321.0,1.5164082021780716,0.6548432754922423,-1.4779434477997069,-1.5712868872200754,0.24396270287004682,-0.44035248611375827,-0.8101418318588084,1.3562632318428542,0,0
16322.0,-0.9201147396375786,-0.5568260068131017,-0.2625245113706964,-0.7084140526893262,-0.44938324624967846,-0.3319664456362507,-0.3222656930578095,-0.8039250393948271,1,0
16323.0,0.4159184424039665,-0.5568260068131017,-0.7548805010380715,-0.6010059237683373,0.30002989985623774,-1.1857083812767173,-1.7643485641128949,-0.8039250393948271,1,0
16324.0,-0.8660555935434121,-0.20143741171417867,-0.4838596990124887,-0.8900879394189117,-0.35738545148208467,-0.07426329780256188,0.7014044164687462,-0.8039250393948271,1,0
16325.0,1.605219656475631,1.254616278688769,0.35760614359349174,0.1165121167625578,-0.4092556531218691,-0.07426329780256188,0.733267206846029,1.3358549073493926,1,0
16326.0,1.5511605103814645,2.0624455833410726,-1.2320550214743144,-0.42618777018411985,1.2436713971673732,2.125114530562315,1.4250043611008119,0.02103660903962243,1,0
16327.0,1.6901697431950355,1.5860167045095306,1.3398830195509248,1.1435092789703711,-0.599720524503381,0.843979790974327,1.566691593306355,0.9153033772197167,1,0
16328.0,-1.0552626048729952,-1.0577180989205999,-0.04778399296843987,0.1657131256633494,0.15872033768955446,-0.8464662631382949,-0.7604075912169913,-0.8039250393948271,1,0
16329.0,0.14562271193313367,0.07422339860702587,0.3637231952353055,0.5940769390674349,0.06089637619491322,-0.49273161976031987,0.5502083316528148,-0.8039250393948271,1,0
16330.0,1.4353194830368217,0.6548432754922423,-1.230971746369107,-1.5063766977887436,-0.02644485268904546,-0.44035248611375827,0.7410432245545576,0.42541977181113405,1,0
16331.0,-0.24437541346049657,0.48988501576479315,-0.16890218959256986,0.28625675436447884,0.464938071750977,-0.07426329780256188,-0.19177478749334104,-0.8039250393948271,1,0
16332.0,1.1109646064718224,1.1557353675997408,-0.38660981259638993,-0.5561912293815687,-0.14966166459824146,0.22741126261658207,1.0736720914128266,0.6326212419203412,1,0
16333.0,0.11087040372974089,1.9594399542263008,2.483329348962999,2.0182433928433072,-1.047999732916525,-1.606782133071617,-1.195715760389244,-0.8039250393948271,1,0
16334.0,-1.0552626048729952,-1.0577180989205999,0.3869996526675594,0.011296433494906681,-0.5397282173402058,-0.5602283770286947,0.20279773648307728,-0.8039250393948271,1,0
16335.0,-0.3447709704925202,0.6548432754922423,-0.01658491896763149,0.4963532676521459,0.485158317473642,0.40232454155815495,1.2368867007548323,0.42541977181113405,1,0
16336.0,-0.2405140458823418,0.07422339860702587,0.9889972205118397,1.5826799055357774,0.2784425985979899,-0.07426329780256188,0.3398428478240282,-0.8039250393948271,1,0
16337.0,-1.0552626048729952,-1.0577180989205999,-0.56689802315073,-0.8148165366095045,-0.1806657570904253,-0.44035248611375827,-1.1175267461574372,-0.8039250393948271,1,0
16338.0,-1.0552626048729952,-1.0577180989205999,-0.4838596990124887,-0.336813279868957,0.2121137033119716,0.09371390337111857,-1.0461457687241897,-0.8039250393948271,1,0
16339.0,-1.0552626048729952,-1.0577180989205999,-1.97649003873061,-1.2450213651412851,1.4261163958450573,-0.5602283770286947,-0.7135169018659211,-0.8039250393948271,1,0
16340.0,0.659184599827716,-0.20143741171417867,1.2019534005281896,0.836471649671575,-0.7140754181252822,0.22741126261658207,1.5320231786964587,-0.8039250393948271,1,0
16341.0,1.2036374283475364,0.6548432754922423,1.1610664071830916,0.943150530737242,-0.5779458983230238,-0.3319664456362507,0.7254167763544643,1.3562632318428542,1,0
16342.0,-0.6536803767449005,0.07422339860702587,-1.4155358334516073,-1.664427701592455,0.05509195216103235,1.0445209855400752,-1.1175267461574372,-0.8039250393948271,1,0
16343.0,0.45453211818551403,-0.20143741171417867,-0.05033370020012583,-0.24967642988077043,-0.26724698906959826,0.40232454155815495,0.20279773648307728,-0.8039250393948271,1,0
16344.0,0.9140348599859299,0.07422339860702587,0.194304429725099,-0.3636125005005151,-0.6558806784256619,-0.5602283770286947,0.019738861289862828,-0.8039250393948271,1,0
16345.0,0.6398777619369422,-0.5568260068131017,0.8027405060036623,1.0600177483475943,-0.03112361700410994,1.4092449345986064,0.6597526424467606,-0.8039250393948271,1,0
16346.0,-1.0552626048729952,-1.0577180989205999,0.7268929939747242,-0.2767289239356314,-1.1081826859100272,-0.3319664456362507,-0.8101418318588084,-0.8039250393948271,1,0
16347.0,1.3619534990518813,1.1557353675997408,0.08231154112193646,0.20117921303801364,0.02091710522521329,0.6467390474220279,1.3019000105696792,0.6326212419203412,1,0
16348.0,0.48156169123259734,0.8003467725008181,-0.0010541197793968108,-0.27511052202012265,-0.3519699031391475,0.22741126261658207,1.1799853475140005,-0.8039250393948271,1,0
16349.0,-1.0552626048729952,-1.0577180989205999,-2.92628600861313,-2.215490010189364,1.8202636371317458,0.16253566624592464,-1.195715760389244,-0.8039250393948271,1,0
16350.0,0.5163139994359901,0.9305040858134475,-0.22440042256061293,-0.12818650376997665,0.08248320385096575,-0.07426329780256188,0.4350642467200411,1.1620610054185785,1,0
16351.0,0.5008685291233711,1.3461657029712149,0.13164314543645472,-0.09745652956462107,-0.3421137402769949,-0.5602283770286947,0.8763004011681347,1.2758667980352048,1,0
16352.0,-0.9780352533098999,-0.5568260068131017,0.018886122759088707,-0.14573983682840552,-0.25095544627147426,-1.0222871175758335,-0.3222656930578095,-0.8039250393948271,1,0
16353.0,1.7596743596018212,2.6117890580026883,-0.5109417653416237,-0.0888880952333834,0.5318994348288663,-0.5229139223515364,0.4788273542195676,-0.013880928029863978,1,0
16354.0,0.9835394763927154,0.29945468039331957,-0.22320229993445018,-0.26832809114097755,-0.06641346421660958,0.09371390337111857,0.822041706347352,-0.8039250393948271,1,0
16355.0,-1.0552626048729952,-1.0577180989205999,0.20947810263266703,0.5636143651745733,0.23867754034807603,0.16253566624592464,0.09111983872311039,1.7659550299964637,1,0
16356.0,0.31166151779378815,0.48988501576479315,-1.6420139159232798,-1.867731352134283,0.14818311693061145,-0.8464662631382949,-0.351053338929104,0.5566200963305212,1,0
16357.0,0.2884933123248596,0.07422339860702587,-0.4473654456030676,-0.32238724115469863,0.1773081970565023,0.16253566624592464,0.019738861289862828,-0.8039250393948271,1,0
16358.0,0.4622548533418236,0.29945468039331957,1.113101149908145,1.024449749732022,-0.44994216474626064,-0.5602283770286947,0.8359465091600137,0.7169161657937569,1,0
16359.0,1.4700717912402146,1.5860167045095306,-0.3125507137788519,-0.6656193418124032,-0.3495612445091005,2.432880753823806,0.4998634741417061,0.9153033772197167,1,0
16360.0,-0.7309077283079957,0.48988501576479315,0.9564390812808713,1.0279267167480737,-0.25894224547024547,0.22741126261658207,1.75763322795908,1.1620610054185785,1,0
16361.0,-0.8158578150274003,0.07422339860702587,-0.36243995981142496,-0.27881904558384346,0.108091267978617,0.22741126261658207,0.5883716650135135,-0.8039250393948271,1,0
16362.0,0.5085912642796806,0.48988501576479315,-0.6612966597582092,-0.7553183722764294,0.0034533815424025115,-0.3319664456362507,0.3768580162303092,1.7114222858191708,1,0
16363.0,-1.0552626048729952,-1.0577180989205999,-1.1169909995197986,-1.2523003003437576,0.08964596256080588,-0.49273161976031987,-1.6147785724478398,-0.8039250393948271,1,0
16364.0,-0.5687302900254959,-0.5568260068131017,-0.05545116217800767,0.3408730838712854,0.3636211515784561,0.09371390337111857,0.10803515400060046,-0.8039250393948271,1,0
16365.0,1.6901697431950355,1.5111239626986637,-0.8162019588968569,-0.36006235044646845,0.6687928666337895,0.40232454155815495,0.676667957724251,-0.11599345861404298,1,0
16366.0,1.6670015377261072,0.07422339860702587,0.4345576674401955,0.4641809091396704,-0.1657660127463778,-0.07426329780256188,0.4572375891095386,-0.8039250393948271,1,0
16367.0,0.2807705771685501,-0.20143741171417867,1.000928683258931,0.6819268809341357,-0.6301109845433946,-0.3319664456362507,1.249475649471019,-0.8039250393948271,1,0
16368.0,0.6167095564680137,-0.20143741171417867,-0.3581937707207931,-0.3456774151179638,0.03105305478928525,0.22741126261658207,0.4572375891095386,-0.8039250393948271,1,0
16369.0,1.2345283689727746,0.6548432754922423,0.4693297673113194,0.4416722724856584,-0.23186025251439513,-0.07426329780256188,0.8149999143894906,-0.8039250393948271,1,0
16370.0,-0.5030870411968651,0.07422339860702587,0.100183580835878,0.24773657650824532,0.04626816273647732,0.22741126261658207,0.9923815093050296,-0.8039250393948271,1,0
16371.0,-1.0552626048729952,-1.0577180989205999,-0.3347174312149545,-0.7606867805173874,-0.41316186335270827,-0.2618344117975608,-1.0461457687241897,-0.8039250393948271,1,0
16372.0,1.161162384987834,0.29945468039331957,0.016008402430631757,-0.04759596079258419,-0.14947901894940135,-0.07426329780256188,1.5141236236776097,0.7169161657937569,1,0
16373.0,-0.9432829451065071,-0.5568260068131017,-0.9734029193695083,-0.7820379972619704,0.40921596763544804,-0.49273161976031987,-0.41184883109283577,-0.8039250393948271,1,0
16374.0,0.9603712709237869,0.29945468039331957,0.08845481873575128,0.34383494459646674,0.16531021806754057,0.843979790974327,1.5290669098179432,-0.8039250393948271,1,0
16375.0,-1.0552626048729952,-0.5568260068131017,-1.4779434477997069,-2.2535901732005,-0.45749263857361566,-1.277214299835045,-1.0461457687241897,-0.8039250393948271,1,0
16376.0,-1.0205102966696022,-0.5568260068131017,0.9246936377635654,0.795190500292116,-0.4425406784744884,0.22741126261658207,0.733267206846029,1.4608215350480005,1,0
16377.0,0.2962160474811691,-0.5568260068131017,2.4841375182928607,1.179409061430478,-1.5495223873532384,-2.3444262971695755,-1.4883189463764042,-0.8039250393948271,1,0
16378.0,-0.8119964474492455,-0.20143741171417867,-0.5425172234610122,-1.115596994276406,-0.4990135349156723,-0.7231586611558216,-0.5124273288630706,-0.8039250393948271,1,0
16379.0,-0.7695214040895432,0.07422339860702587,0.9417059595646327,0.9162259751917372,-0.3489377293672648,-0.07426329780256188,0.5883716650135135,0.9153033772197167,1,0
16380.0,-1.0552626048729952,-1.0577180989205999,2.5276844983106495,2.5449311303822055,-0.6803745953265614,-0.6186133758597899,-0.3222656930578095,-0.8039250393948271,1,0
16381.0,-0.9664511505754357,-0.5568260068131017,-1.0380543813173266,-1.0250335516410105,0.2282161998782344,-0.07426329780256188,0.2877387536535113,-0.8039250393948271,1,0
16382.0,-0.5069484087750199,-0.5568260068131017,-0.6109289906143603,-0.6031571247585117,0.0974512474277057,0.843979790974327,0.0008790944596697093,-0.8039250393948271,1,0
16383.0,1.257696574441703,0.6548432754922423,0.4868068479388443,0.5915463573963929,-0.10346358803963854,0.16253566624592464,1.411444321363625,1.0320515692003946,1,0
16384.0,0.8792825517825371,0.07422339860702587,0.4085336915327833,0.2867409598392562,-0.3083375216048122,-0.07426329780256188,0.520373635574267,-0.8039250393948271,1,0
16385.0,1.14957828225337,0.29945468039331957,-0.4634960159693679,-0.6037262232279277,-0.09906847265486753,-0.3319664456362507,0.651162367871365,-0.8039250393948271,1,0
16386.0,0.3309683556845619,-0.20143741171417867,0.5305877328178502,0.3937833584115896,-0.3532302990831893,-0.07426329780256188,0.8957565793121419,-0.8039250393948271,1,0
16387.0,0.16492954982390745,0.29945468039331957,-0.5139655775695242,-0.5491855547000091,0.024187948256841712,0.22741126261658207,0.38883434171884856,-0.8039250393948271,1,0
16388.0,-1.0552626048729952,-1.0577180989205999,-0.6173675847508863,-0.5319995556105565,0.18344922612660983,-0.8464662631382949,-0.9196861426527538,-0.8039250393948271,1,0
16389.0,-0.16714806189740147,0.07422339860702587,0.8044833175073333,0.3097043508632815,-0.7361686964648684,0.09725622010391866,-0.19177478749334104,0.9153033772197167,1,0
16390.0,-0.5030870411968651,-0.20143741171417867,-1.3780075775210743,-0.7725314969756929,1.0410736422488538,-0.07426329780256188,-0.7604075912169913,-0.8039250393948271,1,0
16391.0,-0.4335824247900795,0.07422339860702587,0.25665509743329146,0.003541212185835458,-0.39585714176137576,0.16253566624592464,1.4833947981088922,-0.8039250393948271,1,0
16392.0,0.07225672794819334,-0.20143741171417867,0.34526758737755564,-0.10707870574860065,-0.5981584215251565,0.22741126261658207,0.8828371985110838,-0.8039250393948271,1,0
16393.0,1.7867039326489045,2.0120160548061623,-0.1152801945682242,-0.22175420401061893,-0.15800564300610645,-0.3319664456362507,1.6319204055131995,1.086100284898418,1,0
16394.0,-0.1555639591629372,0.29945468039331957,1.3641669541248478,0.16675467353457626,-1.3370599555260403,-0.8464662631382949,0.3010782951428931,1.6968657294740452,1,0
16395.0,1.543437775225155,1.4313961779209454,0.37412998896727606,-0.11590943908743194,-0.6375649483105059,0.22741126261658207,1.8646520455547277,0.7783074415255873,1,0
16396.0,-1.0552626048729952,-1.0577180989205999,-0.6568228392834701,-0.9392861586711303,-0.1914549779768175,-1.485945419229041,-1.282149705589571,1.8596832102061218,1,0
16397.0,-1.0552626048729952,-1.0577180989205999,-1.1587230648098024,-1.0405164613439764,0.3833114212678961,0.40232454155815495,-1.195715760389244,-0.8039250393948271,1,0
16398.0,-0.6729872146356743,-0.5568260068131017,1.0201309531748697,1.5409224228423748,0.18929310052723858,1.1608512063238763,0.46810349267815093,1.7659550299964637,1,0
16399.0,0.3734433990442642,-0.20143741171417867,0.033161327766256535,-0.3422645747531027,-0.4556226778184895,0.6467390474220279,0.676667957724251,-0.8039250393948271,1,0
16400.0,1.4044285424115837,0.9305040858134475,0.5255950874318336,0.3313241390428545,-0.4063260723725123,0.40232454155815495,1.321203577100184,-0.8039250393948271,1,0
16401.0,1.083935033424739,2.0120160548061623,0.6224820651001198,0.1073930555043745,-0.7137859619636887,-0.49273161976031987,0.778854696993705,1.640022146697513,1,0
16402.0,-0.6498190091667458,-0.5568260068131017,-0.7331092033345905,-0.8260859355195332,0.02474604613062349,-0.07426329780256188,0.2175794647945466,-0.8039250393948271,1,0
16403.0,-1.0552626048729952,-1.0577180989205999,-0.2765838864567547,-0.5958721257547569,-0.32617738062403967,-1.8163206498761402,-1.1175267461574372,1.7659550299964637,1,0
16404.0,-1.0552626048729952,-1.0577180989205999,0.06804857585446991,0.6482710751422845,0.5373090346124644,-0.07426329780256188,-0.47751296500053947,1.7659550299964637,1,0
16405.0,-1.024371664247757,-0.5568260068131017,-0.48958477787980537,-1.6147767980763177,-0.9705762462724524,-1.0222871175758335,-1.947407439306109,-0.8039250393948271,1,0
16406.0,1.3967058072552743,-0.20143741171417867,-0.5226102442460324,-0.5453722702913163,0.03980195578182536,0.09371390337111857,0.951500837500856,1.1620610054185785,1,0
16407.0,0.5665117779520019,1.4313961779209454,-0.35480874479920405,-0.42334155937328516,-0.05474022794709039,0.09371390337111857,0.8496195544385344,-0.8039250393948271,1,0
16408.0,-1.0552626048729952,-1.0577180989205999,0.46593627087003175,-0.23253371616591964,-0.8308172064206176,-0.8464662631382949,0.05620547486057961,-0.8039250393948271,1,0
16409.0,1.6090810240537858,1.254616278688769,0.7986630249655191,0.7452826811525772,-0.34011232208653147,0.40232454155815495,1.6874739391001152,-0.8039250393948271,1,0
16410.0,-1.0552626048729952,-1.0577180989205999,0.9278066956462679,-1.014912266967356,-1.659810555447945,-1.7601883558991351,-1.6147785724478398,-0.8039250393948271,1,0
16411.0,0.5240367345922996,0.07422339860702587,-0.23721286655503881,-0.47047640693663423,-0.25246029736348513,-0.3319664456362507,0.9692711437114102,-0.8039250393948271,1,0
16412.0,1.338785293582953,0.29945468039331957,-0.9260351729327482,-1.024028505090043,0.07439411110271718,-0.07426329780256188,0.5599168914235233,-0.8039250393948271,1,0
16413.0,0.1765136525583717,-0.5568260068131017,-0.040170628898255525,-0.05391633325142539,-0.08364594682879878,0.09371390337111857,0.2175794647945466,-0.8039250393948271,1,0
16414.0,1.543437775225155,0.29945468039331957,-1.3849732510664312,-1.2207285374895573,0.5083726515935257,-0.3319664456362507,0.26039076371065795,-0.8039250393948271,1,0
16415.0,1.38512170452081,-0.20143741171417867,0.1891990088787182,-0.18709534853778623,-0.493740511357899,-0.07426329780256188,0.8496195544385344,-0.8039250393948271,1,0
16416.0,1.369676234208191,0.9305040858134475,0.5508207036001043,0.2484784480408221,-0.511954095923494,0.40232454155815495,1.0092968245825193,0.22484244827571642,1,0
16417.0,-1.0552626048729952,-1.0577180989205999,-3.313242629514303,-2.7553098246899794,1.821981648936537,-0.8464662631382949,-2.516040243029759,-0.8039250393948271,1,0
16418.0,0.4043343396695022,0.29945468039331957,-0.2578782519020756,-0.3019130998072497,-0.055839989922306724,0.843979790974327,0.8563715573771615,-0.8039250393948271,1,0
16419.0,1.0916577685810487,0.8003467725008181,-0.5290400324123901,-0.5328939034889837,0.06171558914422399,1.1608512063238763,0.31420439478743356,0.31649817812236203,1,0
16420.0,-1.0552626048729952,-1.0577180989205999,-0.22140759327582904,-1.7615273485113445,-1.3001076445869584,-1.9376978457118947,-2.18341137617149,-0.8039250393948271,1,0
16421.0,-0.6961554201046029,-0.20143741171417867,-1.369362910844565,-0.6118475738039966,1.231012697487641,0.09371390337111857,-0.14488409814227088,-0.8039250393948271,1,0
16422.0,1.5666059806940835,3.8927485695638144,1.4994565649865095,0.9883229461362429,-0.8934208367163595,1.8220909034045387,0.7862122685181961,1.176936124402831,1,0
16423.0,-1.0552626048729952,-1.0577180989205999,0.48011817121769396,0.3120759454321938,-0.37044439187624795,-0.5229139223515364,-0.6691621147691496,-0.8039250393948271,1,0
16424.0,-0.3177413974454369,-0.5568260068131017,-0.35480874479920405,-0.2948891700828316,0.08050760766621301,-0.49273161976031987,-1.1175267461574372,1.4608215350480005,1,0
16425.0,-1.0552626048729952,-1.0577180989205999,0.32378371845512494,0.1296484169615738,-0.3565640862657904,-0.49273161976031987,-0.5488939424337871,-0.8039250393948271,1,0
16426.0,0.002752111541407747,1.048245697623346,-0.1835225446400245,-0.4975870517407664,-0.3445893088751073,-0.3319664456362507,1.3096760282782078,-0.8039250393948271,1,0
16427.0,-0.9741738857317452,-0.5568260068131017,-0.6839467502392094,-1.120679890708674,-0.33608173091010934,-1.485945419229041,-1.282149705589571,-0.8039250393948271,1,0
16428.0,-0.7309077283079957,-0.20143741171417867,0.320161344713481,-0.3037313430041506,-0.739286062548241,-0.3319664456362507,0.8563715573771615,1.1620610054185785,1,0
16429.0,-1.0552626048729952,-1.0577180989205999,-2.92628600861313,0.045522406836422766,5.14354292790871,1.0134691263446138,-2.18341137617149,-0.8039250393948271,1,0
16430.0,1.354230763895572,0.6548432754922423,-1.297962154774954,-0.7392334839609427,0.9546737103562497,0.09725622010391866,-0.6270829566655943,-0.8039250393948271,1,0
16431.0,-0.7309077283079957,-0.20143741171417867,0.026047204387651634,-0.34017022420436405,-0.4453790074567554,-0.8464662631382949,0.15678397263081445,-0.8039250393948271,1,0
16432.0,-1.0552626048729952,-1.0577180989205999,0.6771357764104874,0.05908023796637894,-0.8101040610181485,-0.5229139223515364,-1.282149705589571,-0.8039250393948271,1,0
16433.0,0.4120570748258118,-0.5568260068131017,-0.344716579672171,-0.4874125497719484,-0.13359207759425934,-0.5602283770286947,-0.19177478749334104,-0.8039250393948271,1,0
16434.0,1.5009627318654526,1.254616278688769,-0.3004288007674733,-0.25291479241165493,0.05197020057264602,0.40232454155815495,0.8893223210263874,0.02103660903962243,1,0
16435.0,-1.0475398697166856,-0.20143741171417867,0.34526758737755564,0.2764960372395572,-0.24051443368341363,0.40232454155815495,0.8428115176399747,-0.8039250393948271,1,0
16436.0,-0.804273712292936,-0.20143741171417867,-0.6612966597582092,-1.2471147081697087,-0.48211767937282296,-0.49273161976031987,-0.1005293110454993,1.1620610054185785,1,0
16437.0,-0.8699169611215668,-0.5568260068131017,-0.43364971390064594,-0.8186377036613457,-0.34968773605413,-0.8464662631382949,-0.7135169018659211,-0.8039250393948271,1,0
16438.0,-0.757937301355079,0.29945468039331957,-0.49996667459561445,-0.7395369043539007,-0.1900365679085402,-0.3319664456362507,0.4572375891095386,-0.8039250393948271,1,0
16439.0,-1.0552626048729952,-1.0577180989205999,-0.7403178672498535,0.16514387721442278,1.1982165214372775,-0.3319664456362507,-1.195715760389244,-0.8039250393948271,1,0
16440.0,0.8213620381102158,0.48988501576479315,0.9381195102564327,1.1554238194899495,-0.10849806531778687,-0.3319664456362507,1.274088407319195,-0.8039250393948271,1,0
16441.0,1.1071032388936677,0.29945468039331957,-0.45234586717774455,-0.38781893141201096,0.11317732151818209,-0.07426329780256188,0.3768580162303092,0.7169161657937569,1,0
16442.0,1.7442288892892022,0.29945468039331957,-0.2523288795583803,-0.5776845172109978,-0.33813060755277485,0.22741126261658207,1.3657591630539172,-0.8039250393948271,1,0
16443.0,-1.0552626048729952,-1.0577180989205999,-0.46125679963733673,-0.7178731495374857,-0.21725561824101716,-1.9207421836798164,-2.516040243029759,-0.8039250393948271,1,0
16444.0,1.180469222878608,1.656627459707239,-0.2649923752806805,-0.334961368350596,-0.08068448292989261,0.22741126261658207,1.3325713856866046,0.6064211416583084,1,0
16445.0,0.4043343396695022,0.07422339860702587,-0.7295227540263907,-0.8181200961721967,0.028368743148902253,-0.09503028911869377,0.9923815093050296,-0.8039250393948271,1,0
16447.0,0.9719553736582512,-0.20143741171417867,-0.33804025135528665,-0.0857015318454475,0.28584966672208545,0.16253566624592464,0.2741787139163245,-0.8039250393948271,1,0
16448.0,-0.0011092560367470079,-0.5568260068131017,-0.5365066821719121,-0.54752362141242,0.05619821963904135,-0.07426329780256188,0.05620547486057961,-0.8039250393948271,1,0
16449.0,-0.7347690958861505,-0.5568260068131017,0.23626711624735236,0.342124003725843,-0.034892027135611556,-0.2521611112671691,-0.03819322927216564,1.4608215350480005,1,0
16450.0,0.9024507572514656,-0.20143741171417867,0.46593627087003175,0.8181989815978982,0.1631333927818664,-0.49273161976031987,-0.12240697358821374,1.1620610054185785,1,0
16451.0,1.446903585771286,-0.20143741171417867,0.18304061999955976,0.2786203721170165,-0.0310937705405817,-0.3319664456362507,0.3010782951428931,1.1620610054185785,1,0
16452.0,-0.8119964474492455,-0.5568260068131017,-0.4228006242136921,-0.6860904803989978,-0.23393537140594922,-1.1639429167840407,-0.8630868935309756,-0.8039250393948271,1,0
16453.0,-0.9857579884662094,-0.5568260068131017,-0.8074464882716869,-1.0621366652561965,-0.12283358654138057,-0.07426329780256188,-0.8101418318588084,-0.8039250393948271,1,0
16455.0,1.0916577685810487,1.1557353675997408,0.6099389724799269,0.38032769124719834,-0.4595446319703515,0.09371390337111857,0.7862122685181961,0.6326212419203412,1,0
16456.0,0.9565099033456321,1.3461657029712149,0.597454235736072,0.7209964566935153,-0.11370270666928724,-0.07426329780256188,1.3657591630539172,-0.030266317867525,1,0
16457.0,-1.0552626048729952,-1.0577180989205999,-0.05545116217800767,-0.37817347108235844,-0.38471530368554785,-0.8464662631382949,-1.195715760389244,-0.8039250393948271,1,0
16458.0,1.1071032388936677,2.328183835086569,-0.28099533574975083,-0.4998211606071126,-0.2268439231272392,-0.07426329780256188,0.6248382785842298,-0.8039250393948271,1,0
16459.0,-1.0552626048729952,-1.0577180989205999,-0.9824062899433923,-1.8204408088686514,-0.6329350984847154,-0.8464662631382949,-1.6147785724478398,-0.8039250393948271,1,0
16460.0,-0.8506101232307931,-0.20143741171417867,0.7417548692288378,-0.0179707758089234,-0.9340465620979763,-0.3319664456362507,0.9021407650415885,-0.8039250393948271,1,0
16461.0,0.755718789281585,-0.20143741171417867,0.9226132921065048,0.9138406079649367,-0.3282171395751395,0.16253566624592464,1.3548450722418464,-0.8039250393948271,1,0
16462.0,-0.24437541346049657,-0.20143741171417867,-3.4218231664694447,-2.4371099714968825,2.4934561311203236,-0.49273161976031987,-2.516040243029759,1.1620610054185785,1,0
16463.0,-0.34863233807067495,0.07422339860702587,0.7334201296870541,0.34885923512453365,-0.6268727710297646,-0.49273161976031987,0.4572375891095386,1.6719867635063792,1,0
16464.0,-0.5803143927599602,-0.20143741171417867,0.8404501448294305,0.6333613139906201,-0.49371251857531223,0.6445604725968617,1.0421157499468463,-0.8039250393948271,1,0
16465.0,-0.9625897829972809,-0.5568260068131017,0.5788134468182867,0.41433524409665456,-0.3913311374482498,-0.49273161976031987,0.05620547486057961,1.4608215350480005,1,0
16466.0,1.2963102502232506,1.5111239626986637,-0.21782706221156445,-0.09878516991687936,0.1050904794735622,2.432880753823806,1.2940495800781144,-0.11599345861404298,1,0
16467.0,-0.17100942947555622,0.6548432754922423,2.1288302449192713,0.5422849961224434,-1.6379122499833343,-1.606782133071617,-0.8630868935309756,0.42541977181113405,1,0
16468.0,0.5163139994359901,-0.20143741171417867,-0.18902011571230254,-0.06415304940994261,0.1031858076575954,-0.09503028911869377,-0.07921996423456719,-0.8039250393948271,1,0
16469.0,0.8406688760009895,0.29945468039331957,-0.8151682285397266,-0.6885683879774083,0.2876330835860547,0.16253566624592464,1.1188411353764651,-0.8039250393948271,1,0
16470.0,1.558883245537774,1.1557353675997408,-0.1916604186161694,-0.28280160206623733,-0.12212487728795804,0.09371390337111857,1.5581608711048394,0.07951852525571697,1,0
16471.0,0.4043343396695022,0.07422339860702587,0.13785181482321113,0.10604851195004461,-0.1495773196567245,-0.3319664456362507,0.10803515400060046,1.4608215350480005,1,0
16472.0,-0.42585968963377,-0.5568260068131017,-0.16890218959256986,0.4912384337962826,0.7055632226088193,1.932129182619007,-0.0584501529419441,-0.8039250393948271,1,0
16473.0,-0.24437541346049657,0.07422339860702587,-0.7403178672498535,-1.1527594937359242,-0.29811076451230223,-0.3319664456362507,-0.38088803500765217,0.9153033772197167,1,0
16474.0,-0.5223938790876389,0.6548432754922423,-0.09690307811131549,-0.039252333776023045,0.006030072596018353,-0.07426329780256188,1.4045793128836639,1.5408951706492844,1,0
16475.0,-0.34090960291436545,0.07422339860702587,-0.6601764738788992,-0.9563587035988061,-0.20430101356803881,2.000618897443466,-0.47751296500053947,-0.8039250393948271,1,0
16476.0,-1.0552626048729952,-1.0577180989205999,0.25665509743329146,0.3286113098397349,-0.07546329949304761,-0.07426329780256188,-0.4440240814723802,1.8596832102061218,1,0
16477.0,0.5703731455301567,1.1557353675997408,0.4702534270950066,0.4110305529849469,-0.2631251348092274,-0.3319664456362507,1.1662742139876363,-0.8039250393948271,1,0
16478.0,-0.9008079017468049,-0.20143741171417867,-0.7307169202754428,-1.2403128283708733,-0.3938930341456852,-0.5229139223515364,-0.8101418318588084,-0.8039250393948271,1,0
16479.0,-1.0552626048729952,-0.5568260068131017,-1.1376563848668353,-0.8205297652012526,0.6077212154557184,-0.09503028911869377,-0.14488409814227088,-0.8039250393948271,1,0
16480.0,-1.0552626048729952,-1.0577180989205999,1.217931596963711,1.400246002917817,-0.2166589062807414,0.16253566624592464,0.15678397263081445,-0.8039250393948271,1,0
16481.0,-1.0552626048729952,-1.0577180989205999,0.33457883167858776,0.6796653940957733,0.1927445649034182,-0.5602283770286947,-0.7604075912169913,1.8596832102061218,1,0
16482.0,-1.0552626048729952,-1.0577180989205999,0.9215716214285656,-0.30048324379252633,-1.2834743037477694,-1.0222871175758335,-0.6691621147691496,-0.8039250393948271,1,0
16483.0,-1.0552626048729952,-1.0577180989205999,-1.2945125495546914,-0.9241256288080676,0.7230146264328183,0.16253566624592464,-0.6270829566655943,-0.8039250393948271,1,0
16484.0,-0.9896193560443642,-0.5568260068131017,-0.4174164944150915,-0.4192795243830273,0.032411616632824,0.09725622010391866,-0.41184883109283577,1.4608215350480005,1,0
16485.0,1.477794526396524,0.29945468039331957,0.4838689093622778,0.696256949970063,0.008788066123656067,-0.07426329780256188,0.8893223210263874,1.3056202738679257,1,0
16486.0,-1.0552626048729952,-1.0577180989205999,-1.9322022598259123,-0.9735466033140402,1.7104282760655964,-0.619945652967382,-1.3787746355824586,-0.8039250393948271,1,0
16487.0,-0.7386304634643052,-0.5568260068131017,-0.6369158600684913,-1.3111975142782284,-0.5681341230892206,-0.07426329780256188,-0.3222656930578095,-0.8039250393948271,1,0
16488.0,-0.6112053333851982,-0.20143741171417867,0.5380338837209219,-0.6846069800636452,-1.2220022997971365,1.1608512063238763,-0.3222656930578095,1.1620610054185785,1,0
16489.0,-0.8390260204963288,-0.5568260068131017,-2.1742906825194512,-0.8076526383378455,2.375414172432192,-0.07426329780256188,-1.7643485641128949,-0.8039250393948271,1,0
16490.0,-1.0552626048729952,-1.0577180989205999,-0.2860590552236475,-0.3975462537084447,-0.11754777504431997,-1.0222871175758335,-0.9196861426527538,1.7659550299964637,1,0
16491.0,0.36185929630979996,-0.5568260068131017,1.3831284537619843,1.3954346638227466,-0.42120694275024584,-0.14210498399285518,0.5789959775241094,1.4608215350480005,1,0
16492.0,-1.0552626048729952,-1.0577180989205999,0.5033503207972251,0.45899053828006287,-0.25701000843007266,-0.5602283770286947,-0.47751296500053947,-0.8039250393948271,1,0
16493.0,1.0453213576431915,0.6548432754922423,0.7080246935635707,0.13809233509123012,-0.7775413553772035,0.09371390337111857,0.48941283948908304,1.0320515692003946,1,0
16494.0,-1.0552626048729952,-1.0577180989205999,1.6450569876666774,1.4980988598080598,-0.6254767255220258,-1.0222871175758335,0.09111983872311039,-0.8039250393948271,1,0
16495.0,-0.0011092560367470079,-0.20143741171417867,-0.2924221228936647,-0.2549488829832965,0.03907797167381816,0.16253566624592464,0.4998634741417061,-0.8039250393948271,1,0
16496.0,0.8792825517825371,0.48988501576479315,0.745438743490764,0.46919973444519925,-0.5339572634037367,-0.07426329780256188,0.8496195544385344,0.5566200963305212,1,0
16497.0,1.5974969213193215,2.0120160548061623,-0.11386710426394882,0.07647905820684778,0.1524800901638388,0.40232454155815495,1.411444321363625,-0.8039250393948271,1,0
16498.0,-1.0514012372948403,-0.5568260068131017,-1.9993308808477464,-2.2931819484080593,0.18491442390055285,-0.5602283770286947,-0.8101418318588084,1.4608215350480005,1,0
16499.0,-0.3370482353362107,0.8003467725008181,0.1569976045388243,0.21499473260351615,-0.06297724877782677,-0.07426329780256188,0.733267206846029,1.5888608116488376,1,0
16500.0,1.0260145197524178,0.9305040858134475,-1.3216364605104303,-1.4602402450757452,0.1465020919985652,2.744916198564831,-0.4440240814723802,0.22484244827571642,1,0
16501.0,-1.0552626048729952,-1.0577180989205999,1.5907595344102015,2.04825150567561,-0.03574404002645005,0.16253566624592464,1.1845052692841687,-0.8039250393948271,1,0
16502.0,-1.0552626048729952,-0.5568260068131017,-0.17318187927539255,-0.9847876120963175,-0.7886899398366188,0.843979790974327,-0.018424472070835033,-0.8039250393948271,1,0
16503.0,0.6051254537335495,1.1557353675997408,-0.05895423247289198,0.24127501681819988,0.2570987874341305,0.5055184603984593,1.0890064392979164,0.6326212419203412,1,0
16504.0,-1.0552626048729952,-1.0577180989205999,1.37079991282355,0.7697640245348436,-0.9368158097403639,-1.0222871175758335,0.4788273542195676,-0.8039250393948271,1,0
16505.0,-1.0552626048729952,-1.0577180989205999,1.4732622058467864,1.4148947494989272,-0.5075564666728346,-1.6260741218693058,-1.7643485641128949,-0.8039250393948271,1,0
16506.0,-0.9741738857317452,-0.5568260068131017,-2.0708886753380886,-2.4425224275134836,0.12188935102125167,-1.485945419229041,-1.947407439306109,-0.8039250393948271,1,0
16507.0,-1.0552626048729952,-1.0577180989205999,-0.2578782519020756,-0.7995491464200901,-0.5380348661482276,-0.3319664456362507,-0.1005293110454993,-0.8039250393948271,1,0
16508.0,-1.0552626048729952,-1.0577180989205999,-0.35480874479920405,-0.13707764871265815,0.25232292325277617,-0.07426329780256188,0.0008790944596697093,-0.8039250393948271,1,0
16509.0,-1.0552626048729952,-1.0577180989205999,-0.8955679621732969,0.3795214268182546,1.7377595418319969,0.22741126261658207,-0.9196861426527538,-0.8039250393948271,1,0
16510.0,0.1765136525583717,0.48988501576479315,0.11507946602518795,0.15613574016048265,-0.06913055006240817,0.40232454155815495,0.651162367871365,-0.8039250393948271,1,0
16511.0,1.3658148666300363,0.48988501576479315,-0.12563999758737068,0.13175948915369834,0.22919788841746322,0.16253566624592464,1.3976563711579584,-0.8039250393948271,1,0
16513.0,-0.9046692693249596,0.07422339860702587,-0.3987797183497076,-0.3126881322104448,0.1211183754643002,-0.930965887215077,-0.19177478749334104,-0.8039250393948271,1,0
16515.0,0.8290847732665253,1.048245697623346,0.08912846043869084,0.2121943235510886,0.023456710386331507,0.40232454155815495,1.197917509052301,-0.8039250393948271,1,0
16516.0,-1.0552626048729952,-1.0577180989205999,-1.0006403313901333,-1.3505044685006462,-0.16717090337616203,-1.0222871175758335,-1.4883189463764042,-0.8039250393948271,1,0
16517.0,-1.0552626048729952,-1.0577180989205999,-0.46125679963733673,-0.7140316046612384,-0.2134321488300601,-0.5602283770286947,-0.7135169018659211,-0.8039250393948271,1,0
16518.0,0.8561143463136085,0.07422339860702587,-0.12700895666835094,-0.18693001314732113,-0.1076049317241149,0.09371390337111857,0.3010782951428931,1.4608215350480005,1,0
16519.0,1.3503693963174173,0.07422339860702587,-1.4497626444781349,-1.2063241768035675,0.6229286425190483,-0.07426329780256188,-0.21626507557551844,-0.8039250393948271,1,0
16520.0,0.7248278486563469,0.48988501576479315,0.18406944883695356,0.36362013896538004,0.056880859619174245,0.16253566624592464,1.451470002234734,1.1620610054185785,1,0
16521.0,-0.1555639591629372,-0.20143741171417867,0.898398120575273,0.44874593130757656,-0.7187967992464247,-0.3319664456362507,1.313536570583899,-0.8039250393948271,1,0
16522.0,-0.9973420912006737,-0.5568260068131017,-0.35480874479920405,-0.3249717624415264,0.048457022653476636,0.3469702689073076,-0.7604075912169913,-0.8039250393948271,1,0
16523.0,1.5820514510067025,2.2457965188165505,0.2023512336443285,0.5934873085249285,0.28174066461646724,0.22741126261658207,1.1799853475140005,1.2920346954759117,1,0
16524.0,-0.10922754822508014,-0.5568260068131017,-0.13525918599176848,-0.787967500857442,-0.6638057312137577,-0.07426329780256188,0.14085407936492755,-0.8039250393948271,1,0
16525.0,1.7828425650707498,2.8937688176566074,0.7696833262266052,0.822688671851382,-0.22940248491383394,0.40232454155815495,0.8149999143894906,0.31649817812236203,1,0
16526.0,0.5394822049049186,-0.5568260068131017,-0.05930516242184436,0.3603150378732855,0.39117476249585154,0.40232454155815495,-0.26755450858075713,-0.8039250393948271,1,0
16527.0,0.26918647443408583,-0.5568260068131017,0.9734613952065676,1.1413391672396056,-0.1677765391787521,-0.07426329780256188,0.36470425725432115,-0.8039250393948271,1,0
16528.0,-1.0552626048729952,-1.0577180989205999,0.16015597628249342,-0.1612824957342978,-0.4362581762951657,-0.07426329780256188,-0.7135169018659211,-0.8039250393948271,1,0
16529.0,0.2576023716996216,0.07422339860702587,0.2609745454526276,0.8211546238374148,0.45545491034506724,-0.07426329780256188,0.5883716650135135,-0.8039250393948271,1,0
16530.0,-1.0552626048729952,-1.0577180989205999,-2.2885962983419095,-2.351000517442015,0.5497200093221382,-0.3319664456362507,-1.947407439306109,-0.8039250393948271,1,0
16531.0,0.5626504103738472,1.1557353675997408,0.14978510670945308,-0.3744026237183173,-0.6166265717706121,0.22741126261658207,0.7714305402067275,0.07951852525571697,1,0
16532.0,1.273142044754322,0.29945468039331957,1.3389258017691528,2.522322548884977,0.8603267576847912,-1.0808399641377464,-2.18341137617149,-0.8039250393948271,1,0
16533.0,-0.8660555935434121,-0.20143741171417867,0.3505727320698112,0.3850750961057954,-0.13873846130557632,-0.07426329780256188,0.7935044385417946,1.6204927696584461,1,0
16534.0,-1.0552626048729952,-1.0577180989205999,0.14106633547931893,1.1406534335201801,1.0201425291062276,1.1608512063238763,-0.12240697358821374,-0.8039250393948271,1,0
16535.0,1.5511605103814645,-0.20143741171417867,0.47226223589379257,0.2630008412968871,-0.4073781222774892,0.4050224433654097,0.3768580162303092,-0.8039250393948271,1,0
16536.0,-1.0552626048729952,-1.0577180989205999,0.574516807825173,0.9403166083453297,0.1470657873037613,0.22741126261658207,0.12460872225127,1.7659550299964637,1,0
16537.0,-1.0552626048729952,-1.0577180989205999,-0.9824062899433923,-3.315362726653527,-1.626803956934001,-2.3444262971695755,-1.947407439306109,-0.8039250393948271,1,0
16538.0,-0.8467487556526383,-0.20143741171417867,-0.5834617025619968,-0.9852283331106326,-0.32792224188303754,-0.3319664456362507,-0.14488409814227088,-0.8039250393948271,1,0
16539.0,0.9912622115490249,1.048245697623346,-0.4024815496254917,0.2428880105759464,0.7624494376915858,2.744916198564831,0.5502083316528148,-0.8039250393948271,1,0
16540.0,-1.0552626048729952,-1.0577180989205999,-0.2765838864567547,-0.2635353072563073,0.008887955237841527,-0.7231586611558216,-0.41184883109283577,-0.8039250393948271,1,0
16541.0,-1.0552626048729952,-1.0577180989205999,0.1726983116698862,0.5885075840160486,0.31797853793633757,0.40232454155815495,-0.07921996423456719,1.7659550299964637,1,0
16542.0,0.2884933123248596,-0.5568260068131017,-0.7846056461545511,-1.0322791775864233,-0.12187889402497477,-0.7678395663192259,-0.9196861426527538,-0.8039250393948271,1,0
16543.0,-1.0552626048729952,-1.0577180989205999,0.8268887191499396,0.08166101922899448,-0.9397105615146489,-1.2305367866712973,-0.6691621147691496,1.7659550299964637,1,0
16544.0,-0.5030870411968651,0.07422339860702587,-1.4637615474520436,-1.4543866159773764,0.3551885059408301,-0.8464662631382949,-1.282149705589571,1.4608215350480005,1,0
16545.0,-0.2405140458823418,-0.5568260068131017,0.09517248681020817,0.30730889630380903,0.11663006795177044,-1.0222871175758335,-1.4883189463764042,-0.8039250393948271,1,0
16546.0,-0.46833473299347234,0.29945468039331957,1.8848319159757594,1.8391908017318135,-0.5911784309145588,-0.07426329780256188,0.46810349267815093,1.3056202738679257,1,0
16547.0,-1.0552626048729952,-1.0577180989205999,-0.2860590552236475,-1.223535682202018,-0.8663186775457266,-0.49273161976031987,-0.41184883109283577,-0.8039250393948271,1,0
16548.0,-1.0552626048729952,-1.0577180989205999,-3.313242629514303,-2.979146070316988,1.5151419439829434,-0.07426329780256188,-1.4883189463764042,-0.8039250393948271,1,0
16549.0,1.30403298537956,2.4781072004988403,0.4025411846235478,0.4665675607763972,-0.12254724267727088,0.16253566624592464,2.4362305031649996,0.05913761141716192,1,0
16550.0,1.3735376017863457,1.7234195042875162,0.7812101237614225,0.794788609664188,-0.2710446979577866,1.1608512063238763,1.5231222191235918,1.5772734474266639,1,0
16551.0,1.3812603369426553,0.6548432754922423,0.75485452038436,0.20352883759497065,-0.7722291249510036,0.22741126261658207,0.3768580162303092,-0.8039250393948271,1,0
16552.0,-0.5494234521347222,-0.5568260068131017,-0.3198894109460272,-0.5044362680328391,-0.18245664470999307,-0.07426329780256188,-0.7135169018659211,-0.8039250393948271,1,0
16553.0,0.8870052869388466,2.442297391715952,1.3183933518516355,0.8248440889097246,-0.843029245683813,-0.07426329780256188,1.2453007614479012,0.07951852525571697,1,0
16554.0,1.5781900834285476,0.8003467725008181,0.14267003115600047,0.34738454832564514,0.09528550095631592,0.09371390337111857,0.7639385819629544,1.812324557796002,1,0
16555.0,0.7595801568597397,0.48988501576479315,0.776852294566308,0.2022142103711447,-0.7958533303793904,-0.2521611112671691,0.2741787139163245,1.6204927696584461,1,0
16556.0,1.5164082021780716,1.656627459707239,0.5960801231293996,0.7325523894368221,-0.10014701818751476,3.399499478022089,1.5408285983972705,1.3271690481062945,1,0
16557.0,-0.6189280685415077,-0.5568260068131017,-1.0476130328227262,-0.9088911184662557,0.3721645805060091,-0.07426329780256188,-1.0461457687241897,-0.8039250393948271,1,0
16558.0,1.7867039326489045,2.6117890580026883,0.3590350082826507,0.3276713109895246,-0.2070435266450658,0.5055184603984593,1.797018249894061,0.8673933123167811,1,0
16559.0,-1.0552626048729952,-1.0577180989205999,-0.7548805010380715,-0.5382173407563029,0.3708269578598703,-0.5602283770286947,-0.7135169018659211,-0.8039250393948271,1,0
16560.0,1.6670015377261072,0.8003467725008181,0.3339072749083189,0.442960541400027,-0.058032644218774465,1.0445209855400752,0.9751100560900954,0.9153033772197167,1,0
16561.0,-0.8467487556526383,-0.5568260068131017,-0.20362195023502777,-0.10062501104999416,0.08387602531069584,-0.49273161976031987,-0.2944540898073254,-0.8039250393948271,1,0
16562.0,-1.0552626048729952,-1.0577180989205999,0.6290880753610983,-0.2806695030890477,-1.0238878921607606,-1.277214299835045,-0.1679944637358899,-0.8039250393948271,1,0
16563.0,1.589774186163012,0.48988501576479315,1.1634515899130424,1.3420194056467676,-0.20635569028096484,-0.07426329780256188,0.2175794647945466,0.5566200963305212,1,0
16564.0,-1.0552626048729952,-1.0577180989205999,-1.395506342811086,-1.5490345506025194,0.15236324703600257,-0.8464662631382949,-1.6147785724478398,-0.8039250393948271,1,0
16565.0,-0.3177413974454369,0.07422339860702587,-1.1017462532113258,-0.48034930465625914,0.9649458073214835,-0.5602283770286947,-1.3787746355824586,0.9153033772197167,1,0
16566.0,0.014336214275872011,0.29945468039331957,-0.763712842312241,-1.0939609984597967,-0.21091107998165193,-0.3319664456362507,-0.8630868935309756,0.7169161657937569,1,0
16567.0,-0.5069484087750199,-0.5568260068131017,1.3156954946896209,0.6163895462118028,-0.9994716727031132,-0.5602283770286947,-0.1679944637358899,-0.8039250393948271,1,0
16568.0,-0.22892994314787754,-0.5568260068131017,0.23332301694338564,0.8411864882556885,0.5188884633176067,1.1608512063238763,-1.6147785724478398,-0.8039250393948271,1,0
16569.0,1.7249220513984285,0.29945468039331957,0.31616271421770253,0.07623072290458491,-0.39803627213401427,-0.5602283770286947,-0.351053338929104,-0.8039250393948271,1,0
16570.0,1.2770034123324767,1.8470577950787128,0.4052678099278208,0.4092005668158856,-0.18386770731976573,3.399499478022089,0.807897153777444,1.5190147089753185,1,0
16571.0,1.2808647799106316,1.048245697623346,0.9950037036198536,0.5912157661877898,-0.7012707154501808,0.20833604805906303,1.0367362964018012,1.642793016142764,1,0
16572.0,-0.48378020330609134,-0.20143741171417867,0.19938593750563494,0.27384270249914117,-0.05743502153188157,1.0445209855400752,-0.03819322927216564,1.1620610054185785,1,0
16573.0,-0.2598208837731156,-0.5568260068131017,0.21548864392176717,0.25458355390973686,-0.09813764789295422,-0.07426329780256188,-0.03819322927216564,1.7659550299964637,1,0
16574.0,1.211360163503846,-0.20143741171417867,0.8833893841848252,0.6199305662717147,-0.5545243803333261,-0.5602283770286947,0.5789959775241094,-0.8039250393948271,1,0
16576.0,-0.6652644794793648,-0.5568260068131017,0.0985157866139212,-0.023683988413179768,-0.2296543601780139,-0.07426329780256188,-0.21626507557551844,1.8371065454341933,1,0
16577.0,-1.0552626048729952,-1.0577180989205999,-0.040170628898255525,0.4392123774301354,0.45368004675718915,-0.49273161976031987,-0.47751296500053947,-0.8039250393948271,1,0
16578.0,-1.0552626048729952,-1.0577180989205999,-0.3347174312149545,-0.7658742493238977,-0.4180279439096241,-1.485945419229041,-1.195715760389244,-0.8039250393948271,1,0
16579.0,-1.0552626048729952,-1.0577180989205999,-0.23041096384971307,0.09482025270087761,0.3355682987922753,0.6445604725968617,-0.8630868935309756,1.7659550299964637,1,0
16581.0,-1.0552626048729952,-1.0577180989205999,-0.1026281569786321,-1.296552689128,-1.0925222899245053,-1.485945419229041,-1.195715760389244,1.7659550299964637,1,0
16582.0,-1.0552626048729952,-1.0577180989205999,0.11507946602518795,0.17787320790227798,-0.04665795935574888,-1.3664151374999618,-1.4883189463764042,-0.8039250393948271,1,0
16583.0,0.10314766857343137,-0.5568260068131017,-0.7047441908390081,-0.8335750273030452,-0.020942919785453224,-1.0222871175758335,-0.6691621147691496,-0.8039250393948271,1,0
16584.0,1.1881919580349174,0.29945468039331957,1.0337491227082236,1.1338503282990238,-0.25057409326203295,-0.07426329780256188,0.3010782951428931,1.3056202738679257,1,0
16585.0,-0.66140311190121,-0.5568260068131017,-0.7188339983274227,-0.6481398681332875,0.19707146205207557,-0.7678395663192259,-0.7604075912169913,-0.8039250393948271,1,0
16586.0,0.43908664787289503,-0.20143741171417867,-0.2578782519020756,0.7787719781142539,1.200175353380649,0.22741126261658207,-0.351053338929104,-0.8039250393948271,1,0
16587.0,-1.0552626048729952,-1.0577180989205999,-0.7846056461545511,-0.2728600508320108,0.7251177662504987,0.6445604725968617,-0.9196861426527538,-0.8039250393948271,1,0
16588.0,-0.32932550017990114,0.07422339860702587,0.4345576674401955,0.2890727576883907,-0.3376480929145296,0.09371390337111857,0.3398428478240282,-0.8039250393948271,1,0
16589.0,0.408195707247657,0.07422339860702587,-0.1026281569786321,-0.796622361563935,-0.7061937463421724,-0.8464662631382949,-0.0584501529419441,-0.8039250393948271,1,0
16590.0,-1.0012034587788285,-0.5568260068131017,-0.22140759327582904,0.13077173409201692,0.3632801266428711,0.22741126261658207,-0.38088803500765217,1.4608215350480005,1,0
16591.0,-1.0552626048729952,-1.0577180989205999,-1.369362910844565,-0.34506204956726766,1.5791877336197164,-0.6759649812628966,-1.1175267461574372,-0.8039250393948271,1,0
16592.0,1.7133379486639642,2.2457965188165505,0.31052929648311955,0.01801515845216279,-0.44575056164286747,0.09371390337111857,1.3474875007173552,0.7783074415255873,1,0
16593.0,1.5859128185848572,0.8003467725008181,-1.2216731247585049,-0.9782697146072188,0.5481000709104978,-0.07426329780256188,0.24636711066584036,0.31649817812236203,1,0
16594.0,-1.0552626048729952,-1.0577180989205999,-0.8955679621732969,-0.5686882754063214,0.5415525601165422,-0.07426329780256188,0.18774476871599804,-0.8039250393948271,1,0
16595.0,1.3773989693645003,0.29945468039331957,0.6755680016756256,0.3732783874954282,-0.5410673996864156,-0.07426329780256188,1.6923425808440873,-0.8039250393948271,1,0
16596.0,1.7017538459294999,0.07422339860702587,-1.2706676352439727,-1.1872613496571833,0.3786497595580577,-0.3319664456362507,-0.47751296500053947,-0.8039250393948271,1,0
16597.0,-1.0552626048729952,-1.0577180989205999,0.2392032477491476,-1.515025067156732,-1.487380284607232,-0.7986379095346742,-1.3787746355824586,-0.8039250393948271,1,0
16598.0,-1.0552626048729952,-1.0577180989205999,-0.7548805010380715,-0.8697786953385416,0.0077301469829883125,-1.0222871175758335,-1.1175267461574372,1.7659550299964637,1,0
16599.0,-1.0552626048729952,-1.0577180989205999,0.08169529576158605,-0.6322994132106942,-0.762755655011596,-0.5602283770286947,-0.980481634816486,-0.8039250393948271,1,0
16600.0,1.7133379486639642,1.3461657029712149,0.2517611382609239,-0.6896744863777289,-0.9757381534043331,0.09371390337111857,0.7487462269343014,0.8443025417040958,1,0
16601.0,1.195914693191227,-0.20143741171417867,-0.12154345428934683,-0.25526667321221486,-0.18375242745315665,0.09371390337111857,0.2877387536535113,-0.8039250393948271,1,0
16602.0,0.30393878263747864,-0.5568260068131017,0.40476449285652155,0.44516526787889643,-0.1470756793832623,0.22741126261658207,-0.1005293110454993,1.8371065454341933,1,0
16603.0,-0.9896193560443642,-0.5568260068131017,0.5260953871537395,-0.1790596377510265,-0.8485002176058996,-0.09503028911869377,-0.1679944637358899,-0.8039250393948271,1,0
16604.0,-1.0320943994040666,-0.5568260068131017,-0.5607512649077543,-0.3278282543972627,0.33045655952866443,-0.7231586611558216,-1.1175267461574372,1.4608215350480005,1,0
16605.0,-1.0552626048729952,-1.0577180989205999,-0.025102332118955028,-2.0509720456989395,-1.5898178593660586,-2.6438118278149303,-2.516040243029759,-0.8039250393948271,1,0
16606.0,-0.9394215775283524,-0.5568260068131017,-0.7403178672498535,-0.5857379993576849,0.29644423739433134,-0.07426329780256188,-0.7604075912169913,-0.8039250393948271,1,0
16607.0,1.1534396498315247,2.1108969658951904,0.20003465562211695,-0.2541261500471539,-0.5664163232515717,3.399499478022089,1.313536570583899,0.5213941782751079,1,0
16608.0,-0.24437541346049657,-0.5568260068131017,0.7904617985521903,1.1586676932868898,0.08911941295457336,1.1608512063238763,0.651162367871365,-0.8039250393948271,1,0
16609.0,-0.1401184888503182,0.6548432754922423,0.9206779641064311,1.4274261926903624,0.20222802873581833,-0.07426329780256188,1.0580456432127332,1.0320515692003946,1,0
16610.0,-1.0552626048729952,-1.0577180989205999,-0.8626896906960722,-1.749723130162373,-0.7022855908596817,-1.485945419229041,-1.4883189463764042,-0.8039250393948271,1,0
16611.0,0.6939369080311089,0.48988501576479315,-0.012703340845892057,0.10617046653378097,0.047279453932969014,1.932129182619007,0.5789959775241094,0.5566200963305212,1,0
16612.0,1.6631401701479522,0.9305040858134475,0.0726165822988413,0.367880303109136,0.21343324789848558,-0.07426329780256188,0.7410432245545576,0.22484244827571642,1,0
16613.0,-1.0552626048729952,-1.0577180989205999,0.7417548692288378,1.1030366758263392,0.09528231429234599,-0.5602283770286947,-0.26755450858075713,-0.8039250393948271,1,0
16614.0,0.47383895607628784,-0.20143741171417867,-0.25479176353943095,0.48592794908941195,0.8303316241840065,-0.07426329780256188,-0.1005293110454993,-0.8039250393948271,1,0
16615.0,-1.0552626048729952,-1.0577180989205999,0.3869996526675594,0.0783512952727787,-0.47893544988475295,0.09371390337111857,-0.6270829566655943,1.7659550299964637,1,0
16616.0,-0.5069484087750199,-0.5568260068131017,0.24505177904351236,-0.12939360696292268,-0.5052845186064724,1.1608512063238763,-0.2415090281351582,-0.8039250393948271,1,0
16617.0,-1.0552626048729952,-1.0577180989205999,-0.5186723091502936,-0.8076526383378455,-0.23434965016885625,-0.07426329780256188,-1.6147785724478398,-0.8039250393948271,1,0
16618.0,0.06839536037003857,0.29945468039331957,0.663736914658872,0.8911571499138464,-0.02452713160807771,0.22741126261658207,0.5101826507817058,0.7169161657937569,1,0
16619.0,0.4583934857636688,0.07422339860702587,0.6280641017808567,0.7703334520223258,-0.10273759322137341,0.40232454155815495,0.7254167763544643,0.9153033772197167,1,0
16620.0,1.7828425650707498,0.48988501576479315,0.2794959395504273,0.0860538044545007,-0.3448894617149993,-0.3319664456362507,0.4998634741417061,-0.8039250393948271,1,0
16621.0,-0.18259353221002048,0.07422339860702587,-0.7188339983274227,-0.4111056482631352,0.46393323921256774,0.09371390337111857,-0.5124273288630706,-0.8039250393948271,1,0
16622.0,-1.0552626048729952,-1.0577180989205999,-1.2945125495546914,-0.27135174526304395,1.5497095996893588,-0.07426329780256188,-0.980481634816486,1.7659550299964637,1,0
16623.0,0.28463194474670483,0.07422339860702587,-0.31011547161666714,-0.10996874252287578,0.21982764664774387,-0.07426329780256188,0.03817477705094321,0.9153033772197167,1,0
16624.0,-0.6034825982288887,-0.5568260068131017,0.5439542254399975,0.5269318922922237,-0.24053896452395038,0.16253566624592464,0.03817477705094321,-0.8039250393948271,1,0
16625.0,-0.016554726349366028,0.29945468039331957,0.38904470497476623,0.25047948975340345,-0.31961974463083576,-0.5229139223515364,0.5403834989422175,0.7169161657937569,1,0
16626.0,-0.02813882908383029,1.656627459707239,0.07649768159662497,-0.07932630437535164,-0.2571102669639358,1.1608512063238763,0.5789959775241094,0.6064211416583084,1,0
16627.0,-1.0552626048729952,-1.0577180989205999,0.10184881512709346,0.21713607255750267,0.011758662055822933,-0.07426329780256188,-0.5870572757944853,-0.8039250393948271,1,0
16628.0,1.307894352957715,0.6548432754922423,0.21548864392176717,0.25192345173241154,-0.1008588422378243,-0.07426329780256188,0.5599168914235233,0.42541977181113405,1,0
16629.0,-0.9664511505754357,-0.5568260068131017,0.5549685325075681,-0.3748844984045865,-1.0246227962593089,-0.3319664456362507,0.26039076371065795,-0.8039250393948271,1,0
16630.0,-1.0552626048729952,-1.0577180989205999,-0.7696412719700645,-1.284340899327903,-0.38899542577343055,-1.485945419229041,-1.7643485641128949,1.7659550299964637,1,0
16631.0,-0.39883011658668677,0.6548432754922423,-0.30803246311553084,-0.024061248863337544,0.31231903977554315,0.22741126261658207,0.07384838550817617,0.42541977181113405,1,0
16632.0,-0.6845713173701387,-0.5568260068131017,-0.1519502833288057,-0.41224170055657505,-0.3007178613098817,-1.7067089928021477,-0.5124273288630706,-0.8039250393948271,1,0
16633.0,-0.2173458404134133,0.48988501576479315,0.2719356307130436,0.7588546392402413,0.3686960377569631,0.40232454155815495,0.8149999143894906,0.5566200963305212,1,0
16634.0,0.7402733189689659,0.48988501576479315,0.3792961888616068,-0.0010721436251128521,-0.5421173488134473,0.6445604725968617,0.4350642467200411,1.6204927696584461,1,0
16635.0,-1.0552626048729952,-1.0577180989205999,0.6810453299303724,0.737375749206605,-0.20326002365802354,-0.8464662631382949,-0.41184883109283577,-0.8039250393948271,1,0
16636.0,-0.2520981486168061,0.07422339860702587,1.416326869393213,1.688682807331974,-0.17826357496380293,-0.07426329780256188,0.31420439478743356,-0.8039250393948271,1,0
16637.0,-0.3100186622891274,0.07422339860702587,0.48830613406606216,0.06483125264162444,-0.6053917695407273,1.0445209855400752,0.36470425725432115,0.9153033772197167,1,0
16638.0,0.7055210107655732,1.5111239626986637,-0.3300825144954808,-0.7480145724338544,-0.4067502249691071,1.6109581610597774,0.9147619943852421,-0.11599345861404298,1,0
16639.0,0.4043343396695022,0.07422339860702587,0.2609745454526276,0.629527774208398,0.23968429784616274,0.09371390337111857,0.4788273542195676,0.9153033772197167,1,0
16640.0,-1.0552626048729952,-1.0577180989205999,-0.010240456864841438,-0.5814177263574388,-0.6213488474740153,-1.485945419229041,-0.9196861426527538,-0.8039250393948271,1,0
16641.0,1.2461124717072387,-0.5568260068131017,0.46593627087003175,0.010168459499858387,-0.6284952270583345,-0.49273161976031987,-0.12240697358821374,-0.8039250393948271,1,0
16642.0,0.5317594697486091,-0.20143741171417867,0.605637322815974,0.3623824532671837,-0.4710641731142357,-0.07426329780256188,0.14085407936492755,1.6204927696584461,1,0
16643.0,-0.37180054353960346,-0.5568260068131017,0.6790923142315267,0.7040085325561358,-0.23387042463731883,-0.07426329780256188,0.10803515400060046,1.4608215350480005,1,0
16644.0,-0.9201147396375786,-0.5568260068131017,1.113101149908145,0.5653795833340889,-0.8439268113824524,-0.3319664456362507,0.31420439478743356,-0.8039250393948271,1,0
16645.0,-1.0552626048729952,-1.0577180989205999,-0.24864500529645414,-0.7334329358742088,-0.48857516602710804,-0.7831339784253591,-0.8630868935309756,-0.8039250393948271,1,0
16646.0,-1.0552626048729952,-1.0577180989205999,2.1463031754561044,1.2296431972185866,-1.28928210169874,-1.0808399641377464,-0.2944540898073254,1.7659550299964637,1,0
16647.0,0.39275023693503797,0.07422339860702587,-0.4282116076385533,-0.9623473832004106,-0.490769517332827,0.09371390337111857,-0.3222656930578095,-0.8039250393948271,1,0
16648.0,1.0607668279558105,-0.20143741171417867,0.13892438033590657,-0.2782027833868995,-0.5189459670605915,-0.49273161976031987,-0.1005293110454993,1.1620610054185785,1,0
16649.0,-1.0552626048729952,-1.0577180989205999,-0.6303605535519127,0.1469790019461595,0.9992365281604513,0.40232454155815495,-0.5870572757944853,-0.8039250393948271,1,0
16650.0,0.674630070140335,0.6548432754922423,0.4115753854146219,-0.0072117479620940166,-0.5837585731836963,-0.07426329780256188,0.42374870558137934,-0.8039250393948271,1,0
16651.0,-1.0552626048729952,-1.0577180989205999,-0.9644736514511453,-0.9551143618559226,0.20221173966535924,-1.277214299835045,-1.4883189463764042,-0.8039250393948271,1,0
16652.0,1.161162384987834,1.5860167045095306,1.2468365842302862,1.8840433951881472,0.2523745417868215,-0.07426329780256188,0.8763004011681347,1.4608215350480005,1,0
16653.0,-0.8428873880744836,-0.5568260068131017,0.9838432919223766,1.0757528963545095,-0.24589422395142735,0.22741126261658207,0.3768580162303092,1.4608215350480005,1,0
16654.0,0.7634415244378945,0.8003467725008181,-0.6568228392834701,-0.5359555452971282,0.23407465001072483,0.22741126261658207,0.3398428478240282,0.31649817812236203,1,0
16655.0,1.493239996709143,1.3461657029712149,0.7981691028410188,0.8231055516518648,-0.264256190471117,0.22741126261658207,1.848760725874179,-0.030266317867525,1,0
16656.0,1.6978924783513452,2.328183835086569,1.3508482866023408,0.9701129120474586,-0.7587101310565723,-0.49273161976031987,-0.5124273288630706,1.4155619255265788,1,0
16657.0,-0.10922754822508014,0.07422339860702587,0.7931046742263508,-0.22391622185060397,-1.1290717444663028,-0.07426329780256188,1.0736720914128266,-0.8039250393948271,1,0
16658.0,-0.08605934275615161,0.48988501576479315,-1.2434951970175119,-1.182630000909123,0.3445392614788746,0.5055184603984593,0.12460872225127,1.4608215350480005,1,0
16659.0,-1.0552626048729952,-1.0577180989205999,-0.7696412719700645,-2.633675870688647,-1.410884742739699,-2.3444262971695755,-2.18341137617149,-0.8039250393948271,1,0
16660.0,1.5627446131159286,0.6548432754922423,-0.04342695929010313,-0.03341463549290574,-0.058269093364683666,-0.8464662631382949,-0.5870572757944853,0.42541977181113405,1,0
16661.0,-0.3524937056488297,0.07422339860702587,-0.45846426288900427,-0.1488370005317221,0.38637413868652065,0.09371390337111857,0.14085407936492755,0.9153033772197167,1,0
16662.0,-1.0552626048729952,-1.0577180989205999,-1.5068758271317502,-0.7048888980097907,1.3387184633494669,-0.07426329780256188,-0.3222656930578095,-0.8039250393948271,1,0
16663.0,-1.0552626048729952,-1.0577180989205999,-0.4174164944150915,-0.6949843764631468,-0.24944159322596546,-1.9376978457118947,-2.516040243029759,-0.8039250393948271,1,0
16664.0,-1.0552626048729952,-1.0577180989205999,-1.9322022598259123,-1.2542809568124855,1.3387184633494662,-0.07426329780256188,-1.282149705589571,-0.8039250393948271,1,0
16665.0,-1.0552626048729952,-1.0577180989205999,-0.9824062899433923,-0.963097818710797,0.21851889080043654,-0.07426329780256188,-1.195715760389244,-0.8039250393948271,1,0
16666.0,1.2692806771761673,-0.5568260068131017,0.23626711624735236,-1.208358971177668,-1.3125176183934277,-0.49273161976031987,0.0008790944596697093,-0.8039250393948271,1,0
16667.0,-0.22120720799156804,-0.5568260068131017,-0.23494082399117655,0.04798231889088124,0.2895100858235775,0.22741126261658207,0.17241042083090774,-0.8039250393948271,1,0
16668.0,1.323339823270334,1.3461657029712149,-0.9740928398555431,-1.926683814756348,-0.7332204436803527,0.22741126261658207,-0.3222656930578095,-0.8039250393948271,1,0
16669.0,-0.8428873880744836,-0.20143741171417867,0.7527691762964093,0.6943381657389867,-0.3335336317135328,-0.07426329780256188,0.9809077037256301,1.6204927696584461,1,0
16670.0,1.6978924783513452,1.8470577950787128,0.4645078309958278,0.5141796555553801,-0.1534451080246734,-0.07426329780256188,1.4739471267887907,1.6083744765589651,1,0
16671.0,-0.5301166142439484,-0.20143741171417867,0.7368234974303222,0.9773416900045198,-0.030705295260812143,-0.930965887215077,-1.947407439306109,-0.8039250393948271,1,0
16672.0,-0.0358615642401398,1.8470577950787128,-0.04320956625706913,0.5318355733233772,0.5655277876481133,-0.07426329780256188,-0.5124273288630706,0.46638318604246143,1,0
16673.0,-1.0552626048729952,-1.0577180989205999,-0.40672773871612355,-0.5118592789257667,-0.07840014147159959,-0.3319664456362507,-0.6270829566655943,-0.8039250393948271,1,0
16674.0,-0.8853624314341858,-0.5568260068131017,-0.4838596990124887,-0.738390329428325,-0.20924158351987263,-0.2863856841199625,0.6068075807745934,-0.8039250393948271,1,0
16675.0,-0.9123920044812691,-0.5568260068131017,0.004420576082459907,0.13740290503747096,0.05747751793460449,-0.3319664456362507,-0.5488939424337871,-0.8039250393948271,1,0
16676.0,0.43136391271658553,0.48988501576479315,0.050745179909983035,0.48726615617211866,0.3774436017714831,1.1608512063238763,0.7487462269343014,0.5566200963305212,1,0
16677.0,-0.12467301853769916,-0.5568260068131017,0.47305039424863665,0.6398212464700155,-0.03588430796460924,0.6445604725968617,0.05620547486057961,1.4608215350480005,1,0
16678.0,0.025920317010336275,1.254616278688769,0.32784448399851573,-0.08157179134733532,-0.5561421283444923,-0.3319664456362507,0.6337071620011621,1.3358549073493926,1,0
16679.0,-0.35635507322698445,-0.20143741171417867,-0.6260122514273946,-0.29750917846846797,0.45917200720847084,-0.07426329780256188,-0.8101418318588084,-0.8039250393948271,1,0
16680.0,0.8406688760009895,-0.20143741171417867,-0.1717534394011896,-0.006781158526972325,0.1415183834278057,-0.3319664456362507,-0.4440240814723802,-0.8039250393948271,1,0
16681.0,1.1418555470970604,0.6548432754922423,0.39791057193043733,-0.0031502134110388594,-0.5649074569691349,-0.5602283770286947,-0.5124273288630706,-0.8039250393948271,1,0
16682.0,-0.34863233807067495,0.29945468039331957,0.37153763426255265,-0.396290197960147,-0.8664510598542277,-0.3319664456362507,-0.8101418318588084,-0.8039250393948271,1,0
16683.0,-1.0552626048729952,-1.0577180989205999,0.27383065290268127,0.20634250748517496,-0.22083150901673276,-0.07426329780256188,-0.6691621147691496,1.7659550299964637,1,0
16684.0,1.7558129920236665,3.0587270773840576,2.7699927890215514,3.100469072024025,-0.45883750964681147,-0.07426329780256188,1.197917509052301,0.6326212419203412,1,0
16685.0,-1.0552626048729952,-0.5568260068131017,0.31834561219303326,-0.7188770720474422,-1.058066578533161,-0.5229139223515364,0.2877387536535113,-0.8039250393948271,1,0
16686.0,1.5936355537411666,1.5860167045095306,0.4290334125907186,0.19217133427874156,-0.4226747218033542,1.1608512063238763,2.0917550228472415,0.31649817812236203,1,0
16687.0,-1.0552626048729952,-1.0577180989205999,-0.04778399296843987,-0.7569811827519236,-0.7309225946908458,-0.5602283770286947,-1.282149705589571,-0.8039250393948271,1,0
16688.0,-0.8274419177618645,0.07422339860702587,0.33457883167858776,0.18477658635905747,-0.3167742071639994,-0.5229139223515364,0.17241042083090774,-0.8039250393948271,1,0
16689.0,-1.0282330318259119,-0.5568260068131017,0.1216347725417666,-0.3591360632040094,-0.5719520427933129,-0.09503028911869377,-0.980481634816486,1.4608215350480005,1,0
16690.0,0.408195707247657,0.07422339860702587,-1.1118855786734183,-1.5420192282164764,-0.21794356255866673,0.22741126261658207,-0.980481634816486,0.9153033772197167,1,0
16691.0,-0.5030870411968651,-0.5568260068131017,-1.247335554754067,-1.5244294141732744,-0.023554926431656083,1.1608512063238763,-1.0461457687241897,-0.8039250393948271,1,0
16692.0,-0.34090960291436545,0.07422339860702587,0.42964860961753865,0.7536232454429174,0.14276102082284298,2.6377286491763483,-1.947407439306109,-0.8039250393948271,1,0
16693.0,1.2152215310820007,0.29945468039331957,-0.07407651108714405,-0.1866494611909964,-0.17502448468058251,0.40232454155815495,1.0258703928331887,-0.8039250393948271,1,0
16694.0,-1.0552626048729952,-1.0577180989205999,-1.8487072318595295,-1.3964649337418455,1.0181887047956544,1.1608512063238763,-1.947407439306109,-0.8039250393948271,1,0
16695.0,-1.0552626048729952,-0.5568260068131017,-0.5011263753236017,-1.420388476500341,-0.8072120761741298,-0.07426329780256188,-0.26755450858075713,-0.8039250393948271,1,0
16696.0,-0.6189280685415077,0.07422339860702587,-1.4923131933435323,-0.6993087653062695,1.321682577597131,-0.5352158833882268,-1.3787746355824586,-0.8039250393948271,1,0
16697.0,-1.0552626048729952,-1.0577180989205999,-1.809251977326945,-1.2109967446221777,1.1888056340020077,-0.07426329780256188,-0.5870572757944853,-0.8039250393948271,1,0
16698.0,-0.9510056802628167,-0.5568260068131017,1.131291514955286,1.7565385573137708,0.27238402723438393,-1.606782133071617,-1.7643485641128949,-0.8039250393948271,1,0
16699.0,0.3155228853719429,0.6548432754922423,-0.5136301625327733,-0.8977716917987242,-0.3286616066615487,-0.07426329780256188,0.15678397263081445,0.42541977181113405,1,0
16700.0,1.7596743596018212,2.1108969658951904,0.6362696266065095,0.33975899303628226,-0.5267168748195045,-0.07426329780256188,1.4896333355954319,0.8791519694958757,1,0
16701.0,1.7635357271799759,2.1575195518147376,1.1437085267741274,0.44426485682321104,-0.9667446952012446,-0.07426329780256188,1.0527699740597574,1.0953505504041956,1,0
16702.0,0.1687909174020622,0.07422339860702587,0.1726983116698862,0.012411230802627144,-0.2860341200454076,0.22741126261658207,0.5599168914235233,0.9153033772197167,1,0
16704.0,-0.8467487556526383,-0.5568260068131017,0.4683128324506772,0.3187845902023079,-0.3499126267982316,0.5055184603984593,0.14085407936492755,-0.8039250393948271,1,0
16705.0,1.7635357271799759,2.732406926993274,1.3851696583673758,1.806233344524224,-0.0181843419853206,1.4081348126143514,1.8325554833653566,1.3943403248614754,1,0
16706.0,-0.757937301355079,-0.20143741171417867,-0.6173675847508863,-0.598807009936659,0.11090511978240941,0.22741126261658207,0.7639385819629544,-0.8039250393948271,1,0
16707.0,-0.1285343861158539,0.07422339860702587,-0.4120589530201283,-0.9395074753324464,-0.48851563471905834,-0.23305906672429438,0.3398428478240282,-0.8039250393948271,1,0
16708.0,-1.0552626048729952,-1.0577180989205999,0.7118246971954237,1.1843794747810512,0.22441142364122987,0.22741126261658207,-0.351053338929104,-0.8039250393948271,1,0
16709.0,1.4391808506149766,1.4313961779209454,0.4987435201268303,1.1686668455928688,0.51014285501883,1.932129182619007,1.3437838207199313,-0.8039250393948271,1,0
16710.0,1.7094765810858095,1.9594399542263008,0.2794959395504273,-0.018196933202985023,-0.4430650127246576,0.40232454155815495,2.0797348264677047,-0.3086790548258932,1,0
16711.0,1.7789811974925949,0.9305040858134475,-0.09728381155187034,0.19982516710613876,0.2648427524022176,-0.23305906672429438,-0.38088803500765217,0.22484244827571642,1,0
16712.0,0.4583934857636688,1.3461657029712149,0.09517248681020817,0.23983955912912067,0.04460356133106636,0.22741126261658207,1.599954138379218,-0.8039250393948271,1,0
16713.0,1.6708629053042618,2.4054184769372653,0.6349572413482967,0.6452568036600206,-0.23695940166168916,1.1608512063238763,2.0797348264677047,1.0184409689048444,1,0
16714.0,0.690075540452954,0.07422339860702587,0.3933776835457602,0.44796290701102204,-0.12970711932908263,2.432880753823806,0.6597526424467606,1.6719867635063792,1,0
16715.0,0.8136393029539063,-0.5568260068131017,1.493750195322517,0.17413647359438522,-1.4255824933606933,-1.1639429167840407,-0.351053338929104,-0.8039250393948271,1,0
16716.0,0.35027519357533565,-0.20143741171417867,0.781605423429752,1.3034413126393902,0.2586905255038324,-0.5988151577868094,-1.3787746355824586,1.1620610054185785,1,0
16717.0,1.6824470080387262,1.4313961779209454,0.4567204539156689,0.7490477155099234,0.10108145842889651,1.1608512063238763,1.5231222191235918,1.3562632318428542,1,0
16718.0,0.35027519357533565,0.29945468039331957,1.0399341092472536,1.072210238326311,-0.31803641686107453,-0.07426329780256188,0.8697110988665433,-0.8039250393948271,1,0
16719.0,1.6940311107731902,1.4313961779209454,0.15835231846435502,-0.11409649323444428,-0.3899355562268553,0.5055184603984593,1.2821312533683489,0.7783074415255873,1,0
16720.0,1.6322492295227142,-0.20143741171417867,0.08620632067135942,-0.050475488600292294,-0.24077657099437583,0.9165653179125207,0.9147619943852421,1.1620610054185785,1,0
16721.0,-1.0552626048729952,-1.0577180989205999,0.1664452688392444,0.08287102639969565,-0.20896010272167534,-0.7231586611558216,-0.1005293110454993,-0.8039250393948271,1,0
16722.0,1.7210606838202736,1.9594399542263008,0.9734613952065676,0.4111668843308411,-0.8268131170861981,0.22741126261658207,1.0036970504436913,0.6326212419203412,1,0
16723.0,1.431458115458667,0.07422339860702587,0.5723620902792934,0.22808547759823505,-0.5546642663201273,2.744916198564831,0.7639385819629544,-0.8039250393948271,1,0
16724.0,-1.0552626048729952,-1.0577180989205999,-0.8151682285397266,-0.8484475233539028,0.11198214578883015,-0.930965887215077,-0.7135169018659211,-0.8039250393948271,1,0
16725.0,0.5819572482646209,1.4313961779209454,-1.128751547504747,-1.0636826035866727,0.31383374317186974,0.22741126261658207,1.4216353061561855,0.42541977181113405,1,0
16726.0,0.43136391271658553,0.6548432754922423,0.2947256677603847,0.10992720589019993,-0.34041705856712273,-0.07426329780256188,1.0313213346555676,-0.8039250393948271,1,0
16727.0,0.19582049044914548,0.07422339860702587,0.6820205209423051,0.3631592953155537,-0.5573677672251183,-0.5602283770286947,1.0736720914128266,-0.8039250393948271,1,0
16728.0,-0.2134844728352585,0.07422339860702587,0.14906121268931743,-0.058152247857421,-0.3254711898334244,-0.07426329780256188,1.3363259173019604,-0.8039250393948271,1,0
16729.0,-0.2714049865075798,1.9045263848297673,0.6747084973564251,0.30670925781234537,-0.5991352445874771,-0.3319664456362507,1.3941728681486907,0.8720795337142916,1,0
16730.0,-0.024277461505675536,-0.20143741171417867,0.8747188091409858,-0.14308417148760133,-1.1438498350491049,-0.6943222153282232,0.46810349267815093,1.1620610054185785,1,0
16731.0,-1.0552626048729952,-1.0577180989205999,-0.16039312693195282,-0.622516031569158,-0.4889215825868312,-0.8464662631382949,-0.03819322927216564,-0.8039250393948271,1,0
16732.0,1.6476946998353332,0.07422339860702587,1.523774499389666,1.884056606628084,-0.11770547619907512,3.399499478022089,1.2618743296985702,1.812324557796002,1,0
16733.0,-1.0552626048729952,-1.0577180989205999,-0.2956177067290469,-0.07887646897743095,0.23388824760964447,-0.8464662631382949,-0.980481634816486,-0.8039250393948271,1,0
16734.0,-0.8158578150274003,-0.20143741171417867,-0.2640776969297914,-0.323989590115126,-0.0705663712890917,0.16253566624592464,0.03817477705094321,-0.8039250393948271,1,0
16735.0,1.46621042366206,1.4313961779209454,0.7879387743273414,0.663092166498336,-0.4051397116785437,-0.07426329780256188,1.1708701012236533,1.5408951706492844,1,0
16736.0,-0.1632866943192467,0.29945468039331957,0.3818700926257948,1.041570777680944,0.5338193752025753,0.22741126261658207,0.822041706347352,1.5675928766263612,1,0
16737.0,0.9680940060800964,-0.5568260068131017,0.7231454948159841,0.5676970502905441,-0.4180279439096241,-2.02650960880903,-2.516040243029759,-0.8039250393948271,1,0
16738.0,-1.0552626048729952,-1.0577180989205999,-3.920369757400348,-5.546574618820355,-0.6009787352185435,-2.1228885995770903,-2.516040243029759,-0.8039250393948271,1,0
16739.0,0.33482972326271665,-0.5568260068131017,0.3046298804906116,0.48576058093190083,0.025168201583364396,-0.23305906672429438,-0.19177478749334104,1.7659550299964637,1,0
16740.0,-1.0552626048729952,-1.0577180989205999,-0.2578782519020756,-0.20422826196259836,0.04656097836777165,-0.3319664456362507,-0.26755450858075713,-0.8039250393948271,1,0
16741.0,-1.0552626048729952,-1.0577180989205999,-0.6435110167174068,-0.6302586867902236,0.11269184566074933,-0.5602283770286947,-1.0461457687241897,-0.8039250393948271,1,0
16742.0,1.558883245537774,1.4313961779209454,0.24921008205585404,-0.4085172641609608,-0.752110952217814,3.9128831082394915,0.15678397263081445,-0.07562038801004557,1,0
16743.0,1.134132811940751,1.4313961779209454,0.6413009614912862,0.13460330836267453,-0.7108304094590835,0.09371390337111857,0.8359465091600137,-0.07562038801004557,1,0
16744.0,-0.4297210572119248,0.6548432754922423,-0.2671907548124939,-0.5294891276198963,-0.27322933473927397,0.20833604805906303,1.257762222211382,-0.8039250393948271,1,0
16745.0,-0.18645489978817523,1.656627459707239,1.0680937708923446,0.5858201436984417,-0.7819867145675724,-0.5602283770286947,1.0203829895905052,-0.18473051374715874,1,0
16746.0,1.7673970947581308,2.732406926993274,0.7060288908090671,0.6080319669184119,-0.3597072069572303,0.22741126261658207,1.811838126673347,0.11192964878978798,1,0
16747.0,-0.9394215775283524,-0.5568260068131017,0.7362054968851426,0.5690986762140527,-0.4320466219373956,-0.3319664456362507,-0.1679944637358899,1.7659550299964637,1,0
16748.0,1.6940311107731902,1.4313961779209454,0.03265472027270477,-0.07819957444054267,-0.20128203355928528,-0.8464662631382949,0.2175794647945466,-0.07562038801004557,1,0
16749.0,-0.5417007169784127,-0.5568260068131017,2.11241334220142,2.8295224010519004,0.09526464439769322,-0.07426329780256188,0.18774476871599804,-0.8039250393948271,1,0
16750.0,-0.32932550017990114,0.29945468039331957,-1.3238359542749025,-1.07368959989556,0.5892811364633995,1.1608512063238763,0.4572375891095386,-0.8039250393948271,1,0
16751.0,-1.0552626048729952,-1.0577180989205999,2.104035694952232,2.532716044297111,-0.2000272134733684,-0.7986379095346742,-0.4440240814723802,-0.8039250393948271,1,0
16752.0,-1.0552626048729952,-1.0577180989205999,-1.0768049265508703,-0.38379279562575713,1.045792677512583,1.932129182619007,-1.195715760389244,-0.8039250393948271,1,0
16753.0,-1.0552626048729952,-1.0577180989205999,0.2681356270811905,-0.28030528042738206,-0.6641911100668187,-0.49273161976031987,-0.1679944637358899,-0.8039250393948271,1,0
16754.0,-0.016554726349366028,2.287676865127367,2.9215126274523238,2.869420196488682,-0.8213261023404113,-1.0222871175758335,-0.07921996423456719,0.7470610093705259,1,0
16755.0,1.323339823270334,0.6548432754922423,0.7139901668319878,0.5571176049115243,-0.4171376426547379,1.1608512063238763,1.340063343930377,1.3562632318428542,1,0
16756.0,0.5896799834209304,0.6548432754922423,-0.40672773871612355,-0.5215921771828891,-0.08841979672032974,1.1608512063238763,0.3398428478240282,1.0320515692003946,1,0
16757.0,-0.7038781552609124,-0.5568260068131017,-0.5305292569807909,-0.9647001278520199,-0.3723346026627193,-1.485945419229041,-0.9196861426527538,-0.8039250393948271,1,0
16758.0,-1.0552626048729952,-1.0577180989205999,0.34526758737755564,0.40047183576732626,-0.1163120315030416,0.09371390337111857,-0.5124273288630706,-0.8039250393948271,1,0
16759.0,-0.9664511505754357,-0.20143741171417867,0.34526758737755564,-0.060238551631197755,-0.5566913611133069,0.22741126261658207,-0.03819322927216564,1.1620610054185785,1,0
16760.0,-1.0552626048729952,-1.0577180989205999,0.14106633547931893,-0.2557633685902974,-0.5010363595517594,-1.485945419229041,-0.7135169018659211,-0.8039250393948271,1,0
16761.0,-1.0552626048729952,-1.0577180989205999,0.9058253373524109,0.19082883371661447,-0.9322266640127043,-1.277214299835045,-0.9196861426527538,-0.8039250393948271,1,0
16762.0,-0.5725916576036507,-0.20143741171417867,0.36110582381446565,0.8142572193766615,0.3044752484300577,1.1608512063238763,0.15678397263081445,-0.8039250393948271,1,0
16763.0,1.0298758873305724,-0.5568260068131017,0.5527745986401271,0.7640425262089506,-0.011207309497243318,0.22741126261658207,0.03817477705094321,1.4608215350480005,1,0
16764.0,-0.5146711439313294,1.3461657029712149,-0.4518340011962152,-0.33348398731024237,0.17136991582096756,-0.07426329780256188,1.3019000105696792,1.2758667980352048,1,0
16765.0,-0.7154622579953767,-0.5568260068131017,0.05769969044045421,-0.25949435542093424,-0.40734019540254074,-0.3319664456362507,0.17241042083090774,-0.8039250393948271,1,0
16766.0,-1.0552626048729952,-0.5568260068131017,0.6453415617959198,0.9982231419758958,0.11321934471304955,-0.5602283770286947,-0.7135169018659211,-0.8039250393948271,1,0
16767.0,1.1071032388936677,1.5111239626986637,1.2638930174884515,0.9134524863258874,-0.714896499572539,-0.23305906672429438,1.3019000105696792,-0.11599345861404298,1,0
16768.0,1.589774186163012,0.9305040858134475,-0.5751482524741476,-0.5049648626928702,0.15461643748356166,-0.07426329780256188,0.7639385819629544,1.5248499756746356,1,0
16769.0,0.7402733189689659,0.07422339860702587,-0.7223852287576065,0.04975881721370908,1.023762807058771,0.5055184603984593,0.4788273542195676,-0.8039250393948271,1,0
16770.0,0.5549276752175377,0.9305040858134475,-0.23746560969601332,-0.4328011941258567,-0.2148774926894501,1.1608512063238763,1.274088407319195,0.8107045800741712,1,0
16771.0,1.636110597100869,1.048245697623346,0.4866734777342726,0.497982052967839,-0.1976927368127842,0.09371390337111857,1.6053691001254513,-0.8039250393948271,1,0
16772.0,0.09542493341712187,-0.20143741171417867,0.47855152845054355,2.052603172085111,1.6462986131224746,0.5055184603984593,0.20279773648307728,1.6204927696584461,1,0
16773.0,1.5550218779596192,-0.20143741171417867,-0.6045283825049639,-0.9138216996405234,-0.23201151396066977,-0.07426329780256188,0.18774476871599804,-0.8039250393948271,1,0
16774.0,1.2383897365509293,0.8003467725008181,-0.43774625719866983,-0.4385245285546372,0.039259628359862964,-0.07426329780256188,0.6068075807745934,0.31649817812236203,1,0
16775.0,0.612848188889859,1.5860167045095306,-0.9666990879806713,-0.6030658219211666,0.6074642266085323,0.3469702689073076,0.9271919856078553,-0.15215647067619234,1,0
16776.0,0.3155228853719429,-0.5568260068131017,0.45637761936463234,0.16174534631412504,-0.4826120874058235,0.09371390337111857,0.7410432245545576,-0.8039250393948271,1,0
16777.0,1.0762122982684297,0.29945468039331957,-0.47249938654325196,-0.06910793814661596,0.4982860195945533,0.22741126261658207,0.8828371985110838,0.7169161657937569,1,0
16778.0,-0.28298908924204413,-0.5568260068131017,-0.45012952334722056,-1.0935424753723906,-0.5841140478512559,-0.49273161976031987,-0.7604075912169913,-0.8039250393948271,1,0
16779.0,1.7789811974925949,3.0138002390211587,0.9876520595305163,1.1082672652481667,-0.21856053798169695,0.3469702689073076,1.5779296283061695,0.5728488388646386,1,0
16780.0,0.13017724162051467,-0.20143741171417867,-0.23645499022123137,-0.4212970132698168,-0.20469396154408098,-0.07426329780256188,0.4462258301354361,-0.8039250393948271,1,0
16781.0,0.0915635658389671,-0.5568260068131017,-0.46125679963733673,0.16864318635656406,0.7627283458435326,0.09371390337111857,-0.12240697358821374,1.4608215350480005,1,0
16782.0,1.7249220513984285,2.6117890580026883,-0.3108839050765308,-0.051740808421691604,0.2854112979532456,0.40232454155815495,2.12964711675233,1.1172059901002778,1,0
16783.0,-1.0552626048729952,-1.0577180989205999,0.10848430937627233,0.48137284002722647,0.28887247897090984,-0.5602283770286947,-0.41184883109283577,-0.8039250393948271,1,0
16784.0,1.2692806771761673,0.29945468039331957,-0.4260439746942218,-0.5821292516587954,-0.12539031200570608,-0.5602283770286947,0.9633903749728084,-0.8039250393948271,1,0
16785.0,-1.0552626048729952,-1.0577180989205999,0.8131556252984493,0.902080616933053,-0.2050173293427979,-0.07426329780256188,-0.14488409814227088,-0.8039250393948271,1,0
16786.0,-1.0552626048729952,-1.0577180989205999,-0.7696412719700645,-2.2577176660849587,-1.1780446268648213,-2.4268885322673364,-2.516040243029759,-0.8039250393948271,1,0
16787.0,0.10700903615158612,0.07422339860702587,-0.23494082399117655,-0.08319066721471324,0.14525850142816168,0.3469702689073076,0.7174904951184494,-0.8039250393948271,1,0
16788.0,1.0569054603776558,0.29945468039331957,0.3128801098140292,0.4747908549355442,0.0026994021962096046,-0.07426329780256188,1.7186155714532017,-0.8039250393948271,1,0
16789.0,-1.0552626048729952,-1.0577180989205999,-1.6309996088557088,-1.6611276216115918,0.36353408652819597,-1.2305367866712973,-1.6147785724478398,-0.8039250393948271,1,0
16790.0,-0.9239761072157334,0.48988501576479315,0.016488552882252216,-0.08979541135684863,-0.19249654978043038,-0.5602283770286947,0.5976414102639861,1.1620610054185785,1,0
16791.0,1.6747242728824165,1.5111239626986637,-0.17805269130531476,-0.02967713362326862,0.1253767027434062,0.09371390337111857,1.8181084531946694,0.7169161657937569,1,0
16792.0,0.5742345131083114,0.29945468039331957,-0.8822968495615611,-1.0747101720787895,-0.03786639655347133,0.40232454155815495,0.6158724655605186,-0.8039250393948271,1,0
16793.0,-1.0552626048729952,-1.0577180989205999,-0.010240456864841438,-0.1644569808853304,-0.23317811075577108,-0.49273161976031987,-0.7604075912169913,-0.8039250393948271,1,0
16794.0,1.3503693963174173,1.5111239626986637,-0.34672751616585845,-0.9236977132787442,-0.5489199889043149,0.22741126261658207,1.431701245033403,0.3685237356790315,1,0
16795.0,0.17265228498021695,-0.20143741171417867,1.0963761950502116,1.25688839803791,-0.20699587545796602,0.40232454155815495,1.6134251098001537,1.6204927696584461,1,0
16796.0,-1.0552626048729952,-1.0577180989205999,0.25086895077007754,0.14271146170008162,-0.2550279090308211,-1.0222871175758335,-0.6691621147691496,-0.8039250393948271,1,0
16797.0,0.2730478420122406,0.29945468039331957,0.22622440975713828,0.38644385177765445,0.024753053219027748,0.22741126261658207,1.566691593306355,1.6968657294740452,1,0
16798.0,-0.37952327869591296,-0.20143741171417867,-0.804884739908499,0.03762717992743065,1.1404865080954811,0.40232454155815495,0.9809077037256301,1.1620610054185785,1,0
16799.0,-0.9741738857317452,-0.5568260068131017,-0.5546391364723908,-0.14151152441040132,0.5351121150427155,-0.07426329780256188,0.5304395744514846,1.4608215350480005,1,0
16800.0,-1.0552626048729952,-1.0577180989205999,1.4033697111887369,2.008267759379131,0.17242931519197124,0.6467390474220279,1.0203829895905052,-0.8039250393948271,1,0
16801.0,-0.630512171275972,0.07422339860702587,-0.17963323581438587,0.5257469351117825,0.7633154847420703,0.6445604725968617,0.4350642467200411,0.9153033772197167,1,0
16802.0,-0.8583328583871026,-0.5568260068131017,0.24213145445992507,0.07744088027964982,-0.3078794984669877,-1.277214299835045,0.10803515400060046,-0.8039250393948271,1,0
16803.0,-1.0552626048729952,-1.0577180989205999,0.5483733758586514,0.2566125370401302,-0.5017805139226921,-1.0222871175758335,-0.4440240814723802,-0.8039250393948271,1,0
16804.0,-0.10150481306877063,-0.20143741171417867,-0.6303605535519127,-0.5844733466274546,0.14420222168429117,-0.07426329780256188,0.2741787139163245,-0.8039250393948271,1,0
16805.0,1.099380503737358,0.29945468039331957,0.45349352392825726,-0.3077218575083082,-0.8778573248102569,0.09725622010391866,1.3173790306579516,-0.8039250393948271,1,0
16806.0,-0.5301166142439484,0.07422339860702587,-0.4781646731909979,-0.4312768811269821,0.10156739526075333,0.6873545789148016,0.38883434171884856,-0.8039250393948271,1,0
16807.0,0.802055200219442,0.48988501576479315,0.520830697797035,0.342643279824848,-0.390044125295012,0.09725622010391866,0.7563775724396483,1.1620610054185785,1,0
16808.0,-0.37952327869591296,-0.5568260068131017,-0.43911521627965006,-0.8776530595075218,-0.39923050112236763,-0.07426329780256188,-0.5488939424337871,-0.8039250393948271,1,0
16809.0,1.1920533256130723,0.9305040858134475,-0.20853323036397042,-0.48969845336865236,-0.3065807991836144,-0.5229139223515364,0.8007323595364199,0.22484244827571642,1,0
16810.0,-0.17487079705371097,-0.5568260068131017,0.25086895077007754,0.5788052744398412,0.1979688753507957,0.22741126261658207,-0.1679944637358899,1.7659550299964637,1,0
16811.0,-1.0050648263569832,-0.5568260068131017,0.5193217964025825,-0.008181071044199071,-0.7017515192413553,-0.09503028911869377,-0.38088803500765217,-0.8039250393948271,1,0
16812.0,-0.9703125181535904,0.07422339860702587,0.6888224236476309,1.0568989777918454,0.11736220722375969,0.22741126261658207,0.6849965950064003,0.9153033772197167,1,0
16813.0,-0.29843455955466314,1.048245697623346,0.03670097177966749,-0.6600878962471813,-0.7388415753283152,-0.3319664456362507,1.441645169524136,-0.8039250393948271,1,0
16814.0,1.2345283689727746,2.5467555217635396,-0.07290301186215248,0.2862812470408967,0.32696190546719295,0.5055184603984593,1.4383439025901936,-0.4868131472132389,1,0
16815.0,-0.7347690958861505,-0.5568260068131017,-0.23041096384971307,-0.39705030416438974,-0.18809225507870672,-0.07426329780256188,0.36470425725432115,-0.8039250393948271,1,0
16816.0,-0.0706138724435326,0.07422339860702587,-0.8229453222569861,-1.316827344699009,-0.3557025078165495,-0.5602283770286947,-0.3222656930578095,-0.8039250393948271,1,0
16817.0,0.6012640861553947,1.3461657029712149,-0.3370167607815221,-0.45449285088466157,-0.1099534526852845,1.1608512063238763,0.7563775724396483,1.2758667980352048,1,0
16818.0,-0.3022959271328179,1.1557353675997408,0.31188341711395373,0.13774418161158702,-0.3344878019780441,0.843979790974327,1.142900446970654,0.6326212419203412,1,0
16819.0,-1.0552626048729952,-0.5568260068131017,-0.16463931602258372,-1.4963345646604622,-1.1759227761763857,-0.07426329780256188,-0.7135169018659211,-0.8039250393948271,1,0
16820.0,-1.0552626048729952,-1.0577180989205999,0.7922244308289941,0.80647628975617,-0.27318047668186207,0.22741126261658207,-0.38088803500765217,-0.8039250393948271,1,0
16821.0,-1.0552626048729952,-1.0577180989205999,-2.561247303420624,-1.203814787339192,2.542470583607159,0.22741126261658207,-1.3787746355824586,-0.8039250393948271,1,0
16822.0,-1.0552626048729952,-1.0577180989205999,0.16015597628249342,-0.5664409627309068,-0.789724651788745,-0.5602283770286947,-1.0461457687241897,1.8596832102061218,1,0
16823.0,0.9140348599859299,0.6548432754922423,0.13370481493432435,0.21743116637560145,-0.029983656052283727,0.40232454155815495,1.0258703928331887,0.42541977181113405,1,0
16824.0,0.4043343396695022,-0.20143741171417867,-0.13525918599176848,-0.25131940925305574,-0.1623843690428843,-0.07426329780256188,-0.1679944637358899,-0.8039250393948271,1,0
16825.0,0.8599757138917633,0.29945468039331957,0.6100904842360174,0.38578821268049374,-0.454685449674194,0.09371390337111857,0.10803515400060046,-0.8039250393948271,1,0
16826.0,-1.0552626048729952,-1.0577180989205999,0.0748933930562603,0.2945811736283801,0.13050525848811295,-0.07426329780256188,-0.5124273288630706,-0.8039250393948271,1,0
16827.0,-0.29843455955466314,0.29945468039331957,-1.8896517109605147,-1.7013338075257365,0.7074889653047332,0.16253566624592464,-1.1175267461574372,-0.8039250393948271,1,0
16828.0,-0.9818966208880547,-0.5568260068131017,-1.7164689775448245,-1.9697253089743567,0.14087871540862207,0.09725622010391866,-1.282149705589571,-0.8039250393948271,1,0
16829.0,-0.15942532674109194,-0.5568260068131017,-0.3397054856465021,-0.09478437379222929,0.2780761819860919,-0.07426329780256188,-0.41184883109283577,-0.8039250393948271,1,0
16830.0,1.6013582888974762,0.07422339860702587,0.18355515637521222,0.1259348987303642,-0.18753836125371373,-0.3319664456362507,0.3523677281481314,0.9153033772197167,1,0
16831.0,-1.0552626048729952,-1.0577180989205999,-1.2021248494409003,-1.488885296311022,-0.046523021150962234,-1.0222871175758335,-1.4883189463764042,-0.8039250393948271,1,0
16832.0,0.002752111541407747,0.29945468039331957,-1.5127560579375117,-1.6164394021099073,0.24321955820773353,0.22741126261658207,-0.6270829566655943,-0.8039250393948271,1,0
16833.0,1.3465080287392623,0.48988501576479315,-0.0077831513347280815,0.5141768291719279,0.49289993715760383,3.399499478022089,0.5883716650135135,-0.8039250393948271,1,0
16834.0,0.6707687025621804,-0.5568260068131017,1.0229822029834894,0.6678974185595732,-0.666079764307251,-0.7831339784253591,0.019738861289862828,-0.8039250393948271,1,0
16835.0,0.6476004970932518,0.48988501576479315,-0.6216813078405886,-0.17039877621716965,0.6009110308713431,-0.07426329780256188,0.26039076371065795,1.6204927696584461,1,0
16836.0,1.0105690494397988,0.07422339860702587,-0.09661761568953293,-0.4640727963369204,-0.41669431802584184,-0.49273161976031987,0.0008790944596697093,-0.8039250393948271,1,0
16837.0,-0.22892994314787754,1.1557353675997408,-0.03948114687458685,0.06319655206387,0.03758025573583357,0.22741126261658207,0.8697110988665433,0.07951852525571697,1,0
16838.0,0.7441346865471207,0.07422339860702587,-0.15827624835256748,0.07087494711456224,0.20760033779448311,2.744916198564831,0.18774476871599804,1.4608215350480005,1,0
16839.0,1.4855172615528336,2.788568957234865,0.5988019331087512,0.7979502654497369,-0.036322696668870794,-0.23305906672429438,0.9271919856078553,0.5165024343610808,1,0
16840.0,-0.7811055068240075,-0.5568260068131017,-0.9914850034061371,-1.8558745467897273,-0.6538542799173953,-0.49273161976031987,-1.195715760389244,1.4608215350480005,1,0
16841.0,1.493239996709143,1.254616278688769,0.7300060518574267,0.2628989177613648,-0.696822424371334,-0.07426329780256188,1.2111139929554766,0.5566200963305212,1,0
16842.0,-0.2752663540857346,-0.20143741171417867,0.4848045712811853,0.5800231874559474,-0.11264301851668082,-0.07426329780256188,0.05620547486057961,1.1620610054185785,1,0
16843.0,1.5974969213193215,2.5129081469136603,1.3803228276883317,0.965437132305295,-0.7928121464493623,1.1608512063238763,1.6423048951364767,0.03966302384925669,1,0
16844.0,-0.9780352533098999,-0.5568260068131017,-0.05161080444145257,0.14959515757146874,0.1464805214187503,-0.49273161976031987,-0.38088803500765217,-0.8039250393948271,1,0
16845.0,-1.0552626048729952,-1.0577180989205999,0.13462774134279293,-0.10959376280260215,-0.35730218529705393,-0.23305906672429438,-0.5870572757944853,-0.8039250393948271,1,0
16846.0,1.2190828986601554,-0.20143741171417867,0.16853362353168144,0.027491664389057976,-0.26619128832790595,-0.5229139223515364,0.09111983872311039,-0.8039250393948271,1,0
16847.0,1.165023752565989,-0.5568260068131017,-0.156163492226772,0.1508128412592831,0.293116382554898,-0.07426329780256188,-0.1005293110454993,-0.8039250393948271,1,0
16848.0,0.4120570748258118,0.07422339860702587,0.30186580274645863,0.3385028172704523,-0.12366996558214952,-0.49273161976031987,0.46810349267815093,-0.8039250393948271,1,0
16849.0,-1.0552626048729952,-1.0577180989205999,-1.598612131292182,-1.0760358832117414,1.0155264015274716,-0.3319664456362507,-1.282149705589571,-0.8039250393948271,1,0
16850.0,-1.0552626048729952,-1.0577180989205999,0.5658721411486638,0.25706301294971245,-0.5213319175204197,-0.8464662631382949,-0.6270829566655943,-0.8039250393948271,1,0
16851.0,-0.8737783286997216,-0.20143741171417867,-0.5265625252207886,-1.1942972430355292,-0.5879816672996124,-1.0222871175758335,-0.7135169018659211,-0.8039250393948271,1,0
16852.0,-0.41427558689930577,-0.5568260068131017,-1.771181406999852,-1.808025444704247,0.4013989993144276,1.1608512063238763,-1.195715760389244,-0.8039250393948271,1,0
16854.0,-0.19417763494448476,-0.5568260068131017,1.3167820245027482,1.280263304573699,-0.45054255477427646,-0.2618344117975608,0.4350642467200411,-0.8039250393948271,1,0
16855.0,-0.9780352533098999,-0.5568260068131017,-0.6303605535519127,-0.7015794000699433,0.018815783675172233,-0.07426329780256188,-0.6270829566655943,-0.8039250393948271,1,0
16856.0,0.59740271857724,-0.20143741171417867,-1.0191860809061732,-1.1323371299465044,0.08504102581279506,-0.5602283770286947,-0.7604075912169913,-0.8039250393948271,1,0
16857.0,-1.0552626048729952,-1.0577180989205999,0.14106633547931893,0.3380977259955003,0.08751463932310327,-0.7231586611558216,-1.0461457687241897,-0.8039250393948271,1,0
16858.0,0.31938425295009765,1.048245697623346,-0.028849831277695092,0.6052003005026443,0.6304685742561328,-0.2618344117975608,0.46810349267815093,1.5675928766263612,1,0
16859.0,0.8792825517825371,0.6548432754922423,0.6585128496422694,0.0043104489308036995,-0.8352046702429805,1.4081348126143514,0.5883716650135135,1.3562632318428542,1,0
16860.0,-0.24437541346049657,-0.20143741171417867,0.37326655881606924,0.9099544171225187,0.3949901169421492,0.22741126261658207,-0.14488409814227088,1.1620610054185785,1,0
16861.0,0.6784914377184899,0.29945468039331957,-0.19308885849037236,-0.5083543178318283,-0.3433397515420118,-0.49273161976031987,-0.0584501529419441,0.7169161657937569,1,0
16862.0,-0.46061199783716283,0.07422339860702587,-0.14984979878548674,-0.6902023405741436,-0.5620970890644358,-0.07426329780256188,-0.1679944637358899,-0.8039250393948271,1,0
16863.0,0.4043343396695022,-0.20143741171417867,0.3988751418341431,0.014283510789306623,-0.5504493341257504,-0.3319664456362507,0.019738861289862828,1.6204927696584461,1,0
16864.0,-0.42199832205561527,-0.5568260068131017,-0.04397063253010862,-0.4027480330398506,-0.42143904597170695,-0.3319664456362507,-0.7135169018659211,-0.8039250393948271,1,0
16865.0,-1.0552626048729952,-1.0577180989205999,0.06804857585446991,-1.0083786171206164,-1.0400830367307243,-1.485945419229041,-0.8101418318588084,-0.8039250393948271,1,0
16866.0,-0.9741738857317452,-0.20143741171417867,-2.1213582369382444,-1.8689939720626099,0.8701020346580411,-0.3319664456362507,-1.1175267461574372,-0.8039250393948271,1,0
16867.0,-1.0552626048729952,-1.0577180989205999,-1.0006403313901333,-1.7306246242459402,-0.5322871329854186,-1.485945419229041,-1.4883189463764042,-0.8039250393948271,1,0
16868.0,-0.2868504568201989,-0.20143741171417867,-1.4313740698885171,-1.00651758910075,0.835624810128994,-0.07426329780256188,0.09111983872311039,-0.8039250393948271,1,0
16869.0,-0.4644733654153176,0.07422339860702587,-0.008396956119264257,-0.3913104180191509,-0.45252450939436595,-0.07426329780256188,0.8007323595364199,0.9153033772197167,1,0
16870.0,-1.0552626048729952,-1.0577180989205999,0.6849408455258915,0.6699565860621108,-0.2744915212908833,-0.49273161976031987,-0.3222656930578095,-0.8039250393948271,1,0
16871.0,-0.09764344549061588,0.48988501576479315,0.3758547904875275,0.72500262044279,0.18538292629950429,0.22741126261658207,0.9210005318717817,0.5566200963305212,1,0
16872.0,0.4352252802947403,0.48988501576479315,0.2144891966583359,-0.4190219488288303,-0.7244745273491354,1.4081348126143514,-0.980481634816486,-0.8039250393948271,1,0
16873.0,1.5086854670217622,1.254616278688769,1.7100731341208466,2.0270135017160946,-0.2096826700878844,2.81112040782775,1.454718971732901,1.3358549073493926,1,0
16874.0,-1.0552626048729952,-1.0577180989205999,-0.6435110167174068,-0.3183401685131947,0.46073518750073583,-0.3319664456362507,-0.2415090281351582,-0.8039250393948271,1,0
16875.0,1.400567174833429,1.1557353675997408,0.27846808544443263,0.45686029804252326,0.029496928825378584,1.1608512063238763,1.0890064392979164,1.7049905445456073,1,0
16876.0,-1.0552626048729952,-1.0577180989205999,0.22146606911288833,-0.9570062098229173,-1.139133289744023,-0.49273161976031987,-0.21626507557551844,-0.8039250393948271,1,0
16877.0,-0.29843455955466314,0.48988501576479315,-0.6954516292924064,-0.8958557692526739,-0.09773981545399849,0.22741126261658207,0.7862122685181961,-0.8039250393948271,1,0
16878.0,-1.0552626048729952,-1.0577180989205999,-2.641647037054194,-4.04200344564326,-0.7406927805739729,-1.606782133071617,-1.947407439306109,1.7659550299964637,1,0
16880.0,0.7325505838126564,0.8003467725008181,-0.2777637668642141,-0.2432571170651028,0.031844513850045775,-0.07426329780256188,0.9147619943852421,-0.8039250393948271,1,0
16881.0,-1.0552626048729952,-1.0577180989205999,1.5174747724440791,0.6138696244412032,-1.1780446268648213,-2.4268885322673364,-2.516040243029759,-0.8039250393948271,1,0
16882.0,-0.08605934275615161,-0.20143741171417867,-0.045240263953801305,-0.21442708960164217,-0.23891294672851604,-0.3319664456362507,-0.0584501529419441,-0.8039250393948271,1,0
16883.0,1.0607668279558105,1.7867847730198683,-1.0768049265508703,-1.1334566256193765,0.1631433322613485,0.40232454155815495,1.0788154545053559,-0.24104402673263767,1,0
16884.0,1.0028463142834891,0.07422339860702587,-0.13319073936380857,-0.033552132424570315,0.06050250148580705,0.40232454155815495,0.3398428478240282,-0.8039250393948271,1,0
16885.0,0.3734433990442642,0.07422339860702587,-0.4838596990124887,-0.594457979245639,-0.06298664047001656,-0.07426329780256188,0.8563715573771615,-0.8039250393948271,1,0
16886.0,-1.0552626048729952,-1.0577180989205999,-1.2021248494409003,-0.9771822039490263,0.5202047501699435,-0.7231586611558216,-1.282149705589571,1.7659550299964637,1,0
16887.0,1.6592788025697975,-0.20143741171417867,-0.045240263953801305,-0.3028260323727743,-0.32509856292498784,-0.07426329780256188,0.651162367871365,-0.8039250393948271,1,0
16888.0,0.10700903615158612,-0.20143741171417867,-1.180206933732233,-0.8635613682693807,0.6210054453237348,0.5055184603984593,0.03817477705094321,-0.8039250393948271,1,0
16889.0,0.37730476662241896,0.48988501576479315,0.6507057256423184,0.5813799343548736,-0.3185172476931333,-0.07426329780256188,1.0990723781751348,-0.8039250393948271,1,0
16890.0,-0.645957641588591,-0.20143741171417867,-0.6435110167174068,-1.4406619236827685,-0.6742794437974382,-0.8464662631382949,-0.7135169018659211,-0.8039250393948271,1,0
16891.0,1.7789811974925949,1.1557353675997408,-0.9294738443621855,-0.6878557054104931,0.45324260792143106,0.22741126261658207,1.6874739391001152,-0.8039250393948271,1,0
16892.0,1.7635357271799759,0.6548432754922423,-1.0995858145397426,-1.258357408569369,0.05942353018655372,0.6467390474220279,0.8428115176399747,1.0320515692003946,1,0
16893.0,-1.0166489290914476,-0.5568260068131017,-0.9644736514511453,-1.04009282527181,0.10957772049462904,-0.07426329780256188,0.520373635574267,-0.8039250393948271,1,0
16894.0,-0.9278374747938881,-0.20143741171417867,0.1474669435887154,0.6430449292605694,0.41565121055761467,0.40232454155815495,1.2067387093789805,1.6204927696584461,1,0
16895.0,1.2654193095980126,0.29945468039331957,-0.5718406281812233,-0.27809774348598154,0.4027195633983246,0.22741126261658207,0.9454908199539594,-0.8039250393948271,1,0
16896.0,-1.0552626048729952,-1.0577180989205999,-2.229938773893386,-1.3209186607308452,1.7671931951131639,-0.2618344117975608,-0.6691621147691496,-0.8039250393948271,1,0
16897.0,-1.0012034587788285,-0.5568260068131017,-1.4923131933435323,-0.8712750766424088,1.101407436723852,0.09371390337111857,-0.1005293110454993,1.4608215350480005,1,0
16898.0,1.06848956311212,0.29945468039331957,-0.04473223307225045,-0.5764474059846255,-0.5787561132601817,-0.07426329780256188,1.3548450722418464,0.7169161657937569,1,0
16899.0,0.4506707506073593,0.8003467725008181,-0.3935132035040885,-0.3347430604269021,0.09024094846234161,-0.3319664456362507,0.7094868830885774,-0.8039250393948271,1,0
16900.0,-0.8737783286997216,-0.20143741171417867,0.6836438938738518,0.09782963137157055,-0.7853528859246931,-0.23305906672429438,0.4998634741417061,1.6204927696584461,1,0
16901.0,-1.0552626048729952,-1.0577180989205999,-1.3438346759048645,-0.40517346190975,1.456707879502587,0.40232454155815495,-0.47751296500053947,-0.8039250393948271,1,0
16902.0,-1.0552626048729952,-1.0577180989205999,1.568600556612391,2.4872481886692,0.47553370263161254,0.09371390337111857,0.019738861289862828,-0.8039250393948271,1,0
16903.0,0.4352252802947403,-0.20143741171417867,0.5658721411486638,0.343079062854475,-0.44266754378769374,-0.07426329780256188,1.0203829895905052,1.1620610054185785,1,0
16904.0,0.5163139994359901,1.9045263848297673,-0.15918297630148381,-0.2541547309086613,-0.13469880874791232,1.1608512063238763,1.9885783796716965,-0.8039250393948271,1,0
16905.0,1.7403675217110475,1.656627459707239,-0.2693935980621561,0.02922694493094571,0.31726688535348985,0.22741126261658207,1.1381447019069697,0.6064211416583084,1,0
16906.0,0.8522529787354538,0.6548432754922423,-0.5598759926313738,-0.3872580454930177,0.26275236296892834,0.40232454155815495,1.1799853475140005,-0.8039250393948271,1,0
16907.0,0.8638370814699181,0.9305040858134475,-1.126127052901044,-0.6581315295373418,0.7847541620046541,0.22741126261658207,0.7714305402067275,-0.8039250393948271,1,0
16908.0,-1.0552626048729952,-1.0577180989205999,-0.946832613532547,-0.11652069853976588,1.174184426004476,-1.0222871175758335,-0.5870572757944853,1.7659550299964637,1,0
16909.0,-1.0552626048729952,-1.0577180989205999,1.1717586743566684,0.43612741456184007,-0.9988845654167824,-0.5229139223515364,-0.6691621147691496,1.7659550299964637,1,0
16910.0,-0.7193236255735314,0.8003467725008181,-0.30768568352883924,-0.5123807640931891,-0.205820133738132,0.22741126261658207,1.644880607538162,-0.8039250393948271,1,0
16911.0,-0.9548670478409714,-0.5568260068131017,-0.6501465109665858,-1.043220236088941,-0.30245908008470684,-0.3319664456362507,-0.26755450858075713,1.4608215350480005,1,0
16912.0,1.6554174349916428,1.5111239626986637,-0.2873286866473402,0.1114907875266502,0.4362621663037629,0.22741126261658207,0.9147619943852421,0.7169161657937569,1,0
16913.0,0.3386910908408714,-0.20143741171417867,-0.707079821294874,-0.9052567969454549,-0.09227162413245094,-0.23305906672429438,-0.6691621147691496,-0.8039250393948271,1,0
16914.0,-1.0552626048729952,-1.0577180989205999,-0.21247832535746608,-0.3775215598758528,-0.19121043054426412,-0.3319664456362507,-0.41184883109283577,-0.8039250393948271,1,0
16915.0,1.1071032388936677,1.1557353675997408,-2.2722817062759515,-0.9150216306119305,2.4062263167784304,1.932129182619007,0.20279773648307728,-0.8039250393948271,1,0
16916.0,0.4583934857636688,0.07422339860702587,0.12326742887355616,-0.2360547615729412,-0.46243421946472224,0.22741126261658207,1.1799853475140005,-0.8039250393948271,1,0
16917.0,0.31938425295009765,-0.5568260068131017,1.0689771418434784,1.6573426464295713,0.24950790825282268,1.3155995981328836,0.05620547486057961,1.4608215350480005,1,0
16918.0,1.5974969213193215,1.5860167045095306,-0.14096783308106708,-0.42817463579040693,-0.3295014310095667,-0.07426329780256188,1.5408285983972705,0.6597416579845705,1,0
16919.0,0.18423638771468123,2.0624455833410726,-0.43911521627965006,-0.3981747152229766,0.08408213826270249,-0.07426329780256188,1.380089024801486,0.5566200963305212,1,0
16920.0,-1.0552626048729952,-1.0577180989205999,-0.6435110167174068,0.34828487122926555,1.275184048213439,0.09371390337111857,-0.47751296500053947,-0.8039250393948271,1,0
16921.0,1.0260145197524178,-0.20143741171417867,-0.4210029437232914,-0.8343489703627156,-0.37989099213576283,0.3469702689073076,0.4998634741417061,-0.8039250393948271,1,0
16922.0,-1.0552626048729952,-1.0577180989205999,0.6965441639156715,1.0863884941408104,0.13864385644198604,0.16253566624592464,0.8630684413097528,-0.8039250393948271,1,0
16923.0,1.512546834599917,2.4054184769372653,0.30687051979058255,0.5692412028796046,0.11098350390093752,0.22741126261658207,1.8936431798869486,1.0184409689048444,1,0
16924.0,-0.8119964474492455,-0.20143741171417867,0.11726897217243137,0.03448196469169495,-0.1953681148800401,-0.5229139223515364,0.4006383399877607,1.1620610054185785,1,0
16925.0,-1.0552626048729952,-1.0577180989205999,-0.19483728743886775,-1.0643445849696664,-0.8310014202530632,-0.49273161976031987,-0.6691621147691496,-0.8039250393948271,1,0
16926.0,-0.4567506302590081,0.29945468039331957,-1.3849732510664312,-0.19615794603992645,1.8053906223329692,1.1608512063238763,0.32712377558849165,0.7169161657937569,1,0
16927.0,-0.10536618064692539,-0.20143741171417867,0.8736300986354448,-0.5692381816517681,-1.4059558971134927,-0.7231586611558216,-1.6147785724478398,-0.8039250393948271,1,0
16928.0,1.2383897365509293,2.287676865127367,-0.5093598062398762,-0.9390216432972394,-0.3733405364270588,1.932129182619007,0.9454908199539594,0.3963234538438099,1,0
16929.0,-0.46833473299347234,0.6548432754922423,-0.11301005369444123,-0.5392756140423047,-0.4673519467369206,-0.5602283770286947,0.15678397263081445,-0.8039250393948271,1,0
16930.0,-0.8930851665904953,-0.20143741171417867,-0.27973309019988574,-1.051470613901084,-0.7329125471287442,-0.49273161976031987,0.09111983872311039,-0.8039250393948271,1,0
16931.0,0.4583934857636688,2.0120160548061623,-0.0028851749443922297,-0.29852685475822605,-0.37206700938444276,-0.07426329780256188,1.9575525244068113,-0.8039250393948271,1,0
16932.0,0.9449258006111679,-0.20143741171417867,-0.707079821294874,-0.852564102580008,-0.03769114212428469,0.22741126261658207,0.822041706347352,-0.8039250393948271,1,0
16933.0,1.7596743596018212,0.9305040858134475,0.16574825633359397,0.3406890912838483,0.0570839408642835,0.22741126261658207,1.3173790306579516,1.6862906204510737,1,0
16934.0,1.134132811940751,0.48988501576479315,0.06460990442503267,0.3343562073917785,0.18779212813657012,0.6445604725968617,0.9021407650415885,0.5566200963305212,1,0
16935.0,-0.9008079017468049,-0.20143741171417867,-0.4991942289042235,-0.5892599019447132,-0.037454369405408576,-0.7678395663192259,0.2175794647945466,-0.8039250393948271,1,0
16936.0,0.33482972326271665,-0.5568260068131017,0.16015597628249342,0.00197499562782532,-0.28079376537607226,-0.44035248611375827,0.8630684413097528,-0.8039250393948271,1,0
16937.0,-1.0552626048729952,-1.0577180989205999,-0.16890218959256986,-0.419615565549426,-0.2870877744879074,-0.8464662631382949,0.12460872225127,-0.8039250393948271,1,0
16938.0,1.462349056083905,0.9305040858134475,1.4521668508025054,1.423590940330723,-0.47546936117917676,-0.07426329780256188,2.0887664449481567,0.22484244827571642,1,0
16939.0,-0.4335824247900795,-0.20143741171417867,-0.693140872449229,-0.827293513865943,-0.029737529510319778,0.09371390337111857,-0.07921996423456719,-0.8039250393948271,1,0
16940.0,1.5666059806940835,0.8003467725008181,1.4482990156810411,1.4594957213263025,-0.4379222732712515,0.22741126261658207,1.7463488172151098,1.256310742518105,1,0
16941.0,-1.0552626048729952,-1.0577180989205999,-2.641647037054194,-2.859630758455116,0.49646557329856317,-1.485945419229041,-2.18341137617149,-0.8039250393948271,1,0
16942.0,-0.2250685755697228,0.9305040858134475,-0.529205400894949,-0.3457057144578637,0.2657629893458518,-0.07426329780256188,1.0788154545053559,0.22484244827571642,1,0
16943.0,0.5394822049049186,0.29945468039331957,-1.7200318704932458,-0.0777352917275512,2.56901620635815,3.173312319858016,-0.4440240814723802,1.3056202738679257,1,0
16944.0,-1.0552626048729952,-1.0577180989205999,-1.809251977326945,-1.355031507260895,1.0061588645193127,-0.49273161976031987,-1.3787746355824586,-0.8039250393948271,1,0
16945.0,1.6824470080387262,2.442297391715952,0.20618553583313617,-0.08225768985540055,-0.4166718696196629,0.09371390337111857,1.383632718113141,-0.1688581408582372,1,0
16946.0,-0.0358615642401398,0.29945468039331957,-0.39825191492031087,-0.16129362138357342,0.2865131943211038,1.1608512063238763,0.4006383399877607,0.7169161657937569,1,0
16947.0,0.5317594697486091,0.29945468039331957,-0.12700895666835094,-0.4960435936117084,-0.41073072628178087,-0.3319664456362507,0.14085407936492755,1.7659550299964637,1,0
16948.0,0.9449258006111679,0.6548432754922423,0.7626390545803748,-1.0810460765370267,-1.5966662933016302,0.843979790974327,-0.5870572757944853,-0.8039250393948271,1,0
16949.0,0.15334544708944317,0.48988501576479315,-0.12018137008315172,-0.33948338481162066,-0.2688796421964135,2.432880753823806,0.24636711066584036,0.5566200963305212,1,0
16950.0,1.369676234208191,1.048245697623346,0.5527745986401271,0.3702705020252201,-0.40191600267101957,0.22741126261658207,0.7862122685181961,0.7169161657937569,1,0
16951.0,-0.39883011658668677,-0.20143741171417867,1.1800026344485115,0.5945540181920204,-0.887077997787562,0.16253566624592464,0.4462258301354361,1.1620610054185785,1,0
16952.0,1.334923926004798,0.29945468039331957,-0.8182723792346294,-0.7388063823381383,0.23612924672837354,-0.07426329780256188,0.4788273542195676,-0.8039250393948271,1,0
16953.0,-1.0552626048729952,-1.0577180989205999,-2.8228840014317678,-3.4663800919639147,0.07360925972680037,-1.7675137489305075,-2.516040243029759,-0.8039250393948271,1,0
16954.0,1.6090810240537858,1.8470577950787128,0.35215922993146476,0.1359002737367254,-0.3845579772608804,-0.07426329780256188,0.5502083316528148,-0.26554355486625114,1,0
16955.0,0.848391611157299,0.48988501576479315,-0.21693377280109097,-0.5271304796908041,-0.33247776996154293,0.22741126261658207,-0.19177478749334104,1.4608215350480005,1,0
16956.0,-1.0552626048729952,-1.0577180989205999,-0.2765838864567547,0.1565324693673108,0.4724103291279838,0.09371390337111857,-0.7604075912169913,1.7659550299964637,1,0
16957.0,-0.8930851665904953,-0.5568260068131017,-0.579297014423793,-0.3784343227563339,0.3000279000082969,-0.3319664456362507,-0.8101418318588084,-0.8039250393948271,1,0
16958.0,-1.0552626048729952,-1.0577180989205999,1.4446854897655141,1.46961048133396,-0.4243050511560656,0.16253566624592464,0.4006383399877607,-0.8039250393948271,1,0
16959.0,-1.0552626048729952,-1.0577180989205999,-1.180206933732233,-1.1568770403673025,0.2827407747269972,-1.0222871175758335,-1.3787746355824586,-0.8039250393948271,1,0
16960.0,1.2963102502232506,0.8003467725008181,0.2702747666392827,-0.10132357686866951,-0.5086549962101834,-0.07426329780256188,1.6850287398948356,0.31649817812236203,1,0
16961.0,0.5510663076393829,-0.20143741171417867,0.09293788266750129,-0.052049326338918095,-0.2506866078654294,0.22741126261658207,0.17241042083090774,1.7659550299964637,1,0
16962.0,-1.0552626048729952,-1.0577180989205999,0.0748933930562603,-0.12489051772452689,-0.29958833420007347,-0.3319664456362507,-0.8101418318588084,-0.8039250393948271,1,0
16963.0,-1.0552626048729952,-1.0577180989205999,-1.5366009722482303,-1.2376586476184408,0.7186412855423285,-1.0222871175758335,-1.3787746355824586,-0.8039250393948271,1,0
16964.0,-1.0552626048729952,-0.5568260068131017,-1.9107183909034815,-1.3212438941407452,1.215990537062688,-0.6387641029231742,-1.4883189463764042,-0.8039250393948271,1,0
16965.0,-1.0552626048729952,-1.0577180989205999,0.734349380217294,-0.42574601174059873,-1.214100217176446,-0.5602283770286947,-0.38088803500765217,-0.8039250393948271,1,0
16966.0,-0.15942532674109194,0.6548432754922423,0.7042113331252393,0.15261681087032708,-0.7616987829142527,-1.4030960559345154,-1.282149705589571,1.3562632318428542,1,0
16967.0,-1.0552626048729952,-1.0577180989205999,0.8801460337042954,0.20110553162766645,-0.8995972365944276,-1.7601883558991351,-0.5488939424337871,-0.8039250393948271,1,0
16968.0,-0.6575417443230553,-0.5568260068131017,0.10848430937627233,-0.3060694084346465,-0.5094361692390074,-0.3319664456362507,-0.2415090281351582,-0.8039250393948271,1,0
16969.0,-0.46833473299347234,-0.20143741171417867,0.6613551355952684,-0.32419850377996656,-1.0838730954041986,0.09725622010391866,0.0008790944596697093,-0.8039250393948271,1,0
16970.0,-1.0552626048729952,-1.0577180989205999,-2.641647037054194,-1.8277748745873097,1.821981648936537,-0.8464662631382949,-2.18341137617149,-0.8039250393948271,1,0
16971.0,-1.0552626048729952,-1.0577180989205999,-0.7696412719700645,0.35500890555337244,1.4922890731603136,2.432880753823806,-0.03819322927216564,1.7659550299964637,1,0
16972.0,-0.7695214040895432,-0.5568260068131017,-0.47249938654325196,0.4854488751923022,1.173071768155035,-0.23305906672429438,0.20279773648307728,-0.8039250393948271,1,0
16973.0,-1.0552626048729952,-1.0577180989205999,-0.9644736514511453,-1.0498698704326281,0.09903409666692944,-1.485945419229041,-1.4883189463764042,-0.8039250393948271,1,0
16974.0,-0.8930851665904953,-0.5568260068131017,-1.5366009722482303,-0.5562992902905601,1.5840662281801021,-0.8464662631382949,-1.6147785724478398,-0.8039250393948271,1,0
16975.0,-0.7386304634643052,-0.20143741171417867,0.3037093034920349,0.15638554606663227,-0.3066130619730106,-0.07426329780256188,0.03817477705094321,1.6204927696584461,1,0
16976.0,-1.0552626048729952,-1.0577180989205999,-0.5546391364723908,-0.1222930844406816,0.5575657515788159,-0.23305906672429438,-2.18341137617149,-0.8039250393948271,1,0
16977.0,-0.14397985642847294,0.07422339860702587,-1.5216365980637432,-1.0822468954179865,0.884795680694128,-0.3319664456362507,-0.41184883109283577,-0.8039250393948271,1,0
16978.0,1.2190828986601554,-0.20143741171417867,-0.47249938654325196,-0.09672847773504091,0.4663643886771792,0.40232454155815495,0.3523677281481314,-0.8039250393948271,1,0
16979.0,0.6707687025621804,0.9305040858134475,0.09665966994607358,0.19567232547975064,-0.003888996590086805,-0.07426329780256188,0.5403834989422175,1.1620610054185785,1,0
16980.0,-0.38724601385222246,-0.20143741171417867,0.9226132921065048,0.7885626222607961,-0.4462492535637701,-0.3319664456362507,0.6248382785842298,-0.8039250393948271,1,0
16982.0,-1.0552626048729952,-1.0577180989205999,0.22741074112491402,0.4536828650033637,0.0945855408703212,-1.1639429167840407,-0.5124273288630706,-0.8039250393948271,1,0
16983.0,0.6205709240461685,1.1557353675997408,0.4235933384874662,0.21557523041261933,-0.39431786423343224,0.22741126261658207,1.0367362964018012,0.07951852525571697,1,0
16984.0,1.083935033424739,0.9305040858134475,1.5033430142140376,2.0008544480044437,0.0297693139917748,1.3155995981328836,2.253661543618486,1.7903603517766764,1,0
16985.0,1.6940311107731902,2.0120160548061623,-0.09531537099143098,0.7428943710991324,0.8977794761432838,3.399499478022089,0.9147619943852421,0.350670924527363,1,0
16986.0,1.431458115458667,1.1557353675997408,0.4839540028897324,0.6525126782438696,-0.03698238408269794,0.40232454155815495,0.3523677281481314,-0.8039250393948271,1,0
16987.0,1.7789811974925949,1.1557353675997408,-0.9341805759429549,-0.24072613893308786,0.9974116628031102,0.5055184603984593,1.0580456432127332,0.07951852525571697,1,0
16988.0,0.3888888693568832,-0.5568260068131017,-0.6703000303320932,-0.4939623344503508,0.29979966462578217,0.09371390337111857,-0.5870572757944853,-0.8039250393948271,1,0
16989.0,-0.5030870411968651,0.48988501576479315,0.3584821225895907,-0.5115356986426007,-0.9427291610209808,-1.0222871175758335,-1.3787746355824586,-0.8039250393948271,1,0
16990.0,-0.2675436189294251,-0.5568260068131017,-0.4174164944150915,-0.6385977737787202,-0.19342867921568357,-1.8794321500245568,-2.516040243029759,-0.8039250393948271,1,0
16991.0,-1.0552626048729952,-1.0577180989205999,1.8196069549466574,1.8129792921458086,-0.5416498668158627,-0.5602283770286947,0.4572375891095386,-0.8039250393948271,1,0
16992.0,1.477794526396524,1.3461657029712149,0.07856125431086604,0.5796112581637679,0.442634677481975,1.932129182619007,1.313536570583899,0.4878572895827382,1,0
16993.0,-0.6189280685415077,-0.5568260068131017,-0.036383888831362024,1.7240392078642424,2.082344410799236,0.22741126261658207,-0.6270829566655943,1.4608215350480005,1,0
16996.0,0.43908664787289503,0.9305040858134475,-0.39497356168357395,-0.20913569982866098,0.22884055479026175,-0.3319664456362507,-0.21626507557551844,1.3820367923862882,1,0
16997.0,-0.9123920044812691,-0.20143741171417867,-0.22140759327582904,-0.22045535143876735,-0.01903812201252675,-1.8163206498761402,-1.3787746355824586,-0.8039250393948271,1,0
16998.0,0.0838408306826576,0.29945468039331957,-2.0807965060958513,-1.6678196312452667,1.0558804373115485,-1.1639429167840407,-2.18341137617149,1.3056202738679257,1,0
16999.0,-0.8583328583871026,-0.5568260068131017,-0.0028851749443922297,-0.1724536822604367,-0.2502138339414705,-0.5602283770286947,-0.5488939424337871,-0.8039250393948271,1,0
17000.0,-1.008926193935138,-0.5568260068131017,0.03670097177966749,-0.4125760135817795,-0.5239546225129087,-1.277214299835045,-0.38088803500765217,-0.8039250393948271,1,0
17001.0,1.354230763895572,1.7867847730198683,0.32406918087690845,0.3253661383892004,-0.1652616451577453,0.22741126261658207,0.7639385819629544,-0.8039250393948271,1,0
17002.0,1.0916577685810487,0.6548432754922423,0.21976159126389466,0.3931693552340258,0.04046373452028562,-0.07426329780256188,0.3398428478240282,0.42541977181113405,1,0
17003.0,-0.3756619111177582,0.07422339860702587,-0.18829515749773748,-0.3835309181586963,-0.22759030594120142,-0.07426329780256188,0.6158724655605186,-0.8039250393948271,1,0
17004.0,0.4043343396695022,0.07422339860702587,0.8379202565604461,1.0756629806783577,-0.06082375979874276,-0.09503028911869377,0.10803515400060046,-0.8039250393948271,1,0
17005.0,-0.599621230650734,-0.5568260068131017,1.0607581636882082,0.40723774873345886,-0.9158311395907391,-0.23305906672429438,-0.8630868935309756,1.4608215350480005,1,0
17006.0,1.416012645146048,0.8003467725008181,-0.775228751759547,-0.4033124741588138,0.5561871341830122,0.09725622010391866,0.7254167763544643,-0.8039250393948271,1,0
17007.0,0.43908664787289503,0.6548432754922423,-0.3916384839642777,-0.7366147364036371,-0.32182451282701346,0.22741126261658207,0.32712377558849165,0.42541977181113405,1,0
17008.0,-1.0552626048729952,-1.0577180989205999,-1.9322022598259123,-1.6518135790288606,0.8349920856864784,-1.3664151374999618,-2.516040243029759,-0.8039250393948271,1,0
17009.0,-1.0552626048729952,-1.0577180989205999,0.8898471409168903,-0.17441807313142113,-1.1775242505397863,-0.5602283770286947,-1.1175267461574372,-0.8039250393948271,1,0
17010.0,-1.0552626048729952,-1.0577180989205999,-0.23948967731245785,-0.46568826598470603,-0.244911908746639,-1.0222871175758335,-1.0461457687241897,1.7659550299964637,1,0
17011.0,1.3426466611611076,-0.20143741171417867,0.6290880753610983,-0.2804266771845304,-1.0237117526470603,-1.0222871175758335,-0.351053338929104,1.1620610054185785,1,0
17012.0,-1.0552626048729952,-1.0577180989205999,0.6453415617959198,0.45403735261450595,-0.4326048191034865,-1.0222871175758335,-0.1679944637358899,-0.8039250393948271,1,0
17014.0,-0.8313032853400193,-0.20143741171417867,-0.6347263539212479,-0.46510902478169486,0.28165565921711005,-0.07426329780256188,0.32712377558849165,1.1620610054185785,1,0
17015.0,-0.4490278951026986,-0.20143741171417867,1.6212596243597899,1.0932999970877542,-0.9304319589227183,-0.3319664456362507,1.1890004242354304,-0.8039250393948271,1,0
17016.0,-1.0552626048729952,-1.0577180989205999,0.7992464613483503,0.9488043118139139,-0.14060916127955816,0.22741126261658207,-0.018424472070835033,-0.8039250393948271,1,0
17017.0,1.7789811974925949,2.287676865127367,0.8506262153471151,0.6191853382874081,-0.5181830453634813,-0.3319664456362507,0.8496195544385344,1.330783639187243,1,0
17018.0,1.6245264943664048,0.48988501576479315,-0.7117662213583644,0.44380298274862084,1.5122467194565574,-0.09503028911869377,-0.38088803500765217,-0.8039250393948271,1,0
17019.0,1.7480902568673569,1.1557353675997408,0.43210591514765107,0.25589742707908775,-0.3663386706148233,-0.07426329780256188,1.7091588243593632,0.6326212419203412,1,0
17020.0,-0.6536803767449005,-0.5568260068131017,1.1567598189501997,0.7223455957266489,-0.7615846186440042,-0.49273161976031987,0.3398428478240282,-0.8039250393948271,1,0
17021.0,-0.4876415708842461,0.48988501576479315,0.12381110211356164,-0.4540809458705545,-0.657326418860816,0.22741126261658207,-0.14488409814227088,-0.8039250393948271,1,0
17022.0,0.4931457939670616,-0.5568260068131017,-0.5305292569807909,-1.0182429602489131,-0.42290507119691867,-0.3319664456362507,-0.7604075912169913,-0.8039250393948271,1,0
17023.0,0.025920317010336275,-0.20143741171417867,0.19532263714636774,-0.042463420613875084,-0.36624242985906236,0.09371390337111857,0.10803515400060046,-0.8039250393948271,1,0
17024.0,-0.6227894361196625,-0.20143741171417867,-1.97649003873061,-2.902455049293646,-0.47207793043855883,-1.9376978457118947,-2.18341137617149,-0.8039250393948271,1,0
17025.0,1.1881919580349174,0.29945468039331957,0.19735618962128842,-0.02620606831657739,-0.35320468864602106,-0.8464662631382949,-0.2415090281351582,-0.8039250393948271,1,0
17026.0,-0.15942532674109194,-0.20143741171417867,-1.5166939930332506,-2.093140113988171,-0.2549037559413553,-0.07426329780256188,-1.7643485641128949,-0.8039250393948271,1,0
17027.0,1.4584876885057503,0.9305040858134475,-0.7614160625358979,-0.8474662930739902,0.0400966748739364,1.4081348126143514,0.8893223210263874,0.22484244827571642,1,0
17028.0,-0.5146711439313294,-0.20143741171417867,0.7130884130374673,0.8956751934669821,-0.08413735207488539,0.22741126261658207,0.5695118981833196,-0.8039250393948271,1,0
17029.0,1.0800736658465844,0.6548432754922423,0.21976159126389466,0.14141331440162863,-0.21760288626850954,-0.5602283770286947,-0.6270829566655943,-0.8039250393948271,1,0
17030.0,-1.0552626048729952,-1.0577180989205999,-0.010240456864841438,-0.8528718083090305,-0.8476292456580468,-0.49273161976031987,-1.0461457687241897,-0.8039250393948271,1,0
17031.0,1.145716914675215,0.48988501576479315,0.6365678287149852,0.7062300833424444,-0.1784025241738186,-1.485945419229041,-0.1679944637358899,-0.8039250393948271,1,0
17032.0,-0.3524937056488297,0.8003467725008181,0.39146820826070705,0.42326429651227077,-0.15225987287118356,1.5670372005081172,1.19347108230788,1.5888608116488376,1,0
17033.0,0.14562271193313367,0.07422339860702587,0.42100394294103044,0.2602836768682912,-0.3488419702909904,-0.07426329780256188,-0.19177478749334104,-0.8039250393948271,1,0
17034.0,0.8638370814699181,0.29945468039331957,-0.05545116217800767,-0.09412753914100014,-0.10509239060895734,0.09725622010391866,0.12460872225127,1.3056202738679257,1,0
17035.0,0.8406688760009895,0.07422339860702587,-0.6336332556648179,-0.7939007662788571,-0.07330175070190972,-0.07426329780256188,-0.2944540898073254,0.9153033772197167,1,0
17036.0,-1.0552626048729952,-1.0577180989205999,-0.7117662213583644,-0.6004686527625429,0.23974560717100682,0.22741126261658207,-0.980481634816486,-0.8039250393948271,1,0
17037.0,-1.0552626048729952,-1.0577180989205999,1.6141275131820543,2.0810295116222237,-0.0322674221483931,-0.49273161976031987,0.46810349267815093,1.7659550299964637,1,0
17038.0,0.43136391271658553,-0.5568260068131017,0.6433231427435289,0.40872249300392677,-0.47210277719862387,-0.07426329780256188,0.3010782951428931,-0.8039250393948271,1,0
17039.0,-1.0552626048729952,-1.0577180989205999,1.667295832212983,2.6724244191087108,0.5459798020630393,0.40232454155815495,0.03817477705094321,-0.8039250393948271,1,0
17040.0,0.5394822049049186,-0.5568260068131017,-0.4781646731909979,-0.23432244602687097,0.3179895807243559,-0.07426329780256188,-0.8101418318588084,-0.8039250393948271,1,0
17041.0,1.161162384987834,0.48988501576479315,0.4459264832928974,0.02866995901935238,-0.5902716268209303,-0.23305906672429438,0.6424811892318264,0.5566200963305212,1,0
17042.0,-0.10922754822508014,0.29945468039331957,0.32269827571552995,-0.3748129455205407,-0.800254933700457,-0.49273161976031987,0.4572375891095386,-0.8039250393948271,1,0
17043.0,1.6399719646790238,0.8003467725008181,0.34526758737755564,0.23501587097495213,-0.28114923348328763,0.22741126261658207,1.157004468737163,-0.8039250393948271,1,0
17044.0,1.6747242728824165,1.254616278688769,1.2686714847127556,1.7536116888511821,0.08097656725218139,0.6873545789148016,0.6337071620011621,1.1620610054185785,1,0
17045.0,0.16492954982390745,0.29945468039331957,-0.9860286636850362,-0.6905834678707765,0.533519074363766,1.1608512063238763,0.03817477705094321,-0.8039250393948271,1,0
17046.0,0.7325505838126564,0.29945468039331957,0.8611409582138224,0.4435553648934445,-0.6836334419364514,-0.5602283770286947,0.4788273542195676,-0.8039250393948271,1,0
17047.0,1.4391808506149766,0.48988501576479315,0.3147050049923802,0.4447133064806219,-0.031109210678287324,-0.07426329780256188,0.807897153777444,-0.8039250393948271,1,0
17048.0,1.1573010174096794,0.6548432754922423,0.037205693783526304,0.09898380501167137,-0.026497333302754847,1.1608512063238763,0.5976414102639861,1.5408951706492844,1,0
17049.0,1.4275967478805123,1.7867847730198683,0.4566302448001026,0.8757169372491199,0.2389191570910864,2.432880753823806,1.6397210702413942,1.1172059901002778,1,0
17050.0,1.2074987959256913,1.1557353675997408,0.44585304278329296,0.5965022779026964,-0.0452435939820811,3.41894622902477,1.2368867007548323,0.07951852525571697,1,0
17051.0,0.6205709240461685,0.07422339860702587,-0.14984979878548674,-0.5875041492800896,-0.4689844173428382,-0.3319664456362507,0.7563775724396483,-0.8039250393948271,1,0
17052.0,-1.0552626048729952,-1.0577180989205999,0.6167361401019108,0.5550830676055218,-0.30258762100696507,-0.09503028911869377,0.4350642467200411,-0.8039250393948271,1,0
17053.0,-1.0552626048729952,-1.0577180989205999,-0.20362195023502777,0.8088562270209383,1.151110444626291,-0.23305906672429438,-0.9196861426527538,1.7659550299964637,1,0
17054.0,-0.2173458404134133,0.29945468039331957,0.09383227672287868,-0.0195109048512898,-0.21967081131495647,1.1608512063238763,0.3398428478240282,0.7169161657937569,1,0
17055.0,-1.0552626048729952,-1.0577180989205999,-0.56689802315073,-0.18858899813102745,0.4984401815693765,-0.3319664456362507,-0.4440240814723802,-0.8039250393948271,1,0
17056.0,-1.0552626048729952,-1.0577180989205999,-1.8487072318595295,-1.0329110531966852,1.4868416730560747,-0.5602283770286947,-1.282149705589571,-0.8039250393948271,1,0
17057.0,-1.0552626048729952,-1.0577180989205999,-0.14357263607961768,0.09339000926822238,0.21191738353991124,-0.07426329780256188,0.10803515400060046,-0.8039250393948271,1,0
17058.0,-0.44516652752454383,-0.20143741171417867,0.3147050049923802,0.4860433634508143,0.012092343330206968,-0.07426329780256188,0.15678397263081445,-0.8039250393948271,1,0
17059.0,1.46621042366206,0.9305040858134475,0.921224175491976,0.9235107516665787,-0.31724234151871894,-0.07426329780256188,1.7209628226282745,0.22484244827571642,1,0
17060.0,-1.0552626048729952,-1.0577180989205999,0.41228984044717715,-0.21906184955023011,-0.7651743140313719,-1.485945419229041,-1.6147785724478398,-0.8039250393948271,1,0
17061.0,-0.441305159946389,1.1557353675997408,-0.06528840508788268,0.7450075871033791,0.8538588055112531,0.16253566624592464,0.24636711066584036,0.07951852525571697,1,0
17062.0,-0.5687302900254959,0.48988501576479315,-0.3084950083912332,-0.8036542470589269,-0.48374618103363975,-0.44035248611375827,0.5403834989422175,0.5566200963305212,1,0
17063.0,1.7133379486639642,1.3461657029712149,-0.009672892149972809,0.023044975132909717,-0.04392498808285958,-0.07426329780256188,1.0313213346555676,1.6820227571486535,1,0
17064.0,-0.016554726349366028,-0.20143741171417867,-0.35480874479920405,0.05457590507902913,0.4689969114356981,-0.07426329780256188,0.18774476871599804,-0.8039250393948271,1,0
17065.0,-1.0552626048729952,-0.5568260068131017,-1.369362910844565,-1.4095883221285326,0.269723639528562,-0.3319664456362507,-1.4883189463764042,1.4608215350480005,1,0
17066.0,-1.0552626048729952,-1.0577180989205999,-0.4953402286603878,-0.25373798593164715,0.32060920121568215,-1.0222871175758335,-0.7135169018659211,-0.8039250393948271,1,0
17067.0,-1.0282330318259119,-0.20143741171417867,-0.3413732798684589,-0.8106628654172462,-0.4519538051232192,-1.277214299835045,-1.282149705589571,-0.8039250393948271,1,0
17068.0,1.2963102502232506,2.868296742012583,-0.4992763778405991,-0.4936323992628683,0.0634193819326187,-0.07426329780256188,1.4482081143348087,-0.33676577668106916,1,0
17069.0,1.6785856404605712,1.4313961779209454,0.4834676642386536,0.4887799452842736,-0.20283197901981706,0.22741126261658207,1.274088407319195,1.4608215350480005,1,0
17070.0,0.08770219826081235,-0.5568260068131017,-0.24864500529645414,-0.28797443748104645,-0.053485119021362326,-0.3319664456362507,0.7174904951184494,-0.8039250393948271,1,0
17071.0,1.477794526396524,1.3461657029712149,0.010564169954211706,0.08254536072700773,-0.008544448165587552,-0.07426329780256188,0.9809077037256301,1.5065143929755396,1,0
17072.0,-1.0552626048729952,-1.0577180989205999,0.42224312060599484,0.03351769325368669,-0.5595520448770654,-0.3319664456362507,-0.5870572757944853,-0.8039250393948271,1,0
17073.0,-0.7000167876827577,0.07422339860702587,0.2724096966710904,0.3713460457463646,-0.051872456307333115,-0.09503028911869377,0.9866646657794853,-0.8039250393948271,1,0
17074.0,-1.0552626048729952,-1.0577180989205999,-2.1742906825194512,-0.413244885340188,2.9385385752440683,-0.07426329780256188,-1.7643485641128949,-0.8039250393948271,1,0
17075.0,1.6785856404605712,1.048245697623346,-0.6743760523879897,-0.27877054273551993,0.5521397747522522,0.40232454155815495,1.047460157943218,0.14676385148134682,1,0
17076.0,1.6438333322571785,0.48988501576479315,-0.5834617025619968,-0.38625034306098727,0.29718605299050915,0.6467390474220279,-0.2415090281351582,-0.8039250393948271,1,0
17077.0,-1.0552626048729952,-1.0577180989205999,-1.5068758271317502,0.1444022919022396,2.4934561311203236,-0.49273161976031987,-2.516040243029759,-0.8039250393948271,1,0
17078.0,-1.0552626048729952,-0.5568260068131017,1.062132324641688,-0.5099189466825456,-1.5009806383062556,-1.606782133071617,-0.3222656930578095,-0.8039250393948271,1,0
17079.0,-1.0552626048729952,-1.0577180989205999,-1.9322022598259123,-1.1402529215599582,1.4882308574868919,-1.0222871175758335,-2.18341137617149,-0.8039250393948271,1,0
17080.0,0.8908666545170013,0.6548432754922423,-0.6397374479469168,-0.9492563313634818,-0.22298997760004147,0.40232454155815495,-0.38088803500765217,0.42541977181113405,1,0
17081.0,1.3773989693645003,0.48988501576479315,-0.8817473940280506,-0.7305458975885261,0.33540769708937096,0.5055184603984593,1.1139434269424622,-0.8039250393948271,1,0
17082.0,1.6129423916319405,0.48988501576479315,1.133865418719474,1.4341706542666899,-0.07561286112074501,2.432880753823806,0.8290235674343082,-0.8039250393948271,1,0
17083.0,1.1032418713155128,0.9305040858134475,0.4183832438563876,0.6694017240953603,0.06767479353696776,-0.23305906672429438,-0.26755450858075713,0.8107045800741712,1,0
17084.0,0.3386910908408714,-0.20143741171417867,2.171619766195033,2.5090102103208083,-0.3065468668832917,0.09371390337111857,1.4896333355954319,1.1620610054185785,1,0
17085.0,1.3001716178014053,2.2457965188165505,-0.14625840264162643,0.03248551273440678,0.14915553319889355,0.40232454155815495,1.85475610256575,0.42541977181113405,1,0
17086.0,-0.8390260204963288,0.48988501576479315,0.8021589461249675,0.2945015000323031,-0.7463524614626296,0.09725622010391866,0.4788273542195676,-0.8039250393948271,1,0
17087.0,-1.0552626048729952,-1.0577180989205999,-0.2860590552236475,-0.2948891700828316,-0.01144668779765148,-0.8464662631382949,-0.980481634816486,-0.8039250393948271,1,0
17088.0,-0.18645489978817523,0.07422339860702587,0.41727789487872474,0.8068663913126787,0.21778527976817297,0.6467390474220279,0.668253897031182,-0.8039250393948271,1,0
17089.0,-1.0552626048729952,-1.0577180989205999,-1.5366009722482303,-1.0344920229525345,0.9678256944346685,-1.0222871175758335,-1.7643485641128949,-0.8039250393948271,1,0
17090.0,0.8908666545170013,1.3461657029712149,-0.3673601493225889,-0.1732520496684795,0.2298850838941816,-0.07426329780256188,0.20279773648307728,0.4878572895827382,1,0
17091.0,1.7287834189765832,1.7867847730198683,0.3131684553114679,0.49422139635416606,0.022733607887250214,0.40232454155815495,1.4216353061561855,0.7625434849144704,1,0
17092.0,1.3580921314737266,1.1557353675997408,0.9201495476534132,0.8363271683762998,-0.3988481338767863,0.22741126261658207,1.5201336412245063,0.9917078520475852,1,0
17093.0,-1.0552626048729952,-1.0577180989205999,-0.2765838864567547,-0.20957746733787178,0.06600872876722574,-0.49273161976031987,-0.9196861426527538,-0.8039250393948271,1,0
17094.0,-0.6652644794793648,-0.5568260068131017,-0.35480874479920405,-0.4263538182798338,-0.05786103204640652,-0.5602283770286947,-0.6691621147691496,1.4608215350480005,1,0
17095.0,1.6554174349916428,0.6548432754922423,0.5356991671385806,0.39353990743379597,-0.35959470230386553,0.22741126261658207,0.778854696993705,1.6516236415683632,1,0
17096.0,1.0298758873305724,1.1557353675997408,-0.03398100871790307,0.2947549907904715,0.2814494841915254,0.22741126261658207,1.0940548473899332,1.5141526126156624,1,0
17097.0,0.59740271857724,0.9305040858134475,-0.8644903548899002,-1.023196179584918,-0.0075493345066419415,0.843979790974327,1.1890004242354304,0.22484244827571642,0,0
17098.0,-0.441305159946389,-0.20143741171417867,-1.3522775195080117,-0.45417286239714977,1.4067494271827183,-0.07426329780256188,-1.1175267461574372,-0.8039250393948271,1,0
17099.0,-1.0552626048729952,-1.0577180989205999,0.8268887191499396,1.0203358962163565,-0.10332919391333285,0.09371390337111857,-0.03819322927216564,-0.8039250393948271,1,0
17100.0,-1.0552626048729952,-0.5568260068131017,1.0784879096957949,0.7739483408476118,-0.6349757821659804,-0.8464662631382949,0.3523677281481314,-0.8039250393948271,1,0
17101.0,1.0298758873305724,0.6548432754922423,0.14014887248364677,0.3585866292407142,0.1107157925823761,0.09371390337111857,0.20279773648307728,-0.8039250393948271,1,0
17102.0,-1.0552626048729952,-1.0577180989205999,-4.232476017011647,-3.199851990777753,3.2878108969232795,-0.07426329780256188,-2.516040243029759,-0.8039250393948271,1,0
17103.0,-1.0552626048729952,-1.0577180989205999,1.2553456468909034,0.5893745301779388,-0.9632578073445739,-0.8464662631382949,-0.21626507557551844,-0.8039250393948271,1,0
17104.0,-1.0552626048729952,-1.0577180989205999,0.0116774588438258,0.7403390334034118,0.7304074061122691,-0.07426329780256188,-0.6270829566655943,-0.8039250393948271,1,0
17105.0,-0.4876415708842461,-0.5568260068131017,0.9231337526239113,0.2590269883256644,-0.8966329712279562,-0.07426329780256188,0.520373635574267,-0.8039250393948271,1,0
17106.0,-1.0552626048729952,-1.0577180989205999,0.061160299204770084,0.7888954748698609,0.7136443880905595,-0.07426329780256188,0.15678397263081445,-0.8039250393948271,1,0
17107.0,1.431458115458667,1.048245697623346,1.765539826852428,2.4054410110496205,0.10881490078619019,0.22741126261658207,1.7840988690930029,1.073874783839221,1,0
17108.0,-1.0552626048729952,-1.0577180989205999,-1.6643837791193108,-0.6155151586284775,1.7250997871911822,-0.7831339784253591,-1.195715760389244,-0.8039250393948271,1,0
17109.0,0.7518574217034302,0.8003467725008181,-0.43228762969445084,-0.7204471804449625,-0.2560174490665709,0.09371390337111857,0.8763004011681347,0.9153033772197167,1,0
17110.0,0.6630459674058709,-0.20143741171417867,-1.216986724695014,-0.6526104586889001,0.9337341764213768,-0.07426329780256188,-0.07921996423456719,-0.8039250393948271,1,0
17111.0,0.4043343396695022,-0.5568260068131017,0.7690837683623672,-0.19575853241474037,-1.0887714524881245,-0.49273161976031987,0.03817477705094321,-0.8039250393948271,1,0
17112.0,-1.0552626048729952,-1.0577180989205999,-0.1026281569786321,-0.39913450409644297,-0.34804761110013727,-0.6943222153282232,0.03817477705094321,-0.8039250393948271,1,0
17113.0,-0.5803143927599602,0.48988501576479315,0.03670097177966749,0.46441250284982705,0.3716549460253104,0.40232454155815495,0.8630684413097528,1.1620610054185785,1,0
17114.0,0.21512732833991927,0.8003467725008181,-1.7948185059804211,-1.3588043961721554,0.978073278558827,0.22741126261658207,0.5695118981833196,0.9153033772197167,1,0
17115.0,1.7480902568673569,0.6548432754922423,-0.16524727340903278,0.4901983701764437,0.6987926469361246,-0.07426329780256188,0.7174904951184494,1.7209480676302453,1,0
17116.0,-1.0552626048729952,-1.0577180989205999,1.056625206584291,0.47381304146682846,-0.8601127393827124,-1.0222871175758335,0.09111983872311039,-0.8039250393948271,1,0
17117.0,-1.0552626048729952,-1.0577180989205999,-0.8307785687615927,-1.1702071595787003,-0.20227452534624882,-0.3319664456362507,-1.195715760389244,-0.8039250393948271,1,0
17118.0,-1.0552626048729952,-1.0577180989205999,0.047251135254671124,-0.7622409524750657,-0.8330580871527656,-1.606782133071617,-1.1175267461574372,-0.8039250393948271,1,0
17119.0,-0.8390260204963288,-0.5568260068131017,0.13462774134279293,0.13303801924840125,-0.11807529250670458,0.09725622010391866,-0.14488409814227088,1.4608215350480005,1,0
17120.0,-1.0552626048729952,-1.0577180989205999,-0.22140759327582904,0.15087922914227248,0.38606738452564876,-0.07426329780256188,-0.6691621147691496,-0.8039250393948271,1,0
17121.0,-1.0552626048729952,-1.0577180989205999,-0.35480874479920405,0.1827243688526627,0.6185364466946781,-0.3319664456362507,-0.980481634816486,-0.8039250393948271,1,0
17122.0,0.4120570748258118,0.07422339860702587,-0.5069435470501669,-0.8926360898336777,-0.33185260939431716,-1.485945419229041,-0.47751296500053947,-0.8039250393948271,1,0
17123.0,0.5317594697486091,-0.20143741171417867,0.4579765878600073,0.22940578075624476,-0.42196197000559005,-0.3319664456362507,-0.1005293110454993,-0.8039250393948271,1,0
17124.0,-1.0552626048729952,-1.0577180989205999,-0.13525918599176848,0.11241368399863645,0.2212807910144427,-0.5602283770286947,-0.2415090281351582,-0.8039250393948271,1,0
17125.0,-1.0552626048729952,-1.0577180989205999,0.734349380217294,-0.08060575614580115,-0.9741491837519923,-0.07426329780256188,-0.1679944637358899,-0.8039250393948271,1,0
17126.0,0.15334544708944317,0.9305040858134475,0.10921908754707946,-0.24360338067045087,-0.45305288527621546,-0.07426329780256188,1.5834914375827365,0.8107045800741712,1,0
17127.0,0.13017724162051467,0.29945468039331957,-0.8307785687615927,-0.23795990894391328,0.8384868618899565,-0.49273161976031987,-0.351053338929104,-0.8039250393948271,1,0
17128.0,-1.0552626048729952,-1.0577180989205999,-0.7117662213583644,-0.7616363420054565,0.06450382446885829,-0.49273161976031987,-0.8630868935309756,-0.8039250393948271,1,0
17129.0,-1.0552626048729952,-1.0577180989205999,-3.4804806909179686,-2.9066044969612057,1.948039721238504,-0.49273161976031987,-2.18341137617149,-0.8039250393948271,1,0
17131.0,-0.7849668744021622,0.29945468039331957,0.31068617594658826,0.7927838328765471,0.351780746832146,0.40232454155815495,0.4998634741417061,-0.8039250393948271,1,0
17132.0,-0.9162533720594239,-0.5568260068131017,1.2981613768211469,1.1417247411413523,-0.554903901713262,0.22741126261658207,0.31420439478743356,-0.8039250393948271,1,0
17133.0,1.3117557205358696,1.254616278688769,1.8848962463696657,2.027474408681318,-0.4208773084242255,-0.619945652967382,-0.5124273288630706,0.02103660903962243,1,0
17134.0,0.24215690138700255,-0.20143741171417867,-1.17299826981697,-0.35229417708797883,1.2416139008942917,-0.3319664456362507,-0.2415090281351582,-0.8039250393948271,1,0
17135.0,1.1186873416281318,1.048245697623346,0.1538300112587326,-0.6240142090030768,-0.829780253272112,2.000618897443466,0.6849965950064003,0.14676385148134682,1,0
17136.0,-1.0552626048729952,-1.0577180989205999,0.5958318338669072,-0.23399971492323832,-0.9585716781647816,-0.8464662631382949,-0.8630868935309756,-0.8039250393948271,1,0
17137.0,-0.04744566697460407,0.48988501576479315,-0.2563339101071679,-0.5110804192484985,-0.2686257145712329,-0.5602283770286947,0.8828371985110838,-0.8039250393948271,1,0
17138.0,0.48156169123259734,0.6548432754922423,0.727427295846015,1.130193202262864,0.14390485590546195,0.6445604725968617,1.3941728681486907,-0.8039250393948271,1,0
17139.0,1.5781900834285476,2.1108969658951904,1.063120643891123,1.4249889622809575,0.007347988683198167,2.744916198564831,1.9234778759654965,0.5213941782751079,1,0
17140.0,-1.0552626048729952,-1.0577180989205999,0.774467898160967,0.7150754312779037,-0.339851028039152,-0.07426329780256188,-0.7604075912169913,-0.8039250393948271,1,0
17141.0,-0.02813882908383029,0.07422339860702587,-0.3248096004571912,-0.5136403427428354,-0.1854544857071348,-0.07426329780256188,0.9633903749728084,-0.8039250393948271,1,0
17142.0,0.6630459674058709,0.07422339860702587,-0.6468236908262536,0.2092609498652577,1.1035113653485455,2.93293348630791,0.4998634741417061,-0.8039250393948271,1,0
17143.0,-0.676848582213829,-0.5568260068131017,0.1216347725417666,0.7054834165400878,0.5251097149658704,0.40232454155815495,0.5403834989422175,-0.8039250393948271,1,0
17144.0,-0.7347690958861505,-0.5568260068131017,0.5328269491498814,0.7918183161853318,0.044427900682379964,0.22741126261658207,0.0008790944596697093,-0.8039250393948271,1,0
17145.0,-0.49150293846240084,0.07422339860702587,1.6004180841088416,1.4194939507486706,-0.6448499197919034,0.22741126261658207,1.123709777120437,1.6719867635063792,1,0
17146.0,1.145716914675215,1.3461657029712149,0.14500963805860204,0.6718546032237294,0.4521663332469496,2.000618897443466,1.1040594070649958,0.8443025417040958,1,0
17147.0,1.5511605103814645,0.9305040858134475,-0.015171828663357064,0.34866780734162245,0.31511579309781756,0.09371390337111857,0.6932415259749206,1.6862906204510737,1,0
17148.0,-1.0552626048729952,-1.0577180989205999,-0.6303605535519127,-1.072669790102119,-0.3550126146180018,-1.485945419229041,-1.195715760389244,-0.8039250393948271,1,0
17149.0,-1.0552626048729952,-1.0577180989205999,-2.229938773893386,-0.8881286259420217,2.365330851382205,-0.5602283770286947,-1.4883189463764042,-0.8039250393948271,1,0
17150.0,0.3232456205282524,0.48988501576479315,-0.8439609900956653,-0.2481836279478758,0.8464732942311798,0.40232454155815495,0.3398428478240282,-0.8039250393948271,1,0
17151.0,-1.0552626048729952,-1.0577180989205999,-1.3438346759048645,-0.23270955291754375,1.6852415299337535,-0.8464662631382949,-1.7643485641128949,-0.8039250393948271,1,0
17152.0,-0.1632866943192467,0.07422339860702587,-0.023233425665867752,0.8241984762279673,0.8856767320350499,-0.8464662631382949,-1.195715760389244,0.9153033772197167,1,0
17153.0,-1.0552626048729952,-1.0577180989205999,-0.37527916205734746,-0.3432811751773324,0.056505677573881766,-0.7986379095346742,-0.8630868935309756,-0.8039250393948271,1,0
17154.0,-1.0552626048729952,-1.0577180989205999,1.2981613768211469,0.24443448326957165,-1.238694383235431,-1.1639429167840407,-0.47751296500053947,-0.8039250393948271,1,0
17155.0,1.7210606838202736,0.6548432754922423,-0.04778399296843987,-1.0446082834649806,-0.9594573827766291,-0.3319664456362507,0.019738861289862828,-0.8039250393948271,1,0
17156.0,-1.0552626048729952,-1.0577180989205999,1.053861128840137,1.0428562568251074,-0.36285496164812686,-1.0222871175758335,-0.0584501529419441,1.7659550299964637,1,0
17157.0,1.7558129920236665,1.7867847730198683,-0.31396309331497607,-0.020079463114285007,0.32520442148854184,-0.07426329780256188,0.4998634741417061,-0.24104402673263767,1,0
17158.0,1.3001716178014053,0.29945468039331957,0.4772965833392685,0.4953711329107922,-0.18850383335714205,-0.07426329780256188,0.4572375891095386,0.7169161657937569,1,0
17159.0,1.354230763895572,0.29945468039331957,0.6517753830400146,0.575235818213406,-0.32572221257912165,-0.07426329780256188,0.8149999143894906,0.7169161657937569,1,0
17160.0,1.6631401701479522,1.656627459707239,1.3059319717773115,1.0626729249361013,-0.6328913611752098,0.09725622010391866,1.3250103761632985,-0.18473051374715874,1,0
17161.0,-1.0552626048729952,-1.0577180989205999,1.397336887889599,1.5458854831628734,-0.2952783953511981,-0.2618344117975608,0.17241042083090774,-0.8039250393948271,1,0
17162.0,0.014336214275872011,1.048245697623346,-0.4163428674816269,-0.6421850604483942,-0.19837384557193952,-0.07426329780256188,0.5304395744514846,0.14676385148134682,1,0
17163.0,1.4700717912402146,0.07422339860702587,-0.11272032210566517,-0.6155539533607615,-0.5371480700674489,-1.0222871175758335,-0.351053338929104,-0.8039250393948271,1,0
17164.0,-0.12467301853769916,0.6548432754922423,0.404404837647616,0.33685690292818365,-0.2544705094212614,0.16253566624592464,0.6337071620011621,0.42541977181113405,1,0
17165.0,0.659184599827716,0.48988501576479315,-0.12427276372308112,0.11315701193517705,0.2068423955590858,-0.07426329780256188,0.48941283948908304,1.1620610054185785,1,0
17166.0,-0.4181369544774605,-0.5568260068131017,-1.4222953564257719,-1.3311026257151655,0.4356795721078946,-0.6943222153282232,-1.0461457687241897,1.4608215350480005,1,0
17167.0,-0.8004123447147813,-0.20143741171417867,-0.032610320060871854,0.0668056461009096,0.03222349237401586,-0.07426329780256188,0.3398428478240282,-0.8039250393948271,1,0
17168.0,-1.0552626048729952,-1.0577180989205999,0.43210591514765107,0.5097378462404093,-0.11655432729452568,-0.07426329780256188,-0.5488939424337871,-0.8039250393948271,1,0
17169.0,0.9565099033456321,-0.20143741171417867,0.44995807443451025,0.4590493966635228,-0.19035860725875245,-0.07426329780256188,0.3398428478240282,1.7659550299964637,1,0
17170.0,-0.9973420912006737,-0.5568260068131017,-0.7117662213583644,-1.525562301764167,-0.6732921257040555,-1.7601883558991351,-1.282149705589571,1.4608215350480005,1,0
17171.0,0.3811661342005737,-0.5568260068131017,-0.29082785379306264,-0.4871653360339974,-0.20190547946366288,-0.07426329780256188,-0.41184883109283577,-0.8039250393948271,1,0
17172.0,1.446903585771286,-0.20143741171417867,1.0919316991672303,0.20040859319889293,-1.0955856622266877,-1.2305367866712973,-0.0584501529419441,1.7659550299964637,1,0
17173.0,-0.5687302900254959,0.8003467725008181,-0.05352928403550804,0.7310971163462042,0.8188017909336911,-0.23305906672429438,-0.12240697358821374,0.31649817812236203,1,0
17174.0,-1.0552626048729952,-1.0577180989205999,-1.369362910844565,-2.063912116342421,-0.4084250658271381,-1.7601883558991351,-1.7643485641128949,-0.8039250393948271,1,0
17175.0,-0.08219797517799686,0.07422339860702587,0.41478673436342506,0.3690847270092685,-0.23564034033772235,1.6109581610597774,0.0008790944596697093,0.9153033772197167,1,0
17176.0,0.7827483623286682,-0.20143741171417867,0.2851317960049527,0.12096023555910113,-0.3182018253736028,-0.3319664456362507,-0.1005293110454993,-0.8039250393948271,1,0
17177.0,-1.0552626048729952,-1.0577180989205999,-1.395506342811086,-1.1322993654620255,0.6283942516933176,0.09371390337111857,-0.2944540898073254,-0.8039250393948271,1,0
17178.0,-1.0552626048729952,-1.0577180989205999,-0.40672773871612355,0.6286391811896465,1.2493481321584399,0.40232454155815495,-0.2415090281351582,-0.8039250393948271,1,0
17179.0,0.4275025451384308,0.48988501576479315,-0.3735584639524269,-0.12397002813339231,0.29329439167920646,-0.3319664456362507,0.46810349267815093,-0.8039250393948271,1,0
17180.0,1.3812603369426553,1.1557353675997408,0.1293312299553123,-0.39906829009222955,-0.6156647100595547,0.09371390337111857,1.2197951715950153,0.9917078520475852,1,0
17181.0,1.022153152174263,-0.20143741171417867,-0.5385064982731448,-1.3296181786623358,-0.6925056341257326,1.3155995981328836,-0.3222656930578095,-0.8039250393948271,1,0
17182.0,0.08770219826081235,-0.5568260068131017,-1.809251977326945,-0.731235415091275,1.821981648936537,-0.8464662631382949,-1.7643485641128949,-0.8039250393948271,1,0
17183.0,-0.676848582213829,0.48988501576479315,0.41228984044717715,0.962268492239857,0.39847618036503135,0.22741126261658207,0.0008790944596697093,1.1620610054185785,1,0
17184.0,-0.4335824247900795,-0.5568260068131017,-1.4923131933435323,-1.384079431433803,0.478022454915233,-0.5602283770286947,-0.8630868935309756,-0.8039250393948271,1,0
17185.0,-1.0282330318259119,-0.20143741171417867,-1.4043627179335254,-1.7350805940843204,-0.034947296075138364,-0.930965887215077,-0.07921996423456719,-0.8039250393948271,1,0
17186.0,-1.0012034587788285,-0.5568260068131017,-0.4174164944150915,-1.8165079559032753,-1.1780446268648213,-2.4268885322673364,-2.516040243029759,-0.8039250393948271,1,0
17187.0,0.10314766857343137,-0.5568260068131017,0.3971865812944752,-0.22129794864371904,-0.7513395928436452,-0.3319664456362507,-0.5488939424337871,-0.8039250393948271,1,0
17188.0,1.7249220513984285,1.3461657029712149,0.3162467530982372,0.34003454814476564,-0.14051230427645786,-0.07426329780256188,0.951500837500856,1.0953505504041956,1,0
17189.0,1.3812603369426553,0.29945468039331957,-0.21425830923128703,-0.49260731555967185,-0.30239559071319616,-0.49273161976031987,0.7094868830885774,-0.8039250393948271,1,0
17190.0,1.2074987959256913,0.6548432754922423,0.8298090437335258,-0.13595387437490722,-1.10029269961221,2.93293348630791,1.0839267715139342,0.42541977181113405,1,0
17191.0,1.6863083756168809,1.5111239626986637,0.0024771811557610327,0.0637867707545861,-0.017480941412805664,0.22741126261658207,1.5080692513565126,-0.11599345861404298,1,0
17192.0,-1.0552626048729952,-1.0577180989205999,-1.247335554754067,-1.7116164320925165,-0.21569360639156926,-0.07426329780256188,-0.5870572757944853,-0.8039250393948271,1,0
17193.0,1.6554174349916428,0.9305040858134475,0.24699430405258882,-0.09472550474873184,-0.4758709553781186,0.22741126261658207,-0.3222656930578095,1.1620610054185785,1,0
17194.0,-0.06289113728722308,-0.20143741171417867,-0.05545116217800767,-0.021682061637756052,-0.030338515218806646,0.4050224433654097,0.24636711066584036,-0.8039250393948271,1,0
17195.0,-1.0552626048729952,-1.0577180989205999,1.2892868903003665,0.9746574700442492,-0.6902765253990236,-1.277214299835045,-0.2415090281351582,-0.8039250393948271,1,0
17196.0,-1.0552626048729952,-1.0577180989205999,0.14106633547931893,0.3384835299352172,0.08792711386548614,-0.3319664456362507,0.5599168914235233,-0.8039250393948271,1,0
17197.0,-1.0552626048729952,-1.0577180989205999,0.2794959395504273,1.775531810995841,1.6122957487530263,-0.3319664456362507,-0.2944540898073254,-0.8039250393948271,1,0
17198.0,0.2884933123248596,-0.20143741171417867,-0.23041096384971307,-0.23952600125923407,-0.027070122344262426,-0.07426329780256188,0.6068075807745934,-0.8039250393948271,1,0
17199.0,-1.0552626048729952,-1.0577180989205999,0.781605423429752,-0.8691245439332597,-1.5047303618107388,-1.7601883558991351,-1.282149705589571,-0.8039250393948271,1,0
17200.0,-0.032000196661985045,0.07422339860702587,-0.5098638716337541,-1.5280201214775717,-0.8843520221092344,-1.0222871175758335,-0.41184883109283577,-0.8039250393948271,1,0
17201.0,1.3156170881140243,0.07422339860702587,0.6483621667942412,0.16431147150193193,-0.6932736594132805,-0.07426329780256188,1.0527699740597574,0.9153033772197167,1,0
17202.0,-1.0552626048729952,-1.0577180989205999,-1.0572566512332655,-0.731235415091275,0.5922136409473624,-1.1639429167840407,-1.282149705589571,-0.8039250393948271,1,0
17203.0,0.3078001502156334,1.048245697623346,1.2311737831532474,0.9615428287520905,-0.6389627283112441,-0.07426329780256188,1.2453007614479012,-0.8039250393948271,1,0
17204.0,0.3811661342005737,0.9305040858134475,0.7474799480961544,1.0876196008771533,0.07113716670974209,0.22741126261658207,0.778854696993705,1.6204927696584461,1,0
17205.0,0.9178962275640846,-0.20143741171417867,1.7417268274644975,0.25995343991109454,-1.542862358776531,-0.49273161976031987,-0.351053338929104,-0.8039250393948271,1,0
17206.0,-1.0552626048729952,-1.0577180989205999,-0.7117662213583644,-0.40530648673144887,0.4602809426665746,-1.277214299835045,-1.3787746355824586,-0.8039250393948271,1,0
17207.0,-1.0552626048729952,-1.0577180989205999,0.5305877328178502,0.13198387930387698,-0.5931878146710501,0.09371390337111857,0.2175794647945466,-0.8039250393948271,1,0
17208.0,-1.0552626048729952,-1.0577180989205999,-0.38566105877315654,-1.1801441946490632,-0.728935707486587,-1.1639429167840407,-0.5488939424337871,-0.8039250393948271,1,0
17209.0,-0.7193236255735314,-0.20143741171417867,0.5424771660862762,-0.40779199899127266,-1.037056401167813,-0.07426329780256188,-0.12240697358821374,-0.8039250393948271,1,0
17210.0,-1.0552626048729952,-1.0577180989205999,0.5395170007362131,-0.1123281192910832,-0.8086621084919324,-1.277214299835045,0.09111983872311039,-0.8039250393948271,1,0
17211.0,1.6476946998353332,1.3461657029712149,0.11962197061426863,0.07254080117313311,-0.16017892036711373,1.4092449345986064,1.3325713856866046,0.4878572895827382,1,0
17212.0,-0.1555639591629372,-0.20143741171417867,0.5365487364284527,-0.052306102435451224,-0.7566582217788163,-0.07426329780256188,-0.2944540898073254,-0.8039250393948271,1,0
17213.0,1.5859128185848572,1.3461657029712149,0.09207719247739614,0.4196132839574579,0.2433412491973453,1.1608512063238763,0.9147619943852421,1.5065143929755396,1,0
17214.0,0.09928630099527662,0.48988501576479315,-1.247335554754067,-0.5906305773756003,1.0595152095079514,2.000618897443466,0.5101826507817058,0.5566200963305212,1,0
17215.0,-1.0552626048729952,-1.0577180989205999,-0.37527916205734746,-0.5312699098253613,-0.13891315826857095,-0.8464662631382949,-1.0461457687241897,-0.8039250393948271,1,0
17216.0,-1.0552626048729952,-1.0577180989205999,-2.022662961337652,-1.9530894018876614,0.6117996652574869,-0.49273161976031987,-0.9196861426527538,-0.8039250393948271,1,0
17217.0,0.43136391271658553,-0.5568260068131017,-1.213252125731016,-1.256760825308394,0.2184025581269329,-0.5602283770286947,-0.351053338929104,-0.8039250393948271,1,0
17218.0,1.5666059806940835,1.7234195042875162,-0.26771046736266096,-0.32500660422387123,-0.06687747410221545,0.09371390337111857,1.441645169524136,-0.8039250393948271,1,0
17219.0,0.43136391271658553,-0.5568260068131017,-0.4838596990124887,-1.0227836923287668,-0.48179297850347447,-0.5229139223515364,0.019738861289862828,-0.8039250393948271,1,0
17220.0,1.5086854670217622,1.9045263848297673,-0.14755392468603035,-0.34559252061789086,-0.24092788838412335,0.22741126261658207,1.848760725874179,-0.8039250393948271,1,0
17221.0,1.2615579420198577,0.29945468039331957,-0.032610320060871854,-0.4632987434256858,-0.49065604647800093,-0.07426329780256188,0.8149999143894906,-0.8039250393948271,1,0
17222.0,1.3889830720989647,0.48988501576479315,-0.026350060753009164,-0.03851732050916705,-0.08575033261280578,0.40232454155815495,0.651162367871365,-0.8039250393948271,1,0
17223.0,-0.804273712292936,-0.20143741171417867,-1.1034295738403082,-0.4782368529846916,0.9702409872661444,1.0150421207218105,0.31420439478743356,-0.8039250393948271,1,0
17224.0,-1.0552626048729952,-1.0577180989205999,-0.8790042827620301,-1.3617163077671293,-0.3306562418333088,1.1608512063238763,-1.282149705589571,-0.8039250393948271,1,0
17225.0,-1.0552626048729952,-1.0577180989205999,-1.5068758271317502,-1.0063109647274773,0.9553943510246591,-0.7231586611558216,-1.6147785724478398,-0.8039250393948271,1,0
17226.0,0.3232456205282524,-0.20143741171417867,0.7118246971954237,0.11763873261612152,-0.7980687623451049,-0.07426329780256188,0.15678397263081445,-0.8039250393948271,1,0
17227.0,1.5511605103814645,1.254616278688769,-0.05416953187216426,-0.765455639127421,-0.731284810874689,-0.5602283770286947,0.26039076371065795,-0.8039250393948271,1,0
17228.0,1.3465080287392623,1.3461657029712149,0.22329867077791338,-0.3228266861701357,-0.6522066065082451,-0.3319664456362507,1.2618743296985702,-0.8039250393948271,1,0
17229.0,-0.8776396962778763,-0.5568260068131017,-0.5011263753236017,-0.7420031781731758,-0.19103913173301063,-0.3319664456362507,-0.0584501529419441,-0.8039250393948271,1,0
17230.0,0.7479960541252754,1.7234195042875162,0.41644814345951975,0.9463008832366079,0.3744177081928483,0.22741126261658207,0.9809077037256301,1.0076700295572323,1,0
17231.0,1.7249220513984285,2.1108969658951904,0.015720210125118678,0.061358033382920486,-0.037427361037361995,0.40232454155815495,2.031418347097046,1.3056202738679257,1,0
17232.0,-1.008926193935138,-0.5568260068131017,-0.40142259402386804,-0.36261288584010337,0.07113385773399741,-0.6943222153282232,-0.26755450858075713,-0.8039250393948271,1,0
17233.0,1.605219656475631,-0.20143741171417867,-0.4246012884075201,-0.5254225290001453,-0.06907960580831435,0.09371390337111857,0.23209955581276964,-0.8039250393948271,1,0
17234.0,-1.0552626048729952,-1.0577180989205999,-1.0572566512332655,-0.8252714235735702,0.48225241565243887,-0.14210498399285518,-0.8630868935309756,-0.8039250393948271,1,0
17235.0,0.9835394763927154,0.8003467725008181,-0.35861764254791906,-0.465601364134715,-0.09336819145183878,0.16253566624592464,0.17241042083090774,-0.8039250393948271,1,0
17236.0,1.3773989693645003,1.254616278688769,-0.8466168051985027,-0.7302083017499927,0.28569981874408895,0.40232454155815495,0.8697110988665433,-0.8039250393948271,1,0
17237.0,0.3734433990442642,0.07422339860702587,-0.3778653371264022,-0.12770999191931914,0.2952045017456306,-0.07426329780256188,0.4788273542195676,-0.8039250393948271,1,0
17238.0,1.7867039326489045,2.4054184769372653,-0.29262157135966,-0.23413723305353884,0.061442927825679304,0.40232454155815495,1.9919543668476887,-0.8039250393948271,1,0
17239.0,-0.22892994314787754,0.07422339860702587,-0.1456609907720557,0.10544238850798777,0.228080030600136,-0.3319664456362507,-0.6691621147691496,1.4608215350480005,1,0
17240.0,-1.0552626048729952,-1.0577180989205999,-0.3347174312149545,-1.012004561434446,-0.6402358243903808,-1.485945419229041,-1.3787746355824586,-0.8039250393948271,1,0
17241.0,0.014336214275872011,1.254616278688769,-0.7684035080848309,-0.2517255100450488,0.7257817924221136,0.09371390337111857,0.822041706347352,-0.8039250393948271,1,0
17242.0,1.1688851201441437,0.29945468039331957,0.7373176445250534,1.01019953352919,0.00292668842307637,-1.1857083812767173,0.03817477705094321,-0.8039250393948271,1,0
17243.0,1.7905653002270592,3.3343878877052617,-0.24425672970321421,0.1130435932009309,0.3759274719469447,0.22741126261658207,1.7440731882218938,0.5182772846455125,1,0
17244.0,1.5704673482722382,0.29945468039331957,0.7072630930214288,0.38515462581550286,-0.5660782713820529,-0.07426329780256188,0.7714305402067275,-0.8039250393948271,1,0
17245.0,0.817500670532061,-0.5568260068131017,0.04374580125937548,-0.5337157598108826,-0.6390090387775791,-0.8464662631382949,-0.4440240814723802,-0.8039250393948271,1,0
17246.0,-0.31388002986728214,-0.5568260068131017,-2.229938773893386,-3.552983856492917,-0.7686126294850408,-0.3319664456362507,-1.4883189463764042,-0.8039250393948271,1,0
17247.0,-1.0552626048729952,-1.0577180989205999,-0.35480874479920405,0.03419275476936456,0.44554906713450554,0.22741126261658207,0.18774476871599804,-0.8039250393948271,1,0
17248.0,0.3386910908408714,-0.5568260068131017,-0.010240456864841438,-0.010445505056380608,-0.07779605442164277,-0.619945652967382,0.5695118981833196,-0.8039250393948271,1,0
17249.0,-1.0552626048729952,-1.0577180989205999,-0.6703000303320932,-1.8928457163125558,-1.0086142041172452,-1.277214299835045,-0.351053338929104,-0.8039250393948271,1,0
17250.0,-0.05902976970906833,-0.5568260068131017,-0.6045283825049639,-0.4874125497719484,0.21453409661417108,0.40232454155815495,0.2175794647945466,-0.8039250393948271,1,0
17251.0,0.34255245841902615,-0.20143741171417867,-0.1660584135796988,-0.02179924840392193,0.11753005902152236,-0.07426329780256188,0.3523677281481314,1.1620610054185785,1,0
17252.0,-0.7849668744021622,-0.5568260068131017,-0.4556788956909168,-0.6002384584728828,-0.10562301773494072,-0.3319664456362507,0.5789959775241094,-0.8039250393948271,1,0
17253.0,-1.0552626048729952,-1.0577180989205999,-1.3188933492444097,-0.5900719879152572,1.1761734523589271,0.16253566624592464,-0.6691621147691496,-0.8039250393948271,1,0
17254.0,0.4777003236544426,-0.20143741171417867,-0.11339648288026441,-0.7631915959818188,-0.6661815455763455,-0.07426329780256188,0.9084756515476784,-0.8039250393948271,1,0
17255.0,0.5124526318578354,0.07422339860702587,0.008055085102181907,-0.4352825468256312,-0.5118238979733192,-0.07426329780256188,1.0990723781751348,-0.8039250393948271,1,0
17256.0,0.848391611157299,0.29945468039331957,-0.9680365443995664,-1.3761868952426746,-0.2343650354493747,-0.8464662631382949,-0.5870572757944853,-0.8039250393948271,1,0
17257.0,-1.0552626048729952,-0.5568260068131017,-0.4838596990124887,-1.4233297428339162,-0.8271632006210216,-0.8464662631382949,-0.8630868935309756,-0.8039250393948271,1,0
17258.0,-0.016554726349366028,-0.5568260068131017,-0.4838596990124887,-0.37628378558378844,0.16889530931729416,-0.7831339784253591,0.07384838550817617,-0.8039250393948271,1,0
17259.0,0.9024507572514656,0.48988501576479315,-0.0016641281889051035,-0.1235731457258709,-0.20334469509202416,0.16253566624592464,1.1754403844982437,-0.8039250393948271,1,0
17260.0,-1.0552626048729952,-1.0577180989205999,-1.97649003873061,-1.1159700927295617,1.5968968460054187,1.1608512063238763,-1.4883189463764042,-0.8039250393948271,1,0
17261.0,-1.0552626048729952,-1.0577180989205999,-0.43911521627965006,-0.24129442919977853,0.2550546616542136,-0.3319664456362507,0.019738861289862828,-0.8039250393948271,1,0
17262.0,1.5395764076470002,1.1557353675997408,-1.0056669037538002,-0.2662304744929512,1.0795596277218609,0.22741126261658207,-0.980481634816486,-0.8039250393948271,1,0
17263.0,-1.0552626048729952,-1.0577180989205999,-1.5068758271317502,-1.9867782789212292,-0.160335929804151,-0.7231586611558216,-0.47751296500053947,-0.8039250393948271,1,0
17264.0,-1.0552626048729952,-1.0577180989205999,0.46593627087003175,0.021601105666337047,-0.6185486414169907,-0.07426329780256188,0.41227490000197986,-0.8039250393948271,1,0
17265.0,-0.8930851665904953,-0.5568260068131017,0.3128801098140292,0.03062078557437644,-0.4368048178202415,-0.09503028911869377,0.7487462269343014,-0.8039250393948271,1,0
17266.0,1.4082899099897386,0.29945468039331957,-1.1502472410139901,-1.3261839473736,0.055737196102568665,-0.3319664456362507,0.6597526424467606,-0.8039250393948271,1,0
17267.0,-1.0552626048729952,-0.5568260068131017,-0.6635405073579279,-0.7468637056351057,0.01535767334511624,-0.5229139223515364,-0.1005293110454993,-0.8039250393948271,1,0
17268.0,1.354230763895572,1.1557353675997408,-0.1619352734996888,-0.7570124775976554,-0.6077382113971944,-0.07426329780256188,-0.38088803500765217,-0.8039250393948271,1,0
17269.0,-1.0552626048729952,-1.0577180989205999,0.8898471409168903,0.9114426144378225,-0.2907085515705634,0.16253566624592464,0.778854696993705,-0.8039250393948271,1,0
17270.0,-0.03972293181829455,-0.5568260068131017,0.3844379043043724,0.12739900595404813,-0.4306663940166194,0.5055184603984593,0.05620547486057961,-0.8039250393948271,1,0
17271.0,-1.0552626048729952,-1.0577180989205999,-0.24864500529645414,-0.36500027567549465,-0.13253022307554188,-0.14210498399285518,0.07384838550817617,-0.8039250393948271,1,0
17272.0,-0.205761737678949,0.07422339860702587,1.1926582427787893,0.9106754652907463,-0.641019697144161,-0.14210498399285518,0.41227490000197986,0.9153033772197167,1,0
17273.0,-1.0552626048729952,-1.0577180989205999,-0.11069436460239296,-0.9070167136924826,-0.7894198444378929,-1.0222871175758335,-0.980481634816486,-0.8039250393948271,1,0
17274.0,0.33482972326271665,-0.5568260068131017,-0.0827211777636523,0.06517295242906951,0.09784703126134751,-0.3319664456362507,0.4788273542195676,-0.8039250393948271,1,0
17275.0,-1.0552626048729952,-1.0577180989205999,-0.7696412719700645,-1.1899177198301518,-0.2981823629069579,0.40232454155815495,-0.47751296500053947,-0.8039250393948271,1,0
17276.0,-1.0552626048729952,-1.0577180989205999,0.2681356270811905,0.8356768132540022,0.461752023266633,0.22741126261658207,0.14085407936492755,1.7659550299964637,1,0
17277.0,-0.6884326849482933,-0.5568260068131017,0.40727874642150824,0.8992568942142822,0.3344234671720196,-0.3319664456362507,0.3768580162303092,-0.8039250393948271,1,0
17278.0,0.19582049044914548,-0.5568260068131017,-0.44460839220636766,-0.9608977098839213,-0.4704204611951937,1.1608512063238763,-0.7135169018659211,-0.8039250393948271,1,0
17279.0,-1.0552626048729952,-1.0577180989205999,-1.2021248494409003,-0.519069812942106,1.07685807156546,0.6445604725968617,-1.282149705589571,-0.8039250393948271,1,0
17280.0,-1.0552626048729952,-1.0577180989205999,-0.7403178672498535,-1.1395693695645692,-0.28523391953087474,-1.606782133071617,-1.4883189463764042,-0.8039250393948271,1,0
17281.0,0.09928630099527662,0.48988501576479315,-1.1765966145012,-0.9875869120887295,0.47028344135292727,-1.277214299835045,-2.18341137617149,-0.8039250393948271,1,0
17282.0,0.5587890427956924,0.29945468039331957,1.2535052733745553,0.7227008115604179,-0.8592082811770241,0.22741126261658207,1.123709777120437,-0.8039250393948271,1,0
17283.0,-1.0552626048729952,-1.0577180989205999,0.20947810263266703,-0.5145227397916811,-0.7979879348207154,-0.3319664456362507,-0.8101418318588084,-0.8039250393948271,1,0
17284.0,0.43136391271658553,0.8003467725008181,0.607900978088775,0.32392124609851036,-0.5087442416846208,3.1162378394888552,1.5552974695031356,1.256310742518105,1,0
17285.0,-0.9201147396375786,-0.5568260068131017,-0.7997793190621191,-0.34080453665495586,0.6668779409373724,-0.07426329780256188,-0.018424472070835033,-0.8039250393948271,1,0
17286.0,0.408195707247657,-0.20143741171417867,-0.18902011571230254,-0.9993385382136653,-0.7842858668250645,-0.49273161976031987,0.6068075807745934,-0.8039250393948271,1,0
17287.0,1.6863083756168809,1.9045263848297673,-0.4735762103812611,-0.5381963931307421,-0.017975041797911685,0.843979790974327,1.5379039474350604,0.11192964878978798,1,0
17288.0,0.43136391271658553,1.1557353675997408,0.05486004963081511,-0.2601167260491643,-0.4045622632989912,0.40232454155815495,1.3906745100710023,-0.8039250393948271,1,0
17289.0,1.3001716178014053,0.9305040858134475,-0.05545116217800767,-0.2377402502147142,-0.24919067474907516,0.40232454155815495,1.274088407319195,0.8107045800741712,1,0
17290.0,1.7365061541328926,0.8003467725008181,-0.0297887321824464,-0.5201546853720641,-0.5453557666227751,-0.07426329780256188,1.197917509052301,-0.8039250393948271,1,0
17291.0,-1.0552626048729952,-1.0577180989205999,-0.7696412719700645,0.9448515990080459,2.292083746203963,-0.5988151577868094,-2.516040243029759,-0.8039250393948271,1,0
17292.0,-0.6420962740104363,-0.5568260068131017,-0.8708163199136619,-0.958352012559041,0.06971877390714182,-0.3319664456362507,-0.8630868935309756,-0.8039250393948271,1,0
17293.0,1.7558129920236665,1.656627459707239,-0.12362995527427886,-0.29192605324224247,-0.21769538654849305,1.7010479979872455,1.0203829895905052,-0.8039250393948271,1,0
17294.0,-1.0552626048729952,-0.5568260068131017,0.008055085102181907,-0.2210654560864184,-0.3110794911643397,-0.07426329780256188,-0.7135169018659211,-0.8039250393948271,1,0
17295.0,-0.9162533720594239,-0.20143741171417867,-0.43911521627965006,-0.5349220447793285,-0.059925035263866784,-0.07426329780256188,0.18774476871599804,-0.8039250393948271,1,0
17296.0,-1.0552626048729952,-1.0577180989205999,0.41228984044717715,0.28028525953206024,-0.3191321089702346,0.22741126261658207,-0.21626507557551844,-0.8039250393948271,1,0
17297.0,-1.0552626048729952,-1.0577180989205999,-0.8466168051985027,-0.9998182536183758,-0.006790467715306515,-0.3319664456362507,0.12460872225127,-0.8039250393948271,1,0
17298.0,1.0298758873305724,0.29945468039331957,0.1588937307326293,-0.4927065906507054,-0.7275561379027743,-0.5602283770286947,0.3010782951428931,0.7169161657937569,1,0
17299.0,0.7595801568597397,0.48988501576479315,0.05885445364445023,-0.6596978232734477,-0.7616362178695777,-0.930965887215077,0.668253897031182,-0.8039250393948271,1,0
17300.0,-0.7038781552609124,-0.5568260068131017,0.49643276328365193,-0.4555753567922713,-1.0297579696276307,-0.44035248611375827,-0.1005293110454993,-0.8039250393948271,1,0
17301.0,1.273142044754322,-0.5568260068131017,-0.2718771548759853,-0.6932173822228426,-0.4242402238858346,-0.2863856841199625,0.7563775724396483,-0.8039250393948271,1,0
17302.0,0.06839536037003857,0.29945468039331957,-0.2671907548124939,-0.2609836256498294,-0.0009019995098795624,-0.07426329780256188,0.38883434171884856,0.7169161657937569,1,0
17303.0,-1.0552626048729952,-1.0577180989205999,-0.025102332118955028,-0.13031776201811468,-0.18052286784493152,0.22741126261658207,0.18774476871599804,-0.8039250393948271,1,0
17304.0,-1.0552626048729952,-1.0577180989205999,-0.7548805010380715,-1.2260816188986652,-0.3512092315070313,-0.49273161976031987,-1.6147785724478398,-0.8039250393948271,1,0
17305.0,-1.0552626048729952,-1.0577180989205999,2.0774306361745225,2.7929056075506438,0.1032052365009755,-0.7831339784253591,-1.195715760389244,-0.8039250393948271,1,0
17306.0,0.4622548533418236,1.9045263848297673,1.611844755372382,0.7165565169338859,-1.1885637759263474,-1.277214299835045,-0.7135169018659211,0.11192964878978798,1,0
17307.0,0.07997946310450284,1.1557353675997408,0.8813265560489916,0.37924575887028383,-0.7586544255173318,-0.6943222153282232,-0.5124273288630706,1.2321901792666519,1,0
17308.0,-0.8274419177618645,-0.5568260068131017,3.09601488453879,2.867761924451594,-0.991058299784016,-2.02650960880903,-1.6147785724478398,-0.8039250393948271,1,0
17309.0,1.176607855300453,-0.20143741171417867,-0.8900185898296007,-1.2419896618624708,-0.19904266724062983,-0.07426329780256188,-0.19177478749334104,-0.8039250393948271,1,0
17310.0,-0.4876415708842461,-0.5568260068131017,0.33457883167858776,0.8467803520558373,0.37871700235207867,-1.606782133071617,-2.516040243029759,-0.8039250393948271,1,0
17311.0,1.2461124717072387,0.48988501576479315,1.2277997742216709,1.0487306870730766,-0.558831179788297,0.22741126261658207,0.8763004011681347,0.5566200963305212,1,0
17312.0,-0.9741738857317452,-0.20143741171417867,-0.18612318494501445,-0.3370241653612428,-0.18397986215887735,-0.5602283770286947,-1.0461457687241897,-0.8039250393948271,1,0
17313.0,-1.0552626048729952,-1.0577180989205999,2.437223796798909,2.911196449853899,-0.24047432294862398,-0.5988151577868094,-0.4440240814723802,1.7659550299964637,1,0
17314.0,1.6940311107731902,1.656627459707239,0.40963979180979515,0.06425786430680397,-0.5177182904191502,0.16253566624592464,1.2659659278362403,1.056965896393169,1,0
17315.0,0.6321550267806327,2.760807072036188,-0.22894019776911234,-0.2771978133291563,-0.0680877787218601,0.22741126261658207,1.8012798892233481,0.4058740023034419,1,0
17316.0,-1.0552626048729952,-1.0577180989205999,-1.2945125495546914,-1.0773411184939614,0.5409229346744426,-0.8464662631382949,-0.14488409814227088,-0.8039250393948271,1,0
17317.0,-0.8892237990123406,-0.20143741171417867,1.0286623202922205,1.5629345641285426,0.2015924928372624,-0.5229139223515364,-1.282149705589571,1.6204927696584461,1,0
17318.0,-1.0552626048729952,-1.0577180989205999,-0.9644736514511453,-0.7009184621574447,0.48957975443136614,-0.3319664456362507,-0.7135169018659211,-0.8039250393948271,1,0
17319.0,-1.0552626048729952,-1.0577180989205999,-2.4863969421307504,-3.0259563898319852,0.07261256583399782,-1.7601883558991351,-1.947407439306109,-0.8039250393948271,1,0
17320.0,1.211360163503846,0.48988501576479315,0.3128801098140292,0.5342707980738576,0.0655034179902048,-0.3319664456362507,0.5789959775241094,-0.8039250393948271,1,0
17321.0,1.1418555470970604,0.48988501576479315,-0.08535443130817555,0.07225473513401075,0.10902016199582874,1.1608512063238763,1.4182523581621846,-0.8039250393948271,1,0
17322.0,0.33482972326271665,0.29945468039331957,-0.16719502963727859,-0.5432267570162178,-0.40743694788615875,-0.3319664456362507,0.8149999143894906,1.3056202738679257,1,0
17323.0,1.5820514510067025,1.254616278688769,-0.2199142689826161,-1.0133970642195196,-0.7638730688165078,-1.0222871175758335,1.123709777120437,0.5566200963305212,1,0
17324.0,1.6631401701479522,1.254616278688769,-0.1875706833955383,-0.5676016123497971,-0.4061878374130436,0.6467390474220279,0.7862122685181961,0.02103660903962243,1,0
17325.0,0.3386910908408714,-0.20143741171417867,0.05422800770922354,-0.41230855661239735,-0.5435994589479841,0.22741126261658207,-0.0584501529419441,-0.8039250393948271,1,0
17326.0,-0.5880371279162697,-0.5568260068131017,-0.7997793190621191,-0.7284934792122617,0.22159920613502965,0.22741126261658207,0.5403834989422175,-0.8039250393948271,1,0
17327.0,-0.4644733654153176,-0.5568260068131017,-1.7164689775448245,-1.740582638716555,0.3981178467905718,-0.3319664456362507,-1.947407439306109,-0.8039250393948271,1,0
17328.0,-1.0552626048729952,-1.0577180989205999,-0.579297014423793,-1.3111975142782284,-0.6322934292097586,-0.8464662631382949,-1.4883189463764042,-0.8039250393948271,1,0
17329.0,1.7326447865547379,0.29945468039331957,-0.574320400524229,-0.42780013481005263,0.23809081387728312,-0.5229139223515364,0.520373635574267,-0.8039250393948271,1,0
17330.0,1.3580921314737266,0.07422339860702587,-1.6814691704558646,-1.295147867492491,0.8756013671983875,1.4081348126143514,-1.3787746355824586,-0.8039250393948271,1,0
17331.0,-1.0552626048729952,-1.0577180989205999,-2.3506074573858613,-0.613576826297161,2.9863778631342695,-0.23305906672429438,-2.516040243029759,-0.8039250393948271,1,0
17332.0,-0.5610075548691864,0.29945468039331957,0.08033832256688096,-0.673330789212733,-0.7949483332467088,0.16253566624592464,0.5403834989422175,-0.8039250393948271,1,0
17333.0,-1.0552626048729952,-1.0577180989205999,1.0086504235269707,0.7972456549104234,-0.537011922392971,-0.8464662631382949,-0.3222656930578095,-0.8039250393948271,1,0
17334.0,-0.6536803767449005,-0.20143741171417867,0.2662306223288089,-0.35645936882152907,-0.72663621660072,-0.07426329780256188,-0.5870572757944853,1.1620610054185785,1,0
17335.0,0.10700903615158612,-0.5568260068131017,-0.3347174312149545,-0.10895117995637722,0.2553259809040811,-0.3319664456362507,-0.1679944637358899,-0.8039250393948271,1,0
17336.0,-1.0552626048729952,-1.0577180989205999,-1.2021248494409003,-1.6557975329212604,-0.21725561824101716,-1.9207421836798164,-2.516040243029759,-0.8039250393948271,1,0
17337.0,-0.441305159946389,0.07422339860702587,0.8277412928108907,0.8318591746117554,-0.29201225125520514,-0.07426329780256188,1.8744300364732087,1.6719867635063792,1,0
17338.0,1.3465080287392623,1.656627459707239,0.9210197435390589,1.2990753456040394,0.06341113926471055,0.09371390337111857,2.1507373200529383,0.6064211416583084,1,0
17339.0,0.5472049400612282,-0.20143741171417867,-1.012968872328568,-1.3626995035111766,-0.16369482276530795,-1.277214299835045,-1.1175267461574372,1.1620610054185785,1,0
17340.0,1.3928444396771196,1.7234195042875162,1.3836958403800776,1.8833082750149819,0.06481835504807922,1.1608512063238763,1.6551033407672682,1.6204927696584461,1,0
17341.0,0.4275025451384308,0.29945468039331957,0.18878953541557195,0.00030073441772855534,-0.31742151371782096,-0.07426329780256188,1.2659659278362403,-0.8039250393948271,1,0
17342.0,0.06453399279188382,0.07422339860702587,-0.13319073936380857,0.1483320473337051,0.258061733953491,1.7010479979872455,-0.2415090281351582,1.6719867635063792,1,0
17343.0,0.4159184424039665,0.48988501576479315,-0.7164729529391348,-0.3675859428751014,0.510853349103403,0.22741126261658207,0.3010782951428931,-0.8039250393948271,1,0
17344.0,1.5781900834285476,-0.5568260068131017,-0.349750927117646,-0.22013588159766082,0.15417769194739356,-0.07426329780256188,0.3398428478240282,1.4608215350480005,1,0
17345.0,1.7365061541328926,1.048245697623346,0.3361888739148109,-0.732773308136091,-1.0837686225967957,0.22741126261658207,1.152330018904625,0.7169161657937569,1,0
17346.0,1.2499738392853936,2.1575195518147376,-0.07787651471899715,-0.43998603432491235,-0.4162724272365883,1.1608512063238763,2.042579930512441,-0.37712618315442337,1,0
17347.0,-1.0552626048729952,-1.0577180989205999,0.41228984044717715,-0.2500523591182686,-0.7905173533493238,-2.222738076020031,-2.516040243029759,-0.8039250393948271,1,0
17348.0,1.3580921314737266,0.9305040858134475,0.803902691361429,-0.00014080921621378268,-0.9793677067317599,0.22741126261658207,1.6652002525448737,-0.8039250393948271,1,0
17349.0,0.690075540452954,0.29945468039331957,0.14106633547931893,-0.6508841636277961,-0.838412317297084,-0.07426329780256188,0.4572375891095386,-0.8039250393948271,1,0
17350.0,1.5241309373343812,0.6548432754922423,0.17714280755286757,-0.014378254401515207,-0.3174149944882689,0.22741126261658207,0.8763004011681347,0.42541977181113405,1,0
17351.0,1.62066512678825,1.254616278688769,-1.6337427201217294,-0.6893557717825131,1.5736026676122759,-0.07426329780256188,0.05620547486057961,-0.8039250393948271,1,0
17352.0,-1.0552626048729952,-1.0577180989205999,-2.41637910521299,-2.735002703058891,0.2964725615579368,-0.8464662631382949,-1.6147785724478398,-0.8039250393948271,1,0
17353.0,0.8561143463136085,0.07422339860702587,1.4073730364978256,1.471394859882511,-0.3785924300556865,-1.606782133071617,-1.3787746355824586,1.6719867635063792,1,0
17354.0,0.4043343396695022,0.07422339860702587,1.5767496752305417,1.4293099066643369,-0.6105256437630561,-0.07426329780256188,0.5695118981833196,-0.8039250393948271,1,0
17355.0,-1.0552626048729952,-1.0577180989205999,0.6000450427648736,0.048197052234871876,-0.7396291164059908,-0.3319664456362507,-0.3222656930578095,-0.8039250393948271,1,0
17356.0,0.40047297209134747,0.29945468039331957,0.24505177904351236,-0.5085264827325774,-0.8292315256067508,-1.1639429167840407,0.4462258301354361,-0.8039250393948271,1,0
17357.0,-1.0552626048729952,-0.5568260068131017,-0.7047441908390081,-0.4746864117807494,0.37075190818418713,0.09371390337111857,-0.018424472070835033,-0.8039250393948271,1,0
17358.0,0.2962160474811691,0.29945468039331957,-0.5497741062223781,-0.6290827307940003,-0.012211223994429136,0.22741126261658207,0.8893223210263874,-0.8039250393948271,1,0
17359.0,1.4044285424115837,-0.5568260068131017,-0.23494082399117655,-0.8963957690953775,-0.649011617071677,-0.07426329780256188,-0.12240697358821374,-0.8039250393948271,1,0
17360.0,0.5549276752175377,0.48988501576479315,-0.35480874479920405,-0.39873726823575417,-0.029161421437607075,0.843979790974327,1.2197951715950153,0.5566200963305212,1,0
17361.0,1.3658148666300363,0.29945468039331957,-0.7033452223308756,-0.6064057099179436,0.22138973395969488,0.09371390337111857,0.15678397263081445,-0.8039250393948271,1,0
17362.0,0.7325505838126564,0.6548432754922423,-0.6780771240493517,-0.8582237797428943,-0.0816380349165717,1.0445209855400752,0.6932415259749206,0.42541977181113405,1,0
17363.0,-1.0282330318259119,-0.20143741171417867,0.180980030723448,0.17787320790227798,-0.13194498144571332,-0.49273161976031987,-0.1679944637358899,-0.8039250393948271,1,0
17364.0,1.7712584623362855,2.2457965188165505,0.64663713673255,0.6109862634255775,-0.284913827727042,3.6193697320164486,2.0362204899372394,0.19745960456124131,1,0
17365.0,1.5086854670217622,1.5111239626986637,1.3974713157353484,0.9387320086783564,-0.8316062516319513,0.22741126261658207,1.8222622024537007,-0.11599345861404298,1,0
17366.0,-0.9625897829972809,-0.5568260068131017,0.5916021991617264,0.9382050571926427,0.12154162468824965,-0.07426329780256188,0.8496195544385344,1.4608215350480005,1,0
17367.0,-1.0552626048729952,-1.0577180989205999,0.018886122759088707,-0.6673056192226319,-0.7261366598397401,-0.49273161976031987,-0.19177478749334104,-0.8039250393948271,1,0
17368.0,1.651556067413488,1.4313961779209454,0.13693162823053376,-0.42118164783725615,-0.6432072650658,0.09371390337111857,1.2453007614479012,0.42541977181113405,1,0
17369.0,-1.0552626048729952,-1.0577180989205999,2.224317003118901,1.7292370604264613,-1.0215112263383108,-2.3444262971695755,-2.516040243029759,-0.8039250393948271,1,0
17370.0,-0.6807099497919838,0.07422339860702587,-0.09462147910482348,-1.2255356611902877,-1.0492593731467872,-0.49273161976031987,-0.2415090281351582,-0.8039250393948271,1,0
17371.0,1.7017538459294999,0.48988501576479315,-1.2207342238537544,-1.2391892759115375,0.2484659798538896,-0.07426329780256188,0.9454908199539594,-0.8039250393948271,1,0
17372.0,1.6322492295227142,2.2457965188165505,-0.8466168051985027,-0.7681158935701223,0.24350147479071757,0.22741126261658207,1.856744864087663,0.19745960456124131,1,0
17373.0,1.2963102502232506,0.6548432754922423,-0.3606181291100461,-0.6803772690794017,-0.30530735218099914,-0.5602283770286947,0.3523677281481314,-0.8039250393948271,1,0
17374.0,-0.37180054353960346,-0.20143741171417867,-1.1238358167215894,-0.17267804106477017,1.3926291503405637,-0.3319664456362507,-0.1679944637358899,1.1620610054185785,1,0
17375.0,-0.15942532674109194,0.07422339860702587,-0.22140759327582904,-0.693854058416744,-0.4837858957467661,-0.07426329780256188,0.48941283948908304,0.9153033772197167,1,0
17376.0,0.690075540452954,0.07422339860702587,-0.946832613532547,-1.2030986653268274,-0.08621816394114348,-0.3319664456362507,-0.018424472070835033,-0.8039250393948271,1,0
17377.0,1.7017538459294999,3.4838069249206765,-0.473949206253507,-0.2598116725422192,0.28349875603360936,0.22741126261658207,2.0233517754565513,0.5566200963305212,1,0
17378.0,-1.0552626048729952,-1.0577180989205999,-4.672365083494027,-4.287089541824056,2.9863778631342695,-0.23305906672429438,-2.516040243029759,1.7659550299964637,1,0
17379.0,-1.0552626048729952,-1.0577180989205999,1.6256254247291242,0.5248301989798179,-1.3195680195405062,-0.930965887215077,0.42374870558137934,-0.8039250393948271,1,0
17380.0,-0.6691258470575195,-0.20143741171417867,-0.6045283825049639,-0.3355486505690712,0.38447286285437177,-1.1639429167840407,-1.6147785724478398,1.1620610054185785,1,0
17381.0,1.0298758873305724,2.6117890580026883,2.201875432404686,1.6991864846606959,-1.0228251434720343,-0.23305906672429438,0.14085407936492755,-0.5023237771513286,1,0
17382.0,0.8908666545170013,0.8003467725008181,-1.0168504504503073,-1.2105767577763473,-0.0013744827720098501,0.09725622010391866,-0.7604075912169913,-0.8039250393948271,1,0
17383.0,0.6784914377184899,-0.5568260068131017,-0.6435110167174068,-0.7798484041326655,-0.04577185348477169,-0.3319664456362507,0.15678397263081445,-0.8039250393948271,1,0
17384.0,0.674630070140335,-0.20143741171417867,-1.3867216800149271,-0.66100741321615,1.1965543617198333,-0.7986379095346742,-0.8101418318588084,-0.8039250393948271,1,0
17385.0,-1.0552626048729952,-1.0577180989205999,0.33457883167858776,-0.07140810114342701,-0.5546429696567461,-0.3319664456362507,0.0008790944596697093,-0.8039250393948271,1,0
17386.0,0.4043343396695022,0.6548432754922423,0.6899288999574401,0.5152536613417139,-0.4279094479022081,-1.277214299835045,-0.21626507557551844,-0.8039250393948271,1,0
17387.0,-1.0012034587788285,-0.5568260068131017,0.6573738469888557,0.4817375770458746,-0.4209258903468651,-0.07426329780256188,0.42374870558137934,-0.8039250393948271,1,0
17388.0,1.462349056083905,1.1557353675997408,0.49580170174706534,-0.1597359017647541,-0.8025155003070917,0.40232454155815495,-0.018424472070835033,-0.8039250393948271,1,0
17389.0,1.7828425650707498,3.1844645222929904,0.7422991789288892,1.6707744045505863,0.7400031530899827,0.09371390337111857,0.32712377558849165,0.957591526073996,1,0
17390.0,-1.0552626048729952,-1.0577180989205999,-1.180206933732233,-0.8306198727046155,0.6601821667462556,-1.0222871175758335,-0.980481634816486,-0.8039250393948271,1,0
17391.0,-1.0514012372948403,-0.5568260068131017,0.5260953871537395,-0.1068114189672084,-0.7905173533493238,-2.222738076020031,-2.18341137617149,-0.8039250393948271,1,0
17392.0,-0.4992256736187104,-0.20143741171417867,0.11726897217243137,-0.37496039192542874,-0.5811027562946302,0.7285893499435366,0.36470425725432115,-0.8039250393948271,1,0
17393.0,-0.7540759337769242,-0.5568260068131017,-0.23041096384971307,-0.49936739527895585,-0.28914943338552,-0.07426329780256188,0.05620547486057961,-0.8039250393948271,1,0
17394.0,-1.0552626048729952,-1.0577180989205999,0.5305877328178502,-0.4077697868837949,-1.0262386536420578,-0.3319664456362507,-1.7643485641128949,-0.8039250393948271,1,0
17395.0,-1.0552626048729952,-1.0577180989205999,-0.8626896906960722,-1.4075078027038528,-0.39424496692514416,-1.277214299835045,-1.947407439306109,-0.8039250393948271,1,0
17396.0,0.49700716154521635,1.4313961779209454,0.12303434262757937,1.0630062466758496,0.952033447943228,0.29175106031440495,-0.2944540898073254,0.42541977181113405,1,0
17397.0,0.46611622091997834,-0.20143741171417867,0.49102177985879064,0.5461999800515364,-0.1548626852086389,0.22741126261658207,0.9271919856078553,-0.8039250393948271,1,0
17398.0,-0.5108097763531746,-0.20143741171417867,-0.3821893760419259,-0.31800735309625483,0.0928286956818289,-0.07426329780256188,-0.26755450858075713,-0.8039250393948271,1,0
17400.0,1.2461124717072387,0.8003467725008181,0.6727206225214484,1.0260854157609192,0.10607559100616351,0.22741126261658207,1.7115332506943035,-0.8039250393948271,1,0
17401.0,-1.0552626048729952,-1.0577180989205999,-1.5671635546334064,-1.1860234769126126,0.8290826311172801,-0.49273161976031987,-1.0461457687241897,-0.8039250393948271,1,0
17402.0,1.7210606838202736,2.0120160548061623,-0.9109154046965087,-0.4231533959717952,0.7374723521709748,1.0150421207218105,0.7410432245545576,0.350670924527363,1,0
17403.0,0.5433435724830734,-0.5568260068131017,-0.45012952334722056,-0.4318701999383554,0.06297631221952432,0.843979790974327,0.05620547486057961,-0.8039250393948271,1,0
17404.0,1.636110597100869,2.0120160548061623,2.9274448777517095,2.755318947718847,-0.9163390329819305,1.162232255027529,0.8893223210263874,0.7911254236755655,0,0
17405.0,-0.4799188357279366,-0.20143741171417867,0.5350615532925883,0.30293432789895625,-0.4438978561198457,0.22741126261658207,0.48941283948908304,1.6204927696584461,1,0
17406.0,0.48928442638890685,1.3461657029712149,-0.03551189955918608,0.2192586780678731,0.20021573082591965,3.399499478022089,1.0580456432127332,1.2758667980352048,1,0
17407.0,-1.0552626048729952,-1.0577180989205999,1.146644128622258,0.9500371911820947,-0.5557341370594109,-0.3319664456362507,-0.47751296500053947,-0.8039250393948271,1,0
17408.0,0.30007741505932384,-0.20143741171417867,-1.0702496200342928,-1.3026570101795352,-0.026915993246649887,-0.07426329780256188,-1.3787746355824586,1.1620610054185785,1,0
17409.0,1.0453213576431915,1.048245697623346,1.1023034161502916,1.417961438352839,-0.05134545226391295,0.09371390337111857,0.14085407936492755,-0.8039250393948271,1,0
17410.0,-0.2868504568201989,0.29945468039331957,-0.19308885849037236,-0.16946201873282557,-0.0031133513449932214,0.22741126261658207,0.24636711066584036,-0.8039250393948271,1,0
17411.0,1.7403675217110475,0.29945468039331957,-0.20715582934570564,0.04803481238304269,0.25052833037193695,-0.3319664456362507,0.4006383399877607,1.6968657294740452,1,0
17412.0,1.7828425650707498,1.5860167045095306,0.08592493046676687,-0.05765587614725458,-0.24749982141475757,3.399499478022089,1.0890064392979164,0.6597416579845705,1,0
17413.0,-0.4181369544774605,-0.5568260068131017,0.026047204387651634,0.023934476142064235,-0.08953596614063919,-0.23305906672429438,-1.1175267461574372,-0.8039250393948271,1,0
17414.0,1.62066512678825,0.48988501576479315,2.1162315829703293,0.42088770992357905,-1.6832345387717094,-2.4268885322673364,-1.4883189463764042,-0.8039250393948271,1,0
17415.0,-1.0552626048729952,-1.0577180989205999,-0.2765838864567547,0.8342020147302813,1.3015224861420926,2.000618897443466,-0.8630868935309756,-0.8039250393948271,1,0
17416.0,1.6322492295227142,1.9594399542263008,1.0746689200304151,1.430052576376335,-0.0025827304702080887,1.932129182619007,1.6601673304645428,0.3869169183580845,1,0
17417.0,-1.0552626048729952,-1.0577180989205999,-0.7117662213583644,-0.701744684558504,0.1288776863252852,-0.5602283770286947,-0.7604075912169913,-0.8039250393948271,1,0
17418.0,0.27690920959039533,-0.20143741171417867,0.17684707361953161,-0.2837490422418832,-0.5667794455245909,-0.5229139223515364,-0.03819322927216564,-0.8039250393948271,1,0
17419.0,1.5395764076470002,1.7234195042875162,0.08995123266641164,0.2891816332416881,0.10423432988380286,2.000618897443466,1.2781196868122275,0.22484244827571642,1,0
17420.0,0.30007741505932384,0.48988501576479315,-0.735506773211427,-0.7458389975880448,0.1137385626300889,0.40232454155815495,0.019738861289862828,1.1620610054185785,1,0
17421.0,0.29235467990301434,-0.20143741171417867,0.6493671691150471,0.3393961651288139,-0.5418593721580515,-0.3319664456362507,0.07384838550817617,-0.8039250393948271,1,0
17422.0,0.9449258006111679,1.1557353675997408,0.8425920999728429,0.23388193976983296,-0.8368563168449049,-0.07426329780256188,1.0258703928331887,1.7049905445456073,1,0
17423.0,0.28463194474670483,-0.20143741171417867,0.6263553285063086,0.41383645509586264,-0.44770200764778206,-0.7231586611558216,-0.0584501529419441,1.6204927696584461,1,0
17425.0,-0.8969465341686501,-0.5568260068131017,0.34792340248039405,0.43772457381743307,-0.08163786713447067,-0.5229139223515364,0.0008790944596697093,-0.8039250393948271,1,0
17426.0,1.462349056083905,1.3461657029712149,1.0757790445488042,1.1091415102796762,-0.32593118600057147,1.1608512063238763,1.441645169524136,1.0953505504041956,1,0
17427.0,-1.0552626048729952,-1.0577180989205999,-1.5671635546334064,-1.3625206879720382,0.616078067602959,-0.6759649812628966,-2.18341137617149,-0.8039250393948271,1,0
17428.0,1.7944266678052139,2.8157206414327223,1.0390616023649684,1.2701271788352058,-0.12118650161916542,1.4081348126143514,1.876371726672014,0.3685237356790315,1,0
17429.0,0.10700903615158612,0.29945468039331957,0.6008857246571738,-0.018378189729924846,-0.795144828786697,-0.23305906672429438,0.520373635574267,1.3056202738679257,1,0
17430.0,0.6707687025621804,0.07422339860702587,-0.2789449318450426,-0.7741936311362506,-0.49090434098394586,-0.3319664456362507,-0.26755450858075713,-0.8039250393948271,1,0
17431.0,-1.0552626048729952,-1.0577180989205999,0.7380584434119645,0.5202457030051648,-0.47925319782858716,-0.5988151577868094,-0.018424472070835033,-0.8039250393948271,1,0
17432.0,1.7171993162421189,0.9305040858134475,-0.28711697820141013,-0.4709900733114824,-0.19042222733984773,0.22741126261658207,1.3173790306579516,-0.8039250393948271,1,0
17433.0,0.0915635658389671,-0.5568260068131017,0.03670097177966749,0.047576619284940766,-0.07906105196590008,0.09371390337111857,0.5304395744514846,-0.8039250393948271,1,0
17434.0,-0.7347690958861505,0.6548432754922423,0.5344235644898886,0.28425322920082463,-0.4604126929118879,0.09371390337111857,0.7014044164687462,1.0320515692003946,1,0
17435.0,-1.0552626048729952,-1.0577180989205999,0.30186580274645863,0.2527158653641716,-0.2098960667194658,0.22741126261658207,-0.8101418318588084,-0.8039250393948271,1,0
17436.0,1.7673970947581308,0.29945468039331957,-1.5186683337559839,-1.2841889411178216,0.6352994664482086,-0.5602283770286947,-1.282149705589571,1.3056202738679257,1,0
17437.0,-1.0552626048729952,-1.0577180989205999,0.7080246935635707,0.4145176823536975,-0.5407420278929624,0.40232454155815495,0.17241042083090774,-0.8039250393948271,1,0
17438.0,0.4429480154510498,0.29945468039331957,-0.3091429032613266,0.04554153003964445,0.3924835008855922,0.09371390337111857,0.12460872225127,0.7169161657937569,1,0
17439.0,-1.0552626048729952,-1.0577180989205999,0.9941267805536043,0.22947541828917928,-0.986519842785172,-0.49273161976031987,-1.282149705589571,-0.8039250393948271,1,0
17440.0,0.4622548533418236,0.07422339860702587,-0.7921659549919348,-1.6595430783871536,-0.7012016778293058,-1.2630078044453297,-1.7643485641128949,1.4608215350480005,1,0
17441.0,-1.0552626048729952,-1.0577180989205999,0.5483733758586514,0.08695849556130446,-0.6518511930424451,-0.7231586611558216,-0.5488939424337871,-0.8039250393948271,1,0
17442.0,1.3619534990518813,1.5111239626986637,0.3763716966806116,0.15335540281362386,-0.39686783904685696,0.16253566624592464,1.2154660653693528,1.500788329424994,1,0
17443.0,-1.0552626048729952,-1.0577180989205999,1.3286625804658059,0.9032543837135286,-0.7905173533493238,-2.222738076020031,-2.516040243029759,-0.8039250393948271,0,0
17444.0,-0.9587284154191262,-0.20143741171417867,1.694212669088816,1.730369355480566,-0.4735753516555973,4.104682152099117,0.9271919856078553,-0.8039250393948271,0,0
17446.0,-0.5378393494002579,-0.5568260068131017,-0.4282116076385533,-2.051638360150433,-1.319222310274269,-1.606782133071617,-1.4883189463764042,-0.8039250393948271,1,0
17447.0,-0.9355602099501976,-0.5568260068131017,0.4394446123148273,-0.022025279864391564,-0.627480248256897,-0.6186133758597899,-0.19177478749334104,-0.8039250393948271,1,0
17448.0,-0.48378020330609134,2.842288372936632,0.5747039724815034,0.1901231999270147,-0.590917386592128,0.16253566624592464,2.1210568421769342,0.5936533549345139,1,0
17449.0,1.7558129920236665,1.3461657029712149,0.30186580274645863,0.44228213457733184,-0.016769784706494605,0.20833604805906303,1.575134519210314,-0.030266317867525,1,0
17450.0,0.6051254537335495,2.9671776531016114,2.619363119062856,3.899050016977171,0.5784876839742085,-0.05548847615720346,1.0036970504436913,0.6993380803309664,1,0
17451.0,-0.6536803767449005,0.6548432754922423,0.1655490276253442,-0.15293999460444307,-0.4348220602408961,-0.3319664456362507,0.5502083316528148,1.3562632318428542,1,0
17453.0,-0.8737783286997216,-0.5568260068131017,-0.3198894109460272,-0.1671359689534301,0.17075276819943833,-0.07426329780256188,-0.6270829566655943,-0.8039250393948271,1,0
17454.0,0.8792825517825371,1.048245697623346,-0.7592876835147091,-0.7816085602097862,0.10766717556709245,-0.07426329780256188,0.6849965950064003,0.14676385148134682,1,0
17455.0,-1.0552626048729952,-1.0577180989205999,-0.8626896906960722,-1.000641015271486,0.013812267992835161,-0.3319664456362507,-1.282149705589571,-0.8039250393948271,1,0
17456.0,-0.7038781552609124,-0.5568260068131017,0.5873560100710945,0.7792934394862251,-0.04070819579154585,0.09371390337111857,0.2741787139163245,-0.8039250393948271,1,0
17457.0,1.2847261474887863,1.4313961779209454,0.2879387831535744,0.5995644978859485,0.16958105859100428,-0.07426329780256188,-0.26755450858075713,1.0320515692003946,1,0
17458.0,0.3579979287316452,-0.5568260068131017,-0.04778399296843987,-0.05237458421886373,-0.07216584758408408,-0.49273161976031987,0.5304395744514846,-0.8039250393948271,1,0
17459.0,-0.9896193560443642,-0.5568260068131017,0.6473562326213597,0.24157999840465783,-0.625927351633281,-0.09503028911869377,0.5976414102639861,-0.8039250393948271,1,0
17460.0,1.2306670013946197,1.5860167045095306,-0.9711637030374771,-0.9683812882632787,0.1969645277889813,-0.07426329780256188,0.6424811892318264,1.1084181315062873,1,0
17461.0,-1.0282330318259119,-0.20143741171417867,0.6385988432134149,-0.11707709283603307,-0.910606365134502,0.09371390337111857,0.733267206846029,-0.8039250393948271,1,0
17462.0,-0.19031626736633,-0.5568260068131017,-0.2813111267366193,0.27913751017869537,0.6225178241030533,-0.07426329780256188,-0.41184883109283577,1.4608215350480005,1,0
17463.0,1.1573010174096794,0.6548432754922423,0.396462107192277,0.38592873328284644,-0.19602241443441265,0.20833604805906303,1.3941728681486907,1.0320515692003946,1,0
17464.0,0.7248278486563469,-0.20143741171417867,0.41893549631307053,0.26211725107765294,-0.34460037170279634,-0.619945652967382,-0.14488409814227088,1.1620610054185785,1,0
17465.0,0.14562271193313367,0.6548432754922423,0.3869996526675594,0.37785733567574253,-0.19217235627475246,0.40232454155815495,0.7254167763544643,1.0320515692003946,1,0
17466.0,-0.7926896095584718,-0.5568260068131017,0.04022910473531481,0.44507607682225353,0.3447900969469487,0.6445604725968617,-0.018424472070835033,-0.8039250393948271,1,0
17467.0,-1.0552626048729952,-1.0577180989205999,-2.1213582369382444,-1.3385930937732862,1.552259976777595,-0.3319664456362507,-1.7643485641128949,-0.8039250393948271,1,0
17468.0,0.35413656115349046,-0.20143741171417867,-0.9410154418059817,-1.9555028816477749,-0.7918780883134693,-2.1228885995770903,-1.282149705589571,-0.8039250393948271,1,0
17469.0,1.6747242728824165,1.656627459707239,-0.09040645142011179,0.10438893687400612,0.15060268339514057,0.22741126261658207,1.1090163026658677,1.056965896393169,1,0
17470.0,0.7364119513908112,1.1557353675997408,0.5627114690581553,-0.19302283963949976,-0.8955341036449274,-0.49273161976031987,0.7862122685181961,-0.8039250393948271,1,0
17471.0,-1.0552626048729952,-1.0577180989205999,0.04022910473531481,0.21227894834851183,0.0890994031371868,-1.0222871175758335,-0.6270829566655943,-0.8039250393948271,1,0
17472.0,0.6321550267806327,0.07422339860702587,-0.05930516242184436,-0.22176305257483261,-0.22862133435963453,-0.49273161976031987,1.19347108230788,-0.8039250393948271,1,0
17473.0,-0.8699169611215668,-0.5568260068131017,-0.09462147910482348,0.13323978300938202,0.18780699847968996,0.22741126261658207,-0.19177478749334104,1.4608215350480005,1,0
17474.0,-1.0552626048729952,-1.0577180989205999,0.3291947018799872,1.8205424924828455,1.5887475878282382,-0.23305906672429438,-1.4883189463764042,-0.8039250393948271,1,0
17475.0,-1.0552626048729952,-1.0577180989205999,0.20343407626114873,-0.47258852093924986,-0.7574357280303189,-1.0222871175758335,-0.8630868935309756,-0.8039250393948271,1,0
17476.0,0.2653251068559311,-0.5568260068131017,-0.2956177067290469,-0.15839289901726988,0.14689289692220273,0.3469702689073076,-0.2944540898073254,1.7659550299964637,1,0
17477.0,-0.9201147396375786,-0.5568260068131017,-0.29082785379306264,0.9966758054825201,1.5367052943656505,-0.07426329780256188,0.03817477705094321,1.8371065454341933,1,0
17478.0,-0.18645489978817523,-0.5568260068131017,0.6042419529416526,1.1417247411413523,0.32768434995411455,-0.3319664456362507,-0.03819322927216564,-0.8039250393948271,1,0
17479.0,-1.0552626048729952,-1.0577180989205999,0.6372452561036686,0.47199524195509696,-0.40632409819105414,-1.0222871175758335,-0.6691621147691496,-0.8039250393948271,1,0
17480.0,0.36185929630979996,-0.5568260068131017,0.7545940714747603,0.6725412863288208,-0.35654336144307786,-0.7231586611558216,0.14085407936492755,1.4608215350480005,1,0
17481.0,-0.7077395228390672,0.07422339860702587,0.6341934962074791,0.17907677708441302,-0.6655283380318816,-0.3319664456362507,0.4006383399877607,0.9153033772197167,1,0
17482.0,-0.7038781552609124,-0.5568260068131017,-0.21693377280109097,0.47141793394381726,0.754723072626611,0.09371390337111857,0.14085407936492755,-0.8039250393948271,1,0
17483.0,0.29235467990301434,0.07422339860702587,-0.8586490903914387,-0.843097656273964,0.17772673713835216,-0.07426329780256188,-0.47751296500053947,-0.8039250393948271,1,0
17484.0,-0.8699169611215668,-0.5568260068131017,0.15065314243603328,-1.310100138852695,-1.3091158414727797,-0.07426329780256188,-0.8630868935309756,-0.8039250393948271,1,0
17486.0,-1.0552626048729952,-1.0577180989205999,0.2794959395504273,0.49835953595976384,0.0721114350766886,-0.3319664456362507,-0.4440240814723802,-0.8039250393948271,1,0
17487.0,-1.0552626048729952,-1.0577180989205999,-1.4779434477997069,-0.7320801968209566,1.2555245768062462,0.40232454155815495,-1.282149705589571,-0.8039250393948271,1,0
17488.0,-1.0552626048729952,-1.0577180989205999,-0.08667345873840847,0.27370787782552425,0.33238787830410776,-0.8464662631382949,-0.6691621147691496,-0.8039250393948271,1,0
17489.0,-0.46061199783716283,-0.5568260068131017,0.4022443989760323,-0.5155318924456086,-0.9869521919042248,-1.277214299835045,-0.3222656930578095,-0.8039250393948271,1,0
17490.0,1.1418555470970604,0.9305040858134475,0.1545347205577727,0.14267188503928513,-0.13381041140446465,-0.23305906672429438,0.6424811892318264,1.3820367923862882,1,0
17491.0,1.2190828986601554,1.656627459707239,0.3170620865446805,0.25771317056914356,-0.2239436216962295,0.22741126261658207,0.7410432245545576,-0.18473051374715874,1,0
17492.0,-0.012693358771211272,-0.20143741171417867,0.018886122759088707,0.4180521686260175,0.3447209801185351,-0.07426329780256188,-0.21626507557551844,-0.8039250393948271,1,0
17493.0,-1.0552626048729952,-1.0577180989205999,-0.9294738443621855,-1.3610463527889671,-0.2676944420577515,-0.8464662631382949,-1.282149705589571,-0.8039250393948271,1,0
17494.0,-1.0552626048729952,-1.0577180989205999,-1.8487072318595295,-2.185757425192443,0.0901784631577566,-0.3319664456362507,-1.947407439306109,-0.8039250393948271,1,0
17495.0,0.423641177560276,-0.20143741171417867,-0.2006858187332325,-0.03139237761551431,0.15447839652823017,-0.07426329780256188,-0.07921996423456719,1.1620610054185785,1,0
17496.0,0.24215690138700255,0.07422339860702587,0.14587032824870816,0.33972700535827133,0.08277632230996626,1.932129182619007,0.20279773648307728,0.9153033772197167,1,0
17497.0,-0.205761737678949,-0.5568260068131017,-1.7164689775448245,-0.8831639461498659,1.4586528956509253,0.22741126261658207,-1.3787746355824586,-0.8039250393948271,1,0
17498.0,-1.0552626048729952,-1.0577180989205999,1.062132324641688,-0.014735820369634734,-1.2146856846777125,-1.0222871175758335,-0.7135169018659211,-0.8039250393948271,1,0
17499.0,-0.004970623614901763,-0.5568260068131017,1.409369173082534,1.213269014463669,-0.6151898652831744,0.843979790974327,0.36470425725432115,1.4608215350480005,1,0
17500.0,-1.008926193935138,-0.20143741171417867,-3.36617507509551,0.4368215410369182,6.720060058188033,2.000618897443466,-1.947407439306109,-0.8039250393948271,1,0
17501.0,-1.0552626048729952,-0.5568260068131017,-0.6568228392834701,-0.8768072018449641,-0.12827725779466623,-0.07426329780256188,-0.6691621147691496,-0.8039250393948271,1,0
17502.0,-0.9780352533098999,0.07422339860702587,-0.4838596990124887,-0.6364294331961412,-0.10619837840823713,-0.07426329780256188,-0.41184883109283577,-0.8039250393948271,1,0
17503.0,-0.9162533720594239,-0.5568260068131017,0.5395170007362131,0.0210658127531531,-0.6985255417730768,-0.3319664456362507,-0.12240697358821374,-0.8039250393948271,1,0
17504.0,0.7325505838126564,1.7234195042875162,0.7904617985521903,0.8959800820751369,-0.18259266568978327,0.22741126261658207,1.4283596366411153,-0.21422118750871777,1,0
17505.0,0.659184599827716,0.29945468039331957,0.5632652518020927,0.7773816829500523,-0.011090039388304314,0.16253566624592464,0.5502083316528148,-0.8039250393948271,1,0
17506.0,-1.0552626048729952,-1.0577180989205999,-0.06317290244604831,0.12739900595404813,0.1382640431559932,-0.7986379095346742,-0.8630868935309756,1.7659550299964637,1,0
17507.0,-0.8699169611215668,-0.5568260068131017,0.2124875357072561,0.1300529176175293,-0.2197709527232804,-0.23305906672429438,0.5101826507817058,-0.8039250393948271,1,0
17508.0,0.690075540452954,0.8003467725008181,0.9686072487294877,0.9972800705519494,-0.30365862633191104,0.09371390337111857,1.2618743296985702,0.31649817812236203,0,0
17509.0,-1.0320943994040666,0.8003467725008181,1.1859405747043315,1.3915385660831376,-0.1852508132818772,-0.8464662631382949,0.46810349267815093,1.256310742518105,1,0
17510.0,0.47383895607628784,-0.5568260068131017,0.3869996526675594,-0.09150335626688887,-0.6304585939763916,-0.07426329780256188,-0.3222656930578095,-0.8039250393948271,1,0
17511.0,1.7828425650707498,3.1643770569221084,2.7965584643216714,3.195794265853676,-0.40139969388702973,1.1608512063238763,2.2388352896088315,1.3358549073493926,1,0
17512.0,1.651556067413488,1.7234195042875162,0.7740699887753486,0.13443978565007536,-0.84734558745192,-0.5229139223515364,0.7174904951184494,0.22484244827571642,1,0
17513.0,0.5163139994359901,-0.20143741171417867,-0.0053313990421845784,0.4614839091775296,0.4287446679641006,-0.49273161976031987,-0.6691621147691496,-0.8039250393948271,1,0
17514.0,1.0337372549087274,-0.5568260068131017,0.0007738502027300541,-0.01876400924603623,-0.10060179514535007,-0.49273161976031987,0.4350642467200411,-0.8039250393948271,1,0
17515.0,0.9487871681893226,0.9305040858134475,-0.9884503163149106,-0.579015075766254,0.6688878912228112,1.4081348126143514,0.6248382785842298,-0.8039250393948271,1,0
17516.0,0.3464138259971809,0.48988501576479315,-0.5566726889473115,-0.7402026426789098,-0.11816138349350017,0.40232454155815495,1.0313213346555676,-0.8039250393948271,1,0
17517.0,-1.0552626048729952,-1.0577180989205999,-0.39614326522300464,-0.7891124429593801,-0.366720045832025,-0.07426329780256188,-1.0461457687241897,-0.8039250393948271,1,0
17518.0,-0.29843455955466314,-0.5568260068131017,-0.10665376429775937,-0.6973713928209884,-0.6165195497353748,-0.3319664456362507,0.42374870558137934,-0.8039250393948271,1,0
17519.0,1.7287834189765832,1.5111239626986637,0.40895168418974603,0.19793657273619553,-0.39355260983912066,1.932129182619007,0.9866646657794853,0.3685237356790315,1,0
17520.0,-1.0552626048729952,-1.0577180989205999,0.9794060672185924,0.9349443752464878,-0.37625011805047415,0.16253566624592464,-0.26755450858075713,-0.8039250393948271,1,0
17521.0,0.5085912642796806,0.29945468039331957,0.09651104333748038,-0.10034834476155244,-0.3022275403417081,0.6445604725968617,0.3523677281481314,0.7169161657937569,1,0
17522.0,-0.2173458404134133,0.29945468039331957,0.3652905924658857,-0.34098219696904797,-0.8162184943817385,-0.07426329780256188,0.2741787139163245,-0.8039250393948271,1,0
17523.0,-1.024371664247757,0.07422339860702587,0.42224312060599484,-0.7099929533644999,-1.1426706493891092,0.22741126261658207,-0.41184883109283577,-0.8039250393948271,1,0
17524.0,-0.757937301355079,-0.20143741171417867,-0.21544658966522554,-0.5790486501306735,-0.3838078061556744,-0.3319664456362507,-0.1005293110454993,1.1620610054185785,1,0
17525.0,-0.788828241980317,-0.20143741171417867,-0.28923592404634685,0.465121697394459,0.8581485364965953,-0.5602283770286947,-0.6270829566655943,-0.8039250393948271,1,0
17526.0,1.7171993162421189,1.254616278688769,-0.2199142689826161,0.2400054108810763,0.48600718735302667,1.0445209855400752,0.3768580162303092,1.1620610054185785,1,0
17527.0,-0.4181369544774605,0.07422339860702587,-0.20362195023502777,-0.21556983400934807,-0.03736741676273855,-0.07426329780256188,0.05620547486057961,1.4608215350480005,1,0
17528.0,-0.7849668744021622,0.8003467725008181,0.6423125232687459,0.6802135982409536,-0.2115553288450294,0.6445604725968617,1.19347108230788,1.256310742518105,1,0
17529.0,-0.7193236255735314,-0.5568260068131017,1.0648754359077084,1.106414619624353,-0.3153501912198746,0.40232454155815495,0.4998634741417061,-0.8039250393948271,1,0
17530.0,1.7712584623362855,1.254616278688769,0.0013824897293395922,-0.20463494691997053,-0.28697493576843347,1.0445209855400752,1.7440731882218938,0.02103660903962243,1,0
17531.0,0.59740271857724,-0.20143741171417867,0.07033498329234929,0.5828535989287045,0.4582829058595324,-0.07426329780256188,0.20279773648307728,1.8596832102061218,1,0
17532.0,-1.0552626048729952,-1.0577180989205999,-1.6988279396262262,-1.9471086007640581,0.14090163127197697,-1.277214299835045,-1.7643485641128949,-0.8039250393948271,1,0
17533.0,-1.0552626048729952,-1.0577180989205999,-1.9322022598259123,-2.7892053730178046,-0.4180279439096241,-2.02650960880903,-2.516040243029759,-0.8039250393948271,1,0
17534.0,1.257696574441703,0.29945468039331957,0.1664452688392444,0.2626039761312474,-0.02596777733738543,-0.07426329780256188,0.4788273542195676,-0.8039250393948271,1,0
17535.0,-1.0552626048729952,-1.0577180989205999,-0.08667345873840847,-0.6999276548816303,-0.6406595876241433,-1.277214299835045,-0.9196861426527538,-0.8039250393948271,1,0
17536.0,0.8947280220951561,-0.20143741171417867,-0.8466168051985027,-1.1086016550434894,-0.1196172392021287,-0.07426329780256188,-0.7604075912169913,-0.8039250393948271,1,0
17537.0,0.002752111541407747,-0.5568260068131017,0.9340061406739828,0.6658654905940685,-0.5703434650846297,-0.3319664456362507,0.4572375891095386,-0.8039250393948271,1,0
17538.0,-1.0552626048729952,-1.0577180989205999,-0.1026281569786321,-1.394816180846267,-1.1600369825447512,-1.1857083812767173,-1.195715760389244,-0.8039250393948271,1,0
17539.0,-0.6343735388541268,0.07422339860702587,0.25521145127519207,0.1472563746113931,-0.2559414132219022,0.22741126261658207,0.9271919856078553,1.6719867635063792,1,0
17540.0,1.165023752565989,0.48988501576479315,-0.43911521627965006,-0.05078327064005959,0.4705883262809328,-0.49273161976031987,-0.018424472070835033,0.5566200963305212,1,0
17541.0,-1.0552626048729952,-1.0577180989205999,-1.247335554754067,-1.077232301210289,0.47090729285720134,-0.3319664456362507,-0.2415090281351582,-0.8039250393948271,1,0
17542.0,0.3811661342005737,-0.20143741171417867,-0.3347174312149545,-1.1972643540309753,-0.7961254249234496,-0.2521611112671691,0.24636711066584036,-0.8039250393948271,1,0
17543.0,-1.0552626048729952,-1.0577180989205999,-0.9294738443621855,-1.1260824888321095,-0.029045634835187756,-0.49273161976031987,-0.9196861426527538,-0.8039250393948271,1,0
17544.0,-1.0552626048729952,-0.20143741171417867,-0.0077831513347280815,0.20625751388337887,0.14789368802028555,0.6445604725968617,0.520373635574267,-0.8039250393948271,1,0
17545.0,1.006707681861644,0.48988501576479315,-0.2021528912052402,-0.1779986573013237,-5.6260825894621234e-05,0.843979790974327,1.2821312533683489,-0.8039250393948271,1,0
17547.0,0.06453399279188382,-0.5568260068131017,-0.3004288007674733,0.38036340080995495,0.7723784293376813,1.0134691263446138,-0.5124273288630706,1.7659550299964637,1,0
17548.0,-0.42585968963377,0.07422339860702587,-0.19047148706953348,-0.5558164593845749,-0.3916355955672271,-0.8464662631382949,-0.5124273288630706,1.4608215350480005,1,0
17549.0,-0.9471443126846619,-0.5568260068131017,-0.3649956734261198,-1.7718046911397738,-1.192007941121964,-0.5602283770286947,-1.6147785724478398,-0.8039250393948271,1,0
17550.0,0.771164259594204,0.9305040858134475,-0.31607796436881846,0.0384337117470061,0.3943796511324764,0.40232454155815495,1.4482081143348087,0.22484244827571642,1,0
17551.0,-1.0552626048729952,-1.0577180989205999,0.018886122759088707,0.14813250199924088,0.04947943395037006,-0.49273161976031987,-0.0584501529419441,-0.8039250393948271,1,0
17552.0,1.134132811940751,1.254616278688769,0.10572445052918411,-0.23077171542932423,-0.43707010814872027,-0.2618344117975608,0.4998634741417061,1.1620610054185785,1,0
17553.0,0.802055200219442,0.07422339860702587,1.4657150454787407,1.67264908237653,-0.25568686985477385,-1.0222871175758335,-2.18341137617149,-0.8039250393948271,1,0
17554.0,-0.4876415708842461,0.29945468039331957,0.9420128185477914,0.4762911347097923,-0.7415840290319601,0.09371390337111857,0.26039076371065795,-0.8039250393948271,1,0
17555.0,1.134132811940751,0.29945468039331957,0.014566674739752582,-0.3575422625416924,-0.4480652015150421,-0.49273161976031987,1.3437838207199313,-0.8039250393948271,1,0
17556.0,-0.3833846462740677,-0.5568260068131017,-0.5069435470501669,-0.8212512408813186,-0.2623901648004797,0.09371390337111857,-0.9196861426527538,-0.8039250393948271,1,0
17557.0,1.7171993162421189,0.07422339860702587,-0.6908350268889092,-0.8809003777319709,-0.08836653458716183,-0.49273161976031987,-0.3222656930578095,-0.8039250393948271,1,0
17558.0,-1.0552626048729952,-1.0577180989205999,-1.0768049265508703,-0.08154992778755632,1.4331699915552607,-0.5602283770286947,-0.3222656930578095,-0.8039250393948271,1,0
17559.0,-1.0552626048729952,-1.0577180989205999,0.6533778943029145,-0.6736060294389675,-1.305647915401703,-1.9376978457118947,-0.980481634816486,-0.8039250393948271,1,0
17560.0,1.130271444362596,0.9305040858134475,0.20478010612081932,-0.3633580488343072,-0.6669873042535017,-0.07426329780256188,-0.1005293110454993,-0.8039250393948271,1,0
17561.0,1.7017538459294999,0.07422339860702587,-0.4282116076385533,-0.5724796269980962,-0.11274730090620717,-0.09503028911869377,1.0990723781751348,-0.8039250393948271,1,0
17562.0,-0.441305159946389,0.6548432754922423,-0.2512750670153703,-0.733855941867616,-0.4859240835098118,-1.0222871175758335,0.10803515400060046,0.42541977181113405,1,0
17563.0,-0.9278374747938881,-0.5568260068131017,-0.1519502833288057,-0.4599299609043152,-0.3466772858151243,-0.07426329780256188,-0.351053338929104,1.8371065454341933,1,0
17564.0,-0.8390260204963288,-0.20143741171417867,-1.1874638164935993,-0.8122451489747269,0.693221924764462,-0.3319664456362507,-0.07921996423456719,-0.8039250393948271,1,0
17565.0,-1.0552626048729952,-1.0577180989205999,-0.8466168051985027,-0.9993042792771506,-0.0062501458776439206,-0.49273161976031987,-0.26755450858075713,-0.8039250393948271,1,0
17566.0,-0.9896193560443642,-0.5568260068131017,0.6084226900140616,0.6713024500848986,-0.177856117239107,0.09371390337111857,0.8007323595364199,-0.8039250393948271,1,0
17567.0,0.6205709240461685,0.9305040858134475,0.8475397998534351,0.9117073886205459,-0.23835231303109997,-0.07426329780256188,0.9021407650415885,0.8107045800741712,1,0
17568.0,-1.0552626048729952,-1.0577180989205999,0.7042113331252393,0.44917284624549375,-0.5051673039441473,-0.8464662631382949,0.3010782951428931,-0.8039250393948271,1,0
17569.0,-1.0552626048729952,-1.0577180989205999,0.08169529576158605,0.30426662959847095,0.13168981553642148,-0.3319664456362507,-0.2944540898073254,-0.8039250393948271,1,0
17570.0,-1.0552626048729952,-1.0577180989205999,-4.672365083494027,-1.3732912939909483,7.571843456350545,2.1825770882984563,-2.516040243029759,1.7659550299964637,1,0
17571.0,0.8445302435791443,0.29945468039331957,0.3505727320698112,0.29079153317884104,-0.23301224953508368,0.20833604805906303,1.5695155676131012,-0.8039250393948271,1,0
17572.0,1.46621042366206,1.048245697623346,-1.6082272600576857,-1.9495596224702845,0.013146197134094064,-0.3319664456362507,-0.8630868935309756,-0.8039250393948271,1,0
17573.0,-0.8081350798710908,-0.20143741171417867,-0.3891438865723961,-1.05129266079758,-0.6146626900635651,-0.8464662631382949,-0.4440240814723802,1.1620610054185785,1,0
17574.0,-1.0552626048729952,-1.0577180989205999,-0.6977673183844557,-0.5349220447793285,0.2929309861406132,-0.3319664456362507,-1.282149705589571,-0.8039250393948271,1,0
17575.0,-1.0552626048729952,-1.0577180989205999,-0.7696412719700645,-0.6409671707835756,0.27629165192593724,-0.2618344117975608,-1.6147785724478398,-0.8039250393948271,1,0
17576.0,1.7558129920236665,2.703338482285134,-0.274515001551884,-0.31684617876006405,-0.049530101916396764,0.22741126261658207,1.8666169895504725,0.129027578697416,1,0
17577.0,-0.9664511505754357,-0.5568260068131017,-0.5365066821719121,-0.6199837951278001,-0.020259020121196163,-1.0222871175758335,-0.5870572757944853,-0.8039250393948271,1,0
17578.0,0.14562271193313367,0.6548432754922423,-0.7178214924884379,-0.8277293669068453,0.00257674506937188,-0.07426329780256188,0.24636711066584036,1.3562632318428542,1,0
17579.0,1.161162384987834,0.07422339860702587,-0.4867184620045179,-0.5155318924456086,0.02332443741303966,1.1608512063238763,0.6068075807745934,0.9153033772197167,1,0
17580.0,-0.39883011658668677,0.29945468039331957,-1.2753948755238373,-1.2560908167469844,0.30749488803577085,-0.07426329780256188,0.4998634741417061,-0.8039250393948271,1,0
17581.0,1.7867039326489045,2.760807072036188,0.4401814249785455,0.5687713294160028,-0.0665111122623773,2.93293348630791,1.8055195044784824,0.8511706867888286,1,0
17582.0,0.43908664787289503,0.29945468039331957,-0.21070125710145116,0.07198904869820967,0.28210559760037673,-0.07426329780256188,0.6337071620011621,0.7169161657937569,1,0
17583.0,-1.0552626048729952,-1.0577180989205999,-1.0572566512332655,-0.957604180586574,0.33087449352896825,-1.0808399641377464,-1.3787746355824586,-0.8039250393948271,1,0
17584.0,1.5550218779596192,0.48988501576479315,1.1069692809449652,1.5911520435087085,0.12515858162572438,0.40232454155815495,0.5695118981833196,0.5566200963305212,1,0
17585.0,0.36958203146610946,0.6548432754922423,0.9726094910185251,0.11310934707018122,-1.0513788551940826,0.40232454155815495,1.5834914375827365,-0.8039250393948271,1,0
17586.0,-1.0552626048729952,-1.0577180989205999,-0.8307785687615927,-0.6753883381067766,0.3246443414556318,-0.7231586611558216,-1.282149705589571,-0.8039250393948271,1,0
17587.0,-1.0552626048729952,-1.0577180989205999,-0.8307785687615927,-0.5644215395300023,0.45099835388646886,-0.07426329780256188,0.0008790944596697093,-0.8039250393948271,1,0
17588.0,1.0182917845961084,0.6548432754922423,0.3128801098140292,0.5752932699107302,0.10933994027325046,-0.44035248611375827,-0.14488409814227088,1.0320515692003946,1,0
17589.0,1.1920533256130723,1.7234195042875162,1.2942261199913803,1.4200544804808093,-0.2913921797507261,1.0445209855400752,2.1658659985603244,0.5566200963305212,1,0
17590.0,-0.9085306369031144,-0.20143741171417867,0.6771357764104874,0.7939982887983156,-0.14153776257160275,0.22741126261658207,1.0940548473899332,-0.8039250393948271,1,0
17591.0,1.3310625584266433,0.8003467725008181,-0.13525918599176848,0.10038278038731023,0.20805987243227542,1.3155995981328836,0.6424811892318264,0.31649817812236203,1,0
17592.0,-1.0552626048729952,-1.0577180989205999,-1.4497626444781349,-0.8397331724464063,1.0722646818114923,-0.7831339784253591,-0.9196861426527538,1.7659550299964637,1,0
17593.0,1.7712584623362855,1.1557353675997408,1.3408973284858499,1.3399003615676073,-0.4234067199887614,0.09371390337111857,1.6266784469363835,1.2321901792666519,1,0
17594.0,0.9487871681893226,0.07422339860702587,0.9089929306325035,1.1159312238816224,-0.11134439024418225,-0.07426329780256188,0.41227490000197986,-0.8039250393948271,1,0
17595.0,-0.9587284154191262,-0.5568260068131017,-0.2718771548759853,-0.47241384213824883,-0.21105670797109652,-0.3319664456362507,0.38883434171884856,-0.8039250393948271,1,0
17596.0,1.651556067413488,1.3461657029712149,1.4139616729320024,0.3206678204542867,-1.282014591916964,-0.07426329780256188,1.5231222191235918,-0.030266317867525,1,0
17597.0,0.3734433990442642,0.29945468039331957,1.188999217631667,1.2653555440375517,-0.3128304974538182,1.1608512063238763,0.7714305402067275,1.3056202738679257,1,0
17598.0,-1.0552626048729952,-1.0577180989205999,-0.16890218959256986,0.5426172101828285,0.7672876217711141,-0.5988151577868094,-1.1175267461574372,-0.8039250393948271,1,0
17599.0,-1.0552626048729952,-1.0577180989205999,-2.728485364824289,-2.252302886700967,1.4079709910847413,-0.7231586611558216,-1.947407439306109,1.8596832102061218,1,0
17600.0,-1.0552626048729952,-1.0577180989205999,-0.025102332118955028,-0.7226483703985643,-0.7260944889744362,0.20833604805906303,-0.9196861426527538,-0.8039250393948271,1,0
17601.0,-0.5108097763531746,-0.5568260068131017,0.015287778074859065,-0.3627418272552264,-0.4537208977801234,-0.3319664456362507,0.4006383399877607,-0.8039250393948271,1,0
17602.0,1.3272011908484886,1.4313961779209454,1.1415506923759335,0.898101628762805,-0.595977158974457,1.1608512063238763,1.9289530713238061,1.0320515692003946,1,0
17603.0,1.4584876885057503,0.07422339860702587,0.08845481873575128,0.6645294430177263,0.5262282701898672,2.432880753823806,0.733267206846029,1.851219382670903,1,0
17604.0,0.7364119513908112,0.48988501576479315,-0.3891438865723961,-0.7567660501054972,-0.34424736399344413,-0.49273161976031987,0.9866646657794853,-0.8039250393948271,1,0
17605.0,-1.0552626048729952,-1.0577180989205999,-0.7846056461545511,-0.7303911557993081,0.19832177079819052,-0.49273161976031987,-0.9196861426527538,-0.8039250393948271,1,0
17606.0,-1.0552626048729952,-1.0577180989205999,-1.3438346759048645,-1.5567430252427505,0.07261256583399782,-1.485945419229041,-1.4883189463764042,-0.8039250393948271,1,0
17607.0,-1.0552626048729952,-1.0577180989205999,0.6493671691150471,0.26278339522117033,-0.6096571764017631,-0.07426329780256188,-0.5124273288630706,-0.8039250393948271,1,0
17608.0,1.161162384987834,0.07422339860702587,-0.09661761568953293,-1.0753565670923906,-0.9362273292850054,-1.0222871175758335,0.9394364476328624,-0.8039250393948271,1,0
17609.0,1.1418555470970604,1.1557353675997408,-0.21733972226428483,-0.6369201443002808,-0.43591125190652474,0.22741126261658207,1.6423048951364767,0.9917078520475852,1,0
17610.0,-0.3100186622891274,0.29945468039331957,0.21788356747208598,0.14394864305860577,-0.2127358623038098,0.3469702689073076,0.807897153777444,1.5675928766263612,1,0
17611.0,1.7673970947581308,2.2457965188165505,0.28110917394095847,0.11291108670686427,-0.32107048024515566,0.22741126261658207,2.316117072643926,0.9153033772197167,1,0
17612.0,1.527992304912536,1.7234195042875162,0.3052431648075241,0.11616159248371484,-0.3471345169386279,0.09371390337111857,1.3173790306579516,1.6862906204510737,1,0
17613.0,0.03750441974480054,1.4313961779209454,0.20516437954296377,0.22911425938148294,-0.11085268161524549,-0.07426329780256188,1.3096760282782078,0.7783074415255873,1,0
17614.0,-1.0552626048729952,-1.0577180989205999,0.5170545021025027,0.47482576389522285,-0.25841897736193664,-0.07426329780256188,0.676667957724251,-0.8039250393948271,1,0
17615.0,0.3155228853719429,0.48988501576479315,-0.8900185898296007,-1.1020482177268198,-0.05614723023507554,-0.07426329780256188,0.09111983872311039,0.5566200963305212,1,0
17616.0,0.018197581854026767,0.07422339860702587,-0.7696412719700645,-0.549998792358978,0.37871700235207867,-1.606782133071617,-2.516040243029759,-0.8039250393948271,1,0
17617.0,-1.0552626048729952,-1.0577180989205999,0.5916021991617264,0.49306525197187884,-0.33181723996879176,-0.619945652967382,-0.6691621147691496,1.7659550299964637,1,0
17618.0,1.5666059806940835,1.1557353675997408,0.12460141351454723,0.4039860056591659,0.18111351877516363,1.1608512063238763,1.274088407319195,0.6326212419203412,1,0
17619.0,-1.0552626048729952,-1.0577180989205999,-0.16039312693195282,-0.3134808084759674,-0.1929311977621688,-0.5602283770286947,0.42374870558137934,-0.8039250393948271,1,0
17620.0,-1.0552626048729952,-1.0577180989205999,-0.9644736514511453,-1.6504881738455266,-0.500862760614458,-0.49273161976031987,-1.7643485641128949,-0.8039250393948271,1,0
17621.0,0.5278981021704544,0.48988501576479315,0.24505177904351236,0.8903042726930129,0.5588386630796462,-0.23305906672429438,0.3010782951428931,1.1620610054185785,1,0
17622.0,-1.0514012372948403,-0.5568260068131017,0.2709868768898102,0.9797915684285617,0.6254744849415849,-0.3319664456362507,-0.6270829566655943,1.4608215350480005,1,0
17623.0,1.62066512678825,0.6548432754922423,-0.27254829620745713,0.28988958863266845,0.622117857108089,0.40232454155815495,0.9147619943852421,-0.8039250393948271,1,0
17624.0,1.6670015377261072,0.07422339860702587,0.5238422193080833,0.4820935358789683,-0.2596801834079393,0.5055184603984593,0.6248382785842298,-0.8039250393948271,1,0
17625.0,1.6708629053042618,0.8003467725008181,1.1911351484282104,1.3809429993920799,-0.2023264211031706,-0.07426329780256188,1.889836380823834,-0.8039250393948271,1,0
17626.0,-1.0552626048729952,-1.0577180989205999,0.33993637307355096,-0.10895117995637722,-0.5939000677028087,-0.3319664456362507,-0.6691621147691496,-0.8039250393948271,1,0
17627.0,-1.0552626048729952,-1.0577180989205999,1.646660683343359,0.10084769402663094,-1.5621550595403662,-0.8464662631382949,-1.1175267461574372,1.7659550299964637,1,0
17628.0,-1.0552626048729952,-1.0577180989205999,-0.6703000303320932,-1.7481213432522649,-0.8986727639678054,-0.930965887215077,-1.6147785724478398,-0.8039250393948271,1,0
17629.0,0.5510663076393829,1.048245697623346,0.27553334735795365,-0.15494451117952732,-0.5628005335408484,0.22741126261658207,0.9084756515476784,0.14676385148134682,1,0
17630.0,-0.8119964474492455,-0.5568260068131017,-0.6703000303320932,-0.12078019413762928,0.7334532519087653,1.1608512063238763,-0.4440240814723802,-0.8039250393948271,1,0
17631.0,1.7596743596018212,0.6548432754922423,-0.599072042783863,-0.8924799438648472,-0.21766106355953832,0.22741126261658207,0.36470425725432115,-0.8039250393948271,1,0
17633.0,0.32710698810640715,0.6548432754922423,-0.14835193864457608,0.08956648061204225,0.2143526052582194,-0.23305906672429438,0.5599168914235233,1.0320515692003946,1,0
17634.0,0.10700903615158612,0.9305040858134475,-0.4914998709238327,-0.06449271986887553,0.5316211139819889,0.09371390337111857,1.3019000105696792,-0.8039250393948271,1,0
17635.0,-0.41427558689930577,-0.20143741171417867,0.5986424570133092,0.5815198394724832,-0.2546279504508232,1.0134691263446138,0.2877387536535113,1.1620610054185785,1,0
17636.0,-1.0552626048729952,-1.0577180989205999,0.22741074112491402,0.05034253001671186,-0.316124198767163,-0.7986379095346742,-0.5870572757944853,1.7659550299964637,1,0
17637.0,-0.7309077283079957,-0.5568260068131017,-0.05545116217800767,-0.008205934534526126,-0.016282896699019934,-0.07426329780256188,-0.14488409814227088,-0.8039250393948271,1,0
17638.0,-0.7695214040895432,-0.5568260068131017,0.41228984044717715,0.5793874215233312,-0.01903812201252675,-1.8163206498761402,-2.18341137617149,-0.8039250393948271,1,0
17639.0,-0.2559595161949608,0.48988501576479315,-0.46125679963733673,-1.3395377930064731,-0.7821867061148619,-0.07426329780256188,0.2741787139163245,-0.8039250393948271,1,0
17640.0,1.0298758873305724,0.48988501576479315,0.7003845216522266,0.8876495664284698,-0.07593693159889042,-0.07426329780256188,0.10803515400060046,1.1620610054185785,1,0
17642.0,1.319478455692179,0.29945468039331957,0.749110151149287,0.3839985039777109,-0.6134829034740081,-0.3319664456362507,0.5976414102639861,-0.8039250393948271,1,0
17643.0,-0.5455620845565674,-0.5568260068131017,-0.2860590552236475,-0.3052346611969427,-0.022262940461622676,-0.23305906672429438,-0.26755450858075713,-0.8039250393948271,1,0
17644.0,1.493239996709143,1.8470577950787128,0.17550046543017844,0.12392764774942878,-0.1793764103510546,0.09371390337111857,1.0839267715139342,1.3056202738679257,1,0
17646.0,0.8908666545170013,1.254616278688769,-0.3248096004571912,0.22595776624608588,0.624741633860811,1.932129182619007,0.8763004011681347,1.1620610054185785,1,0
17647.0,1.2770034123324767,-0.20143741171417867,-1.7964127750810233,-1.2376178543468113,1.1336072272764306,0.22741126261658207,-0.980481634816486,-0.8039250393948271,1,0
17648.0,0.19968185802730024,0.29945468039331957,0.27836524645409755,0.6489595569717972,0.2369078085293178,-0.07426329780256188,0.807897153777444,0.7169161657937569,1,0
17649.0,0.23443416623069302,-0.20143741171417867,0.5305877328178502,0.8828425132548053,0.14482136763299727,0.22741126261658207,0.5976414102639861,1.6204927696584461,1,0
17650.0,-1.0552626048729952,-1.0577180989205999,0.018886122759088707,-0.686131333487493,-0.7418479480620181,-1.0222871175758335,-1.282149705589571,-0.8039250393948271,1,0
17651.0,0.9333416978767036,1.5860167045095306,0.5931902452043302,0.352185788765419,-0.46602711253747875,-0.07426329780256188,1.257762222211382,1.256310742518105,1,0
17652.0,-0.06675250486537784,1.254616278688769,0.3771465944834491,0.5281354054096324,-0.02625739299098164,0.22741126261658207,0.8359465091600137,1.4608215350480005,1,0
17653.0,-0.7309077283079957,0.07422339860702587,0.9409384321695303,0.12600250748451167,-1.0133589948972985,0.4473365033277267,0.03817477705094321,0.9153033772197167,1,0
17654.0,-1.0552626048729952,-1.0577180989205999,-1.369362910844565,-1.154571987507974,0.5625110785537853,-0.3319664456362507,-0.5124273288630706,-0.8039250393948271,1,0
17655.0,0.5124526318578354,0.9305040858134475,-0.04863322974583618,0.2500798818173047,0.25240830515697793,1.1608512063238763,0.46810349267815093,0.22484244827571642,1,0
17656.0,-0.8428873880744836,0.29945468039331957,0.6919177179804439,0.267375015588092,-0.6521296161931206,-0.09503028911869377,0.3768580162303092,-0.8039250393948271,1,0
17657.0,-1.0552626048729952,-1.0577180989205999,-0.9644736514511453,-1.060577119294054,0.08751463932310327,-1.485945419229041,-1.3787746355824586,-0.8039250393948271,1,0
17658.0,-0.3370482353362107,-0.5568260068131017,0.7957411273530547,0.1070314607447611,-0.8902114338817776,-0.07426329780256188,-0.7135169018659211,1.4608215350480005,1,0
17659.0,0.36958203146610946,1.4313961779209454,-0.17624916977693406,-0.09715175034256285,0.05072673222392351,1.1608512063238763,1.0313213346555676,0.7783074415255873,1,0
17660.0,1.2461124717072387,-0.5568260068131017,-0.1026281569786321,-0.5788849829026972,-0.5155193009551278,-0.3319664456362507,0.46810349267815093,-0.8039250393948271,1,0
17662.0,-0.819719182605555,-0.5568260068131017,-0.5069435470501669,-0.3906193024019263,0.1851479780729222,-0.619945652967382,-0.8630868935309756,-0.8039250393948271,1,0
17663.0,1.338785293582953,1.656627459707239,-0.0936833900470437,0.1375396171012524,0.19121178195647454,1.932129182619007,1.047460157943218,1.208437966888955,1,0
17664.0,1.2692806771761673,0.07422339860702587,0.6311331276683051,0.07861963510628102,-0.7468527931573381,-0.07426329780256188,0.38883434171884856,-0.8039250393948271,1,0
17665.0,-1.0552626048729952,-1.0577180989205999,1.6688670126870542,0.9749479105598329,-1.061259310911085,-1.277214299835045,-0.6270829566655943,-0.8039250393948271,1,0
17666.0,0.9680940060800964,0.29945468039331957,0.8041349791104647,0.5412213675282406,-0.5356603339446488,-0.07426329780256188,-0.26755450858075713,-0.8039250393948271,1,0
17667.0,1.2152215310820007,0.9305040858134475,0.5449378156503674,0.6356593841684525,-0.1331432928975837,-0.07426329780256188,0.9751100560900954,1.1620610054185785,1,0
17668.0,-0.9123920044812691,-0.5568260068131017,-1.235855025106168,-0.6238814915131311,0.9994481570881498,0.09371390337111857,-0.8630868935309756,-0.8039250393948271,1,0
17669.0,1.165023752565989,1.048245697623346,0.9355504824688915,1.0934072498852012,-0.16794710845855898,-0.619945652967382,0.5695118981833196,-0.8039250393948271,1,0
17670.0,-1.0552626048729952,-1.0577180989205999,-0.31499143455569134,-0.3956295798821203,-0.07810366071937425,-0.5602283770286947,-1.0461457687241897,-0.8039250393948271,1,0
17671.0,0.33482972326271665,0.29945468039331957,0.3150696159612726,0.5152798047238466,0.04243015216382775,0.09371390337111857,0.20279773648307728,1.3056202738679257,1,0
17672.0,1.38512170452081,0.6548432754922423,1.062132324641688,1.4964292966056638,0.08420276123744172,2.338219072101234,1.1754403844982437,1.0320515692003946,1,0
17673.0,1.3735376017863457,1.3461657029712149,0.5990742150242716,0.22914112573003168,-0.5835775041160158,-0.07426329780256188,1.2453007614479012,0.4878572895827382,1,0
17674.0,0.07997946310450284,-0.5568260068131017,0.8898471409168903,0.001654131160996902,-1.0566352835785533,-1.7067089928021477,-0.6270829566655943,-0.8039250393948271,1,0
17675.0,1.7558129920236665,3.3519109035081573,0.48547240751509446,0.9121769346981675,0.23900334137218127,1.932129182619007,1.7115332506943035,1.0320515692003946,1,0
17676.0,1.319478455692179,1.048245697623346,0.19979143178347322,-0.14962824761770657,-0.4716609962641157,-0.3319664456362507,0.5695118981833196,1.073874783839221,1,0
17677.0,1.7326447865547379,3.0364678823573934,1.0440793045765497,1.1696261942607504,-0.22817105935983376,0.22741126261658207,1.7139008244184635,1.6331860090031871,1,0
17678.0,0.2576023716996216,-0.5568260068131017,0.2392032477491476,0.11691296586239737,-0.2658948172352079,0.40232454155815495,-0.351053338929104,1.4608215350480005,1,0
17679.0,1.5859128185848572,0.6548432754922423,0.5732860647235553,0.8428860976325223,0.044482352014935715,1.1608512063238763,0.41227490000197986,1.5408951706492844,1,0
17680.0,0.8290847732665253,-0.20143741171417867,-1.1238358167215894,-0.6882846590404463,0.7447177771451854,1.0134691263446138,-0.5870572757944853,1.1620610054185785,1,0
17681.0,-0.6845713173701387,0.29945468039331957,-0.5305292569807909,-0.8587005275150175,-0.2698964153237077,-0.07426329780256188,-0.980481634816486,0.7169161657937569,1,0
17682.0,1.3812603369426553,1.1557353675997408,0.3682292895101604,0.401322760030219,-0.14482604182825126,0.16253566624592464,0.5695118981833196,0.07951852525571697,1,0
17683.0,-0.4026914841648415,-0.20143741171417867,0.6139720623577578,-0.010827428079420037,-0.8023677274605744,-0.07426329780256188,-0.018424472070835033,-0.8039250393948271,1,0
17684.0,-1.0552626048729952,-1.0577180989205999,-0.017645945876385277,-0.18938375618916956,-0.24854720614052034,-0.23305906672429438,-0.8101418318588084,-0.8039250393948271,1,0
17685.0,1.4546263209275956,1.254616278688769,0.7439053157757914,0.6921492630771184,-0.3249192107969111,-0.3319664456362507,0.8763004011681347,0.5566200963305212,1,0
17686.0,0.9758167412364059,0.9305040858134475,1.0733654730801012,1.6469575291214855,0.2319664940624659,0.22741126261658207,1.5495405074492803,-0.8039250393948271,1,0
17687.0,-1.0552626048729952,-1.0577180989205999,0.3818700926257948,0.616011854348389,0.059880734201457675,-0.49273161976031987,-0.38088803500765217,-0.8039250393948271,1,0
17688.0,-1.0552626048729952,-1.0577180989205999,-0.2765838864567547,0.136374496744013,0.4492131661410979,-0.5602283770286947,-0.6270829566655943,1.7659550299964637,1,0
17689.0,-0.7231849931516862,-0.5568260068131017,0.018886122759088707,-0.7491721148435492,-0.7937179624129858,-1.9376978457118947,-0.7135169018659211,-0.8039250393948271,1,0
17690.0,1.431458115458667,1.8470577950787128,-0.0014200836647118372,0.32723126325724455,0.2718192866023369,2.432880753823806,1.4045793128836639,-0.26554355486625114,1,0
17691.0,-0.32932550017990114,0.07422339860702587,-0.6736956510312722,-0.7419393390732736,0.03416589995791076,-0.49273161976031987,-0.1005293110454993,0.9153033772197167,1,0
17692.0,0.5394822049049186,1.254616278688769,0.3009428763379891,-0.14154807702986413,-0.5793206991901869,0.22741126261658207,0.6158724655605186,0.5566200963305212,1,0
17693.0,-1.0552626048729952,-1.0577180989205999,0.4848045712811853,-0.43061605806248254,-1.0008983683955572,-0.49273161976031987,-0.7604075912169913,1.8596832102061218,1,0
17694.0,0.5703731455301567,-0.20143741171417867,1.314970536475056,0.9803179796938976,-0.7127366041303121,-0.8464662631382949,0.20279773648307728,-0.8039250393948271,1,0
17695.0,1.0646281955339654,0.29945468039331957,0.9698788935657652,0.32416685234514003,-0.8917355592465763,-1.0222871175758335,0.07384838550817617,0.7169161657937569,1,0
17696.0,1.6129423916319405,2.2024463901776357,0.4231601183173608,0.04494504328927945,-0.5503867434767465,0.09371390337111857,1.228385446170411,1.6862906204510737,1,0
17697.0,-1.0552626048729952,-1.0577180989205999,-0.4953402286603878,0.2835821838237352,0.9561197993184298,-0.07426329780256188,-0.6270829566655943,-0.8039250393948271,1,0
17698.0,-1.0552626048729952,-1.0577180989205999,-0.4953402286603878,-0.7802422718070842,-0.23640530536556917,-0.8464662631382949,-1.282149705589571,-0.8039250393948271,1,0
17699.0,-0.7270463607298409,-0.5568260068131017,-0.37527916205734746,-0.2981444688279687,0.10477074532892279,-0.07426329780256188,-0.7135169018659211,-0.8039250393948271,1,0
17700.0,1.7326447865547379,1.4313961779209454,0.5605897882322888,0.749249630891955,-0.036868153440221846,2.432880753823806,1.4771084552713287,0.7783074415255873,1,0
17701.0,-1.0552626048729952,-1.0577180989205999,-0.3248096004571912,0.568838017537569,1.042156658687659,-0.07426329780256188,-0.4440240814723802,-0.8039250393948271,1,0
17702.0,0.3734433990442642,0.48988501576479315,0.9609710439395369,0.8769008084319181,-0.4090092194913277,0.09371390337111857,0.8496195544385344,1.4608215350480005,1,0
17703.0,0.423641177560276,0.07422339860702587,0.45277130049468783,-0.007311134044810769,-0.6292770369391875,-1.1857083812767173,0.32712377558849165,-0.8039250393948271,1,0
17704.0,-0.7811055068240075,-0.5568260068131017,0.16330518002562538,0.6468715265732483,0.3972333390012002,-0.23305906672429438,-0.351053338929104,-0.8039250393948271,1,0
17705.0,1.1573010174096794,1.1557353675997408,-0.2370061204986287,-0.5074403815104992,-0.2889039423587835,-0.3319664456362507,0.4572375891095386,0.07951852525571697,1,0
17706.0,1.589774186163012,2.367404649905085,0.5804721041846487,1.1787845522800382,0.4033997102767716,1.4081348126143514,1.848760725874179,1.280791179720265,1,0
17707.0,1.0569054603776558,0.8003467725008181,-0.826854875776871,-1.7408037721472807,-0.7329616264121352,-1.485945419229041,-1.195715760389244,0.31649817812236203,1,0
17708.0,-0.14397985642847294,0.07422339860702587,-0.45012952334722056,-0.29211601159806566,0.21431842442147897,-0.49273161976031987,0.24636711066584036,-0.8039250393948271,1,0
17709.0,0.6205709240461685,0.29945468039331957,-0.9824062899433923,-0.9751410359920364,0.2052384648720166,1.4081348126143514,-0.1005293110454993,-0.8039250393948271,1,0
17710.0,-1.0552626048729952,-1.0577180989205999,0.0748933930562603,0.0876540040581009,-0.08740974923832047,0.22741126261658207,-0.5870572757944853,-0.8039250393948271,1,0
17711.0,0.02205894943218152,-0.5568260068131017,-0.19483728743886775,-0.4853655573397957,-0.31910657752022886,-0.5988151577868094,-0.5124273288630706,-0.8039250393948271,1,0
17712.0,-1.0552626048729952,-1.0577180989205999,0.40727874642150824,0.8740461794791795,0.30617981794809296,1.1608512063238763,-0.2944540898073254,-0.8039250393948271,1,0
17713.0,-0.41427558689930577,0.07422339860702587,0.5582511369112414,0.11528993522057705,-0.6381399614396842,0.6445604725968617,0.2175794647945466,-0.8039250393948271,1,0
17714.0,-0.3100186622891274,0.29945468039331957,-0.20715582934570564,0.0334501687388738,0.23440839995132373,0.3469702689073076,0.4006383399877607,1.6968657294740452,1,0
17715.0,0.4583934857636688,-0.5568260068131017,0.7231454948159841,-0.15911472499592746,-1.0215112263383108,-2.3444262971695755,-2.516040243029759,-0.8039250393948271,1,0
17716.0,1.7056152135076545,2.0624455833410726,0.9866687137013624,1.2013862160328503,-0.1239634522785359,0.3469702689073076,1.6850287398948356,0.31649817812236203,1,0
17717.0,-1.0552626048729952,-1.0577180989205999,0.9153005061193046,0.428131530546965,-0.7536071469634387,-0.3319664456362507,-0.38088803500765217,-0.8039250393948271,1,0
17718.0,0.5356208373267639,-0.5568260068131017,-0.07878324266791349,-0.30684277791160247,-0.28801328619121697,-0.07426329780256188,-0.5124273288630706,1.4608215350480005,1,0
17719.0,-0.2134844728352585,1.5111239626986637,0.11770634364690012,0.36460191147257576,0.14776921247718153,0.6445604725968617,0.7862122685181961,0.7169161657937569,1,0
17720.0,1.0762122982684297,1.048245697623346,0.08101702132390887,-0.04264530092039913,-0.22657413730931386,1.1608512063238763,0.5304395744514846,0.7169161657937569,1,0
17721.0,-1.0552626048729952,-1.0577180989205999,-0.344716579672171,0.14977234271485634,0.5647589710004584,-0.619945652967382,-1.0461457687241897,-0.8039250393948271,1,0
17722.0,0.02205894943218152,0.29945468039331957,1.281237307329759,1.2794193445532605,-0.40974766683210756,0.22741126261658207,1.0990723781751348,1.3056202738679257,1,0
17723.0,-0.09764344549061588,0.6548432754922423,-0.13289556865657975,0.7648290929596585,0.98358656292385,-1.0222871175758335,-1.4883189463764042,-0.8039250393948271,1,0
17724.0,-0.7965509771366265,-0.20143741171417867,-0.4174164944150915,0.30503112643158187,0.8609350261092461,-0.07426329780256188,-0.07921996423456719,1.1620610054185785,1,0
17725.0,-0.08605934275615161,1.1557353675997408,0.3103866591008826,0.17363008244225248,-0.2980677167769669,0.20833604805906303,0.8149999143894906,0.9917078520475852,1,0
17726.0,0.05294989005741956,0.6548432754922423,-0.9051477147285507,-0.7710069757018987,0.323297146532517,-0.07426329780256188,0.17241042083090774,0.42541977181113405,1,0
17727.0,-1.0552626048729952,-1.0577180989205999,1.5958095044021385,1.837694279855741,-0.2544751258197374,-0.09503028911869377,0.36470425725432115,1.7659550299964637,1,0
17728.0,0.6823528052966445,0.29945468039331957,1.154744212373723,1.532667180639141,-0.0007703158691841931,0.22741126261658207,1.249475649471019,1.5675928766263612,1,0
17729.0,-1.0552626048729952,-1.0577180989205999,0.5571580386548115,0.634676449233879,-0.1497155562399478,0.22741126261658207,-0.47751296500053947,-0.8039250393948271,1,0
17730.0,1.2074987959256913,1.8470577950787128,0.6331743322736965,0.4699998692759597,-0.4033859559178244,-0.3319664456362507,1.1662742139876363,0.46638318604246143,1,0
17731.0,1.2190828986601554,0.48988501576479315,-0.24101021004591036,0.04686834478699816,0.2968342126772441,0.22741126261658207,0.5403834989422175,0.5566200963305212,1,0
17732.0,-0.6112053333851982,0.8003467725008181,-0.1167836224649314,-0.021836917715196198,0.05092922005842864,0.5055184603984593,0.6158724655605186,0.9153033772197167,1,0
17733.0,-0.19417763494448476,-0.5568260068131017,0.48714020173705125,0.3119776209050519,-0.37891673087289907,0.09371390337111857,-0.19177478749334104,-0.8039250393948271,1,0
17734.0,1.2190828986601554,0.48988501576479315,-0.19047148706953348,-0.1838489932981091,-0.021624468644832896,0.22741126261658207,0.4788273542195676,-0.8039250393948271,1,0
17735.0,0.8561143463136085,2.1575195518147376,1.1075435076118996,1.1616722604158811,-0.3138876831791445,2.744916198564831,1.8139335651715507,0.25372620439008925,1,0
17736.0,-0.6536803767449005,-0.20143741171417867,-0.6657890054223189,-1.062585140379185,-0.30206139642410484,1.1608512063238763,-0.4440240814723802,1.1620610054185785,1,0
17737.0,-0.8660555935434121,-0.5568260068131017,-1.0768049265508703,-1.6068147409297702,-0.3255387366803853,-1.0222871175758335,-1.282149705589571,-0.8039250393948271,1,0
17738.0,1.30403298537956,1.3461657029712149,0.3999129512426869,0.21296551716904513,-0.36857842644575656,0.22741126261658207,1.1476287812477595,0.4878572895827382,1,0
17739.0,1.7287834189765832,1.7234195042875162,-0.13756209479051754,0.6058925214773794,0.7958520653029528,-0.07426329780256188,0.23209955581276964,0.22484244827571642,1,0
17740.0,0.13403860919866942,0.48988501576479315,-1.4779434477997069,-1.8324970073882834,-0.03881160395940198,-1.277214299835045,-1.6147785724478398,-0.8039250393948271,1,0
17741.0,-0.46061199783716283,-0.5568260068131017,-1.0191860809061732,-2.291459506872161,-0.9791475564056276,-1.8163206498761402,-1.4883189463764042,-0.8039250393948271,1,0
17742.0,1.3580921314737266,1.1557353675997408,-0.9758509834268136,-0.49797205656150556,0.7468827092653093,1.3155995981328836,0.17241042083090774,-0.8039250393948271,1,0
17743.0,-1.0552626048729952,-1.0577180989205999,-0.46125679963733673,-0.24862833197426318,0.2780540586264174,-1.485945419229041,-1.947407439306109,1.7659550299964637,1,0
17744.0,0.40047297209134747,0.6548432754922423,1.4164683996168463,0.4336420799348654,-1.2127922780174747,-1.2305367866712973,0.8563715573771615,0.42541977181113405,1,0
17745.0,-0.7540759337769242,-0.5568260068131017,-0.6303605535519127,0.11822813413009463,0.9635014841459841,0.40232454155815495,-0.351053338929104,-0.8039250393948271,1,0
17746.0,0.3734433990442642,0.07422339860702587,0.1664452688392444,-0.2674679954885053,-0.5405227033260492,-0.07426329780256188,-0.21626507557551844,1.6719867635063792,1,0
17747.0,-1.0552626048729952,-1.0577180989205999,-2.641647037054194,-1.8277748745873097,1.821981648936537,-0.8464662631382949,-2.516040243029759,1.7659550299964637,1,0
17748.0,-1.0552626048729952,-1.0577180989205999,-0.3052613251395872,0.3585866292407142,0.7534894888562756,-0.07426329780256188,-0.7135169018659211,-0.8039250393948271,1,0
17749.0,0.3657206638879547,-0.20143741171417867,0.009263887375122917,0.2960145037978958,0.22238633778630923,0.16253566624592464,0.17241042083090774,-0.8039250393948271,1,0
17750.0,-0.441305159946389,0.9305040858134475,1.1808235954621307,-0.43563955329525533,-1.538576381352338,-1.3924939243307226,0.7094868830885774,-0.8039250393948271,1,0
17751.0,-1.0552626048729952,-1.0577180989205999,-0.0028851749443922297,-0.7550032400249359,-0.7760929895243524,-0.07426329780256188,-0.2415090281351582,-0.8039250393948271,1,0
17752.0,-1.0552626048729952,-1.0577180989205999,0.2851317960049527,-1.6638004902708254,-1.5898178593660586,-2.6438118278149303,-2.516040243029759,-0.8039250393948271,1,0
17753.0,-0.1362571212721634,0.07422339860702587,-1.6309996088557088,-1.4055688411074918,0.6624696219325167,-0.3319664456362507,0.32712377558849165,0.9153033772197167,1,0
17754.0,1.7558129920236665,1.3461657029712149,0.9077757197702438,0.3354624421349036,-0.8212481400717356,-0.49273161976031987,1.2023399657248122,0.8443025417040958,1,0
17756.0,-0.9818966208880547,-0.20143741171417867,-0.10799895966877236,-0.16041126815304205,-0.10503283230380323,-0.2521611112671691,0.20279773648307728,-0.8039250393948271,1,0
17757.0,1.6245264943664048,3.080592283601436,-0.5341544787857118,-0.7112348005147385,-0.11766118944240805,-0.07426329780256188,1.7508812250204528,-0.07562038801004557,1,0
17758.0,1.0646281955339654,1.254616278688769,0.6520426326848501,0.5680584597688306,-0.33293305744190677,0.16253566624592464,1.8386700239160467,-0.8039250393948271,1,0
17759.0,1.130271444362596,0.29945468039331957,0.30297227905626684,-0.1015724857234625,-0.5460121866845937,-0.07426329780256188,0.807897153777444,-0.8039250393948271,1,0
17760.0,1.369676234208191,0.48988501576479315,-0.5485612498325305,-1.07790347934651,-0.4572912621328081,-0.07426329780256188,0.26039076371065795,0.5566200963305212,1,0
17761.0,-1.0552626048729952,-1.0577180989205999,1.0730633987560767,1.2962308048187487,-0.13814272258415158,-0.23305906672429438,-0.6270829566655943,-0.8039250393948271,1,0
17762.0,-1.0552626048729952,-1.0577180989205999,-0.14357263607961768,-1.0208507303477075,-0.8477844927799487,-1.1639429167840407,-0.7604075912169913,-0.8039250393948271,1,0
17763.0,0.47383895607628784,0.07422339860702587,-2.7985032017420495,-3.420960133492623,0.08835962405273896,-0.3319664456362507,-1.0461457687241897,0.9153033772197167,1,0
17764.0,1.5936355537411666,0.29945468039331957,-0.011717516218561803,0.2252405735266799,0.17391693672370626,0.22741126261658207,0.8893223210263874,-0.8039250393948271,1,0
17765.0,0.06453399279188382,0.07422339860702587,-1.1747959503073713,-0.9903919638923981,0.46438330046719767,1.1608512063238763,0.42374870558137934,-0.8039250393948271,1,0
17766.0,-1.0552626048729952,-0.5568260068131017,-0.6908350268889092,-0.8260406721044129,-0.031478019093466064,-0.3319664456362507,-0.5488939424337871,-0.8039250393948271,1,0
17767.0,0.4699775884981331,-0.5568260068131017,-0.4282116076385533,-0.39019164419365526,0.07786768262235985,-0.5229139223515364,-0.14488409814227088,-0.8039250393948271,1,0
17768.0,1.7596743596018212,0.6548432754922423,0.9264736216373864,0.8167012877214916,-0.4246481257526258,0.16253566624592464,0.9394364476328624,0.42541977181113405,1,0
17769.0,1.558883245537774,1.656627459707239,0.25563625253663036,0.5684411841499174,0.1800796961340632,0.20833604805906303,1.6751744024736297,0.8615676530235191,1,0
17770.0,-0.7309077283079957,0.29945468039331957,-0.7548805010380715,-0.25187015071988417,0.7049982865080412,-0.07426329780256188,-0.19177478749334104,-0.8039250393948271,1,0
17771.0,1.0028463142834891,0.07422339860702587,-0.49245868665369763,-1.4165114974530364,-0.8129176739850618,0.22741126261658207,0.32712377558849165,-0.8039250393948271,1,0
17772.0,0.4197798099821213,-0.20143741171417867,-1.3780075775210743,-1.0365324217097538,0.7162020184738644,0.09371390337111857,0.651162367871365,-0.8039250393948271,1,0
17773.0,-0.3756619111177582,-0.5568260068131017,-0.13525918599176848,0.08363835966766153,0.18971784483716786,-0.3319664456362507,0.10803515400060046,-0.8039250393948271,1,0
17774.0,1.1573010174096794,0.9305040858134475,0.2081378925453366,0.40210509755874874,0.06550027030994099,0.16253566624592464,1.5581608711048394,1.3820367923862882,1,0
17775.0,-1.0552626048729952,-1.0577180989205999,-0.7696412719700645,-2.144714824039963,-1.100359475703444,-2.3444262971695755,-1.947407439306109,-0.8039250393948271,1,0
17776.0,0.2460182689651573,-0.5568260068131017,-0.06705448056778775,-0.6602321980528864,-0.6276514381506947,0.22741126261658207,0.4572375891095386,1.4608215350480005,1,0
17777.0,-0.7617986689332337,-0.20143741171417867,0.1474669435887154,-0.29229459055346196,-0.5413414518651104,-0.3319664456362507,0.9809077037256301,-0.8039250393948271,1,0
17778.0,-1.0552626048729952,-1.0577180989205999,0.4022443989760323,-0.44951589378330403,-0.9374383303140709,-1.277214299835045,-1.1175267461574372,-0.8039250393948271,1,0
17779.0,-0.584175760338115,-0.20143741171417867,-0.11610534802725421,-0.3072554208429718,-0.24226545875190353,-0.09503028911869377,0.4462258301354361,1.6204927696584461,1,0
17780.0,-0.9896193560443642,-0.20143741171417867,-1.1034295738403082,-1.1535743386912534,0.1781680688506668,-0.49273161976031987,0.4788273542195676,-0.8039250393948271,1,0
17781.0,-0.6922940525264482,-0.5568260068131017,-2.2885962983419095,-1.4567553900629162,1.688063387144273,-0.07426329780256188,-0.980481634816486,-0.8039250393948271,1,0
17782.0,-1.0552626048729952,-0.5568260068131017,0.6493671691150471,0.285829175042293,-0.5894382083731851,-1.277214299835045,-0.2944540898073254,-0.8039250393948271,1,0
17783.0,0.643739129515097,-0.20143741171417867,-0.0077831513347280815,-1.0537504647250948,-1.0037030659856812,-0.49273161976031987,0.6248382785842298,-0.8039250393948271,1,0
17784.0,-1.0552626048729952,-1.0577180989205999,-0.7696412719700645,-1.209677220812438,-0.3173881575412431,-0.07426329780256188,-0.6270829566655943,-0.8039250393948271,1,0
17785.0,0.9217575951422394,-0.20143741171417867,-0.7164729529391348,-0.9725384301409769,-0.14886944537568705,-0.07426329780256188,0.10803515400060046,-0.8039250393948271,1,0
17786.0,-0.15942532674109194,-0.5568260068131017,-0.4174164944150915,-0.9239311051212743,-0.46797277278597044,-0.49273161976031987,0.24636711066584036,-0.8039250393948271,1,0
17787.0,-0.20962310525710376,0.07422339860702587,0.4683128324506772,0.7179340997508177,0.05234099612526699,-0.07426329780256188,0.651162367871365,-0.8039250393948271,1,0
17788.0,-0.8390260204963288,-0.5568260068131017,-0.359890252579739,0.964867451944861,1.6103819225652196,-0.49273161976031987,-1.947407439306109,-0.8039250393948271,1,0
17789.0,0.4120570748258118,-0.5568260068131017,-0.4228006242136921,-0.4435174090703759,0.014008844992589675,-0.07426329780256188,-0.351053338929104,-0.8039250393948271,1,0
17790.0,0.9449258006111679,1.8470577950787128,-0.8082161938220479,-0.9257753308826381,0.019960241737835376,0.22741126261658207,1.2154660653693528,-0.8039250393948271,1,0
17791.0,-1.0552626048729952,-1.0577180989205999,-1.247335554754067,-1.293234528382372,0.22607333447730643,-1.0222871175758335,-1.1175267461574372,-0.8039250393948271,1,0
17792.0,-1.0127875615132929,-0.5568260068131017,-0.7188339983274227,-0.5395009959816764,0.3177430777635505,-0.07426329780256188,0.05620547486057961,-0.8039250393948271,1,0
17793.0,-1.0552626048729952,-1.0577180989205999,0.4894708147229819,0.21814755733946345,-0.4691274687199291,0.22741126261658207,0.12460872225127,-0.8039250393948271,1,0
17794.0,-1.0475398697166856,-0.5568260068131017,-1.97649003873061,-1.7859949900236591,0.741049641264454,-0.7231586611558216,-1.3787746355824586,-0.8039250393948271,1,0
17795.0,-0.7270463607298409,-0.5568260068131017,0.1569976045388243,-0.6136155659850597,-0.8246429713562239,0.22741126261658207,0.019738861289862828,-0.8039250393948271,1,0
17796.0,0.4159184424039665,0.6548432754922423,-1.1556883777185754,-0.5905942983929973,0.9136342034314637,-0.07426329780256188,1.0258703928331887,-0.8039250393948271,1,0
17797.0,1.6554174349916428,0.8003467725008181,-0.08469551848638607,-0.14017574088241097,-0.11441533878203407,0.09371390337111857,1.351174534905816,-0.8039250393948271,1,0
17798.0,-1.0552626048729952,-1.0577180989205999,-0.040170628898255525,-0.5537756006922024,-0.5637156384742443,-0.7831339784253591,0.019738861289862828,-0.8039250393948271,1,0
17799.0,1.6631401701479522,1.8470577950787128,0.24709133906251235,0.19286676732262856,-0.2007173028527926,0.22741126261658207,1.978366251211664,0.46638318604246143,1,0
17800.0,0.0915635658389671,0.9305040858134475,-0.6332691341887614,-0.9850588081900014,-0.2664609777178894,-0.3319664456362507,0.15678397263081445,-0.8039250393948271,1,0
17801.0,-0.1285343861158539,-0.20143741171417867,0.6901132030119433,-0.04561149759392501,-0.905483003732649,-0.7231586611558216,0.36470425725432115,1.1620610054185785,1,0
17802.0,1.431458115458667,1.048245697623346,0.6577726339544652,0.8001149328209587,-0.11055698892793868,-0.07426329780256188,1.5495405074492803,1.5675928766263612,1,0
17803.0,-1.0552626048729952,-1.0577180989205999,-0.43911521627965006,-0.5421822244396939,-0.06743644095180336,-0.07426329780256188,-0.351053338929104,-0.8039250393948271,1,0
17804.0,0.34255245841902615,-0.20143741171417867,-0.8790042827620301,-1.0349139242868357,-0.000519468276251787,-0.07426329780256188,0.5403834989422175,1.1620610054185785,1,0
17805.0,1.0182917845961084,-0.5568260068131017,1.448539490009351,0.7097809807220685,-1.0527494774407093,-1.277214299835045,-1.1175267461574372,-0.8039250393948271,1,0
17806.0,-1.0552626048729952,-1.0577180989205999,1.7254567213002467,0.933024150664774,-1.1395624176840826,-1.0222871175758335,0.019738861289862828,-0.8039250393948271,1,0
17807.0,0.13789997677682417,-0.20143741171417867,-0.56279631721496,-0.8613300440643112,-0.23227510006535934,0.40232454155815495,0.5976414102639861,-0.8039250393948271,1,0
17808.0,-0.9278374747938881,0.07422339860702587,-1.5142311090521994,-1.940539362311672,-0.10321942326105071,-0.07426329780256188,-0.2944540898073254,-0.8039250393948271,1,0
17809.0,1.7287834189765832,1.8470577950787128,0.017088442268688026,0.824656495591068,0.8239901092828288,-0.49392358329567604,0.2741787139163245,0.7169161657937569,1,0
17810.0,-0.9973420912006737,-0.5568260068131017,-0.9734029193695083,-0.5221458600687288,0.7140345838010035,0.843979790974327,0.15678397263081445,1.4608215350480005,1,0
17811.0,0.6476004970932518,2.868296742012583,-0.2828241667211468,-0.40381847956385514,-0.12810123749882632,0.40232454155815495,2.0751814545965726,1.0039658287057134,1,0
17812.0,0.9449258006111679,0.6548432754922423,-0.8488984042049947,-0.9623259482461157,0.035869779978871315,0.6445604725968617,1.0940548473899332,-0.8039250393948271,1,0
17813.0,-0.835164652918174,0.29945468039331957,0.0748933930562603,0.34339684040643287,0.18348500687123673,1.0445209855400752,1.5890157933141555,1.3056202738679257,1,0
17814.0,-0.8737783286997216,-0.5568260068131017,1.7149745148503988,1.4682959568935872,-0.7256587718305748,-0.23305906672429438,0.7935044385417946,-0.8039250393948271,1,0
17815.0,-1.0552626048729952,-1.0577180989205999,1.5389232455351918,1.0430634788570678,-0.8894861869525547,-1.9376978457118947,-0.9196861426527538,-0.8039250393948271,1,0
17816.0,1.6013582888974762,0.48988501576479315,-2.5357190684809234,-3.8044211301452058,-0.6479165124128426,-1.485945419229041,-0.018424472070835033,-0.8039250393948271,1,0
17817.0,0.5587890427956924,0.48988501576479315,-0.9497529381161333,-0.9707088182423972,0.1646251365203407,2.93293348630791,0.8149999143894906,0.5566200963305212,1,0
17818.0,-1.0552626048729952,-1.0577180989205999,-0.5305292569807909,-1.0163684454857982,-0.42114802963170705,-1.0222871175758335,0.0008790944596697093,-0.8039250393948271,1,0
17819.0,1.4739331588183693,1.254616278688769,-0.10128960045136085,0.8177759008737124,0.9996908016825776,0.16253566624592464,0.36470425725432115,0.02103660903962243,1,0
17820.0,-1.0552626048729952,-1.0577180989205999,-0.2956177067290469,-0.5502946352968798,-0.25843608040935945,0.09371390337111857,-0.0584501529419441,1.8596832102061218,1,0
17821.0,-1.0552626048729952,-1.0577180989205999,0.10184881512709346,0.26608213183986357,0.06351021476357786,-1.0222871175758335,-1.4883189463764042,-0.8039250393948271,1,0
17822.0,-0.5146711439313294,0.29945468039331957,0.684162860603541,0.6317233909411035,-0.31062613890584057,0.22741126261658207,1.0421157499468463,-0.8039250393948271,1,0
17823.0,-1.0552626048729952,-0.5568260068131017,-0.12700895666835094,-0.14626242046916296,-0.06582468310159163,0.22741126261658207,0.5976414102639861,-0.8039250393948271,1,0
17824.0,-1.0552626048729952,-1.0577180989205999,1.0999187285740732,0.11018126866532345,-1.1638864490982939,-1.277214299835045,-0.9196861426527538,-0.8039250393948271,1,0
17825.0,-0.5648689224473412,0.07422339860702587,-0.09462147910482348,-0.55451737816731,-0.5025511231232785,-0.8464662631382949,-0.4440240814723802,-0.8039250393948271,1,0
17826.0,-1.0552626048729952,-1.0577180989205999,-0.5918393498111858,-0.9712289171085752,-0.3041149638712755,-0.5602283770286947,-0.19177478749334104,-0.8039250393948271,1,0
17827.0,1.323339823270334,0.48988501576479315,0.6345330048717189,0.5022597961559243,-0.3745979904533129,-0.07426329780256188,1.414855402062007,0.5566200963305212,1,0
17828.0,-0.4297210572119248,0.07422339860702587,0.13301210451743495,0.6845913243535472,0.4842687091890864,1.7010479979872455,0.20279773648307728,1.812324557796002,0,0
17829.0,0.3232456205282524,0.29945468039331957,1.520719200630312,1.6898845883618216,-0.3062568084716621,-0.07426329780256188,0.8563715573771615,0.7169161657937569,0,0
17830.0,0.05294989005741956,-0.20143741171417867,-1.6757440915885475,-0.9883513547955548,1.2533129589780116,-0.07426329780256188,-0.6691621147691496,-0.8039250393948271,1,0
17831.0,-1.0552626048729952,-1.0577180989205999,-2.641647037054194,-2.7665150905940252,0.6080945071432481,-1.485945419229041,-2.18341137617149,-0.8039250393948271,1,0
17832.0,-1.0552626048729952,-1.0577180989205999,0.37153763426255265,-0.7765705851850031,-1.1446175906655742,-0.8464662631382949,0.3010782951428931,-0.8039250393948271,1,0
17833.0,-1.0552626048729952,-1.0577180989205999,-0.017645945876385277,0.2972077971039089,0.2612476346762034,-0.44035248611375827,-0.3222656930578095,-0.8039250393948271,1,0
17834.0,-0.9355602099501976,-0.5568260068131017,0.9137270469200349,0.3852552739622396,-0.787104454851268,1.1608512063238763,0.20279773648307728,-0.8039250393948271,1,0
17835.0,-0.9741738857317452,-0.20143741171417867,-0.2578782519020756,-1.1623092839051574,-0.8458871176795454,-0.5602283770286947,0.05620547486057961,-0.8039250393948271,1,0
17836.0,-1.0552626048729952,-1.0577180989205999,-0.5546391364723908,-1.241825977652378,-0.5987013645908379,-1.485945419229041,-0.47751296500053947,-0.8039250393948271,1,0
17837.0,-0.5880371279162697,0.8003467725008181,-0.8831215549815303,-0.43943639278721064,0.6755668024488646,0.22741126261658207,0.778854696993705,0.9153033772197167,1,0
17838.0,1.2770034123324767,1.3461657029712149,0.6804447763984429,0.6548037953429714,-0.2837301269301044,2.432880753823806,0.9809077037256301,0.4878572895827382,1,0
17839.0,-1.0552626048729952,-1.0577180989205999,0.7118246971954237,0.2829796826451734,-0.6602514882826851,-0.8464662631382949,0.14085407936492755,-0.8039250393948271,1,0
17840.0,-1.0552626048729952,-1.0577180989205999,-0.07094999616330684,-0.5344101573361394,-0.5114022030643871,-0.3319664456362507,0.03817477705094321,-0.8039250393948271,1,0
17841.0,1.7867039326489045,4.703270251382914,0.18655703235200471,0.2415281825711374,-0.07407340650487727,1.3155995981328836,3.197471600415641,1.2451328843752667,1,0
17842.0,-1.0552626048729952,-1.0577180989205999,-0.5425172234610122,0.6097331814578806,1.447851939900715,-0.23305906672429438,-0.6691621147691496,-0.8039250393948271,1,0
17843.0,-0.6382349064322815,-0.5568260068131017,-0.07094999616330684,-0.7105751142396757,-0.6669158668232512,-0.44035248611375827,0.26039076371065795,-0.8039250393948271,1,0
17844.0,-1.0552626048729952,-1.0577180989205999,-1.1169909995197986,-2.2649709435812504,-0.8631292599695504,-2.1228885995770903,-1.6147785724478398,-0.8039250393948271,0,0
17845.0,-0.9741738857317452,0.07422339860702587,-1.180206933732233,-0.8283736917255716,0.6628618991203876,0.40232454155815495,0.0008790944596697093,-0.8039250393948271,1,0
17846.0,-1.0552626048729952,-1.0577180989205999,-4.672365083494027,2.725880274445891,14.022739705511215,5.580927352844467,-2.516040243029759,-0.8039250393948271,1,0
17847.0,-0.5532848197128769,-0.5568260068131017,-2.4508232657199054,-1.9573330731084777,1.3083380018703683,-0.49273161976031987,-1.195715760389244,-0.8039250393948271,1,0
17848.0,1.462349056083905,2.328183835086569,-1.2036019087946213,-1.1076370298261164,0.37197290170536335,1.4081348126143514,0.7410432245545576,-0.42898433397070046,1,0
17849.0,0.5549276752175377,0.8003467725008181,-1.771181406999852,-0.9876378616206021,1.4143746751206479,1.1608512063238763,-0.4440240814723802,-0.8039250393948271,1,0
17850.0,0.34255245841902615,4.324350432415531,-0.0881049276787717,0.24872485163836983,0.30640187426704013,1.0383783963926798,0.7014044164687462,-0.5077565717067644,1,0
17851.0,0.15720681466759795,0.48988501576479315,0.06346125431484498,-0.07429311508087338,-0.23596639591321494,0.09371390337111857,1.2023399657248122,-0.8039250393948271,1,0
17852.0,1.7249220513984285,0.29945468039331957,-0.7230968718974079,-0.9909843115270763,-0.1590653043722498,-0.3319664456362507,0.5403834989422175,-0.8039250393948271,1,0
17853.0,0.21512732833991927,-0.20143741171417867,0.3767161640363318,0.9078970202522108,0.38771303878589164,-0.07426329780256188,0.5599168914235233,-0.8039250393948271,1,0
17854.0,1.053044092799501,0.48988501576479315,-0.3996599617470653,-0.5876751883365386,-0.16481028428878797,0.16253566624592464,0.8007323595364199,-0.8039250393948271,1,0
17855.0,-1.0552626048729952,-1.0577180989205999,0.3128801098140292,-0.3742016465113098,-0.7897234139049406,-0.3319664456362507,-0.7135169018659211,-0.8039250393948271,1,0
17856.0,0.025920317010336275,0.07422339860702587,0.3844379043043724,0.3446704114689319,-0.2219559189239302,0.09725622010391866,-0.980481634816486,1.4608215350480005,1,0
17857.0,1.4044285424115837,2.0624455833410726,1.8682583392422363,1.9359647934098312,-0.48589985376278355,3.2128633513407188,-0.5488939424337871,0.02103660903962243,1,0
17858.0,1.7558129920236665,2.328183835086569,0.2146891597826193,0.5696958313673721,0.2381297620971632,0.845806698993629,1.1476287812477595,-0.11599345861404298,1,0
17859.0,-1.0552626048729952,-1.0577180989205999,-0.16039312693195282,-0.8405563613148991,-0.681720761379686,-1.0222871175758335,-0.47751296500053947,-0.8039250393948271,1,0
17860.0,0.33482972326271665,0.07422339860702587,0.2049482424912026,-0.49858375806349026,-0.7803610572918432,-0.07426329780256188,0.8957565793121419,-0.8039250393948271,1,0
17861.0,1.7480902568673569,1.7234195042875162,0.5878286303912362,0.04705937634539316,-0.7277719123520818,0.22741126261658207,1.672692210788646,0.8107045800741712,1,0
17862.0,-0.1285343861158539,0.07422339860702587,-0.30768568352883924,0.20431183886130486,0.573739003664071,0.22741126261658207,0.6158724655605186,-0.8039250393948271,1,0
17863.0,1.2345283689727746,1.254616278688769,1.0501647030232637,0.6594669308635398,-0.7022676878789285,-0.07426329780256188,1.0527699740597574,-0.8039250393948271,1,0
17864.0,0.5472049400612282,0.29945468039331957,0.45253045246889584,-0.540683025770239,-1.051271629670912,-0.49273161976031987,0.6424811892318264,-0.8039250393948271,1,0
17865.0,1.6785856404605712,2.842288372936632,0.7014673808968303,0.9995460429136912,0.03925704868216132,0.22741126261658207,1.8139335651715507,1.1967019853795202,1,0
17866.0,1.195914693191227,-0.20143741171417867,0.20545249531353976,0.43316743494213916,0.10229567872389773,-0.07426329780256188,-0.5870572757944853,1.1620610054185785,1,0
17867.0,1.6747242728824165,1.5111239626986637,-1.2753948755238373,-1.2681598559698009,0.29392594117078585,1.3155995981328836,0.8428115176399747,1.1620610054185785,1,0
17868.0,-1.0552626048729952,-1.0577180989205999,-0.5186723091502936,-0.21668456947888365,0.3959385266124122,-0.3319664456362507,-0.6691621147691496,-0.8039250393948271,1,0
17869.0,0.643739129515097,0.6548432754922423,-0.7932503128310593,-1.1562345273126737,-0.23568888638742924,1.1608512063238763,0.4350642467200411,-0.8039250393948271,1,0
17870.0,0.408195707247657,1.3461657029712149,-0.09830952773655466,-0.3420056581244877,-0.2982447951945047,0.22741126261658207,1.3250103761632985,-0.030266317867525,1,0
17871.0,0.83294614084468,0.29945468039331957,-0.03562812430917484,-0.2810459686201659,-0.3157897600948199,0.09371390337111857,0.3398428478240282,-0.8039250393948271,1,0
17872.0,-1.0552626048729952,-1.0577180989205999,0.191244061185925,-0.20963509972760472,-0.5165614985979016,-0.7231586611558216,-0.8101418318588084,-0.8039250393948271,1,0
17873.0,1.4275967478805123,1.7234195042875162,0.49128005861914076,0.32740843648232476,-0.36924307346799934,2.4715548451509735,0.3523677281481314,0.22484244827571642,1,0
17874.0,-0.7849668744021622,0.48988501576479315,-1.482712246369122,-1.1971455456908273,0.6842754072178656,0.22741126261658207,-0.1005293110454993,0.5566200963305212,1,0
17875.0,-1.0552626048729952,-1.0577180989205999,-0.43911521627965006,-0.677822515093329,-0.20522807510717422,-0.7231586611558216,-0.41184883109283577,-0.8039250393948271,1,0
17876.0,0.010474846697717257,-0.20143741171417867,1.6086091903600983,1.9382133609371166,-0.17085282994783826,-1.606782133071617,-1.947407439306109,-0.8039250393948271,1,0
17877.0,-1.0552626048729952,-1.0577180989205999,-0.43911521627965006,-0.1996435056057182,0.3014500767718845,-0.3319664456362507,-0.980481634816486,-0.8039250393948271,1,0
17878.0,0.30393878263747864,-0.20143741171417867,0.9215716214285656,0.7309572626658872,-0.4978638717218249,-0.3319664456362507,0.5403834989422175,-0.8039250393948271,1,0
17879.0,-1.0552626048729952,-1.0577180989205999,-1.2706676352439727,-0.5880933740440825,1.1003359503132304,-0.5602283770286947,-1.4883189463764042,-0.8039250393948271,1,0
17880.0,0.3579979287316452,-0.20143741171417867,0.05654369680127278,-0.0010474097208958105,-0.1541286798267416,-0.5602283770286947,0.019738861289862828,-0.8039250393948271,1,0
17881.0,-1.0552626048729952,-1.0577180989205999,-1.6309996088557088,-0.9837711062923894,1.185175506849254,-0.8464662631382949,-1.282149705589571,-0.8039250393948271,1,0
17882.0,-1.0552626048729952,-0.5568260068131017,-0.8466168051985027,-0.764748623787712,0.24723598688043572,-0.3319664456362507,0.09111983872311039,-0.8039250393948271,1,0
17883.0,1.4507649533494409,0.6548432754922423,-0.819605453243511,-0.896069020980583,0.06688453455481017,-0.07426329780256188,1.0580456432127332,0.42541977181113405,1,0
17884.0,1.7712584623362855,1.8470577950787128,-0.03562812430917484,-0.9430928814815461,-0.8934495322244315,-0.23305906672429438,1.6107485536704966,0.46638318604246143,1,0
17885.0,-1.0552626048729952,-1.0577180989205999,0.13462774134279293,-0.5021136733420752,-0.7098071278340774,-0.49273161976031987,0.14085407936492755,-0.8039250393948271,1,0
17886.0,1.099380503737358,0.48988501576479315,-0.21396144237275733,-0.03566457076750431,0.16807730369140078,0.843979790974327,0.9633903749728084,0.5566200963305212,1,0
17887.0,-1.0552626048729952,-1.0577180989205999,-1.6988279396262262,-1.227903056435848,0.9869089043577766,0.40232454155815495,-1.1175267461574372,-0.8039250393948271,1,0
17888.0,1.636110597100869,2.1108969658951904,-0.9336146888079513,-1.8013030722001708,-0.6698236643458532,-0.07426329780256188,1.0036970504436913,0.8791519694958757,1,0
17889.0,0.5124526318578354,0.6548432754922423,-0.9721228013121647,-1.2358765359490727,-0.08695382214292502,-0.07426329780256188,0.676667957724251,-0.8039250393948271,1,0
17890.0,-0.9046692693249596,-0.5568260068131017,0.37153763426255265,0.12218865290187612,-0.420368990088209,-0.07426329780256188,0.5976414102639861,-0.8039250393948271,1,0
17891.0,-1.0552626048729952,-1.0577180989205999,1.0593822599809908,-0.407836424290471,-1.4454125688637705,-1.485945419229041,-0.1679944637358899,-0.8039250393948271,1,0
17892.0,-0.6729872146356743,-0.20143741171417867,-1.4971457177156455,-1.6517030794350005,0.18204589248990355,-0.07426329780256188,-0.351053338929104,-0.8039250393948271,1,0
17893.0,-1.0552626048729952,-1.0577180989205999,0.09517248681020817,-1.2170107069101637,-1.2067072156542167,-0.3319664456362507,-0.8101418318588084,-0.8039250393948271,1,0
17894.0,0.48156169123259734,1.7234195042875162,-1.0669867606493706,-1.0144214457501657,0.2809435391205859,0.40232454155815495,1.3250103761632985,0.22484244827571642,1,0
17895.0,-1.0552626048729952,-1.0577180989205999,-0.13525918599176848,-1.4005955487890727,-1.1361795109171766,-0.5229139223515364,-0.8101418318588084,-0.8039250393948271,1,0
17896.0,-1.0552626048729952,-1.0577180989205999,0.7231454948159841,-0.0965869949665862,-0.975554957495855,-2.222738076020031,-2.18341137617149,-0.8039250393948271,1,0
17897.0,0.5047298967015259,0.9305040858134475,-0.4330441320106672,-0.19210583689461838,0.30128530839281564,1.1608512063238763,1.3096760282782078,0.22484244827571642,1,0
17898.0,0.8059165677975968,0.07422339860702587,-0.916634642116263,-1.7652146827795399,-0.6571321907338575,0.16253566624592464,0.10803515400060046,-0.8039250393948271,1,0
17899.0,-1.0552626048729952,-1.0577180989205999,0.16015597628249342,-0.7728216802548393,-0.951690871548745,0.22741126261658207,-0.2944540898073254,-0.8039250393948271,1,0
17900.0,-1.0552626048729952,-0.5568260068131017,-1.4923131933435323,-2.151868555160524,-0.34307364400184487,0.09725622010391866,-1.7643485641128949,1.7659550299964637,1,0
17901.0,0.8445302435791443,-0.20143741171417867,-2.5873907353871455,-1.5661547991837663,2.0820080930668485,0.40232454155815495,-0.5124273288630706,-0.8039250393948271,1,0
17902.0,-1.0552626048729952,-1.0577180989205999,1.3749250125756192,-0.32672889619908774,-1.6028582787533583,-1.277214299835045,-0.4440240814723802,-0.8039250393948271,1,0
17903.0,-1.0552626048729952,-1.0577180989205999,-0.040170628898255525,0.4431123978588523,0.4581614371154806,-0.49273161976031987,0.03817477705094321,-0.8039250393948271,1,0
17904.0,-1.0552626048729952,-1.0577180989205999,-0.9123884530256321,-0.49158661913235485,0.6577612195057033,-0.07426329780256188,-0.19177478749334104,1.7659550299964637,1,0
17905.0,1.2963102502232506,1.3461657029712149,-0.4165905332577798,-0.6719193428483043,-0.22766758000347742,2.432880753823806,0.9084756515476784,-0.030266317867525,1,0
17906.0,-1.0552626048729952,-1.0577180989205999,-1.8487072318595295,-1.7997800337599088,0.527094636959722,0.22741126261658207,-0.980481634816486,-0.8039250393948271,1,0
17907.0,-1.0552626048729952,-1.0577180989205999,2.119691088222327,0.07956423825048572,-1.8146100653831783,-0.619945652967382,-0.9196861426527538,-0.8039250393948271,1,0
17908.0,0.30393878263747864,0.29945468039331957,-0.08193244641104545,-0.22247845911655156,-0.20095866988923422,1.1608512063238763,1.1708701012236533,1.3056202738679257,1,0
17909.0,-1.0552626048729952,-1.0577180989205999,-1.369362910844565,-0.9919244249307022,0.7567149070505296,-0.07426329780256188,-1.282149705589571,-0.8039250393948271,1,0
17910.0,-1.0552626048729952,-1.0577180989205999,-0.21247832535746608,-0.06833861311549105,0.13060829773598834,-0.5602283770286947,-0.41184883109283577,-0.8039250393948271,1,0
17911.0,-1.0552626048729952,-1.0577180989205999,0.44673400095409205,0.38895917865760604,-0.25570369780285296,-0.49273161976031987,-0.0584501529419441,-0.8039250393948271,1,0
17912.0,-0.804273712292936,0.48988501576479315,-1.5068758271317502,-2.0050485533601305,-0.17892415919847138,-0.07426329780256188,0.10803515400060046,0.5566200963305212,1,0
17913.0,1.5627446131159286,1.4313961779209454,-0.18055799784883608,-0.1384680383552768,0.012814030798992888,-0.07426329780256188,1.3584992596914578,-0.8039250393948271,1,0
17914.0,-1.0552626048729952,-1.0577180989205999,1.2599329684305292,0.2734247026620111,-1.1889785233343446,-0.3319664456362507,0.4350642467200411,-0.8039250393948271,1,0
17915.0,-1.0552626048729952,-1.0577180989205999,0.2794959395504273,-0.17402496876122658,-0.5841477968071336,-0.2521611112671691,-0.351053338929104,-0.8039250393948271,1,0
17916.0,-0.6498190091667458,-0.5568260068131017,-1.2706676352439727,-3.3970921782479224,-1.490127655029736,-1.277214299835045,-0.8101418318588084,-0.8039250393948271,1,0
17917.0,0.1687909174020622,-0.20143741171417867,-0.9237487654948688,-1.1989287573759064,-0.11203550474905846,0.22741126261658207,0.48941283948908304,-0.8039250393948271,1,0
17918.0,-1.0359557669822212,-0.20143741171417867,-0.2455846367572811,-0.9962244902624211,-0.7226565158134197,-0.5602283770286947,-0.1679944637358899,-0.8039250393948271,1,0
17919.0,0.2962160474811691,-0.5568260068131017,1.7239654496871215,1.6444289306310385,-0.5843925369723362,-0.3319664456362507,-0.1005293110454993,-0.8039250393948271,1,0
17920.0,1.7596743596018212,3.0364678823573934,0.47523672348746415,0.6400394885981336,-0.03851961313615624,0.22741126261658207,2.3081357086709535,-0.3913875014742895,1,0
17921.0,0.674630070140335,1.048245697623346,-0.41527030196893144,-0.1727902342955698,0.29772726952024875,0.843979790974327,1.380089024801486,0.7169161657937569,1,0
17922.0,-1.0552626048729952,-1.0577180989205999,-1.180206933732233,-0.651282345701962,0.8774160687482814,-0.49273161976031987,-1.282149705589571,-0.8039250393948271,1,0
17923.0,-0.04358429939644931,-0.20143741171417867,-1.2320550214743144,-0.6895127569876702,0.9118995781395833,-1.1857083812767173,-2.18341137617149,-0.8039250393948271,1,0
17924.0,0.5008685291233711,0.8003467725008181,0.026047204387651634,0.5333932129249818,0.4657525041168679,-0.5352158833882268,-0.351053338929104,1.6719867635063792,1,0
17925.0,-1.0552626048729952,-1.0577180989205999,-0.7696412719700645,-0.16311945573104722,0.8349920856864784,-1.3664151374999618,-2.516040243029759,-0.8039250393948271,1,0
17926.0,0.6669073349840255,0.29945468039331957,-0.27281686903411106,-0.3864274573257193,-0.12326631156552598,-0.3319664456362507,-0.351053338929104,-0.8039250393948271,1,0
17927.0,-1.0552626048729952,-1.0577180989205999,-0.3347174312149545,0.08996980992573536,0.4804924614469704,-1.0222871175758335,-1.1175267461574372,-0.8039250393948271,1,0
17928.0,0.9758167412364059,-0.20143741171417867,-0.7403178672498535,-1.1990873778642748,-0.34296286931676273,0.22741126261658207,-0.351053338929104,-0.8039250393948271,1,0
17929.0,1.7210606838202736,1.254616278688769,-1.5019998641927266,-0.09382218334082797,2.15137353229542,-0.3319664456362507,-1.4883189463764042,0.02103660903962243,1,0
17930.0,1.3001716178014053,1.3461657029712149,0.7377735806224252,0.24246212084769858,-0.7222198037618575,-0.7831339784253591,-0.0584501529419441,0.4878572895827382,1,0
17931.0,0.9796781088145607,1.4313961779209454,-0.06816605845983245,-0.15511775228892144,-0.15077442296245758,0.22741126261658207,1.5231222191235918,1.0320515692003946,1,0
17932.0,-0.3524937056488297,-0.20143741171417867,0.6249863694253284,0.6507488047932175,-0.21911893494721021,-0.07426329780256188,0.5599168914235233,-0.8039250393948271,1,0
17933.0,-1.0552626048729952,-1.0577180989205999,-0.9123884530256321,-1.1879102074284946,-0.11549889093578086,-0.619945652967382,-0.980481634816486,-0.8039250393948271,1,0
17934.0,0.3155228853719429,-0.20143741171417867,0.37843686214125233,0.32614827836727983,-0.23278869662068455,0.22741126261658207,-0.12240697358821374,-0.8039250393948271,1,0
17935.0,1.2499738392853936,0.6548432754922423,-1.5409146953379331,-1.400319785283115,0.5317226345789225,-0.07426329780256188,0.2877387536535113,0.42541977181113405,1,0
17936.0,-1.0552626048729952,-1.0577180989205999,0.6208690972058282,0.4740226318919889,-0.38501473527759383,-0.3319664456362507,0.38883434171884856,-0.8039250393948271,1,0
17937.0,0.31166151779378815,0.6548432754922423,0.5726701692044719,1.0939064192659702,0.3187219764390714,-0.3319664456362507,-0.6270829566655943,-0.8039250393948271,1,0
17938.0,-1.0552626048729952,-1.0577180989205999,-1.0967119057658503,-0.876901160152693,0.48062555847932903,-0.5602283770286947,-0.2944540898073254,-0.8039250393948271,1,0
17939.0,-1.0552626048729952,-1.0577180989205999,-1.395506342811086,-1.384965262107566,0.33500525305550777,-1.0222871175758335,-0.980481634816486,-0.8039250393948271,1,0
17940.0,1.5974969213193215,1.5860167045095306,3.8892940336134365,2.6331890814723016,-1.6902531219246149,5.4850383808395975,-1.0461457687241897,1.256310742518105,1,0
17941.0,1.1534396498315247,0.07422339860702587,0.6810453299303724,0.35923266438123,-0.5597705943174197,-1.606782133071617,-1.6147785724478398,-0.8039250393948271,1,0
17942.0,-1.0552626048729952,-1.0577180989205999,-1.4497626444781349,-1.7173433226677175,0.0451535636231777,-1.7601883558991351,-2.18341137617149,-0.8039250393948271,1,0
17944.0,-1.0552626048729952,-1.0577180989205999,-0.5918393498111858,-1.7541824247512918,-0.9787668790769694,-0.5602283770286947,-0.4440240814723802,-0.8039250393948271,1,0
17945.0,-1.0552626048729952,-0.20143741171417867,-0.6391097939359323,-1.1253308482176088,-0.39461657820160034,-0.07426329780256188,0.36470425725432115,-0.8039250393948271,1,0
17946.0,-0.9548670478409714,-0.5568260068131017,-1.4637615474520436,-1.7653047422994195,0.013055802983293308,0.6445604725968617,-0.6691621147691496,-0.8039250393948271,1,0
17947.0,-1.0552626048729952,-1.0577180989205999,0.14106633547931893,-0.6021579312893177,-0.7992258113511699,-1.8794321500245568,-1.195715760389244,-0.8039250393948271,1,0
17948.0,-1.0552626048729952,-1.0577180989205999,-0.025102332118955028,0.3601441938374871,0.3420961103056591,-1.6260741218693058,-2.516040243029759,-0.8039250393948271,1,0
17949.0,1.7867039326489045,3.9899005064013453,1.347898706762322,1.7499523072327068,-0.02789853874114641,7.262375590862459,0.26039076371065795,0.5712095954032022,1,0
17950.0,1.38512170452081,0.6548432754922423,-0.4789764202754277,-0.6778921268229675,-0.1546823494758048,0.16253566624592464,0.9333370609779713,0.42541977181113405,1,0
17951.0,0.35413656115349046,0.07422339860702587,0.30186580274645863,0.268215952275606,-0.1944617995276832,-0.07426329780256188,-0.4440240814723802,0.9153033772197167,1,0
17952.0,-0.42585968963377,0.07422339860702587,-0.16890218959256986,-0.40090692174503634,-0.2688151474717209,0.22741126261658207,0.5695118981833196,-0.8039250393948271,1,0
17953.0,-1.0552626048729952,-1.0577180989205999,-0.4282116076385533,-0.7298004847995069,-0.2702602073231211,-0.49273161976031987,-0.5870572757944853,-0.8039250393948271,1,0
17954.0,1.7442288892892022,1.7867847730198683,0.14477655181262525,-0.42051089992392066,-0.6511590745714385,-0.3319664456362507,1.980077125087275,1.2424828955008296,1,0
17955.0,0.7479960541252754,0.48988501576479315,-0.2813111267366193,-0.7510844938534429,-0.46693146357012677,-0.49273161976031987,-0.7604075912169913,-0.8039250393948271,1,0
17956.0,-1.0552626048729952,-1.0577180989205999,-4.672365083494027,-4.095546278040152,3.2878108969232795,-0.07426329780256188,-2.516040243029759,-0.8039250393948271,1,0
17957.0,-1.0552626048729952,-1.0577180989205999,0.7193850060328074,-1.2238990968804848,-1.637039106278513,-0.8464662631382949,-0.2415090281351582,-0.8039250393948271,1,0
17958.0,1.307894352957715,-0.5568260068131017,-0.040170628898255525,0.7769452931243825,0.8540687369652278,0.09371390337111857,-0.14488409814227088,-0.8039250393948271,1,0
17959.0,-1.0552626048729952,-1.0577180989205999,-1.180206933732233,-0.9105754706004707,0.5654955646038542,1.1608512063238763,-2.18341137617149,-0.8039250393948271,1,0
17960.0,0.7595801568597397,-0.20143741171417867,-2.1213582369382444,-2.446175645443704,0.18991269521296505,-0.5602283770286947,-0.1005293110454993,-0.8039250393948271,1,0
17961.0,1.7133379486639642,3.7872991178893707,-2.4218172114750818,-3.04514398282398,-0.03934650120935647,2.432880753823806,1.9919543668476887,-0.5707708613942776,1,0
17962.0,1.0800736658465844,0.07422339860702587,0.10682923670177041,-0.6397424688687449,-0.7947507928707332,-0.07426329780256188,1.0092968245825193,0.9153033772197167,1,0
17963.0,-0.2134844728352585,0.07422339860702587,-0.579297014423793,-0.712552155020621,-0.06026897660397604,0.40232454155815495,0.6849965950064003,-0.8039250393948271,1,0
17964.0,0.26146373927777633,-0.5568260068131017,0.02247257206728863,-0.20975037180667336,-0.31771482340436824,0.22741126261658207,0.5599168914235233,-0.8039250393948271,1,0
17965.0,1.6013582888974762,2.287676865127367,0.046526822379612906,-0.1619943363006472,-0.30087274385197227,0.6467390474220279,2.1479564234035022,0.3963234538438099,1,0
17966.0,1.46621042366206,1.048245697623346,1.0629559865269245,-0.4512896331274273,-1.4710088939649504,-0.09503028911869377,0.5403834989422175,-0.8039250393948271,1,0
17967.0,-0.8815010638560311,-0.5568260068131017,-0.9824062899433923,-1.1596482511267732,0.006240040952573317,-0.3319664456362507,0.2741787139163245,-0.8039250393948271,1,0
17968.0,-0.5185325115094841,0.07422339860702587,-0.5157282098463268,-0.8003262414636563,-0.23077669607437543,-0.5602283770286947,0.7487462269343014,-0.8039250393948271,1,0
17969.0,1.134132811940751,1.8470577950787128,-1.140790426317556,-1.1437100973059082,0.24148348769450897,1.3155995981328836,0.8007323595364199,1.2017201856048274,1,0
17970.0,-1.0552626048729952,-1.0577180989205999,1.3728644232995073,1.0213187380382185,-0.7393054592920635,-0.07426329780256188,-0.351053338929104,-0.8039250393948271,1,0
17971.0,-1.0552626048729952,-1.0577180989205999,-0.9294738443621855,-0.7203843414251682,0.4158756388248108,-0.5602283770286947,-0.5488939424337871,-0.8039250393948271,1,0
17972.0,-1.0552626048729952,-1.0577180989205999,-1.4779434477997069,-0.9567073226336335,0.9709318072959549,0.16253566624592464,-0.26755450858075713,-0.8039250393948271,1,0
17973.0,-1.0552626048729952,-1.0577180989205999,0.191244061185925,0.2758903998437046,-0.04467971460510248,-0.5602283770286947,-0.8101418318588084,-0.8039250393948271,1,0
17974.0,0.423641177560276,0.48988501576479315,0.3672032300643969,0.16065456240733417,-0.37908190107303397,-0.07426329780256188,1.5379039474350604,-0.8039250393948271,1,0
17975.0,0.7788869947505135,2.0624455833410726,-0.5181810707775236,0.022527234282795124,0.6740270883817692,0.22741126261658207,1.4250043611008119,0.02103660903962243,1,0
17976.0,-1.0552626048729952,-1.0577180989205999,-0.35480874479920405,0.339601745188362,0.8064095782096476,-0.07426329780256188,0.23209955581276964,-0.8039250393948271,1,0
17977.0,0.37730476662241896,-0.5568260068131017,2.104035694952232,1.424008043407845,-1.1295367860171974,0.40232454155815495,0.651162367871365,1.4608215350480005,1,0
17978.0,0.3579979287316452,0.07422339860702587,0.8521789069295572,0.07231724207563713,-0.970638948665871,0.6445604725968617,0.31420439478743356,-0.8039250393948271,1,0
17979.0,-0.19031626736633,0.07422339860702587,-0.42550274249156356,-0.5075690908706079,-0.049409555360565266,-0.07426329780256188,0.822041706347352,0.9153033772197167,1,0
17980.0,-0.17487079705371097,0.07422339860702587,0.3046298804906116,-0.08583311803422021,-0.5337622077147932,-0.07426329780256188,-0.018424472070835033,-0.8039250393948271,1,0
17981.0,-1.0552626048729952,-1.0577180989205999,0.6125873781522663,-0.19103151406163624,-0.9420659206345695,-0.44035248611375827,-0.7135169018659211,-0.8039250393948271,1,0
17982.0,-1.0552626048729952,-1.0577180989205999,-0.24864500529645414,-0.9355537759734757,-0.667868289694179,-1.1639429167840407,-0.9196861426527538,-0.8039250393948271,1,0
17983.0,-1.0552626048729952,-1.0577180989205999,-0.3347174312149545,-0.6408881245931354,-0.29871994590612805,-0.3319664456362507,-0.47751296500053947,-0.8039250393948271,1,0
17984.0,1.2345283689727746,0.29945468039331957,0.2996494589159347,-0.19596393054084937,-0.6256332504992247,0.22741126261658207,1.3019000105696792,-0.8039250393948271,1,0
17985.0,-1.0552626048729952,-1.0577180989205999,0.23332301694338564,1.1386156299913506,0.8736323691250799,-0.07426329780256188,-0.5870572757944853,-0.8039250393948271,1,0
17986.0,-1.0552626048729952,-1.0577180989205999,-2.8228840014317678,-3.4663800919639147,0.07360925972680037,-1.7675137489305075,-2.516040243029759,-0.8039250393948271,1,0
17987.0,0.35413656115349046,0.29945468039331957,0.34526758737755564,-0.4288689601412403,-0.8660768961919669,-0.3319664456362507,0.9692711437114102,0.7169161657937569,1,0
17988.0,1.7287834189765832,1.4313961779209454,-2.539329387711957,-2.782846519786783,0.4277387938474241,1.1608512063238763,0.8149999143894906,-0.07562038801004557,1,0
17989.0,-1.0552626048729952,-1.0577180989205999,0.8670747921188672,-0.2508243278206648,-1.2088260628546659,-1.0808399641377464,-0.38088803500765217,-0.8039250393948271,1,0
17990.0,0.8599757138917633,0.48988501576479315,-0.13940794794141292,-0.10573389316918731,-0.007391309384960696,-0.8464662631382949,-0.03819322927216564,0.5566200963305212,1,0
17991.0,0.3579979287316452,-0.20143741171417867,-1.5880276577990635,-1.2837078516784415,0.7427494402845001,0.40232454155815495,-0.1005293110454993,-0.8039250393948271,1,0
17992.0,-1.0552626048729952,-1.0577180989205999,-0.12700895666835094,-0.10825538969134706,-0.02638889829286075,-0.3319664456362507,0.12460872225127,-0.8039250393948271,1,0
17993.0,-1.0552626048729952,-1.0577180989205999,-0.2956177067290469,-0.2135598211450542,0.08745276131081724,-0.07426329780256188,0.2877387536535113,-0.8039250393948271,1,0
17994.0,0.8715598166262276,1.1557353675997408,0.32624660243617654,-0.3655698770974908,-0.7963815600744699,0.22741126261658207,1.36936516326007,0.9917078520475852,1,0
17995.0,-0.645957641588591,-0.20143741171417867,-0.5587100603023628,-0.69366918635025,-0.06768325650916095,-0.07426329780256188,-0.3222656930578095,-0.8039250393948271,1,0
17996.0,-0.410414219321151,-0.20143741171417867,0.30554967700838387,-0.7301661081396091,-1.054645369267188,-0.07426329780256188,0.32712377558849165,-0.8039250393948271,1,0
17997.0,-0.7077395228390672,0.8003467725008181,0.7203263509315423,-0.150622781408672,-1.0127512654562745,0.40232454155815495,0.9333370609779713,1.4608215350480005,1,0
17998.0,0.32710698810640715,-0.20143741171417867,0.25665509743329146,-0.347737724684259,-0.7092015666498025,1.3155995981328836,0.24636711066584036,1.1620610054185785,1,0
17999.0,0.26146373927777633,-0.20143741171417867,-0.41384186209472845,-0.5754776110328558,-0.1343158189273623,0.22741126261658207,0.8828371985110838,-0.8039250393948271,1,0
18000.0,-1.0552626048729952,-1.0577180989205999,-0.3248096004571912,-1.0795192876542543,-0.7087567518107897,-0.5602283770286947,-1.4883189463764042,-0.8039250393948271,1,0
18001.0,1.7442288892892022,0.48988501576479315,0.010471344291890297,-0.7454691530700266,-0.782055369720353,0.22741126261658207,0.8496195544385344,-0.8039250393948271,1,0
18002.0,0.31938425295009765,0.07422339860702587,-2.229938773893386,-2.007268978529171,0.8743239118178844,0.843979790974327,0.17241042083090774,-0.8039250393948271,1,0
18003.0,-1.0552626048729952,-1.0577180989205999,0.763672784937505,0.3603340192242249,-0.6498794558161708,-0.8464662631382949,-0.47751296500053947,-0.8039250393948271,1,0
18004.0,-1.0552626048729952,-1.0577180989205999,-0.6839467502392094,-0.6587097810264106,0.1373105554065778,-0.07426329780256188,-0.21626507557551844,-0.8039250393948271,1,0
18005.0,-0.8853624314341858,-0.5568260068131017,-1.235855025106168,-1.0728867071172092,0.4589946157681813,0.22741126261658207,0.17241042083090774,-0.8039250393948271,1,0
18006.0,1.6438333322571785,0.07422339860702587,-0.40939007116316944,-0.13344822533209405,0.3335097366302159,-0.07426329780256188,0.24636711066584036,-0.8039250393948271,1,0
18007.0,-1.0552626048729952,-1.0577180989205999,0.5788134468182867,-0.30233247949986397,-0.9934921471749983,0.22741126261658207,0.07384838550817617,-0.8039250393948271,1,0
18008.0,1.38512170452081,2.0120160548061623,0.9040308590426012,1.5527180071973723,0.36480868676191325,0.40232454155815495,0.48941283948908304,-0.8039250393948271,1,0
18009.0,0.5549276752175377,0.8003467725008181,-0.6352733163365271,-0.028501886169627566,0.7912016763897058,0.16253566624592464,1.0036970504436913,1.6719867635063792,1,0
18010.0,-1.0552626048729952,-1.0577180989205999,-0.9644736514511453,-0.616679480431765,0.5880586602544999,0.22741126261658207,-0.8630868935309756,-0.8039250393948271,1,0
18011.0,-0.30615729471097264,-0.5568260068131017,-0.9039456094224849,-0.35387331807562755,0.8106165791195671,0.16253566624592464,0.32712377558849165,-0.8039250393948271,1,0
18012.0,-1.0552626048729952,-1.0577180989205999,-0.9123884530256321,-1.180730984785586,-0.10813627284228727,0.843979790974327,-0.9196861426527538,-0.8039250393948271,1,0
18013.0,-1.0552626048729952,-0.5568260068131017,-0.036383888831362024,-1.462010054107981,-1.2580076684949137,-1.277214299835045,-0.2415090281351582,-0.8039250393948271,1,0
18014.0,-1.0552626048729952,-1.0577180989205999,-0.8307785687615927,-0.6833561046767712,0.31568172075832535,-0.5602283770286947,-0.2944540898073254,-0.8039250393948271,1,0
18015.0,-1.0552626048729952,-1.0577180989205999,0.06804857585446991,-1.1263080617393648,-1.1231414185493696,-1.1639429167840407,0.07384838550817617,-0.8039250393948271,1,0
18016.0,1.4507649533494409,0.6548432754922423,0.17091540259528598,0.023913660112916034,-0.27262680995193805,0.22741126261658207,0.8149999143894906,-0.8039250393948271,1,0
18017.0,0.2962160474811691,0.07422339860702587,-0.4174164944150915,-0.6385977737787202,-0.19342867921568357,-1.8794321500245568,-2.516040243029759,-0.8039250393948271,1,0
18018.0,0.14948407951128842,0.07422339860702587,-1.235855025106168,-1.7705835910184977,-0.28863237217582194,0.843979790974327,0.019738861289862828,0.9153033772197167,1,0
18019.0,-1.0552626048729952,-1.0577180989205999,-3.1683744313066695,-2.656666537091491,1.6758084801030433,-0.3319664456362507,-1.6147785724478398,-0.8039250393948271,1,0
18020.0,-1.0552626048729952,-1.0577180989205999,-0.8466168051985027,-0.5000445350612899,0.5490869518823479,0.16253566624592464,-0.980481634816486,1.7659550299964637,1,0
18021.0,-1.0436785021385309,-0.5568260068131017,-0.5981653148349466,-1.201667547280223,-0.5134609024455845,-0.2521611112671691,-0.21626507557551844,-0.8039250393948271,1,0
18022.0,0.9178962275640846,0.29945468039331957,0.6849408455258915,0.24863501383856326,-0.660677324134958,0.09371390337111857,1.6134251098001537,-0.8039250393948271,1,0
18024.0,-1.0552626048729952,-0.5568260068131017,-0.5069435470501669,-0.46895979641641744,0.10020761429392694,-0.3319664456362507,-0.5488939424337871,1.4608215350480005,1,0
18025.0,-0.1285343861158539,0.48988501576479315,0.1881750352984766,-0.45926089132675035,-0.7304161980384172,-0.49273161976031987,0.5502083316528148,-0.8039250393948271,1,0
18026.0,-1.0359557669822212,-0.5568260068131017,0.6331743322736965,1.8074995713970665,1.076951918059583,-0.07426329780256188,-0.980481634816486,-0.8039250393948271,1,0
18027.0,-1.0552626048729952,-1.0577180989205999,-0.6839467502392094,-1.1806136065789357,-0.3933253707676588,-0.8464662631382949,-0.5488939424337871,-0.8039250393948271,1,0
18028.0,-1.0552626048729952,-1.0577180989205999,-0.11069436460239296,-0.4888967730479451,-0.4233089387885591,-1.1639429167840407,-1.7643485641128949,-0.8039250393948271,1,0
18029.0,-1.0552626048729952,-1.0577180989205999,0.5830931365011094,0.6194387253572246,-0.19777252273825444,-0.7231586611558216,-0.6691621147691496,-0.8039250393948271,1,0
18030.0,-0.9085306369031144,-0.5568260068131017,-1.5827738948552719,-1.1804375581898074,0.8605501120699596,0.6445604725968617,-1.282149705589571,1.4608215350480005,1,0
18031.0,-1.0552626048729952,-1.0577180989205999,0.7672831041685383,0.7056160779746643,-0.3402411745784966,-0.3319664456362507,0.12460872225127,-0.8039250393948271,1,0
18032.0,-1.0552626048729952,-1.0577180989205999,-1.3438346759048645,-1.7887408854816382,-0.16986310128160462,-1.7067089928021477,-1.6147785724478398,-0.8039250393948271,1,0
18033.0,-1.0552626048729952,-1.0577180989205999,0.5830931365011094,-1.4010092985214713,-1.6399729539897117,-1.1639429167840407,-0.21626507557551844,-0.8039250393948271,1,0
18034.0,0.31166151779378815,-0.20143741171417867,0.8725402944978713,-0.05352216506416455,-1.0802541471943703,-0.6943222153282232,1.1890004242354304,-0.8039250393948271,1,0
18035.0,0.2962160474811691,0.29945468039331957,0.4904016598489216,-0.10175353885451614,-0.7495184457786132,0.22741126261658207,0.17241042083090774,-0.8039250393948271,1,0
18036.0,1.605219656475631,1.1557353675997408,-0.8307785687615927,-0.8971671553179962,0.08087061949983972,0.40232454155815495,1.3474875007173552,-0.8039250393948271,1,0
18037.0,1.1997760607693817,1.5111239626986637,-4.075619852323792,-4.263157830877071,1.328966695662262,0.5055184603984593,-0.2415090281351582,-0.8039250393948271,1,0
18038.0,-1.0552626048729952,-1.0577180989205999,-0.5918393498111858,-0.8296211137529726,-0.16380565277405815,0.40232454155815495,-0.41184883109283577,-0.8039250393948271,1,0
18039.0,-0.02813882908383029,0.07422339860702587,-0.036383888831362024,-0.8721877389381493,-0.836808622393474,-0.3319664456362507,0.9574671454424988,-0.8039250393948271,1,0
18040.0,-0.18259353221002048,-0.5568260068131017,-0.7403178672498535,-0.5874851462632025,0.29448896773083594,-0.49273161976031987,-0.6691621147691496,-0.8039250393948271,1,0
18041.0,1.5820514510067025,2.6117890580026883,0.29763332305208656,-0.344209818858476,-0.7493411966367077,0.16253566624592464,1.954031644641676,-0.24104402673263767,1,0
18042.0,0.8290847732665253,-0.5568260068131017,-1.5517746451557983,-0.9122619034666967,1.146347075265677,-0.14210498399285518,-0.9196861426527538,-0.8039250393948271,1,0
18043.0,0.2653251068559311,-0.20143741171417867,-0.4838596990124887,-0.5286949468471058,0.005637358256482845,0.22741126261658207,0.7487462269343014,-0.8039250393948271,1,0
18044.0,1.0916577685810487,1.7234195042875162,-0.5451993012861724,-0.46989319381637334,0.1515215084213441,0.22741126261658207,0.9021407650415885,-0.21422118750871777,1,0
18045.0,-1.0552626048729952,-1.0577180989205999,-0.040170628898255525,-0.5077662515217384,-0.5224152220061131,-0.49273161976031987,0.019738861289862828,-0.8039250393948271,1,0
18046.0,-1.0552626048729952,-1.0577180989205999,-1.2945125495546914,-0.5061181476905239,1.2436553048855508,1.1608512063238763,-0.38088803500765217,-0.8039250393948271,1,0
18047.0,-1.0552626048729952,-0.5568260068131017,-0.8151682285397266,-0.6437762799619109,0.33794362698093044,0.09371390337111857,0.4572375891095386,-0.8039250393948271,1,0
18048.0,0.06453399279188382,-0.20143741171417867,-0.579297014423793,-0.9780926189421553,-0.32611396473049326,-0.07426329780256188,0.23209955581276964,-0.8039250393948271,1,0
18049.0,-0.4644733654153176,-0.5568260068131017,0.3946488025285788,0.015114811717196506,-0.5449426938963258,0.09371390337111857,0.5403834989422175,-0.8039250393948271,1,0
18050.0,-0.9239761072157334,-0.5568260068131017,-0.17747851826850622,-0.39345180557537207,-0.25086891164057434,0.09371390337111857,-0.5124273288630706,-0.8039250393948271,1,0
18051.0,-0.6845713173701387,0.6548432754922423,0.5138072685267077,0.23072828683280464,-0.48569095237079024,-0.23305906672429438,-0.018424472070835033,0.42541977181113405,1,0
18052.0,-1.0552626048729952,-1.0577180989205999,5.191491793499846,5.014863662886282,-1.3170346046763892,-2.1228885995770903,-0.7604075912169913,-0.8039250393948271,1,0
18053.0,0.7093823783437279,-0.20143741171417867,-0.0840370056117055,-0.5009241301769916,-0.4656771160036181,-0.3319664456362507,-0.2944540898073254,1.7659550299964637,1,0
18054.0,-1.0552626048729952,-1.0577180989205999,-0.46125679963733673,-0.6035416247558713,-0.10178219104253136,-0.8464662631382949,-1.0461457687241897,-0.8039250393948271,1,0
18055.0,0.5124526318578354,1.4313961779209454,0.5840080205421657,1.3254476465514995,0.5674131144985225,0.40232454155815495,1.6500078975162207,-0.07562038801004557,1,0
18056.0,0.21898869591807402,-0.5568260068131017,0.13462774134279293,0.010413750531261569,-0.2409629130370479,1.0445209855400752,-0.3222656930578095,1.4608215350480005,1,0
18057.0,0.0915635658389671,-0.20143741171417867,0.8571669613611048,0.5130910651447033,-0.6195501150099529,-0.07426329780256188,0.8563715573771615,-0.8039250393948271,1,0
18058.0,1.4855172615528336,-0.20143741171417867,-0.12427276372308112,-0.08759759774968802,-0.00841773940238795,-1.277214299835045,-0.980481634816486,-0.8039250393948271,1,0
18059.0,-0.8853624314341858,-0.20143741171417867,-0.5587100603023628,-1.3444916748081135,-0.6834670560647893,-0.5602283770286947,-0.7135169018659211,1.1620610054185785,1,0
18060.0,-0.45288926268085333,-0.5568260068131017,1.2083729454583116,1.0448350938801265,-0.5404836300039024,-0.07426329780256188,0.4572375891095386,-0.8039250393948271,1,0
18061.0,1.7017538459294999,2.2457965188165505,-0.22172785893947705,-0.3212207752700458,-0.12257872275099563,-0.14210498399285518,-0.26755450858075713,-0.40472864698074174,1,0
18062.0,0.5819572482646209,0.48988501576479315,-0.06705448056778775,-0.01527722453021495,-0.00835550182682354,0.09371390337111857,0.07384838550817617,1.4608215350480005,1,0
18063.0,-0.11695028338138964,-0.5568260068131017,-1.9322022598259123,-1.4669954542860695,1.065623645155759,-1.0222871175758335,-2.18341137617149,-0.8039250393948271,1,0
18064.0,1.0414599900650368,1.1557353675997408,0.5539718398074926,0.5381557814859678,-0.2419193023206009,-0.23305906672429438,0.18774476871599804,1.2321901792666519,1,0
18065.0,1.7442288892892022,2.287676865127367,-0.6825270336644453,-0.41828810571462416,0.40286264477143224,0.6445604725968617,1.2368867007548323,0.17146691500164532,1,0
18066.0,0.2576023716996216,-0.20143741171417867,0.20545249531353976,0.757767402688831,0.46317351933710754,0.09371390337111857,-0.1005293110454993,-0.8039250393948271,1,0
18067.0,-1.0552626048729952,-1.0577180989205999,0.2681356270811905,0.49650543530991154,0.08542355033853438,-0.09503028911869377,-0.12240697358821374,-0.8039250393948271,1,0
18068.0,-1.0552626048729952,-1.0577180989205999,-3.313242629514303,-1.3505044685006462,3.8604626658059162,0.22741126261658207,-2.516040243029759,-0.8039250393948271,1,0
18069.0,1.3503693963174173,1.1557353675997408,0.7430959076291652,0.5518805333419222,-0.456021611494492,-0.07426329780256188,2.1672275984181595,0.6326212419203412,1,0
18070.0,-1.0552626048729952,-1.0577180989205999,-0.579297014423793,0.17995438810324998,0.9596793793702144,-0.8464662631382949,-1.195715760389244,1.7659550299964637,1,0
18071.0,0.786609729906823,0.48988501576479315,-0.2671907548124939,-0.468564940684028,-0.21311587905436502,-0.07426329780256188,0.17241042083090774,-0.8039250393948271,1,0
18072.0,-1.0552626048729952,-1.0577180989205999,0.7231454948159841,-0.14453041061894514,-1.0108924178757672,-1.8163206498761402,-0.6691621147691496,1.7659550299964637,1,0
18073.0,-0.7347690958861505,1.254616278688769,0.6084226900140616,0.21851263163345425,-0.6032779537933829,0.09725622010391866,-0.47751296500053947,0.02103660903962243,1,0
18074.0,-0.5455620845565674,-0.5568260068131017,0.21848147320655012,0.839236573371672,0.5384099253985224,-0.07426329780256188,-0.1005293110454993,-0.8039250393948271,1,0
18075.0,0.7788869947505135,1.8470577950787128,0.11540817377735511,0.06740720945728593,-0.15999486433133556,0.5055184603984593,1.1799853475140005,1.5190147089753185,1,0
18076.0,-1.0552626048729952,-1.0577180989205999,0.11507946602518795,-0.8108717411812231,-0.9375637004206527,-1.1639429167840407,-1.282149705589571,-0.8039250393948271,1,0
18077.0,1.7403675217110475,1.7234195042875162,0.1545347205577727,-0.24596556637954609,-0.5075594523102853,-0.8464662631382949,0.9809077037256301,-0.8039250393948271,1,0
18078.0,0.5317594697486091,0.07422339860702587,-0.33720859173025414,-0.3601009593909095,-0.01203727120363895,0.09371390337111857,0.3523677281481314,-0.8039250393948271,1,0
18079.0,0.6669073349840255,0.29945468039331957,2.6856345878985763,1.5339501132753777,-1.4990058050193296,-0.8464662631382949,0.7563775724396483,-0.8039250393948271,1,0
18080.0,-0.19031626736633,-0.5568260068131017,0.8404501448294305,1.0967648060217032,-0.042304698835496334,-1.606782133071617,-2.18341137617149,-0.8039250393948271,1,0
18081.0,-0.6807099497919838,-0.20143741171417867,-0.8790042827620301,-1.19035110000284,-0.16106729105288298,-0.07426329780256188,-0.8630868935309756,-0.8039250393948271,1,0
18082.0,-1.0552626048729952,-1.0577180989205999,1.5547358320973415,1.278113663207339,-0.7160652735765072,-0.44035248611375827,0.31420439478743356,-0.8039250393948271,1,0
18083.0,-1.0552626048729952,-1.0577180989205999,0.6533778943029145,0.7308222179302347,-0.17499059082936685,0.22741126261658207,-0.12240697358821374,-0.8039250393948271,1,0
18084.0,0.3811661342005737,-0.20143741171417867,0.5859369125139804,-0.02096242068082616,-0.7819418736372081,-0.07426329780256188,-1.3787746355824586,1.6204927696584461,1,0
18085.0,0.09542493341712187,0.07422339860702587,-0.16251414408401962,0.2695047890139041,0.436423384298161,-0.8464662631382949,0.0008790944596697093,-0.8039250393948271,1,0
18086.0,-1.0552626048729952,-1.0577180989205999,-0.35480874479920405,-1.35529827174276,-0.9017711383764978,-1.4030960559345154,-1.3787746355824586,-0.8039250393948271,1,0
18087.0,1.416012645146048,1.656627459707239,1.223515242473238,1.5653624919347928,-0.056809804676474264,4.5984251320539276,0.03817477705094321,0.8615676530235191,1,0
18088.0,-1.0552626048729952,-1.0577180989205999,-0.3248096004571912,-0.6732012835996007,-0.34199795986935616,-0.07426329780256188,-0.14488409814227088,-0.8039250393948271,1,0
18089.0,-1.0552626048729952,-1.0577180989205999,-0.47249938654325196,0.6026310110887663,1.323178622377108,0.40232454155815495,-1.195715760389244,-0.8039250393948271,1,0
18090.0,-1.0552626048729952,-1.0577180989205999,0.8404501448294305,0.3249150942008693,-0.7610256760540898,-0.5602283770286947,0.09111983872311039,-0.8039250393948271,1,0
18091.0,-1.0552626048729952,-1.0577180989205999,1.4013624952087265,0.3688112305041596,-1.2420914671800458,-0.3319664456362507,-0.41184883109283577,-0.8039250393948271,1,0
18092.0,1.7751198299144402,1.7234195042875162,1.2321134973113732,1.4811470537328446,-0.15371008668983507,-0.23305906672429438,0.0008790944596697093,0.22484244827571642,1,0
18093.0,0.9719553736582512,0.8003467725008181,1.1532931786135125,0.9590985138698588,-0.5551195605648568,-0.3319664456362507,0.019738861289862828,0.31649817812236203,1,0
18094.0,1.338785293582953,1.3461657029712149,0.8381150729368217,0.7900747413772798,-0.3448011211289764,-0.49273161976031987,0.2175794647945466,0.4878572895827382,1,0
18095.0,0.05294989005741956,0.29945468039331957,0.8525121583306501,0.7012403016419748,-0.4453558870412904,-0.3319664456362507,-0.1005293110454993,-0.8039250393948271,1,0
18096.0,0.8831439193606918,0.48988501576479315,0.5578868931852322,0.12144269074161154,-0.6324151298281732,0.09371390337111857,1.594503196556839,-0.8039250393948271,1,0
18097.0,1.7056152135076545,1.1557353675997408,0.5662665785017554,0.5882126384492561,-0.2077395384633675,0.16253566624592464,0.5789959775241094,0.9917078520475852,1,0
18098.0,-1.0552626048729952,-1.0577180989205999,0.41727789487872474,0.9449505564385277,0.37170561540875247,0.09371390337111857,0.5695118981833196,-0.8039250393948271,1,0
18099.0,-1.0552626048729952,-1.0577180989205999,0.0116774588438258,-0.668031107420416,-0.7191335027340963,-0.5602283770286947,-0.6270829566655943,-0.8039250393948271,1,0
18100.0,-1.0552626048729952,-1.0577180989205999,1.1816439357112178,0.6741862936112423,-0.8259826461735605,-0.07426329780256188,-0.26755450858075713,-0.8039250393948271,1,0
18101.0,1.5048240994436073,0.29945468039331957,-1.1587230648098024,-1.0623842053068326,0.35843288506640886,0.6445604725968617,0.6068075807745934,-0.8039250393948271,1,0
18102.0,1.7944266678052139,4.2425091280443645,2.3151786642062353,3.651724119534752,0.7391578653919789,1.4693147409938465,1.7948790994615973,-0.2177122583415017,1,0
18103.0,-1.0552626048729952,-1.0577180989205999,-1.97649003873061,-1.297063891991716,1.3579865175926842,-0.07426329780256188,-1.1175267461574372,-0.8039250393948271,1,0
18104.0,-1.0552626048729952,-1.0577180989205999,0.9704767993002293,1.3740320685202347,0.07684395089858681,-0.5229139223515364,-0.07921996423456719,-0.8039250393948271,1,0
18105.0,-1.0552626048729952,-1.0577180989205999,-1.247335554754067,-1.2022636641542865,0.3278639723485511,-0.3319664456362507,-0.6691621147691496,-0.8039250393948271,1,0
18106.0,0.35027519357533565,0.48988501576479315,-0.5876424396344058,-0.16592605252441048,0.5554667053469573,-0.07426329780256188,0.8893223210263874,-0.8039250393948271,1,0
18107.0,-1.0552626048729952,-1.0577180989205999,-0.8626896906960722,-0.6775789019888666,0.3679620126555619,0.22741126261658207,-0.07921996423456719,-0.8039250393948271,1,0
18108.0,0.8097779353757515,-0.20143741171417867,-0.56689802315073,0.037787455971523345,0.7664470945804773,-0.2521611112671691,0.019738861289862828,1.1620610054185785,1,0
18109.0,0.9719553736582512,2.6117890580026883,-0.15950130614377422,-0.11396033649826834,0.010612065820749587,0.6445604725968617,1.2781196868122275,0.6441291354521906,1,0
18110.0,0.4583934857636688,-0.5568260068131017,-0.4953402286603878,-0.31849620367487774,0.24837301764676248,-0.44035248611375827,0.26039076371065795,1.4608215350480005,1,0
18111.0,-1.0552626048729952,-1.0577180989205999,0.4894708147229819,0.5288290424825046,-0.17036826419040332,0.22741126261658207,-0.351053338929104,1.7659550299964637,1,0
18112.0,1.0260145197524178,0.07422339860702587,-0.2980205868425059,-0.47524639424529047,-0.18088442480500921,-0.07426329780256188,0.2741787139163245,-0.8039250393948271,1,0
18113.0,-1.0552626048729952,-1.0577180989205999,-0.7696412719700645,-1.7380201052144468,-0.7905173533493238,-2.222738076020031,-2.516040243029759,-0.8039250393948271,1,0
18114.0,-1.0552626048729952,-1.0577180989205999,-1.0572566512332655,-0.3036901794940202,1.1152952413583452,0.6445604725968617,-0.3222656930578095,-0.8039250393948271,1,0
18115.0,-1.0552626048729952,-1.0577180989205999,-3.920369757400348,-4.437923506713459,0.7569212136380412,-0.8464662631382949,-1.947407439306109,-0.8039250393948271,1,0
18116.0,0.2730478420122406,1.3461657029712149,-0.43323042889920393,-0.6891137664157531,-0.22386822300496154,0.22741126261658207,1.6266784469363835,-0.8039250393948271,1,0
18117.0,-1.0552626048729952,-1.0577180989205999,1.549490536169551,0.20833833532514945,-1.4450778102273938,-0.7231586611558216,0.38883434171884856,-0.8039250393948271,1,0
18118.0,0.37730476662241896,2.287676865127367,-0.3099477252030776,-0.33068422092783883,-0.017309620741596136,0.22741126261658207,1.9179658929045007,0.7470610093705259,1,0
18119.0,-1.0552626048729952,-1.0577180989205999,-0.17747851826850622,-0.5684633775889045,-0.4189401002149885,-0.14210498399285518,-0.2944540898073254,-0.8039250393948271,1,0
18120.0,-1.0552626048729952,-1.0577180989205999,-1.6643837791193108,-1.23033542631158,0.9285890053763721,-0.3319664456362507,-0.7135169018659211,-0.8039250393948271,1,0
18121.0,-1.0359557669822212,-0.5568260068131017,0.45637761936463234,0.2739101098430183,-0.37825641169105184,-0.7986379095346742,-0.3222656930578095,-0.8039250393948271,1,0
18122.0,-0.5069484087750199,0.48988501576479315,0.35935739486597024,0.13712724838188703,-0.391958308338776,1.1608512063238763,1.411444321363625,-0.8039250393948271,1,0
18123.0,0.83294614084468,-0.20143741171417867,0.38015483546576906,-0.2545914573787988,-0.7611235489464399,-0.3319664456362507,0.18774476871599804,-0.8039250393948271,1,0
18124.0,-1.0552626048729952,-1.0577180989205999,-1.1376563848668353,-1.225717622834223,0.14688463548771158,-0.6943222153282232,-0.5870572757944853,-0.8039250393948271,1,0
18125.0,0.05294989005741956,0.07422339860702587,0.33457883167858776,0.05123548489712499,-0.4430509637299281,-0.07426329780256188,1.1040594070649958,0.9153033772197167,1,0
18126.0,-1.0552626048729952,-1.0577180989205999,-0.025102332118955028,-0.3881867275297073,-0.430057866294955,-0.5229139223515364,0.17241042083090774,-0.8039250393948271,1,0
18127.0,0.4275025451384308,0.07422339860702587,-0.9123884530256321,-0.9141193890087037,0.17463463814659044,0.6467390474220279,0.23209955581276964,-0.8039250393948271,1,0
18128.0,-1.0552626048729952,-1.0577180989205999,0.43700389153798785,0.5756314446066965,-0.05529410662196452,-0.5602283770286947,0.0008790944596697093,-0.8039250393948271,1,0
18129.0,-1.0552626048729952,-1.0577180989205999,-1.2021248494409003,-1.2133991512810638,0.2507959737817012,-0.07426329780256188,-0.9196861426527538,-0.8039250393948271,1,0
18130.0,-0.8930851665904953,-0.20143741171417867,0.6719010259517391,0.3393704654444838,-0.5671893779053503,0.20833604805906303,0.26039076371065795,1.1620610054185785,1,0
18131.0,-1.0552626048729952,-1.0577180989205999,1.427171029834194,-0.28614453608789514,-1.6142953604733281,-1.9376978457118947,-1.7643485641128949,-0.8039250393948271,1,0
18132.0,-1.0552626048729952,-1.0577180989205999,0.41228984044717715,-0.26233674068976376,-0.8004866225024615,-0.49273161976031987,0.2877387536535113,-0.8039250393948271,1,0
18133.0,-1.0552626048729952,-1.0577180989205999,2.396249576078356,1.6611323061561816,-1.2158468980160924,-2.446802874895941,-2.516040243029759,1.7659550299964637,1,0
18134.0,-0.6845713173701387,-0.5568260068131017,-0.8955679621732969,-0.2889513887574487,0.8769417144308816,0.09371390337111857,-0.351053338929104,-0.8039250393948271,1,0
18135.0,1.2808647799106316,1.048245697623346,-0.7216740521161277,-1.071780790515495,-0.24173594746906538,-0.07426329780256188,-0.47751296500053947,1.073874783839221,1,0
18136.0,0.4429480154510498,0.29945468039331957,0.1664452688392444,0.23169638404332268,-0.058038697152799246,-0.3319664456362507,0.48941283948908304,1.6968657294740452,1,0
18137.0,-1.0552626048729952,-0.5568260068131017,-1.7164689775448245,-1.7980262096977107,0.3324757303669797,-0.07426329780256188,-0.38088803500765217,-0.8039250393948271,1,0
18138.0,-1.0552626048729952,-1.0577180989205999,-1.4497626444781349,-0.800526137421589,1.121851312649525,-0.07426329780256188,-1.282149705589571,-0.8039250393948271,1,0
18139.0,-1.0514012372948403,0.48988501576479315,1.9878205581188928,2.223066609458455,-0.35878009930982213,-1.0222871175758335,-0.14488409814227088,1.1620610054185785,1,0
18140.0,-1.0552626048729952,-1.0577180989205999,1.0648754359077084,0.9087779318120635,-0.5002552747776935,-0.5602283770286947,0.12460872225127,-0.8039250393948271,0,0
18141.0,-0.32932550017990114,-0.5568260068131017,0.41478673436342506,0.6426796863923357,0.044137806042914667,-0.3319664456362507,-0.07921996423456719,1.7659550299964637,1,0
18142.0,-0.8313032853400193,-0.5568260068131017,1.5839894660899987,0.8393434901772714,-1.081572076617748,-1.0222871175758335,-1.195715760389244,1.7659550299964637,1,0
18143.0,-0.9587284154191262,-0.5568260068131017,0.7118246971954237,0.8132223208731562,-0.1662204661515073,-0.44035248611375827,0.2741787139163245,-0.8039250393948271,1,0
18144.0,1.7094765810858095,1.7867847730198683,-0.28756272826786333,-0.09021594391327294,0.21018566379247297,0.22741126261658207,0.15678397263081445,-0.8039250393948271,1,0
18145.0,1.7210606838202736,1.1557353675997408,1.2397716462469175,0.8418754557520565,-0.7491831734407957,0.843979790974327,1.4482081143348087,0.07951852525571697,1,0
18146.0,-0.7463531986206147,-0.5568260068131017,-0.7047441908390081,-1.6715983527365512,-0.803027607065722,-0.8464662631382949,-1.1175267461574372,-0.8039250393948271,1,0
18147.0,-0.8119964474492455,-0.5568260068131017,-0.40142259402386804,-1.520584613398384,-0.983015277393311,-1.277214299835045,-1.3787746355824586,-0.8039250393948271,1,0
18148.0,-1.0552626048729952,-1.0577180989205999,-0.8955679621732969,-1.194890149551516,-0.1443808219637661,-0.8464662631382949,-1.195715760389244,-0.8039250393948271,1,0
18149.0,1.2036374283475364,0.6548432754922423,-0.12583545744335936,-0.23152936897179266,-0.15442184167900364,-0.3319664456362507,0.20279773648307728,-0.8039250393948271,1,0
18150.0,-0.4026914841648415,-0.20143741171417867,-0.3084950083912332,-0.5116435502153268,-0.20406551277760157,-0.7231586611558216,-0.2944540898073254,-0.8039250393948271,1,0
18151.0,0.9178962275640846,0.48988501576479315,0.11726897217243137,0.1762233538452579,-0.05123006157088177,1.1608512063238763,0.6932415259749206,0.5566200963305212,1,0
18152.0,-1.0552626048729952,-1.0577180989205999,-0.7259481217060276,0.5970246977575071,1.7398119984411298,0.16253566624592464,-1.1175267461574372,-0.8039250393948271,1,0
18153.0,-1.0552626048729952,-1.0577180989205999,0.3291947018799872,-0.15125077290740468,-0.6191012956210252,-1.485945419229041,-0.7135169018659211,-0.8039250393948271,1,0
18154.0,0.8252234056883705,0.29945468039331957,-0.17575782016358568,-0.5285736061987452,-0.38342867473150194,-0.07426329780256188,-0.1679944637358899,-0.8039250393948271,1,0
18155.0,-0.22120720799156804,-0.20143741171417867,-0.5465428307801394,-1.0836309662603985,-0.46495237463869454,-0.8464662631382949,-0.6270829566655943,1.1620610054185785,1,0
18156.0,0.3232456205282524,-0.5568260068131017,0.02247257206728863,0.39356107880758184,0.3121316798606694,-0.07426329780256188,0.7014044164687462,-0.8039250393948271,1,0
18157.0,-1.0552626048729952,-1.0577180989205999,-0.010240456864841438,-0.33333836429436026,-0.39621685659768047,0.22741126261658207,-0.41184883109283577,-0.8039250393948271,1,0
18158.0,-0.7502145661987695,-0.5568260068131017,0.19735618962128842,-0.2635353072563073,-0.5717778707338492,-1.485945419229041,-0.4440240814723802,1.4608215350480005,1,0
18159.0,-1.0552626048729952,-1.0577180989205999,-0.06317290244604831,0.8927824900244782,1.0330830712517851,0.22741126261658207,-0.47751296500053947,-0.8039250393948271,1,0
18160.0,0.21512732833991927,-0.20143741171417867,0.1726983116698862,0.26610924889036003,-0.030532985727610967,-0.3319664456362507,0.23209955581276964,-0.8039250393948271,1,0
18161.0,0.35027519357533565,0.48988501576479315,0.09405576007472975,0.11979862855776358,-0.07922873791274257,-0.07426329780256188,0.24636711066584036,0.5566200963305212,1,0
18162.0,-1.0552626048729952,-1.0577180989205999,0.8866230674364721,0.4361992371177742,-0.7168914879601263,-0.6943222153282232,0.05620547486057961,-0.8039250393948271,1,0
18163.0,-1.0552626048729952,-1.0577180989205999,1.210770515335148,1.326606513494639,-0.28007845676022514,-0.07426329780256188,-0.19177478749334104,1.7659550299964637,1,0
18164.0,-1.0552626048729952,-1.0577180989205999,0.2392032477491476,0.5078650717934872,0.13684907322867068,-0.07426329780256188,-0.4440240814723802,1.7659550299964637,1,0
18165.0,-1.0552626048729952,-1.0577180989205999,0.5873560100710945,0.1285691622259235,-0.6582741264645977,-1.0222871175758335,-1.1175267461574372,-0.8039250393948271,1,0
18166.0,-1.0552626048729952,-1.0577180989205999,-0.5305292569807909,-0.6112544544896841,-0.01903812201252675,-1.0222871175758335,-1.1175267461574372,-0.8039250393948271,1,0
18167.0,-0.7386304634643052,-0.20143741171417867,-0.15757153905352642,0.7042003576058835,0.9471573915675724,-0.23305906672429438,-0.4440240814723802,1.7659550299964637,1,0
18168.0,1.1071032388936677,1.5860167045095306,-0.15405484252946575,-0.30934763354718464,-0.19679703989703096,-0.23305906672429438,1.3019000105696792,1.256310742518105,1,0
18169.0,-1.0552626048729952,-1.0577180989205999,-0.946832613532547,-0.4159236543755184,0.8015190809164586,-0.07426329780256188,-1.195715760389244,-0.8039250393948271,1,0
18170.0,1.5202695697562263,0.9305040858134475,-0.12245246140388041,0.20433430023191865,0.3053056208204829,0.22741126261658207,0.2741787139163245,-0.8039250393948271,1,0
18171.0,1.4353194830368217,0.9305040858134475,-0.31390599181609546,-0.021788087326117762,0.32320425090999055,1.4081348126143514,0.4788273542195676,0.8107045800741712,1,0
18172.0,1.7017538459294999,2.990708876970072,-0.035947806587508103,0.2722945289737966,0.25926182622531285,3.399499478022089,1.1616524342925765,0.7668145716026357,1,0
18173.0,0.9758167412364059,0.29945468039331957,0.9215716214285656,0.9160288978709901,-0.3248569687691477,-0.3319664456362507,-0.1679944637358899,-0.8039250393948271,1,0
18174.0,1.2461124717072387,-0.5568260068131017,-1.395506342811086,-1.6536381148144013,0.03933298664799161,-1.7675137489305075,-2.516040243029759,-0.8039250393948271,1,0
18175.0,-1.0552626048729952,-1.0577180989205999,-0.7997793190621191,-0.6066215295740096,0.3578672764218101,-0.07426329780256188,-1.3787746355824586,-0.8039250393948271,1,0
18176.0,-1.0552626048729952,-1.0577180989205999,0.7042113331252393,0.7469901479630392,-0.2226808784573341,-0.2521611112671691,-0.26755450858075713,1.7659550299964637,1,0
18177.0,1.62066512678825,0.9305040858134475,-0.07355479916185743,-0.15070481029247954,-0.13942339625504402,-0.930965887215077,0.36470425725432115,0.22484244827571642,1,0
18178.0,0.9951235791271797,1.1557353675997408,0.9340061406739828,0.9549218837431291,-0.30247296860570366,1.1608512063238763,1.2821312533683489,1.2321901792666519,1,0
18179.0,1.4700717912402146,0.8003467725008181,0.46295822912160456,0.19864510183737985,-0.45632865563702696,0.09371390337111857,0.7094868830885774,-0.8039250393948271,1,0
18180.0,-0.5223938790876389,0.48988501576479315,0.7187569886909713,0.1501340243255553,-0.7787390556349243,-0.07426329780256188,0.7639385819629544,-0.8039250393948271,1,0
18181.0,1.6901697431950355,0.29945468039331957,-0.367044587968495,-0.1793245420189348,0.22275091268416825,0.22741126261658207,0.9692711437114102,1.3056202738679257,1,0
18182.0,-1.0552626048729952,-1.0577180989205999,0.13462774134279293,0.07662332392977216,-0.17510886569891784,-0.9135537088171543,-1.1175267461574372,-0.8039250393948271,1,0
18183.0,-0.8737783286997216,-0.5568260068131017,0.24796426382012948,0.1883121181572372,-0.2063476378962027,0.09371390337111857,-0.12240697358821374,1.8596832102061218,1,0
18184.0,-1.0552626048729952,-1.0577180989205999,-0.9644736514511453,-2.311467201068605,-1.0448633437279844,-2.3567282582062656,-2.516040243029759,-0.8039250393948271,1,0
18185.0,-1.0552626048729952,-1.0577180989205999,0.23332301694338564,0.13659812967621926,-0.23927646545890047,-0.07426329780256188,-0.7135169018659211,-0.8039250393948271,1,0
18186.0,-1.0552626048729952,-1.0577180989205999,0.8962666858470114,0.24542595016415963,-0.8809480826260515,-0.44035248611375827,-1.0461457687241897,-0.8039250393948271,1,0
18187.0,-1.0552626048729952,-1.0577180989205999,0.8027405060036623,1.3191979641084515,0.24665758901919865,0.09371390337111857,0.10803515400060046,1.8596832102061218,1,0
18188.0,1.292448882645096,0.48988501576479315,0.8188988887255293,0.9348322286103264,-0.17957172070890087,-0.3319664456362507,0.6597526424467606,1.1620610054185785,1,0
18189.0,1.0607668279558105,-0.20143741171417867,0.687530106725643,0.722636763076556,-0.22597630692432735,-0.49273161976031987,0.5101826507817058,1.6204927696584461,1,0
18190.0,0.9719553736582512,0.29945468039331957,-0.43911521627965006,-0.8322194084291196,-0.3560801661519393,-0.07426329780256188,-0.1679944637358899,0.7169161657937569,1,0
18191.0,-0.22120720799156804,-0.5568260068131017,0.12815070761061717,-0.05283692613317463,-0.2948488372624003,-0.5229139223515364,-0.8101418318588084,-0.8039250393948271,1,0
18192.0,-1.0552626048729952,-1.0577180989205999,0.8994622696823946,1.6993442110718058,0.5394977260117894,-0.07426329780256188,0.05620547486057961,-0.8039250393948271,1,0
18193.0,0.014336214275872011,-0.20143741171417867,0.798079274654031,0.5173725551867046,-0.5501818533397732,1.0445209855400752,0.36470425725432115,1.6204927696584461,1,0
18194.0,1.2538352068635483,0.48988501576479315,0.7515508719261265,1.2591896123970572,0.25165736606864436,-0.49273161976031987,-0.47751296500053947,0.5566200963305212,1,0
18195.0,-1.0552626048729952,-1.0577180989205999,-0.9644736514511453,-1.357701500741759,-0.22045260342532497,-0.8464662631382949,-1.6147785724478398,-0.8039250393948271,1,0
18196.0,1.0182917845961084,0.07422339860702587,0.6198373330503394,0.38839214643796405,-0.46360016328792075,0.16253566624592464,1.3057972327495584,-0.8039250393948271,1,0
18197.0,-1.0552626048729952,-1.0577180989205999,0.12815070761061717,-0.24330142077821,-0.47476457620119467,-1.277214299835045,-1.195715760389244,1.7659550299964637,1,0
18198.0,0.22671143107438352,1.656627459707239,0.5245054016306645,0.20166249186734425,-0.5243033920522476,-0.09503028911869377,0.5304395744514846,0.8615676530235191,1,0
18199.0,-1.0552626048729952,-1.0577180989205999,-0.4282116076385533,0.3066772947627269,0.8797046042786821,-0.3319664456362507,-0.5870572757944853,1.7659550299964637,1,0
18200.0,-1.0552626048729952,-1.0577180989205999,-0.3052613251395872,-0.7048888980097907,-0.3956304300490951,-0.8464662631382949,-0.2944540898073254,-0.8039250393948271,1,0
18201.0,-1.0552626048729952,-1.0577180989205999,0.2794959395504273,0.6619751701385991,0.24970206878924311,-0.07426329780256188,-0.351053338929104,-0.8039250393948271,1,0
18202.0,-0.6227894361196625,-0.20143741171417867,0.2944603137349139,0.716080181139117,0.2887819914386675,0.22741126261658207,0.2175794647945466,-0.8039250393948271,1,0
18203.0,1.161162384987834,0.07422339860702587,-1.761868904089434,-1.0594489040485726,1.3051259752033455,0.09371390337111857,-0.03819322927216564,-0.8039250393948271,1,0
18204.0,-0.5880371279162697,-0.20143741171417867,1.0784879096957949,1.200756491854099,-0.240205901462124,-0.07426329780256188,1.0788154545053559,1.1620610054185785,1,0
18205.0,-0.9085306369031144,-0.5568260068131017,-0.46125679963733673,-0.08412348608933723,0.46448046411117644,-0.07426329780256188,-0.26755450858075713,-0.8039250393948271,1,0
18206.0,-1.0552626048729952,-1.0577180989205999,0.5527745986401271,0.18237842846903116,-0.5733658841467355,-1.485945419229041,-0.6270829566655943,-0.8039250393948271,1,0
18207.0,-1.0552626048729952,-1.0577180989205999,0.8538441412207727,0.9291004995695423,-0.22903417415312813,0.3469702689073076,-0.2415090281351582,1.8596832102061218,1,0
18208.0,-1.0552626048729952,-1.0577180989205999,-0.6303605535519127,0.3659031227597307,1.2763590955982675,0.3469702689073076,-0.7135169018659211,-0.8039250393948271,1,0
18209.0,-1.0552626048729952,-1.0577180989205999,-1.0006403313901333,-0.9265595164764678,0.2848773307260979,-0.8464662631382949,-1.282149705589571,-0.8039250393948271,1,0
18210.0,0.4159184424039665,0.6548432754922423,0.402965023331805,0.4938130004048599,-0.09530084940666214,0.22741126261658207,0.822041706347352,-0.8039250393948271,1,0
18211.0,-0.07833660759984211,0.29945468039331957,-0.7726176796743298,-1.1264885469051815,-0.23207835913397803,-0.2521611112671691,-0.1005293110454993,-0.8039250393948271,1,0
18212.0,0.30007741505932384,-0.5568260068131017,-0.6109289906143603,-0.00905156275436251,0.7773462559627523,-0.07426329780256188,-0.03819322927216564,-0.8039250393948271,1,0
18213.0,-1.0552626048729952,-1.0577180989205999,0.4894708147229819,-0.22931404966901262,-0.8517993983903152,-0.8464662631382949,-0.8101418318588084,-0.8039250393948271,1,0
18214.0,-0.9625897829972809,0.07422339860702587,0.5582511369112414,0.6545130949624959,-0.1310440082094057,-0.2618344117975608,-0.07921996423456719,0.9153033772197167,1,0
18215.0,1.006707681861644,0.29945468039331957,0.4735230145687783,0.6679519659739881,-0.007194356035044874,-0.23305906672429438,0.18774476871599804,0.7169161657937569,1,0
18216.0,-1.0552626048729952,-1.0577180989205999,0.3291947018799872,0.7623468416125898,0.29148884657037544,0.6467390474220279,-0.38088803500765217,-0.8039250393948271,1,0
18217.0,0.8638370814699181,0.07422339860702587,0.24505177904351236,-0.20738923745184634,-0.5752752084225674,-1.0222871175758335,-0.19177478749334104,1.4608215350480005,1,0
18218.0,0.6784914377184899,0.07422339860702587,0.6493671691150471,0.05005666105291941,-0.7891221041426397,-0.7231586611558216,-0.41184883109283577,1.4608215350480005,1,0
18219.0,1.7635357271799759,1.656627459707239,-0.491950972771382,-0.45283392591616467,0.09714988882171546,0.6467390474220279,0.5883716650135135,0.2687686337376465,1,0
18220.0,0.8676984490480728,0.48988501576479315,0.4579765878600073,0.20652664213796304,-0.44323659665731274,-0.07426329780256188,-0.7135169018659211,1.7114222858191708,1,0
18221.0,0.3657206638879547,0.48988501576479315,0.13247302379691325,-0.20033023824561264,-0.4401158948776417,-0.07426329780256188,0.42374870558137934,1.1620610054185785,1,0
18222.0,-1.0552626048729952,-1.0577180989205999,0.8866230674364721,0.6481173487492842,-0.5329488162412547,0.09371390337111857,-0.6270829566655943,-0.8039250393948271,1,0
18223.0,1.7673970947581308,2.1575195518147376,0.5938817435975872,0.914062203190284,0.0925624373943288,-0.07426329780256188,1.2326470854996978,1.7659550299964637,1,0
18224.0,-1.0552626048729952,-1.0577180989205999,-0.8151682285397266,-0.7456682876676516,0.2241892092546791,-0.8464662631382949,-1.1175267461574372,-0.8039250393948271,1,0
18225.0,1.7712584623362855,2.1575195518147376,0.6938774687728025,0.815544509823683,-0.14108655363147307,-0.07426329780256188,1.4989030808459054,1.0953505504041956,1,0
18226.0,1.2615579420198577,2.1575195518147376,0.7787286115310258,0.6901407163828371,-0.3687050169909708,1.932129182619007,1.594503196556839,1.4080772117532363,1,0
18227.0,-0.024277461505675536,-0.5568260068131017,-2.728485364824289,-0.4725535833909336,3.945005870815017,3.399499478022089,-1.4883189463764042,1.4608215350480005,1,0
18228.0,-0.9664511505754357,-0.5568260068131017,-0.23041096384971307,0.4744067974517097,0.7789132166256625,-0.3319664456362507,-0.47751296500053947,1.4608215350480005,1,0
18229.0,1.7442288892892022,2.2457965188165505,-0.3181375941150048,0.37509051169809376,0.7931258266021541,0.09371390337111857,0.4462258301354361,-0.8039250393948271,1,0
18230.0,0.9372030654548584,0.9305040858134475,0.4407981994245736,0.7482320450883245,0.12177317155266278,-0.3319664456362507,0.0008790944596697093,1.1620610054185785,1,0
18231.0,0.8985893896733108,2.2457965188165505,-0.37122758742663203,-0.15385454588089964,0.256752361050163,-0.07426329780256188,1.3363259173019604,-0.07562038801004557,1,0
18232.0,-0.6073439658070435,0.07422339860702587,-0.7188339983274227,-0.840259041405014,-0.009245812512839005,-0.07426329780256188,-0.2415090281351582,0.9153033772197167,1,0
18233.0,-1.0552626048729952,-1.0577180989205999,-3.678281334706809,0.6388619422363315,7.774670734527843,2.2894270681815847,-2.516040243029759,-0.8039250393948271,1,0
18234.0,-1.0552626048729952,-1.0577180989205999,-0.6568228392834701,-0.5799050755305435,0.18572375660833648,-0.49273161976031987,-0.26755450858075713,-0.8039250393948271,1,0
18235.0,-0.49150293846240084,-0.20143741171417867,1.3749250125756192,1.0587817160642612,-0.7102175203018317,0.22741126261658207,0.7014044164687462,-0.8039250393948271,1,0
18236.0,1.161162384987834,1.254616278688769,-1.0006403313901333,-0.8277843978523348,0.39651143857580246,-0.07426329780256188,0.520373635574267,-0.8039250393948271,1,0
18237.0,-0.5455620845565674,0.29945468039331957,-0.18265704804228533,-0.4514409889091648,-0.30115173796939443,-0.07426329780256188,-0.03819322927216564,-0.8039250393948271,1,0
18238.0,-1.0552626048729952,-1.0577180989205999,-0.2765838864567547,-0.021246884555963914,0.2710608572486603,-0.5602283770286947,-0.8630868935309756,-0.8039250393948271,1,0
18239.0,-0.2675436189294251,0.48988501576479315,-0.05033370020012583,0.049468853457920334,0.037556198852479,0.22741126261658207,0.5695118981833196,-0.8039250393948271,1,0
18240.0,-1.0552626048729952,-1.0577180989205999,-0.16890218959256986,0.5838423210277479,0.8172078214903625,-0.8464662631382949,-1.4883189463764042,-0.8039250393948271,1,0
18241.0,1.292448882645096,1.9045263848297673,-0.7990519305482955,-0.8963231516443546,0.03886136380554211,-0.07426329780256188,0.7094868830885774,0.11192964878978798,1,0
18242.0,1.3580921314737266,0.8003467725008181,0.5814902306280522,0.6714422531242172,-0.14356123737333232,0.16253566624592464,0.8007323595364199,-0.8039250393948271,1,0
18243.0,-1.0552626048729952,-1.0577180989205999,0.43700389153798785,0.8553397545836134,0.24375409698399333,-0.5602283770286947,-0.38088803500765217,-0.8039250393948271,1,0
18244.0,-0.7772441392458527,-0.5568260068131017,1.1517137636778039,0.04442237187134275,-1.2487695981347209,-1.0222871175758335,-0.6270829566655943,-0.8039250393948271,1,0
18245.0,1.3928444396771196,1.8470577950787128,0.5911783273346014,0.18923330109310812,-0.6098975070562298,0.09371390337111857,1.689911871729437,0.46638318604246143,1,0
18246.0,1.2074987959256913,-0.20143741171417867,-0.7795945521288822,-0.11463782025945261,0.9099570664381719,-0.3319664456362507,-1.947407439306109,-0.8039250393948271,1,0
18247.0,-0.2173458404134133,-0.20143741171417867,-0.29882273100306117,0.02315712903733525,0.3523252582143349,-0.07426329780256188,-0.3222656930578095,1.7659550299964637,1,0
18248.0,-0.8081350798710908,-0.5568260068131017,0.5937190777411118,0.515882900048183,-0.3124363698379011,1.1608512063238763,-0.0584501529419441,1.7659550299964637,1,0
18249.0,-1.0552626048729952,-1.0577180989205999,-0.1519502833288057,-1.4377775833434774,-1.147235403494617,-1.277214299835045,-1.282149705589571,-0.8039250393948271,1,0
18250.0,-1.0552626048729952,-1.0577180989205999,0.32378371845512494,0.32440851694725564,-0.16586255039515346,-0.07426329780256188,-0.5488939424337871,1.7659550299964637,1,0
18251.0,1.3773989693645003,0.9305040858134475,3.678569686575607,3.2198376385747967,-1.2505057282764338,-1.1639429167840407,0.5883716650135135,-0.8039250393948271,1,0
18252.0,1.5357150400688453,0.6548432754922423,-0.1037768070888198,-0.30246466366675334,-0.25287058210971036,0.40232454155815495,0.8828371985110838,0.42541977181113405,1,0
18253.0,-1.0552626048729952,-1.0577180989205999,-0.1519502833288057,0.19623374482015082,0.3380525647162444,-0.619945652967382,-1.3787746355824586,-0.8039250393948271,1,0
18254.0,-1.0552626048729952,-1.0577180989205999,0.2624105482138739,-0.036493539240001996,-0.4400627385833988,-1.277214299835045,-0.7604075912169913,-0.8039250393948271,1,0
18255.0,0.36185929630979996,-0.5568260068131017,-0.4120589530201283,-0.8101109904055591,-0.36758217516839076,-1.0222871175758335,-0.7604075912169913,-0.8039250393948271,1,0
18256.0,-1.0552626048729952,-1.0577180989205999,0.21548864392176717,-1.235824156101713,-1.313369252421743,-1.7601883558991351,-1.1175267461574372,1.7659550299964637,1,0
18257.0,1.338785293582953,1.254616278688769,0.31516074956019424,0.45114855302132895,-0.025010234265782257,0.09725622010391866,1.340063343930377,1.4608215350480005,1,0
18258.0,-0.6382349064322815,0.48988501576479315,0.8709035329185321,0.30085413052922055,-0.8117803029908509,-0.07426329780256188,-0.26755450858075713,1.1620610054185785,1,0
18259.0,1.6747242728824165,0.6548432754922423,0.22741074112491402,0.9750170539569106,0.6850804382707388,-1.0222871175758335,0.15678397263081445,-0.8039250393948271,1,0
18260.0,1.0762122982684297,2.0120160548061623,0.47130196530014123,0.6174440668987301,-0.056778740731340656,3.399499478022089,1.313536570583899,1.289029445558474,1,0
18261.0,-0.8544714908089478,-0.5568260068131017,-0.7548805010380715,-0.7188770720474422,0.16965656595740392,-0.3319664456362507,-0.6270829566655943,-0.8039250393948271,1,0
18262.0,0.7286892162345017,-0.20143741171417867,0.2392032477491476,-0.48562420303244824,-0.8048862776278456,-0.8464662631382949,-0.03819322927216564,-0.8039250393948271,1,0
18263.0,-0.17873216463186573,-0.20143741171417867,1.296687327779536,0.5239100405242467,-1.049089968855422,-1.50326875650423,0.2741787139163245,1.1620610054185785,1,0
18264.0,-1.0552626048729952,-1.0577180989205999,0.5305877328178502,1.0688120024292966,0.3501524890558743,-0.07426329780256188,-0.12240697358821374,-0.8039250393948271,1,0
18265.0,-0.7231849931516862,-0.5568260068131017,0.05769969044045421,0.5116250452346192,0.39511658487010276,0.09725622010391866,0.03817477705094321,-0.8039250393948271,1,0
18266.0,-1.0552626048729952,-1.0577180989205999,-0.07094999616330684,-0.12456556816971033,-0.11619289668664337,-1.0222871175758335,-0.8630868935309756,-0.8039250393948271,1,0
18267.0,-1.0552626048729952,-1.0577180989205999,-0.09462147910482348,-0.029050882311108885,0.013725331538979075,-0.7231586611558216,-0.7135169018659211,1.7659550299964637,1,0
18268.0,1.2383897365509293,0.48988501576479315,-0.23494082399117655,-0.13942051716227682,0.08471537877264722,-0.07426329780256188,-0.12240697358821374,1.1620610054185785,1,0
18269.0,-1.0552626048729952,-1.0577180989205999,-0.7117662213583644,-0.6656948022432927,0.16805452803488588,-1.0222871175758335,-1.3787746355824586,1.7659550299964637,1,0
18270.0,0.46611622091997834,-0.20143741171417867,-0.804884739908499,-0.8408003644848063,0.10616827544520069,-0.07426329780256188,-0.7135169018659211,1.1620610054185785,1,0
18271.0,-0.584175760338115,-0.5568260068131017,0.08508032168317606,0.2894926584139857,0.11117264476976316,-0.930965887215077,-0.6270829566655943,-0.8039250393948271,1,0
18272.0,1.4275967478805123,0.9305040858134475,0.8370756477768553,0.778039112444225,-0.35502718200503,-0.3319664456362507,1.0036970504436913,0.8107045800741712,1,0
18273.0,1.2152215310820007,0.07422339860702587,-1.5366009722482303,-1.526923009012808,0.37871700235207867,-1.606782133071617,-2.516040243029759,-0.8039250393948271,1,0
18274.0,-1.0552626048729952,-1.0577180989205999,-0.5546391364723908,-0.6080097569219747,0.01641872709010094,-0.07426329780256188,-1.0461457687241897,1.7659550299964637,1,0
18275.0,-0.4644733654153176,-0.5568260068131017,0.37412998896727606,0.40630208062832307,-0.14731317085487547,-0.8464662631382949,-0.6270829566655943,-0.8039250393948271,1,0
18276.0,1.5936355537411666,0.48988501576479315,0.3698059500517533,0.004448877255393331,-0.5264072065554218,-0.07426329780256188,0.5304395744514846,1.6204927696584461,1,0
18277.0,0.628293659202478,0.29945468039331957,-0.5329162764866016,-0.20882846759295134,0.4255124701917137,1.932129182619007,0.18774476871599804,1.5675928766263612,1,0
18278.0,0.22285006349622877,-0.5568260068131017,-0.7997793190621191,-0.38641433696251165,0.6127513882601621,-0.3319664456362507,-0.5124273288630706,-0.8039250393948271,1,0
18279.0,-1.0552626048729952,-1.0577180989205999,1.5703212547173107,-0.23599600300312484,-1.6712140970764824,-2.3444262971695755,-0.9196861426527538,-0.8039250393948271,1,0
18280.0,-0.6034825982288887,-0.5568260068131017,-0.45012952334722056,-0.163147307476549,0.3581867408676996,-0.07426329780256188,-0.3222656930578095,1.4608215350480005,1,0
18281.0,0.4777003236544426,-0.5568260068131017,-0.7548805010380715,-1.36560854357646,-0.4824071601969594,0.22741126261658207,-0.7135169018659211,-0.8039250393948271,1,0
18282.0,-0.5957598630725792,-0.5568260068131017,-1.1272744881510262,-1.530330722634811,-0.1866146375945569,-0.07426329780256188,-0.980481634816486,1.4608215350480005,1,0
18283.0,1.4739331588183693,1.9594399542263008,-0.6733865186947379,-1.0779595632190027,-0.3076701349434459,0.16253566624592464,1.727964547003231,-0.8039250393948271,1,0
18284.0,-1.0552626048729952,-1.0577180989205999,1.3069638586012473,0.7043774029620071,-0.9254746861901516,1.4092449345986064,-0.3222656930578095,1.7659550299964637,1,0
18285.0,-1.0552626048729952,-1.0577180989205999,-0.017645945876385277,0.5980138453701023,0.605279428801086,1.4092449345986064,-0.980481634816486,-0.8039250393948271,1,0
18286.0,-0.10150481306877063,-0.5568260068131017,0.781605423429752,1.1667981380017691,0.10977401759809643,1.4092449345986064,0.3768580162303092,1.4608215350480005,1,0
18287.0,0.9874008439708702,0.6548432754922423,1.1578380697539412,1.055918622681387,-0.4728122416342794,1.4092449345986064,0.8496195544385344,0.42541977181113405,1,0
