CustomerID,Pais Principal,Paises Distintos,Permanencia,Compras,Canasta_Prom,Ticket_Prom,Precio_Prom,Precio_Max,Productos Distintos,Pct_Devoluciones
12347.0,Iceland,1,403.0,8,370.875,615.19125,1.6587563195146613,12.75,126,0.0
12348.0,Finland,1,364.0,5,542.8,403.88,0.7440677966101695,40.0,25,0.0
12349.0,Italy,1,572.0,4,406.0,1107.1725,2.7270258620689654,300.0,138,0.25
12350.0,Norway,1,1.0,1,197.0,334.4,1.69746192893401,40.0,17,0.0
12351.0,Unspecified,1,1.0,1,261.0,300.93,1.1529885057471265,12.75,21,0.0
12352.0,Norway,1,357.0,10,72.4,284.98400000000004,3.936243093922652,376.5,70,0.3
12353.0,Bahrain,1,205.0,2,106.0,203.38,1.9186792452830188,9.95,23,0.0
12354.0,Spain,1,1.0,1,530.0,1079.4,2.036603773584906,16.95,58,0.0
12355.0,Bahrain,1,354.0,2,271.5,473.805,1.7451381215469612,12.75,35,0.0
12356.0,Portugal,1,403.0,6,569.5,1062.28,1.8652853380158034,28.0,104,0.0
12357.0,Switzerland,1,356.0,3,2195.6666666666665,6095.886666666666,2.7763260968574466,850.0,261,0.0
12358.0,Austria,1,731.0,5,215.8,777.414,3.602474513438369,40.0,56,0.0
12359.0,Cyprus,1,678.0,10,275.2,893.594,3.247071220930233,145.0,305,0.4
12360.0,Austria,1,604.0,8,307.375,531.61125,1.729520130134201,40.0,160,0.125
12361.0,Belgium,1,396.0,4,58.75,127.8125,2.175531914893617,15.0,18,0.0
12362.0,Belgium,1,736.0,11,202.72727272727272,486.92999999999995,2.4018968609865468,130.0,201,0.2727272727272727
12363.0,Unspecified,1,134.0,2,204.0,276.0,1.3529411764705883,7.95,23,0.0
12364.0,Belgium,1,106.0,4,376.5,328.275,0.8719123505976095,15.0,70,0.0
12365.0,Cyprus,1,1.0,2,87.0,320.69,3.6860919540229884,320.69,22,0.5
12366.0,Cyprus,1,1.0,1,296.0,500.24,1.69,1.69,3,0.0
12367.0,Denmark,1,1.0,1,173.0,168.9,0.9763005780346821,18.0,11,0.0
12368.0,Cyprus,1,1.0,1,330.0,917.6999999999999,2.7809090909090908,14.95,18,0.0
12369.0,Austria,1,229.0,3,413.6666666666667,597.0500000000001,1.4433118452860596,40.0,90,0.0
12370.0,Austria,2,618.0,7,372.14285714285717,617.1871428571429,1.6584683301343572,40.0,168,0.0
12371.0,Switzerland,1,602.0,5,287.2,813.476,2.8324373259052926,40.0,134,0.0
12372.0,Denmark,1,226.0,3,264.6666666666667,432.68,1.6348110831234257,18.0,34,0.0
12373.0,Austria,1,363.0,3,172.0,375.8833333333334,2.185368217054264,40.0,36,0.0
12374.0,Austria,1,564.0,4,340.5,747.3050000000001,2.1947283406754776,40.0,79,0.0
12375.0,Finland,1,89.0,2,89.0,228.75,2.5702247191011236,40.0,14,0.5
12376.0,Switzerland,1,29.0,2,120.0,251.575,2.096458333333333,40.0,11,0.0
12377.0,Switzerland,1,275.0,4,526.25,856.58,1.627705463182898,40.0,129,0.0
12378.0,Switzerland,1,434.0,2,1658.0,2708.16,1.6333896260554885,39.95,281,0.0
12379.0,Belgium,1,454.0,4,203.75,405.055,1.988,15.0,58,0.25
12380.0,Belgium,1,642.0,11,305.0,879.6636363636364,2.88414307004471,1508.65,156,0.36363636363636365
12381.0,Norway,1,116.0,5,161.6,369.062,2.283799504950495,40.0,70,0.2
12383.0,Belgium,1,169.0,5,306.4,370.11199999999997,1.2079373368146213,18.0,84,0.2
12384.0,Switzerland,1,94.0,2,63.0,292.635,4.645,40.0,26,0.5
12385.0,Belgium,1,1.0,1,612.0,1938.4,3.167320261437909,15.0,65,1.0
12386.0,Australia,1,30.0,2,177.0,200.95,1.1353107344632767,6.75,10,0.0
12387.0,Australia,1,1.0,1,134.0,143.94,1.074179104477612,16.95,9,0.0
12388.0,Australia,1,568.0,8,250.125,487.63875,1.9495802098950525,11.15,83,0.0
12389.0,Australia,1,254.0,3,204.66666666666666,477.77666666666664,2.334413680781759,9.95,41,0.0
12390.0,Belgium,1,1.0,1,353.0,549.84,1.5576203966005666,16.95,32,0.0
12391.0,Cyprus,1,642.0,6,203.33333333333334,462.2366666666667,2.273295081967213,79.95,241,0.16666666666666666
12392.0,Australia,1,1.0,1,73.0,234.75,3.2157534246575343,9.95,7,0.0
12393.0,Australia,1,357.0,6,218.5,399.90833333333336,1.830244088482075,12.75,63,0.16666666666666666
12394.0,Belgium,2,155.0,2,409.5,636.24,1.5536996336996338,18.0,26,0.0
12395.0,Belgium,1,584.0,15,213.66666666666666,314.74466666666666,1.4730639625585025,39.95,145,0.2
12396.0,RSA,1,1.0,1,591.0,931.43,1.5760236886632826,10.95,65,0.0
12397.0,Belgium,1,101.0,2,631.5,1204.95,1.9080760095011877,16.95,110,0.0
12398.0,Switzerland,1,1.0,1,1394.0,1635.66,1.1733572453371592,40.0,85,0.0
12399.0,Belgium,1,526.0,7,314.0,280.3285714285714,0.8927661510464058,15.0,67,0.0
12400.0,Australia,1,1.0,1,91.0,205.25,2.2554945054945055,4.95,11,0.0
12401.0,Belgium,1,1.0,1,11.0,84.3,7.663636363636363,15.0,5,0.0
12402.0,Belgium,1,348.0,6,97.33333333333333,209.48333333333335,2.15222602739726,15.0,43,0.16666666666666666
12403.0,Denmark,1,473.0,2,130.0,509.68,3.9206153846153846,18.0,5,0.5
12404.0,Finland,1,1.0,1,1.0,63.24,63.24,63.24,1,0.0
12405.0,Finland,1,1.0,1,857.0,1710.39,1.9957876312718787,40.0,54,0.0
12406.0,Denmark,1,676.0,5,683.2,1278.072,1.8707142857142856,14.95,114,0.4
12407.0,Belgium,1,216.0,5,283.2,341.62399999999997,1.2062994350282485,18.0,57,0.0
12408.0,Belgium,1,467.0,8,278.625,542.5962499999999,1.9474069089277701,34.95,104,0.75
12409.0,Switzerland,1,488.0,7,1877.5714285714287,3345.612857142857,1.7818831317050903,29.95,177,0.8571428571428571
12410.0,Switzerland,1,195.0,3,113.66666666666667,337.90333333333336,2.972756598240469,40.0,36,0.3333333333333333
12411.0,Australia,1,1.0,1,138.0,346.9,2.5137681159420286,9.95,22,0.0
12412.0,Denmark,1,466.0,6,332.8333333333333,432.82166666666666,1.3004156234351527,18.0,82,0.3333333333333333
12413.0,France,2,337.0,4,79.75,249.8625,3.1330721003134796,29.95,41,0.5
12414.0,Austria,1,247.0,6,82.5,158.73499999999999,1.924060606060606,130.0,21,0.3333333333333333
12415.0,Australia,1,504.0,28,3276.535714285714,5159.2275,1.574598279977764,350.0,498,0.17857142857142858
12416.0,Australia,1,1.0,1,132.0,202.56,1.5345454545454547,2.1,11,0.0
12417.0,Belgium,2,731.0,20,145.0,340.8455,2.350658620689655,29.95,270,0.35
12418.0,Switzerland,1,519.0,4,272.0,505.3,1.857720588235294,9.95,90,0.25
12419.0,Spain,1,29.0,2,115.5,251.505,2.1775324675324677,28.0,23,0.0
12420.0,Cyprus,1,1.0,1,345.0,600.39,1.7402608695652173,16.95,29,0.0
12421.0,Spain,1,491.0,6,108.66666666666667,183.1,1.6849693251533742,28.0,44,0.3333333333333333
12422.0,Switzerland,2,627.0,17,152.7058823529412,307.7529411764706,2.015331278890601,662.25,137,0.23529411764705882
12423.0,Belgium,2,466.0,10,179.3,262.239,1.4625711098717233,18.0,128,0.1
12424.0,Australia,1,387.0,4,506.25,835.0075,1.6493975308641977,9.95,78,0.75
12425.0,Portugal,1,371.0,2,573.5,870.705,1.5182301656495205,12.75,87,0.5
12426.0,Germany,1,469.0,2,292.0,672.605,2.303441780821918,18.0,73,0.5
12427.0,Germany,1,351.0,3,177.66666666666666,275.26666666666665,1.549343339587242,18.0,26,0.6666666666666666
12428.0,Finland,1,259.0,9,392.8888888888889,884.0511111111111,2.2501300904977377,275.6,258,0.3333333333333333
12429.0,Denmark,2,538.0,8,361.25,775.55125,2.146854671280277,28.0,124,0.125
12430.0,Norway,1,1.0,1,117.0,256.4,2.191452991452991,40.0,11,0.0
12431.0,Australia,2,659.0,27,171.1851851851852,388.8785185185185,2.271683254002596,16.95,244,0.2222222222222222
12432.0,Norway,1,131.0,5,360.2,1011.8639999999999,2.80917268184342,700.0,107,0.0
12433.0,Norway,1,477.0,10,1353.4,1679.414,1.2408851780700458,14.95,285,0.1
12434.0,Australia,1,298.0,3,177.33333333333334,367.81,2.0741165413533835,9.95,62,0.6666666666666666
12435.0,Denmark,1,659.0,6,826.3333333333334,2320.9883333333332,2.808779749899153,14.95,88,0.0
12436.0,Norway,1,1.0,1,211.0,509.01000000000005,2.4123696682464457,40.0,16,0.0
12437.0,France,1,737.0,39,205.15384615384616,325.2153846153846,1.5852268466441695,18.0,274,0.20512820512820512
12438.0,Norway,1,127.0,2,590.0,1453.425,2.4634322033898304,40.0,84,0.0
12439.0,Cyprus,1,44.0,2,242.0,579.09,2.3929338842975207,14.95,69,0.5
12440.0,Austria,1,256.0,2,165.5,429.6,2.595770392749245,40.0,21,0.5
12441.0,France,1,1.0,1,121.0,173.55,1.434297520661157,18.0,11,0.0
12442.0,Spain,1,1.0,1,182.0,172.06,0.9453846153846154,28.0,12,0.0
12443.0,Norway,1,1.0,1,182.0,485.31,2.6665384615384617,40.0,21,0.0
12444.0,Norway,1,151.0,5,231.0,1001.092,4.333731601731602,40.0,138,0.0
12445.0,Spain,1,399.0,2,103.0,217.49,2.1115533980582524,28.0,24,0.5
12446.0,RSA,1,1.0,1,352.0,1002.3100000000001,2.847471590909091,14.95,58,0.0
12447.0,Belgium,1,1.0,1,190.0,476.49,2.507842105263158,15.0,26,0.0
12448.0,Spain,1,1.0,1,243.0,449.45,1.8495884773662552,65.0,22,0.0
12449.0,Belgium,2,417.0,6,380.3333333333333,805.9816666666667,2.1191454864154253,18.0,125,0.0
12450.0,Spain,1,319.0,5,88.4,137.64000000000001,1.5570135746606335,12.75,31,0.4
12451.0,Switzerland,1,520.0,8,1169.875,1583.735,1.3537642910567367,40.0,352,0.25
12452.0,Switzerland,1,1.0,2,92.5,215.285,2.3274054054054054,40.0,21,0.5
12453.0,Austria,1,1.0,1,473.0,707.09,1.4949048625792813,6.75,43,0.0
12454.0,Spain,1,366.0,5,1540.6,3335.9559999999997,2.1653615474490455,220.0,24,0.8
12455.0,Cyprus,2,649.0,10,330.2,587.995,1.7807238037552997,39.95,199,0.0
12456.0,Switzerland,1,211.0,3,544.3333333333334,1060.3466666666666,1.9479730557256583,40.0,105,0.3333333333333333
12457.0,Switzerland,2,370.0,8,136.875,374.48875,2.7359908675799085,40.0,63,0.75
12458.0,Switzerland,1,417.0,4,246.5,444.3725,1.8027281947261664,40.0,71,0.0
12459.0,Spain,1,1.0,1,258.0,454.36,1.7610852713178295,28.0,23,0.0
12460.0,Belgium,1,1.0,1,170.0,326.65,1.921470588235294,15.0,18,0.0
12461.0,Switzerland,1,61.0,2,143.5,413.44,2.881114982578397,40.0,35,0.0
12462.0,Spain,1,286.0,2,268.0,594.795,2.219384328358209,28.0,51,1.0
12463.0,Belgium,1,189.0,4,194.0,336.195,1.7329639175257732,18.0,65,0.75
12464.0,Belgium,1,300.0,8,14.0,151.50625,10.821875,16.95,6,0.0
12465.0,Belgium,1,153.0,2,239.5,371.09499999999997,1.5494572025052191,15.0,46,0.5
12466.0,France,1,1.0,1,1.0,56.73,56.73,56.73,1,0.0
12467.0,USA,1,1.0,1,129.0,132.8,1.0294573643410854,4.25,9,1.0
12468.0,Germany,1,496.0,5,440.2,734.1479999999999,1.6677601090413448,18.0,127,1.0
12469.0,Thailand,1,15.0,2,1276.0,1535.27,1.2031896551724137,12.75,76,0.0
12470.0,Unspecified,1,1.0,1,95.0,211.95,2.2310526315789474,15.95,23,0.0
12471.0,Germany,1,731.0,79,213.81012658227849,505.8707594936709,2.365981291812208,240.0,255,0.6329113924050633
12472.0,Germany,1,694.0,19,546.2105263157895,855.2257894736841,1.5657438812873385,29.95,397,0.9473684210526315
12473.0,Germany,1,163.0,5,487.8,787.7099999999999,1.614821648216482,549.34,140,0.8
12474.0,Germany,1,650.0,31,256.5806451612903,400.7887096774194,1.5620379683178276,65.0,369,0.7419354838709677
12475.0,Germany,1,357.0,2,385.5,574.82,1.4911024643320365,18.0,54,0.0
12476.0,Germany,1,487.0,23,245.43478260869566,613.7134782608696,2.50051550044287,21.95,358,0.6521739130434783
12477.0,Germany,1,602.0,9,679.8888888888889,2252.93,3.313673802908972,16.95,295,0.3333333333333333
12478.0,Greece,1,1.0,1,236.0,680.99,2.885550847457627,45.0,36,0.0
12479.0,Germany,1,1.0,1,385.0,527.2,1.3693506493506495,18.0,31,2.0
12480.0,Germany,1,480.0,7,421.7142857142857,780.6928571428572,1.8512364498644989,18.0,177,0.14285714285714285
12481.0,Germany,1,586.0,15,477.8666666666667,813.4673333333334,1.7022893415178573,306.0,248,0.2
12482.0,Sweden,1,78.0,29,932.4827586206897,816.944827586207,0.8760964425708159,874.84,42,0.10344827586206896
12483.0,Sweden,1,661.0,19,114.3157894736842,269.5042105263158,2.3575414364640883,40.0,68,0.42105263157894735
12484.0,Spain,1,650.0,12,272.5833333333333,530.8458333333333,1.9474625496789972,28.0,329,0.3333333333333333
12485.0,Sweden,1,1.0,1,414.0,708.1,1.7103864734299516,8.95,34,0.0
12486.0,Sweden,1,1.0,1,523.0,1037.28,1.9833269598470362,40.0,49,0.0
12487.0,Sweden,1,1.0,1,174.0,285.29999999999995,1.6396551724137929,2.55,2,1.0
12488.0,France,1,67.0,3,176.33333333333334,432.8866666666667,2.454933837429112,18.0,46,0.0
12489.0,France,1,1.0,1,105.0,334.93,3.189809523809524,18.0,15,0.0
12490.0,France,1,734.0,21,281.23809523809524,467.79238095238094,1.663332204537758,51.0,195,0.047619047619047616
12491.0,France,1,1.0,1,260.0,460.40000000000003,1.7707692307692309,18.0,25,0.0
12492.0,Germany,1,341.0,3,148.0,238.40333333333334,1.6108333333333333,18.0,38,0.0
12493.0,France,1,33.0,2,103.5,216.87,2.09536231884058,18.0,20,0.5
12494.0,France,1,562.0,9,108.77777777777777,201.69666666666666,1.854208375893769,18.0,83,0.8888888888888888
12495.0,Sweden,1,1.0,1,130.0,357.4,2.749230769230769,40.0,17,1.0
12496.0,Spain,1,1.0,2,16.5,27.045,1.6390909090909092,3.75,10,0.0
12497.0,Germany,1,564.0,3,1895.0,2082.8333333333335,1.0991204925241864,18.0,41,0.3333333333333333
12498.0,Germany,1,37.0,3,53.0,134.5666666666667,2.538993710691824,18.0,21,0.0
12499.0,Germany,1,1.0,1,302.0,393.72,1.3037086092715233,18.0,27,0.0
12500.0,Germany,1,651.0,19,177.73684210526315,313.4321052631579,1.7634616523541604,21.95,88,0.3157894736842105
12501.0,Germany,1,1.0,1,1783.0,2169.39,1.2167077958496915,18.0,149,1.0
12502.0,Spain,1,215.0,5,164.0,744.774,4.541304878048781,28.0,102,0.0
12503.0,Spain,1,1.0,1,561.0,1126.0,2.0071301247771838,230.0,2,1.0
12504.0,Germany,1,579.0,4,114.5,194.7625,1.7009825327510917,18.0,11,0.5
12505.0,Italy,1,1.0,1,324.0,955.2,2.948148148148148,28.0,42,2.0
12506.0,France,1,1.0,1,23.0,73.5,3.1956521739130435,7.95,23,0.0
12507.0,Spain,1,451.0,4,316.75,461.015,1.4554538279400158,28.0,46,0.25
12508.0,France,1,4.0,2,136.0,199.135,1.4642279411764705,4.95,57,0.0
12509.0,France,1,1.0,1,55.0,176.5,3.209090909090909,18.0,7,0.0
12510.0,Spain,1,594.0,9,227.66666666666666,575.3355555555556,2.527096144460713,975.11,94,0.7777777777777778
12511.0,Greece,1,1.0,1,1753.0,3084.02,1.759281232173417,19.95,190,1.0
12512.0,Israel,1,1.0,2,49.5,69.015,1.3942424242424243,7.95,31,0.0
12513.0,France,1,1.0,1,462.0,612.29,1.3253030303030302,18.0,35,1.0
12514.0,Italy,1,375.0,2,420.0,798.88,1.902095238095238,12.75,76,0.0
12515.0,Italy,1,1.0,1,131.0,383.7,2.929007633587786,35.0,16,0.0
12516.0,Germany,1,523.0,4,488.0,662.155,1.356875,18.0,49,0.0
12517.0,Germany,1,163.0,5,274.2,500.56800000000004,1.8255579868708973,18.0,232,0.2
12518.0,Germany,1,111.0,5,263.6,411.378,1.5606145675265553,18.0,84,0.0
12519.0,Germany,1,414.0,2,197.5,363.27,1.8393417721518985,18.0,34,0.5
12520.0,Germany,1,195.0,5,287.8,526.8520000000001,1.830618485059069,18.0,121,0.2
12521.0,Germany,1,1.0,1,309.0,599.68,1.9407119741100323,18.0,38,0.0
12522.0,Germany,1,13.0,2,97.0,96.36,0.9934020618556701,18.0,11,0.0
12523.0,France,1,714.0,23,98.91304347826087,190.09347826086955,1.9218241758241756,25.0,176,0.30434782608695654
12524.0,Germany,1,661.0,17,422.2352941176471,654.4770588235294,1.550029256060184,18.0,157,0.058823529411764705
12525.0,France,1,150.0,3,169.66666666666666,324.57666666666665,1.9130255402750491,18.0,56,1.6666666666666667
12526.0,Germany,1,95.0,3,210.66666666666666,438.8866666666667,2.0833227848101266,18.0,64,0.0
12527.0,Germany,1,449.0,5,105.2,147.102,1.3983079847908746,18.0,26,0.0
12528.0,Germany,1,304.0,6,126.0,322.24666666666667,2.5575132275132275,18.0,50,0.3333333333333333
12529.0,France,1,1.0,1,192.0,316.48,1.6483333333333334,9.95,21,1.0
12530.0,Germany,1,584.0,9,301.44444444444446,417.6955555555556,1.3856468853667527,34.95,94,0.3333333333333333
12531.0,Germany,1,673.0,2,559.5,966.6,1.7276139410187668,29.95,126,0.5
12532.0,France,1,1.0,1,153.0,349.83000000000004,2.2864705882352943,18.0,16,0.0
12533.0,Germany,1,112.0,2,352.0,683.945,1.9430255681818183,18.0,63,2.0
12534.0,Germany,1,1.0,1,651.0,1089.18,1.6730875576036868,18.95,63,0.0
12535.0,France,1,96.0,2,109.5,358.175,3.271004566210046,8.95,28,0.0
12536.0,France,1,17.0,3,934.3333333333334,4200.610000000001,4.495836603638959,4161.06,260,0.6666666666666666
12537.0,Sweden,1,1.0,1,449.0,732.94,1.6323830734966593,40.0,43,0.0
12538.0,Spain,1,350.0,2,168.0,320.225,1.9061011904761906,14.95,33,0.0
12539.0,Spain,1,695.0,7,647.8571428571429,1602.107142857143,2.472932745314223,28.0,276,0.14285714285714285
12540.0,Spain,1,714.0,33,333.90909090909093,674.3784848484848,2.0196469734095652,29.95,354,0.09090909090909091
12541.0,Spain,1,252.0,3,226.66666666666666,327.06,1.4429117647058822,28.0,46,0.0
12542.0,Spain,1,157.0,2,261.0,240.94,0.9231417624521072,12.75,39,1.0
12543.0,Spain,1,1.0,1,688.0,980.25,1.424781976744186,28.0,43,0.0
12544.0,Spain,1,1.0,1,136.0,372.7,2.740441176470588,28.0,19,1.0
12545.0,Spain,1,185.0,2,261.5,500.195,1.9127915869980878,28.0,42,0.0
12546.0,Spain,1,32.0,2,316.5,580.75,1.834913112164297,28.0,59,0.5
12547.0,Spain,1,304.0,3,103.0,127.86,1.241359223300971,28.0,13,0.0
12548.0,Spain,1,1.0,1,49.0,95.19999999999999,1.9428571428571426,28.0,5,0.0
12549.0,USA,1,123.0,6,227.66666666666666,262.61333333333334,1.1534992679355784,5.0,38,0.0
12550.0,Spain,1,1.0,1,569.0,964.8299999999999,1.6956590509666079,28.0,57,0.0
12551.0,Spain,1,1.0,1,100.0,168.0,1.68,1.95,10,0.0
12552.0,Italy,1,2.0,2,44.0,218.91,4.975227272727273,40.0,20,0.0
12553.0,France,1,416.0,12,193.75,384.0625,1.982258064516129,29.95,109,0.4166666666666667
12554.0,Spain,1,1.0,1,240.0,468.5,1.9520833333333334,28.0,26,0.0
12555.0,Spain,1,1.0,1,1.0,129.23,129.23,129.23,1,0.0
12556.0,Spain,1,102.0,2,179.0,301.855,1.686340782122905,12.75,100,0.0
12557.0,Spain,1,707.0,8,797.75,2262.0175,2.8354967094954557,3.75,15,0.0
12558.0,USA,1,1.0,1,196.0,269.96,1.3773469387755102,2.08,11,1.0
12559.0,Germany,1,10.0,2,141.5,280.855,1.9848409893992933,18.0,21,0.5
12560.0,Germany,1,139.0,3,370.0,711.3366666666667,1.9225315315315317,18.0,91,0.3333333333333333
12561.0,Germany,1,1.0,1,177.0,238.85,1.3494350282485876,7.95,16,0.0
12562.0,France,1,428.0,9,258.55555555555554,551.88,2.134473571121616,18.0,113,0.0
12563.0,Italy,1,1.0,1,113.0,249.24,2.2056637168141595,28.0,13,0.0
12564.0,France,1,1.0,1,133.0,456.9,3.4353383458646616,18.0,21,0.0
12565.0,Saudi Arabia,1,1.0,1,80.0,145.92,1.8239999999999998,5.49,9,1.0
12566.0,Germany,1,1.0,1,265.0,351.65,1.3269811320754716,18.0,19,1.0
12567.0,France,1,645.0,15,353.8666666666667,784.4986666666666,2.216932931424265,42.95,365,0.13333333333333333
12568.0,Germany,1,1.0,1,48.0,70.0,1.4583333333333333,18.0,5,0.0
12569.0,Germany,1,251.0,32,56.28125,128.89656250000002,2.2902220988339814,18.0,92,0.09375
12570.0,Spain,1,1.0,1,1.0,77.52,77.52,77.52,1,0.0
12571.0,France,1,83.0,2,261.5,259.805,0.9935181644359465,4.95,31,0.0
12572.0,Germany,1,44.0,2,226.0,510.21,2.257566371681416,18.0,53,0.5
12573.0,France,1,239.0,5,95.8,143.482,1.497724425887265,9.95,107,0.0
12574.0,France,1,1.0,1,61.0,218.45000000000002,3.581147540983607,18.0,11,0.0
12575.0,France,1,70.0,2,157.5,311.40999999999997,1.977206349206349,18.0,34,0.0
12576.0,Poland,1,492.0,8,186.75,267.84,1.4342168674698794,40.0,114,0.375
12577.0,France,1,702.0,8,149.625,206.71875,1.381578947368421,10.4,259,0.125
12578.0,Italy,1,423.0,4,595.0,1160.6125,1.950609243697479,28.0,149,0.75
12579.0,France,1,1.0,1,285.0,440.42,1.5453333333333334,18.0,29,2.0
12580.0,Germany,1,331.0,2,284.5,526.45,1.8504393673110722,18.0,52,0.0
12581.0,Germany,1,1.0,1,161.0,197.71,1.2280124223602484,18.0,15,0.0
12582.0,Finland,1,340.0,4,246.25,495.1,2.010558375634518,40.0,88,0.0
12583.0,France,1,732.0,27,316.1111111111111,503.39185185185187,1.5924522554188636,18.0,141,0.14814814814814814
12584.0,Italy,1,278.0,9,46.22222222222222,259.7944444444445,5.6205528846153845,28.0,44,1.0
12585.0,Germany,1,118.0,2,639.5,1020.05,1.5950742767787334,18.0,77,1.0
12586.0,Italy,1,707.0,4,171.75,515.6675,3.0024308588064046,16.95,82,0.25
12587.0,Finland,1,1.0,1,51.0,144.0,2.823529411764706,40.0,4,0.0
12588.0,Finland,1,559.0,4,109.5,239.695,2.1889954337899544,40.0,31,0.25
12589.0,France,1,662.0,8,220.5,586.9575,2.661938775510204,1055.75,121,0.375
12590.0,Germany,1,1.0,2,2141.5,4932.13,2.303119308895634,523.0,68,1.5
12591.0,Italy,1,92.0,3,225.66666666666666,450.7166666666667,1.997267355982275,28.0,63,0.0
12592.0,Germany,1,428.0,5,375.0,516.5319999999999,1.3774186666666666,715.02,42,0.6
12593.0,France,1,111.0,3,68.66666666666667,139.36666666666665,2.0296116504854367,18.0,14,0.0
12594.0,Italy,1,610.0,15,184.53333333333333,339.3406666666667,1.8389125722543356,35.0,78,0.13333333333333333
12595.0,Germany,1,1.0,1,271.0,299.02,1.1033948339483395,18.0,19,0.0
12596.0,Spain,1,192.0,2,237.0,309.135,1.3043670886075949,28.0,25,0.0
12597.0,Spain,1,250.0,4,559.0,952.805,1.7044812164579606,28.0,184,0.25
12598.0,France,1,640.0,11,264.1818181818182,412.19,1.5602512044046801,18.0,130,0.36363636363636365
12599.0,France,1,549.0,13,168.3846153846154,176.67076923076922,1.049209684787574,18.0,47,0.0
12600.0,Germany,1,705.0,21,65.85714285714286,236.54380952380953,3.59177151120752,18.0,53,0.23809523809523808
12601.0,Germany,1,216.0,6,48.333333333333336,113.54333333333334,2.3491724137931036,39.95,24,0.16666666666666666
12602.0,France,1,1.0,1,162.0,153.12,0.9451851851851852,11.95,12,0.0
12603.0,Germany,1,1.0,1,64.0,739.1999999999999,11.549999999999999,18.0,3,0.0
12604.0,France,1,183.0,2,100.5,127.09,1.2645771144278608,18.0,15,0.0
12605.0,Germany,1,83.0,4,232.25,308.2375,1.3271797631862219,18.0,63,0.25
12606.0,Spain,1,1.0,1,1.0,21.0,21.0,21.0,1,0.0
12607.0,USA,1,1.0,1,1228.0,1579.51,1.2862459283387622,16.95,101,1.0
12608.0,United Kingdom,1,1.0,1,323.0,415.79,1.2872755417956656,2.95,16,0.0
12609.0,Germany,1,642.0,9,172.55555555555554,381.76222222222225,2.212401802962009,18.0,129,0.1111111111111111
12610.0,Italy,1,105.0,5,209.8,419.908,2.0014680648236416,40.0,85,0.4
12611.0,Italy,1,1.0,1,846.0,1193.32,1.4105437352245862,11.95,65,0.0
12612.0,Germany,1,1.0,1,262.0,704.0400000000001,2.6871755725190845,18.0,19,1.0
12613.0,Germany,1,669.0,10,416.3,683.507,1.6418616382416527,18.0,218,0.3
12614.0,Germany,1,1.0,1,76.0,315.6,4.152631578947369,9.95,20,0.0
12615.0,France,1,630.0,8,414.625,717.6225,1.730774796502864,18.0,198,0.375
12616.0,France,1,294.0,3,166.0,377.0333333333333,2.2712851405622487,18.0,32,1.3333333333333333
12617.0,France,1,1.0,1,213.0,355.53,1.6691549295774646,9.95,39,0.0
12618.0,Italy,1,1.0,1,96.0,177.31,1.8469791666666666,40.0,11,0.0
12619.0,Germany,1,545.0,10,351.8,378.13800000000003,1.0748664013644116,389.68,55,0.4
12620.0,France,1,191.0,3,393.6666666666667,446.47,1.1341320914479256,18.0,89,0.0
12621.0,Germany,1,668.0,35,391.6,694.6057142857143,1.773763315336349,18.0,344,0.2571428571428571
12622.0,Germany,1,1.0,1,69.0,180.1,2.610144927536232,18.0,11,0.0
12623.0,Germany,1,421.0,7,281.7142857142857,535.4057142857143,1.90052738336714,18.0,112,0.2857142857142857
12624.0,France,1,72.0,2,177.5,320.565,1.806,18.0,36,0.0
12625.0,Germany,1,386.0,4,827.25,1291.22,1.5608582653369598,18.0,144,0.25
12626.0,Germany,1,304.0,9,383.6666666666667,735.6088888888889,1.9173124818997973,18.0,232,0.4444444444444444
12627.0,Germany,1,131.0,7,393.14285714285717,639.79,1.6273728197674417,18.0,162,0.0
12628.0,Germany,1,61.0,3,149.33333333333334,262.15333333333336,1.7554910714285714,18.0,34,0.3333333333333333
12629.0,Sweden,1,39.0,2,361.0,779.11,2.1581994459833798,40.0,40,0.0
12630.0,Finland,1,35.0,2,274.0,635.44,2.319124087591241,40.0,60,0.0
12631.0,Finland,1,637.0,6,267.8333333333333,580.2616666666667,2.166502800248911,40.0,131,0.16666666666666666
12632.0,Germany,1,45.0,2,347.0,402.44,1.1597694524495676,18.0,32,1.0
12633.0,Germany,1,468.0,7,462.57142857142856,811.1657142857142,1.7536009882643606,29.95,220,0.42857142857142855
12634.0,USA,1,14.0,2,168.5,245.0,1.454005934718101,130.0,20,0.0
12635.0,Germany,1,368.0,4,487.25,732.6025,1.5035454079014878,18.0,159,0.0
12636.0,USA,1,1.0,1,1.0,141.0,141.0,141.0,1,0.0
12637.0,France,1,477.0,12,357.0,695.0258333333333,1.9468510737628384,29.95,295,0.16666666666666666
12638.0,Sweden,1,607.0,2,331.5,460.745,1.3898793363499247,40.0,47,0.0
12639.0,Sweden,1,390.0,3,210.33333333333334,437.45666666666665,2.0798256735340725,40.0,58,0.0
12640.0,France,1,59.0,3,103.66666666666667,391.52666666666664,3.7767845659163983,18.0,47,0.0
12641.0,Sweden,1,1.0,1,72.0,185.89999999999998,2.581944444444444,40.0,10,0.0
12642.0,Germany,1,83.0,3,184.0,337.75333333333333,1.8356159420289855,18.0,39,0.0
12643.0,France,1,484.0,12,398.75,695.8683333333333,1.7451243469174504,165.0,14,0.16666666666666666
12644.0,Germany,1,566.0,4,258.0,479.6225,1.8590019379844962,18.0,106,0.5
12645.0,Germany,1,636.0,8,265.625,442.4125,1.6655529411764707,18.0,111,0.25
12646.0,USA,1,46.0,2,448.5,673.485,1.5016387959866222,12.75,43,0.0
12647.0,Germany,1,674.0,36,184.47222222222223,470.98749999999995,2.5531621743713293,290.0,240,0.25
12648.0,Germany,1,548.0,4,129.5,278.0,2.146718146718147,18.0,38,0.25
12649.0,Germany,1,590.0,8,244.875,286.83125,1.171337417049515,18.0,94,0.25
12650.0,France,1,1.0,1,254.0,314.44000000000005,1.2379527559055121,18.0,20,0.0
12651.0,France,1,132.0,4,66.25,94.4375,1.4254716981132076,6.75,30,0.25
12652.0,France,2,104.0,2,268.0,508.515,1.8974440298507462,18.0,51,0.5
12653.0,Israel,1,379.0,3,560.3333333333334,1386.9433333333334,2.4752111838191553,10.95,76,0.0
12654.0,Germany,1,286.0,5,52.8,120.396,2.2802272727272728,18.0,31,0.0
12655.0,France,1,1.0,1,80.0,261.35,3.266875,18.0,16,0.0
12656.0,France,1,546.0,8,357.5,800.97875,2.2405,18.0,174,0.5
12657.0,France,1,68.0,4,261.0,410.795,1.5739272030651341,18.0,35,0.25
12658.0,Germany,1,1.0,1,320.0,686.05,2.1439062499999997,18.0,36,0.0
12659.0,France,1,1.0,1,105.0,91.68,0.8731428571428572,18.0,5,0.0
12660.0,France,1,1.0,1,127.0,245.10000000000002,1.92992125984252,18.0,13,0.0
12661.0,Sweden,1,1.0,1,216.0,162.0,0.75,1.45,11,0.0
12662.0,Germany,1,618.0,20,171.2,336.327,1.9645268691588784,29.95,163,0.1
12663.0,Germany,1,45.0,2,90.5,119.70000000000002,1.3226519337016576,18.0,9,0.5
12664.0,Finland,1,719.0,11,135.9090909090909,551.8218181818182,4.060227424749164,40.0,10,0.09090909090909091
12665.0,Germany,1,346.0,3,55.0,104.53333333333335,1.9006060606060609,18.0,13,0.6666666666666666
12666.0,Israel,1,1.0,1,370.0,1248.42,3.3741081081081084,16.95,31,1.0
12667.0,Finland,1,1.0,1,395.0,620.13,1.5699493670886076,40.0,33,0.0
12668.0,Germany,1,667.0,10,507.6,1144.468,2.2546650906225376,145.0,263,0.2
12669.0,France,1,107.0,3,371.6666666666667,914.6766666666666,2.461013452914798,1136.3,98,0.3333333333333333
12670.0,France,1,657.0,7,232.42857142857142,537.1842857142857,2.311180086047941,18.0,71,0.14285714285714285
12671.0,Germany,1,1.0,1,1460.0,2622.481,1.7962198630136987,9.95,45,0.0
12672.0,France,1,267.0,2,69.0,218.525,3.1670289855072467,15.0,22,0.5
12673.0,Germany,1,397.0,3,233.33333333333334,410.00666666666666,1.7571714285714286,18.0,68,0.0
12674.0,France,1,170.0,4,283.25,492.65,1.7392762577228595,18.0,52,0.75
12675.0,Italy,1,26.0,2,168.5,479.25,2.844213649851632,28.0,111,1.0
12676.0,Sweden,1,460.0,11,169.72727272727272,258.4627272727273,1.5228119978575254,40.0,67,0.09090909090909091
12677.0,France,1,112.0,2,88.0,197.55,2.244886363636364,18.0,13,0.5
12678.0,France,1,660.0,21,1065.3333333333333,1632.4371428571428,1.5323252279635258,180.0,199,0.09523809523809523
12679.0,France,1,226.0,4,138.5,278.255,2.009061371841155,18.0,43,1.25
12680.0,France,1,114.0,4,110.75,215.7025,1.94765237020316,18.0,33,0.0
12681.0,France,1,713.0,45,378.02222222222224,662.9946666666666,1.7538510375639291,18.0,459,0.24444444444444444
12682.0,France,1,736.0,52,202.73076923076923,441.51192307692304,2.1778239423259342,18.0,327,0.019230769230769232
12683.0,France,1,723.0,21,334.23809523809524,553.9857142857143,1.6574583273970651,18.0,236,0.2857142857142857
12684.0,France,1,207.0,7,283.57142857142856,326.23285714285714,1.1504433249370278,18.0,61,0.0
12685.0,France,1,66.0,6,253.83333333333334,477.18,1.8798949441891004,18.0,117,0.0
12686.0,France,1,1.0,1,107.0,89.14,0.8330841121495327,18.0,7,0.0
12687.0,Sweden,1,1.0,2,701.5,1069.455,1.5245260156806841,280.0,126,0.0
12688.0,Israel,1,1.0,1,3028.0,4873.81,1.6095805812417439,125.0,171,0.0
12689.0,France,1,103.0,2,314.0,623.805,1.9866401273885348,18.0,57,0.0
12690.0,France,1,1.0,1,106.0,389.01,3.6699056603773585,18.0,16,0.0
12691.0,France,1,393.0,7,63.57142857142857,167.20000000000002,2.630112359550562,18.0,24,0.0
12692.0,France,1,1.0,1,36.0,110.95,3.0819444444444444,7.95,13,0.0
12693.0,Germany,1,396.0,7,76.57142857142857,243.28857142857143,3.177276119402985,18.0,63,0.5714285714285714
12694.0,France,1,352.0,3,451.6666666666667,614.4499999999999,1.3604059040590406,18.0,69,0.3333333333333333
12695.0,France,1,659.0,7,64.85714285714286,201.0171428571429,3.0993832599118947,45.95,46,0.0
12696.0,Finland,1,75.0,2,282.0,425.955,1.5104787234042552,40.0,43,0.5
12697.0,Sweden,1,142.0,3,169.33333333333334,319.19666666666666,1.8850196850393701,40.0,37,0.6666666666666666
12698.0,Germany,1,1.0,1,111.0,339.75,3.060810810810811,18.0,16,0.0
12699.0,Germany,1,1.0,1,373.0,638.11,1.710750670241287,18.0,41,0.0
12700.0,France,1,209.0,4,741.75,1234.9975,1.6649780923491742,18.0,193,0.5
12701.0,Germany,1,555.0,6,287.8333333333333,407.73499999999996,1.416566299942096,18.0,118,0.0
12702.0,Germany,1,1.0,1,53.0,219.0,4.132075471698113,18.0,12,0.0
12703.0,Germany,1,614.0,4,148.75,251.6325,1.6916470588235293,18.0,56,0.75
12704.0,Finland,1,163.0,8,125.75,292.605,2.326878727634195,40.0,64,0.25
12705.0,Germany,1,519.0,14,513.4285714285714,840.15,1.6363522537562605,18.0,320,0.5714285714285714
12707.0,France,1,1.0,1,256.0,603.4200000000001,2.3571093750000003,12.75,33,0.0
12708.0,Germany,1,693.0,18,135.11111111111111,284.31444444444446,2.104300986842105,19.95,130,0.6666666666666666
12709.0,Germany,1,716.0,34,407.1764705882353,899.1364705882353,2.2082230569199655,216.0,189,0.6176470588235294
12710.0,Germany,1,106.0,3,283.6666666666667,383.00666666666666,1.3501997649823736,18.0,75,0.3333333333333333
12711.0,Germany,1,66.0,2,385.0,669.525,1.739025974025974,18.0,56,0.0
12712.0,Germany,1,703.0,21,105.0,320.14428571428573,3.0489931972789113,25.0,126,0.3333333333333333
12713.0,Germany,1,1.0,1,508.0,848.55,1.6703740157480313,18.0,38,0.0
12714.0,France,1,727.0,12,731.1666666666666,1174.4758333333332,1.6063038522908593,18.0,436,0.0
12715.0,Sweden,1,1.0,1,197.0,353.86,1.796243654822335,40.0,20,0.0
12716.0,France,1,131.0,2,354.0,526.745,1.4879802259887005,18.0,60,0.0
12717.0,Greece,1,440.0,3,200.0,436.30333333333334,2.181516666666667,50.0,60,0.3333333333333333
12718.0,France,1,1.0,1,203.0,238.25,1.1736453201970443,18.0,19,0.0
12719.0,France,1,61.0,2,187.0,322.475,1.7244652406417114,18.0,34,0.5
12720.0,Germany,1,505.0,30,200.6,259.57599999999996,1.2939980059820537,18.0,262,0.36666666666666664
12721.0,France,1,441.0,8,331.875,501.635,1.511517890772128,18.0,183,0.25
12722.0,France,1,66.0,4,141.5,249.4075,1.7625971731448764,18.0,50,0.5
12723.0,France,1,63.0,5,86.8,145.01399999999998,1.6706682027649769,18.0,53,0.0
12724.0,France,1,531.0,7,197.0,331.07428571428574,1.680580130529369,18.0,94,0.0
12725.0,Italy,1,214.0,4,285.5,566.69,1.9849036777583189,220.0,92,0.0
12726.0,France,1,597.0,11,419.8181818181818,364.96363636363634,0.8693373754872239,18.0,63,0.0
12727.0,France,1,645.0,10,283.2,567.953,2.0054837570621467,18.0,132,0.2
12728.0,France,1,313.0,5,108.6,214.03400000000002,1.9708471454880296,18.0,48,0.0
12729.0,France,1,1.0,1,233.0,453.01,1.9442489270386265,18.0,26,0.0
12730.0,Germany,1,1.0,1,234.0,829.25,3.5438034188034186,18.95,47,0.0
12731.0,France,1,625.0,17,684.7647058823529,1516.2182352941177,2.214217850700112,18.0,137,0.11764705882352941
12732.0,France,1,1.0,1,111.0,236.26,2.1284684684684683,18.0,12,0.0
12733.0,USA,1,456.0,4,224.0,606.2175,2.7063281249999998,12.75,117,0.5
12734.0,France,1,41.0,3,88.33333333333333,213.21666666666667,2.4137735849056603,18.0,17,0.0
12735.0,France,1,23.0,2,184.0,389.78499999999997,2.118396739130435,18.0,38,0.0
12736.0,France,1,1.0,1,173.0,234.0,1.3526011560693643,18.0,4,0.0
12737.0,France,1,1.0,2,1.0,1855.25,1855.25,3610.5,2,0.0
12738.0,Germany,1,1.0,1,148.0,155.35,1.049662162162162,18.0,11,0.0
12739.0,United Arab Emirates,1,317.0,4,237.75,681.6825,2.867223974763407,253.0,85,0.0
12740.0,France,1,1.0,1,342.0,427.6,1.2502923976608187,8.5,27,0.0
12741.0,USA,1,5.0,2,107.0,203.035,1.8975233644859812,170.0,16,0.0
12742.0,United Arab Emirates,1,1.0,1,1359.0,1201.52,0.884120676968359,4.65,67,1.0
12743.0,Unspecified,1,1.0,2,159.5,273.215,1.7129467084639496,16.95,114,0.0
12744.0,Singapore,1,541.0,11,635.8181818181819,2301.550909090909,3.619825564769803,3949.32,245,0.2727272727272727
12745.0,United Kingdom,2,197.0,3,156.0,308.46999999999997,1.9773717948717948,201.56,21,0.0
12746.0,United Kingdom,1,1.0,1,97.0,254.55,2.6242268041237113,7.95,17,2.0
12747.0,United Kingdom,1,731.0,26,101.92307692307692,342.99923076923073,3.365275471698113,19.95,85,0.23076923076923078
12748.0,United Kingdom,1,736.0,337,112.10979228486647,162.0119881305638,1.4451189751462377,850.5,2287,0.0830860534124629
12749.0,United Kingdom,1,519.0,9,262.22222222222223,766.3733333333333,2.9226101694915254,50.0,260,0.7777777777777778
12750.0,Poland,1,1.0,1,137.0,275.88,2.013722627737226,11.95,15,0.0
12751.0,Brazil,1,1.0,1,189.0,268.27,1.4194179894179892,6.95,61,0.0
12752.0,Norway,1,1.0,1,2262.0,4366.78,1.930495137046861,8.5,53,0.0
12753.0,Japan,1,341.0,6,1903.5,3571.565,1.876314683477804,14.95,132,0.8333333333333334
12754.0,Japan,1,74.0,3,2160.3333333333335,1003.5799999999999,0.4645486807591421,3.75,49,0.6666666666666666
12755.0,Japan,1,414.0,11,208.45454545454547,476.0236363636363,2.2835848233754903,9.95,34,1.0
12756.0,Japan,1,1.0,1,144.0,112.07999999999998,0.7783333333333332,0.85,4,0.0
12757.0,Portugal,1,197.0,13,184.76923076923077,604.3923076923077,3.271065778517902,1241.98,237,0.46153846153846156
12758.0,Portugal,1,623.0,7,879.2857142857143,1414.7485714285715,1.6089748172217708,10.95,187,0.14285714285714285
12759.0,Netherlands,1,684.0,8,400.25,627.5925,1.568001249219238,18.0,206,0.0
12760.0,Netherlands,1,1.0,1,198.0,347.8,1.7565656565656567,15.0,21,0.0
12761.0,Netherlands,1,8.0,2,140.5,391.475,2.7862989323843417,25.0,27,0.0
12762.0,Portugal,1,19.0,2,613.5,949.26,1.5472860635696821,28.0,62,0.0
12763.0,Japan,1,232.0,2,158.0,247.04,1.5635443037974683,4.25,16,0.0
12764.0,Lebanon,1,1.0,1,386.0,1693.88,4.388290155440415,14.95,45,0.0
12765.0,Netherlands,1,170.0,6,168.16666666666666,234.09666666666666,1.3920515361744301,15.0,49,0.0
12766.0,Portugal,1,405.0,9,558.0,990.9988888888888,1.7759836718438868,28.0,253,0.2222222222222222
12767.0,Korea,1,1.0,1,598.0,949.82,1.5883277591973246,5.45,43,0.0
12768.0,Korea,1,1.0,1,102.0,168.69000000000003,1.653823529411765,5.95,10,1.0
12769.0,Brazil,1,1.0,1,356.0,1143.6,3.2123595505617977,10.95,32,0.0
12770.0,Japan,1,247.0,2,921.5,1623.225,1.7615029842647856,8.95,19,2.5
12771.0,Portugal,1,1.0,1,104.0,282.3,2.714423076923077,28.0,15,1.0
12772.0,Portugal,1,1.0,1,556.0,892.47,1.6051618705035973,28.0,55,0.0
12773.0,Portugal,1,1.0,1,109.0,124.25,1.139908256880734,7.95,6,1.0
12774.0,Netherlands,1,1.0,1,53.0,98.7,1.8622641509433964,15.0,6,0.0
12775.0,Netherlands,1,393.0,7,154.71428571428572,240.8742857142857,1.5568975069252076,16.95,55,0.14285714285714285
12776.0,Portugal,1,1.0,1,46.0,55.5,1.2065217391304348,28.0,4,0.0
12777.0,United Kingdom,1,1.0,1,458.0,519.45,1.134170305676856,16.95,26,0.0
12778.0,Netherlands,1,584.0,9,192.77777777777777,197.29777777777778,1.0234466858789626,18.0,77,0.1111111111111111
12779.0,Poland,1,700.0,14,250.07142857142858,462.43642857142856,1.8492173664667237,12.75,142,0.5
12780.0,Netherlands,1,1.0,1,285.0,337.4,1.1838596491228068,15.0,20,0.0
12781.0,Czech Republic,1,222.0,2,335.5,413.37,1.2321013412816693,40.0,25,1.5
12782.0,Portugal,1,516.0,11,183.36363636363637,419.84,2.2896579077838375,28.0,142,0.2727272727272727
12783.0,Portugal,1,74.0,6,104.0,370.98499999999996,3.567163461538461,339.02,76,0.3333333333333333
12784.0,Portugal,1,521.0,3,294.0,601.5833333333334,2.046201814058957,28.0,121,0.0
12785.0,Portugal,1,368.0,3,151.0,366.8,2.4291390728476823,29.95,42,0.6666666666666666
12786.0,Netherlands,1,1.0,1,324.0,728.5,2.248456790123457,15.0,18,0.0
12787.0,Netherlands,1,405.0,4,127.5,215.545,1.690549019607843,18.0,30,0.25
12788.0,Netherlands,1,66.0,4,48.5,111.225,2.293298969072165,15.0,20,0.0
12789.0,Netherlands,1,629.0,3,12.0,91.11666666666667,7.593055555555556,39.95,5,0.0
12790.0,Netherlands,1,219.0,2,153.0,295.925,1.9341503267973856,16.95,36,0.5
12791.0,Netherlands,1,252.0,6,58.833333333333336,143.91833333333332,2.446203966005666,131.68,17,0.3333333333333333
12792.0,Portugal,1,279.0,2,197.0,413.505,2.099010152284264,28.0,39,0.5
12793.0,Portugal,1,68.0,3,153.66666666666666,295.1766666666667,1.9208893709327548,28.0,34,0.0
12794.0,Portugal,1,46.0,2,296.0,430.205,1.4533952702702702,9.95,43,0.0
12795.0,Portugal,1,1.0,1,68.0,430.48,6.330588235294118,28.0,14,0.0
12796.0,Netherlands,1,1.0,1,182.0,381.0,2.0934065934065935,15.0,7,0.0
12797.0,Portugal,1,60.0,2,107.5,276.04,2.5678139534883724,28.0,27,2.0
12798.0,Japan,1,412.0,4,2113.75,2127.7325,1.006615020697812,4.25,27,0.0
12799.0,Japan,1,1.0,1,137.0,219.35,1.6010948905109488,16.95,15,0.0
12800.0,Portugal,1,207.0,3,94.66666666666667,194.75,2.057218309859155,28.0,31,0.0
12801.0,Sweden,1,1.0,1,505.0,1071.82,2.122415841584158,40.0,50,1.0
12802.0,Netherlands,1,378.0,7,281.7142857142857,345.20285714285717,1.2253651115618662,15.0,108,0.2857142857142857
12803.0,Netherlands,1,1.0,1,872.0,1092.81,1.2532224770642202,15.0,55,0.0
12804.0,Netherlands,1,36.0,2,135.5,163.51,1.2067158671586715,9.95,60,0.0
12805.0,Netherlands,1,294.0,4,148.25,358.7375,2.419814502529511,18.0,44,0.0
12806.0,Netherlands,1,154.0,4,521.75,719.74,1.3794729276473408,285.0,58,0.0
12807.0,Sweden,1,1.0,1,145.0,330.35,2.278275862068966,40.0,16,2.0
12808.0,Portugal,1,427.0,5,64.4,155.34,2.412111801242236,28.0,46,0.0
12809.0,Portugal,1,471.0,3,172.66666666666666,585.3133333333334,3.38984555984556,119.6,75,1.6666666666666667
12810.0,Japan,1,143.0,2,194.5,267.495,1.3752956298200514,6.75,32,0.0
12811.0,Portugal,1,168.0,5,87.0,206.78000000000003,2.3767816091954024,28.0,47,0.0
12812.0,Japan,1,1.0,1,164.0,229.64000000000001,1.4002439024390245,4.25,15,0.0
12813.0,Netherlands,1,193.0,3,380.3333333333333,562.6,1.4792287467134093,18.0,37,0.0
12814.0,Poland,1,1.0,1,49.0,125.92,2.569795918367347,40.0,2,0.0
12815.0,Poland,1,52.0,2,189.5,531.73,2.805963060686016,40.0,38,0.0
12816.0,Poland,1,82.0,2,64.0,286.1,4.4703125,40.0,27,0.0
12817.0,Austria,1,154.0,3,73.0,230.32666666666668,3.1551598173515982,40.0,16,0.0
12818.0,Austria,1,1.0,1,929.0,1542.08,1.6599354144241119,40.0,14,1.0
12819.0,United Kingdom,1,1.0,1,344.0,540.52,1.571279069767442,12.75,19,0.0
12820.0,United Kingdom,1,732.0,11,178.72727272727272,244.50181818181818,1.3680162767039674,12.75,131,0.18181818181818182
12821.0,United Kingdom,1,398.0,2,81.0,110.4,1.362962962962963,8.5,13,0.0
12822.0,United Kingdom,1,18.0,2,275.0,474.44,1.7252363636363637,14.95,41,0.5
12823.0,United Kingdom,1,606.0,18,51.666666666666664,361.19444444444446,6.990860215053764,7.65,1,0.0
12824.0,United Kingdom,1,1.0,1,232.0,397.12,1.7117241379310344,8.25,25,0.0
12825.0,United Kingdom,1,121.0,2,69.5,259.315,3.7311510791366906,16.95,20,0.0
12826.0,United Kingdom,1,720.0,12,159.58333333333334,233.39583333333334,1.4625326370757181,9.95,93,0.25
12827.0,United Kingdom,1,40.0,3,65.66666666666667,143.38333333333335,2.183502538071066,4.95,19,0.0
12828.0,United Kingdom,1,129.0,6,82.33333333333333,169.785,2.062165991902834,16.95,46,0.0
12829.0,United Kingdom,1,215.0,3,183.33333333333334,128.43333333333334,0.7005454545454546,39.95,17,0.3333333333333333
12830.0,United Kingdom,1,135.0,6,1641.3333333333333,1135.7733333333333,0.6919821283509342,2.62,13,0.16666666666666666
12831.0,United Kingdom,1,202.0,3,101.0,150.37,1.4888118811881188,12.75,16,0.0
12832.0,United Kingdom,1,67.0,2,97.5,191.51500000000001,1.9642564102564104,8.25,27,0.0
12833.0,United Kingdom,1,1.0,1,156.0,417.38,2.6755128205128207,14.95,24,0.0
12834.0,United Kingdom,1,1.0,1,110.0,312.38,2.8398181818181816,7.95,18,0.0
12835.0,United Kingdom,1,310.0,41,57.48780487804878,147.3978048780488,2.5639838778107764,10.75,138,0.1951219512195122
12836.0,United Kingdom,1,680.0,15,149.06666666666666,439.04133333333334,2.945268336314848,29.95,280,0.13333333333333333
12837.0,United Kingdom,1,397.0,2,104.5,344.205,3.293827751196172,19.95,83,0.0
12838.0,United Kingdom,1,560.0,10,161.7,300.769,1.8600432900432902,16.95,230,0.2
12839.0,United Kingdom,1,731.0,26,253.0,371.8892307692308,1.4699179081787779,39.95,156,0.19230769230769232
12840.0,United Kingdom,1,532.0,7,322.57142857142856,577.4242857142857,1.7900664304694418,9.95,109,0.5714285714285714
12841.0,United Kingdom,1,516.0,40,127.325,175.86724999999998,1.3812468093461614,16.95,307,0.05
12842.0,United Kingdom,1,668.0,4,221.75,479.4975,2.1623337091319055,65.0,45,0.0
12843.0,United Kingdom,1,662.0,30,101.03333333333333,219.61366666666666,2.1736753546684264,101.99,130,0.13333333333333333
12844.0,United Kingdom,1,565.0,4,55.75,162.15,2.9085201793721973,10.95,88,0.0
12845.0,United Kingdom,1,24.0,4,51.0,88.5225,1.735735294117647,8.5,26,0.0
12846.0,United Kingdom,1,1.0,1,1.0,15.58,15.58,15.58,1,0.0
12847.0,United Kingdom,1,366.0,2,766.5,818.4499999999999,1.0677756033920416,8.25,100,0.0
12848.0,United Kingdom,1,1.0,1,58.0,208.0,3.586206896551724,8.95,16,0.0
12849.0,United Kingdom,1,561.0,6,313.6666666666667,515.0933333333334,1.6421679064824655,19.95,123,0.0
12850.0,United Kingdom,1,1.0,1,200.0,330.0,1.65,1.65,2,0.0
12851.0,United Kingdom,1,382.0,2,80.0,142.065,1.7758125,16.95,71,0.0
12852.0,United Kingdom,1,1.0,1,149.0,311.55,2.0909395973154363,12.75,17,1.0
12853.0,United Kingdom,1,539.0,11,151.63636363636363,355.22727272727275,2.3426258992805757,14.95,111,0.45454545454545453
12854.0,United Kingdom,1,651.0,7,233.57142857142858,427.71714285714285,1.831204892966361,16.95,188,0.5714285714285714
12855.0,United Kingdom,1,31.0,4,60.0,153.21,2.5535,165.0,65,0.0
12856.0,United Kingdom,1,57.0,6,179.83333333333334,363.32166666666666,2.0203243744207597,12.75,155,0.3333333333333333
12857.0,United Kingdom,1,474.0,6,236.66666666666666,614.6666666666666,2.5971830985915494,12.75,71,0.16666666666666666
12858.0,United Kingdom,1,1.0,1,63.0,177.92,2.824126984126984,19.95,36,1.0
12859.0,United Kingdom,1,1.0,1,292.0,575.1,1.9695205479452056,8.95,21,0.0
12860.0,United Kingdom,1,1.0,1,27.0,55.47,2.0544444444444445,12.75,16,0.0
12861.0,United Kingdom,1,1.0,1,27.0,68.25,2.5277777777777777,12.75,4,0.0
12862.0,United Kingdom,1,71.0,2,306.5,504.15999999999997,1.6448939641109297,19.95,119,0.0
12863.0,United Kingdom,1,538.0,6,149.16666666666666,465.425,3.1201675977653633,10.75,24,0.16666666666666666
12864.0,United Kingdom,1,371.0,2,223.5,149.785,0.6701789709172259,0.95,5,0.0
12865.0,Austria,1,451.0,4,493.25,830.8675000000001,1.684475418144957,16.95,156,0.25
12866.0,Belgium,1,220.0,3,184.33333333333334,409.1166666666666,2.2194394213381554,15.0,58,0.0
12867.0,United Kingdom,1,698.0,13,610.6923076923077,608.7146153846154,0.9967615568711424,12.75,365,0.23076923076923078
12868.0,United Kingdom,1,208.0,8,146.25,255.47,1.7468034188034187,12.75,86,0.0
12869.0,United Kingdom,1,1.0,1,144.0,337.67,2.3449305555555555,12.75,35,0.0
12870.0,United Kingdom,1,250.0,3,302.0,558.9833333333333,1.8509381898454746,125.0,85,0.3333333333333333
12871.0,United Kingdom,1,356.0,3,161.33333333333334,248.00666666666666,1.5372314049586777,12.75,13,0.0
12872.0,United Kingdom,1,411.0,12,137.66666666666666,275.58,2.0017917675544794,12.75,217,0.08333333333333333
12873.0,United Kingdom,1,400.0,3,262.0,675.7666666666667,2.579262086513995,8.5,33,0.0
12874.0,Belgium,1,170.0,2,311.5,474.21,1.5223434991974316,15.0,44,0.5
12875.0,United Kingdom,1,555.0,5,1037.4,271.398,0.26161364950838634,0.72,2,0.0
12876.0,Belgium,1,534.0,4,761.75,1020.4475,1.3396094519199213,18.95,117,0.25
12877.0,United Kingdom,1,688.0,20,113.1,147.7585,1.3064412024756853,9.95,149,0.0
12878.0,United Kingdom,1,31.0,2,273.5,427.495,1.563053016453382,7.95,38,0.5
12879.0,United Kingdom,1,48.0,3,123.33333333333333,191.07333333333335,1.5492432432432433,2.95,7,0.3333333333333333
12880.0,United Kingdom,1,194.0,2,139.5,320.065,2.294372759856631,7.95,32,0.0
12881.0,United Kingdom,1,1.0,1,21.0,298.0,14.19047619047619,195.0,7,0.0
12882.0,United Kingdom,1,25.0,2,123.0,731.52,5.947317073170732,7.45,12,0.0
12883.0,United Kingdom,1,66.0,4,49.0,175.8675,3.5891326530612244,16.95,39,0.0
12884.0,United Kingdom,1,1.0,1,43.0,309.05,7.187209302325582,85.0,7,0.0
12885.0,United Kingdom,1,61.0,3,218.33333333333334,391.74,1.7942290076335878,16.95,66,0.3333333333333333
12886.0,United Kingdom,1,153.0,2,385.0,689.2,1.7901298701298702,12.75,75,0.5
12887.0,United Kingdom,1,1.0,1,100.0,222.4,2.224,14.95,13,0.0
12888.0,United Kingdom,1,42.0,2,38.0,177.06,4.659473684210527,10.65,4,1.0
12889.0,United Kingdom,1,122.0,4,31.0,96.36500000000001,3.1085483870967745,10.75,25,0.5
12890.0,United Kingdom,1,364.0,2,233.0,358.635,1.539206008583691,16.95,124,0.0
12891.0,United Kingdom,1,475.0,11,211.36363636363637,76.4090909090909,0.361505376344086,0.42,2,0.09090909090909091
12892.0,United Kingdom,1,1.0,1,140.0,263.38,1.8812857142857142,9.95,18,0.0
12893.0,United Kingdom,1,1.0,1,96.0,188.14000000000001,1.9597916666666668,4.95,27,0.0
12894.0,United Kingdom,1,1.0,1,33.0,157.35,4.768181818181818,19.95,21,0.0
12895.0,United Kingdom,1,45.0,2,105.0,186.4,1.7752380952380953,12.75,22,0.5
12897.0,United Kingdom,1,340.0,4,62.25,128.5625,2.0652610441767068,8.5,10,0.0
12898.0,United Kingdom,1,197.0,2,120.0,155.48000000000002,1.2956666666666667,8.5,27,0.0
12899.0,United Kingdom,1,1.0,1,108.0,366.4,3.3925925925925924,16.95,17,0.0
12900.0,United Kingdom,1,1.0,1,139.0,340.33,2.4484172661870502,12.75,13,0.0
12901.0,United Kingdom,1,263.0,28,824.1071428571429,630.5192857142857,0.7650938244853738,12.75,30,0.2857142857142857
12902.0,United Kingdom,1,1.0,1,66.0,138.68,2.1012121212121215,16.95,10,0.0
12903.0,United Kingdom,1,1.0,1,493.0,833.5300000000001,1.6907302231237324,5.95,41,0.0
12904.0,United Kingdom,1,155.0,2,151.0,254.79,1.6873509933774833,12.75,59,0.0
12905.0,United Kingdom,1,107.0,2,266.0,509.21,1.9143233082706765,15.95,52,0.5
12906.0,United Kingdom,1,68.0,5,349.8,583.962,1.6694168096054889,12.75,55,0.0
12907.0,United Kingdom,1,100.0,2,88.5,254.455,2.8751977401129944,24.95,23,0.5
12908.0,United Kingdom,1,455.0,5,600.0,355.2,0.592,0.72,1,0.4
12909.0,United Kingdom,1,615.0,8,243.5,387.89875,1.5930133470225873,165.0,120,0.625
12910.0,United Kingdom,1,599.0,13,279.38461538461536,445.8861538461539,1.5959581497797357,4.25,75,0.07692307692307693
12911.0,United Kingdom,1,1.0,1,820.0,1680.47,2.0493536585365852,39.95,220,0.0
12912.0,United Kingdom,1,39.0,5,134.0,332.46,2.4810447761194028,8.25,17,0.0
12913.0,United Kingdom,1,735.0,13,237.3846153846154,483.32615384615383,2.036046662346079,15.0,52,0.0
12914.0,United Kingdom,1,1.0,1,336.0,223.98,0.6666071428571428,3.75,9,0.0
12915.0,United Kingdom,1,442.0,4,102.75,243.775,2.372506082725061,12.75,46,1.0
12916.0,United Kingdom,1,547.0,7,253.42857142857142,664.86,2.623461104847802,16.95,82,0.14285714285714285
12917.0,United Kingdom,1,603.0,6,184.0,726.5333333333333,3.948550724637681,10.95,45,0.3333333333333333
12918.0,United Kingdom,1,1.0,1,1.0,10953.5,10953.5,10953.5,1,2.0
12919.0,United Kingdom,1,162.0,6,112.16666666666667,222.53166666666667,1.9839375928677565,9.95,34,0.3333333333333333
12920.0,United Kingdom,1,709.0,4,105.25,122.02250000000001,1.1593586698337293,16.95,59,0.0
12921.0,United Kingdom,1,730.0,74,288.2162162162162,476.12486486486483,1.6519711177794447,12.75,322,0.3918918918918919
12922.0,United Kingdom,1,1.0,1,370.0,405.38,1.0956216216216217,5.45,28,0.0
12923.0,United Kingdom,1,512.0,3,79.0,263.29,3.3327848101265825,12.75,54,0.0
12924.0,United Kingdom,1,643.0,12,118.58333333333333,205.78333333333333,1.7353478566408995,12.75,56,0.16666666666666666
12925.0,United Kingdom,1,589.0,3,216.33333333333334,243.10999999999999,1.1237750385208012,15.0,46,0.0
12926.0,United Kingdom,1,315.0,4,191.5,387.115,2.0214882506527414,19.95,202,0.0
12927.0,United Kingdom,1,1.0,1,145.0,197.31,1.3607586206896551,16.95,11,0.0
12928.0,United Kingdom,1,515.0,12,241.58333333333334,358.74083333333334,1.4849568816833392,5.75,94,0.0
12929.0,United Kingdom,1,1.0,1,37.0,117.85,3.185135135135135,14.95,8,1.0
12930.0,United Kingdom,1,94.0,2,126.0,207.9,1.6500000000000001,12.75,20,1.0
12931.0,United Kingdom,1,718.0,57,1103.6140350877192,1620.1287719298246,1.4680211744507679,9.95,37,0.24561403508771928
12932.0,United Kingdom,1,129.0,8,201.125,212.32,1.0556619018023616,7.49,69,0.0
12933.0,United Kingdom,1,706.0,8,119.875,210.87875,1.759155370177268,16.95,227,0.375
12934.0,United Kingdom,1,1.0,1,31.0,181.65,5.859677419354839,79.95,2,0.0
12935.0,United Kingdom,1,606.0,15,213.4,282.924,1.3257919400187441,9.95,113,0.26666666666666666
12936.0,United Kingdom,1,62.0,4,139.75,265.975,1.9032200357781754,6.25,56,0.25
12937.0,United Kingdom,1,722.0,9,220.33333333333334,344.1788888888889,1.56208270297529,12.75,128,0.0
12938.0,United Kingdom,1,1.0,1,140.0,114.14,0.8152857142857143,2.95,9,0.0
12939.0,United Kingdom,1,633.0,20,516.4,1263.24,2.446243222308288,4.25,24,0.0
12940.0,United Kingdom,1,34.0,2,205.5,456.77,2.2227250608272504,19.95,87,1.0
12941.0,United Kingdom,1,1.0,1,381.0,377.49,0.9907874015748032,5.95,27,0.0
12942.0,United Kingdom,1,235.0,3,67.66666666666667,227.96666666666667,3.3689655172413793,16.95,68,0.0
12943.0,United Kingdom,1,48.0,2,111.0,248.25,2.2364864864864864,19.95,22,1.0
12944.0,United Kingdom,1,320.0,2,144.5,302.255,2.091730103806228,12.5,29,0.0
12945.0,United Kingdom,1,369.0,2,223.0,450.055,2.018183856502242,12.75,47,0.0
12946.0,United Kingdom,1,1.0,1,149.0,324.45,2.17751677852349,12.75,20,0.0
12947.0,United Kingdom,1,231.0,6,194.16666666666666,267.33166666666665,1.3768154506437769,65.0,83,0.8333333333333334
12948.0,United Kingdom,1,722.0,9,144.88888888888889,257.4922222222222,1.7771702453987728,12.75,89,0.1111111111111111
12949.0,United Kingdom,1,707.0,22,374.22727272727275,705.7590909090909,1.88591036074335,16.95,347,0.2727272727272727
12950.0,United Kingdom,1,23.0,3,460.0,614.3333333333334,1.3355072463768116,2.08,13,0.0
12951.0,United Kingdom,1,691.0,15,110.8,214.24800000000002,1.9336462093862818,16.95,110,0.3333333333333333
12952.0,United Kingdom,1,74.0,4,163.25,346.9475,2.125252679938744,16.95,64,0.25
12953.0,United Kingdom,1,514.0,2,182.0,414.40500000000003,2.2769505494505498,25.0,45,0.0
12954.0,United Kingdom,1,1.0,1,83.0,162.45,1.9572289156626506,12.75,10,0.0
12955.0,United Kingdom,1,267.0,11,333.09090909090907,432.4690909090909,1.2983515283842795,9.95,81,0.2727272727272727
12956.0,United Kingdom,1,419.0,4,85.0,130.4725,1.534970588235294,16.95,42,0.0
12957.0,United Kingdom,1,720.0,13,360.46153846153845,669.766923076923,1.8580815194195475,19.95,402,0.6153846153846154
12958.0,United Kingdom,1,184.0,2,65.5,269.745,4.11824427480916,12.75,45,0.0
12959.0,United Kingdom,1,1.0,1,109.0,150.95,1.3848623853211008,15.95,8,1.0
12960.0,United Kingdom,1,249.0,4,344.75,330.51750000000004,0.958716461203771,7.49,49,0.0
12961.0,United Kingdom,1,1.0,1,180.0,211.99,1.1777222222222223,3.75,37,0.0
12962.0,United Kingdom,1,107.0,2,64.5,133.195,2.0650387596899225,12.75,15,0.0
12963.0,United Kingdom,1,512.0,12,136.41666666666666,269.64916666666664,1.976658521686011,12.75,129,0.16666666666666666
12964.0,United Kingdom,1,1.0,1,56.0,132.24,2.3614285714285717,7.95,26,0.0
12965.0,United Kingdom,1,1.0,1,283.0,771.91,2.727597173144876,12.75,108,0.0
12966.0,United Kingdom,1,1.0,1,75.0,160.18,2.1357333333333335,12.5,10,0.0
12967.0,United Kingdom,1,26.0,3,304.0,979.5066666666667,3.222061403508772,29.95,47,0.6666666666666666
12968.0,United Kingdom,1,1.0,1,73.0,135.95,1.8623287671232875,9.95,5,0.0
12969.0,United Kingdom,1,1.0,1,55.0,122.45,2.2263636363636365,12.75,5,0.0
12970.0,United Kingdom,1,729.0,10,101.4,152.497,1.5039151873767258,12.75,280,0.0
12971.0,United Kingdom,1,722.0,116,123.32758620689656,135.3844827586207,1.0977631762896687,35.95,102,0.034482758620689655
12972.0,United Kingdom,1,249.0,4,211.0,290.3,1.375829383886256,16.95,69,0.5
12973.0,United Kingdom,1,1.0,1,31.0,385.55,12.437096774193549,145.0,6,0.0
12974.0,United Kingdom,1,369.0,2,52.0,204.475,3.932211538461538,19.95,27,0.0
12975.0,United Kingdom,1,298.0,6,151.83333333333334,350.01500000000004,2.305257958287596,29.95,92,0.3333333333333333
12976.0,United Kingdom,1,455.0,8,335.5,394.5475,1.1759985096870342,12.75,106,0.0
12977.0,United Kingdom,1,356.0,4,32.75,129.4075,3.9513740458015265,125.0,54,0.0
12978.0,United Kingdom,1,345.0,5,278.8,500.564,1.795423242467719,12.75,126,0.2
12979.0,United Arab Emirates,1,1.0,1,520.0,517.7,0.9955769230769231,18.95,56,1.0
12980.0,United Kingdom,1,581.0,21,90.95238095238095,773.6085714285715,8.505643979057592,34.95,7,0.23809523809523808
12981.0,United Kingdom,1,105.0,2,121.0,186.10999999999999,1.5380991735537188,2.89,12,0.0
12982.0,United Kingdom,1,365.0,8,216.125,343.10125,1.587513013302487,16.95,139,1.125
12983.0,United Kingdom,1,1.0,1,638.0,490.08000000000004,0.7681504702194358,2.95,30,0.0
12984.0,United Kingdom,1,1.0,1,26.0,97.5,3.75,4.95,4,0.0
12985.0,United Kingdom,1,29.0,2,766.5,619.69,0.8084670580560992,7.65,73,0.5
12986.0,United Kingdom,1,260.0,10,116.4,272.98400000000004,2.3452233676975944,12.75,61,0.2
12987.0,United Kingdom,1,616.0,5,117.0,262.442,2.243094017094017,49.95,61,0.2
12988.0,United Kingdom,1,1.0,1,136.0,535.32,3.9361764705882356,12.75,75,0.0
12989.0,United Kingdom,1,727.0,33,210.15151515151516,410.65909090909093,1.954109589041096,12.75,50,0.18181818181818182
12990.0,United Kingdom,1,589.0,7,68.57142857142857,136.5,1.990625,2.08,9,0.0
12991.0,United Kingdom,1,367.0,3,161.0,254.94000000000003,1.5834782608695652,39.95,45,0.0
12992.0,United Kingdom,1,1.0,1,21.0,93.35000000000001,4.445238095238095,5.95,6,0.0
12993.0,United Kingdom,1,637.0,8,93.875,157.45374999999999,1.677270306258322,8.95,57,0.25
12994.0,United Kingdom,1,265.0,3,153.0,324.8066666666667,2.1229193899782133,12.75,52,0.6666666666666666
12995.0,United Kingdom,1,1.0,1,108.0,211.32,1.9566666666666666,3.75,3,1.0
12996.0,United Kingdom,1,1.0,1,122.0,355.5,2.9139344262295084,14.95,22,0.0
12997.0,United Kingdom,1,591.0,8,148.25,263.86375,1.779856661045531,20.8,65,1.0
12998.0,United Kingdom,1,162.0,3,374.6666666666667,306.6933333333333,0.8185765124555161,6.95,58,0.3333333333333333
12999.0,United Kingdom,1,50.0,3,114.0,151.96,1.332982456140351,12.75,25,0.0
13000.0,United Kingdom,1,620.0,4,137.0,258.125,1.8841240875912408,10.95,57,0.25
13001.0,United Kingdom,1,733.0,33,410.27272727272725,732.4878787878788,1.7853681955831304,10.65,300,0.12121212121212122
13002.0,United Kingdom,1,117.0,3,67.0,138.04333333333332,2.0603482587064677,9.95,19,0.0
13003.0,United Kingdom,1,110.0,3,34.333333333333336,49.68333333333334,1.4470873786407767,5.95,4,0.0
13004.0,United Kingdom,1,714.0,36,243.55555555555554,323.63472222222225,1.3287921989051095,14.95,417,0.2777777777777778
13005.0,United Kingdom,1,285.0,4,115.5,249.92,2.163809523809524,12.75,41,0.5
13006.0,United Kingdom,1,1.0,1,55.0,81.57,1.483090909090909,12.75,4,0.0
13007.0,United Kingdom,1,1.0,1,59.0,175.25,2.9703389830508473,12.75,11,0.0
13008.0,United Kingdom,1,401.0,3,126.33333333333333,204.04333333333332,1.6151187335092347,5.95,31,1.3333333333333333
13009.0,United Kingdom,1,1.0,1,120.0,234.0,1.95,1.95,4,0.0
13010.0,United Kingdom,1,275.0,2,161.5,165.06,1.0220433436532508,7.49,10,0.0
13011.0,United Kingdom,1,1.0,1,13.0,50.550000000000004,3.888461538461539,5.95,3,0.0
13012.0,United Kingdom,1,584.0,11,142.0909090909091,270.2572727272727,1.902002559181062,12.75,95,0.36363636363636365
13013.0,United Kingdom,1,725.0,29,195.20689655172413,382.67,1.9603303303303303,16.95,289,0.06896551724137931
13014.0,United Kingdom,1,423.0,11,180.0909090909091,489.1890909090909,2.7163452801615344,12.75,140,0.6363636363636364
13015.0,United Kingdom,1,551.0,11,321.3636363636364,598.7654545454545,1.8632022630834513,295.0,260,0.2727272727272727
13016.0,United Kingdom,1,51.0,3,175.66666666666666,263.2966666666667,1.498842504743833,16.95,39,0.0
13017.0,United Kingdom,1,1.0,1,48.0,204.0,4.25,4.25,1,0.0
13018.0,United Kingdom,1,633.0,35,192.74285714285713,278.9474285714286,1.4472517047139044,125.0,401,0.05714285714285714
13019.0,United Kingdom,1,355.0,6,66.16666666666667,204.99166666666667,3.098110831234257,12.75,46,0.3333333333333333
13020.0,United Kingdom,1,98.0,2,139.0,309.48,2.226474820143885,8.5,38,1.5
13021.0,United Kingdom,1,731.0,17,149.76470588235293,287.48470588235296,1.9195758051846032,29.95,166,0.4117647058823529
13022.0,Belgium,1,1.0,1,35.0,65.3,1.8657142857142857,15.0,5,0.0
13023.0,United Kingdom,1,465.0,3,195.0,483.01,2.476974358974359,18.95,69,0.0
13024.0,United Kingdom,1,113.0,2,90.5,277.935,3.0711049723756907,16.95,26,0.5
13025.0,United Kingdom,1,1.0,1,241.0,323.39,1.3418672199170123,4.95,13,0.0
13026.0,United Kingdom,1,726.0,9,274.0,192.56444444444443,0.7027899432278994,3.75,52,0.4444444444444444
13027.0,United Kingdom,1,576.0,19,2267.3684210526317,912.3789473684211,0.4023955431754875,0.42,7,0.21052631578947367
13028.0,United Kingdom,1,24.0,2,399.0,330.65999999999997,0.8287218045112781,2.08,40,0.5
13029.0,United Kingdom,1,494.0,5,38.8,385.46,9.934536082474226,24.95,13,0.0
13030.0,United Kingdom,1,358.0,2,197.0,399.74,2.0291370558375634,19.95,76,0.0
13031.0,United Kingdom,1,148.0,5,479.8,683.854,1.4252897040433514,14.95,275,0.0
13032.0,United Kingdom,1,409.0,9,142.33333333333334,315.95000000000005,2.2197892271662765,19.95,147,0.2222222222222222
13033.0,United Kingdom,1,73.0,2,49.0,110.275,2.2505102040816327,5.95,12,0.0
13034.0,United Kingdom,1,348.0,3,135.33333333333334,252.27333333333334,1.864088669950739,14.95,42,0.0
13035.0,United Kingdom,1,359.0,3,308.6666666666667,454.73333333333335,1.4732181425485962,4.25,27,0.3333333333333333
13036.0,United Kingdom,1,1.0,1,38.0,307.1,8.081578947368422,12.75,6,0.0
13037.0,United Kingdom,1,599.0,12,177.5,326.24583333333334,1.838004694835681,19.95,181,0.3333333333333333
13038.0,United Kingdom,1,211.0,3,120.0,302.82,2.5235000000000003,8.5,24,0.0
13039.0,United Kingdom,1,139.0,4,72.5,252.6825,3.4852758620689657,12.75,37,0.0
13040.0,United Kingdom,1,26.0,2,177.5,338.495,1.9070140845070422,6.25,38,0.0
13041.0,United Kingdom,1,140.0,4,83.75,199.7825,2.385462686567164,7.49,23,0.0
13042.0,United Kingdom,1,135.0,3,276.6666666666667,518.8466666666667,1.8753493975903615,19.95,164,0.3333333333333333
13043.0,United Kingdom,1,1.0,1,254.0,516.42,2.0331496062992125,14.95,13,1.0
13044.0,United Kingdom,1,410.0,11,232.0909090909091,441.26363636363635,1.9012534273403838,18.95,356,0.18181818181818182
13045.0,United Kingdom,1,388.0,3,135.0,269.64,1.9973333333333332,9.95,41,0.0
13046.0,United Kingdom,1,427.0,3,168.33333333333334,316.4166666666667,1.8797029702970296,85.0,50,0.0
13047.0,United Kingdom,1,693.0,24,139.375,351.18875,2.5197399103139015,16.95,191,0.75
13048.0,United Kingdom,1,668.0,9,300.55555555555554,453.80111111111114,1.5098743068391867,8.5,125,0.4444444444444444
13049.0,United Kingdom,1,338.0,4,155.0,352.06,2.2713548387096774,12.75,19,0.25
13050.0,United Kingdom,1,711.0,35,200.68571428571428,343.32914285714287,1.7107801822323463,92.03,513,0.6285714285714286
13051.0,United Kingdom,1,42.0,2,36.0,77.9,2.163888888888889,8.5,4,0.0
13052.0,United Kingdom,1,443.0,7,207.71428571428572,452.6471428571429,2.1791815680880333,19.95,161,0.0
13053.0,United Kingdom,1,1.0,1,47.0,127.65,2.7159574468085106,8.5,17,0.0
13055.0,United Kingdom,1,352.0,4,455.25,580.2775,1.2746348160351455,12.75,145,0.5
13056.0,United Kingdom,1,1.0,1,158.0,209.48,1.3258227848101265,16.95,18,0.0
13057.0,United Kingdom,1,102.0,3,155.33333333333334,240.6966666666667,1.5495493562231761,10.65,34,0.3333333333333333
13058.0,United Kingdom,1,128.0,3,17.333333333333332,90.46666666666665,5.2192307692307685,9.95,5,0.0
13059.0,United Kingdom,1,370.0,10,86.4,230.317,2.6657060185185184,14.95,155,0.2
13060.0,United Kingdom,1,1.0,1,123.0,307.53,2.500243902439024,7.95,15,0.0
13061.0,United Kingdom,1,1.0,1,107.0,248.61,2.323457943925234,8.25,10,0.0
13062.0,United Kingdom,1,1.0,1,343.0,346.98,1.0116034985422742,15.0,11,0.0
13063.0,United Kingdom,1,1.0,1,116.0,188.4,1.6241379310344828,5.95,12,0.0
13064.0,United Kingdom,1,580.0,6,111.66666666666667,280.12333333333333,2.5085671641791043,125.0,58,0.0
13065.0,United Kingdom,1,175.0,5,76.2,211.01,2.7691601049868764,12.75,49,0.2
13066.0,United Kingdom,1,9.0,2,161.0,235.4,1.462111801242236,19.95,48,0.5
13067.0,United Kingdom,1,365.0,3,43.666666666666664,169.50333333333333,3.8817557251908394,9.95,24,0.0
13068.0,United Kingdom,1,310.0,2,100.0,172.0,1.72,1.79,1,0.0
13069.0,United Kingdom,1,544.0,38,400.55263157894734,246.06921052631577,0.6143242888115104,19.95,573,0.10526315789473684
13070.0,United Kingdom,1,541.0,4,93.0,187.925,2.020698924731183,2.95,12,0.25
13071.0,United Kingdom,1,1.0,1,30.0,129.22,4.307333333333333,12.75,12,0.0
13072.0,United Kingdom,1,1.0,1,69.0,177.15,2.5673913043478263,4.95,7,0.0
13073.0,United Kingdom,1,27.0,2,130.5,209.04,1.60183908045977,16.95,25,0.0
13074.0,United Kingdom,1,213.0,4,206.5,344.685,1.669176755447942,10.75,26,0.25
13075.0,United Kingdom,1,1.0,1,485.0,919.61,1.8961030927835052,4.95,22,0.0
13076.0,United Kingdom,1,1.0,1,44.0,135.4,3.0772727272727276,5.95,9,0.0
13077.0,United Kingdom,1,728.0,11,225.63636363636363,250.08636363636367,1.1083601933924256,9.95,208,0.2727272727272727
13078.0,United Kingdom,1,736.0,57,211.08771929824562,509.0887719298246,2.4117403590425535,12.75,153,0.6666666666666666
13079.0,United Kingdom,1,414.0,6,26.333333333333332,69.86333333333333,2.6530379746835444,5.95,11,0.0
13080.0,United Kingdom,1,431.0,4,48.25,70.1825,1.454559585492228,9.95,17,0.25
13081.0,United Kingdom,1,721.0,28,1434.607142857143,2029.9417857142857,1.4149809554631683,15.95,738,0.5714285714285714
13082.0,United Kingdom,1,592.0,21,403.14285714285717,349.32142857142856,0.8664953933380581,16.95,99,0.19047619047619047
13083.0,United Kingdom,1,422.0,3,102.33333333333333,131.81,1.2880456026058633,16.95,19,0.0
13084.0,United Kingdom,1,1.0,1,144.0,122.39999999999999,0.85,0.85,2,1.0
13085.0,United Kingdom,1,582.0,8,118.0,304.16,2.577627118644068,8.5,50,0.25
13086.0,United Kingdom,1,1.0,1,155.0,439.33000000000004,2.834387096774194,9.95,47,0.0
13087.0,United Kingdom,1,1.0,1,86.0,313.64,3.6469767441860466,12.75,15,0.0
13088.0,United Kingdom,1,1.0,1,76.0,236.11,3.1067105263157897,12.75,19,0.0
13089.0,United Kingdom,1,736.0,203,290.7192118226601,559.1489655172414,1.923329944421852,39.95,857,0.21674876847290642
13090.0,United Kingdom,1,487.0,24,135.33333333333334,545.6120833333333,4.0316163793103446,79.95,163,0.25
13091.0,United Kingdom,1,702.0,3,446.3333333333333,773.94,1.7339955190440628,1213.02,41,1.0
13092.0,United Kingdom,1,598.0,12,55.333333333333336,178.35666666666668,3.2233132530120483,9.95,52,0.25
13093.0,United Kingdom,1,461.0,55,472.2,984.4409090909091,2.084796503792692,14.95,199,0.6
13094.0,United Kingdom,1,369.0,13,145.84615384615384,169.9569230769231,1.1653164556962026,2.95,5,0.3076923076923077
13095.0,United Kingdom,1,1.0,1,144.0,74.39999999999999,0.5166666666666666,1.45,6,0.0
13096.0,United Kingdom,1,1.0,1,6.0,419.70000000000005,69.95,69.95,1,0.0
13097.0,United Kingdom,1,707.0,28,192.71428571428572,478.18642857142856,2.4813232023721272,308.74,390,0.42857142857142855
13098.0,United Kingdom,1,317.0,28,570.2857142857143,1031.5157142857142,1.8087700400801603,14.95,156,0.4642857142857143
13099.0,United Kingdom,1,1.0,1,288.0,207.35999999999999,0.72,0.72,1,0.0
13101.0,United Kingdom,1,448.0,4,119.5,173.85,1.4548117154811715,12.75,48,0.0
13102.0,United Kingdom,1,582.0,37,172.05405405405406,307.57027027027027,1.7876374489475337,19.95,212,0.13513513513513514
13103.0,United Kingdom,1,539.0,3,142.0,236.54666666666665,1.6658215962441314,8.5,27,0.0
13104.0,United Kingdom,1,651.0,9,92.66666666666667,189.89999999999998,2.0492805755395684,4.95,15,0.0
13105.0,United Kingdom,1,1.0,1,100.0,72.0,0.72,0.72,1,0.0
13106.0,United Kingdom,1,281.0,2,115.5,301.73,2.6123809523809527,165.0,15,0.5
13107.0,United Kingdom,1,630.0,9,479.55555555555554,583.6744444444444,1.2171153846153846,12.75,142,0.6666666666666666
13108.0,United Kingdom,1,64.0,2,372.5,374.23,1.0046442953020134,8.5,27,0.0
13109.0,United Kingdom,1,493.0,3,252.33333333333334,378.01,1.4980581241743725,12.75,57,1.3333333333333333
13110.0,United Kingdom,1,708.0,12,63.583333333333336,246.45583333333335,3.8761074705111405,16.95,167,0.16666666666666666
13111.0,United Kingdom,1,1.0,1,180.0,321.88,1.7882222222222222,5.45,12,0.0
13112.0,United Kingdom,1,1.0,1,11.0,20.6,1.8727272727272728,2.1,2,2.0
13113.0,United Kingdom,1,622.0,37,120.13513513513513,493.31783783783777,4.106357705286839,12.75,166,0.6216216216216216
13114.0,United Kingdom,1,1.0,1,74.0,234.38,3.167297297297297,14.95,16,0.0
13115.0,United Kingdom,1,589.0,10,393.4,549.47,1.3967208947635994,39.95,178,1.3
13116.0,United Kingdom,1,1.0,1,291.0,501.14,1.72213058419244,15.95,30,1.0
13117.0,United Kingdom,1,603.0,18,102.88888888888889,125.31444444444443,1.2179589632829373,35.95,122,0.05555555555555555
13118.0,United Kingdom,1,421.0,9,92.66666666666667,268.37888888888887,2.8961750599520384,25.0,111,0.3333333333333333
13119.0,United Kingdom,1,1.0,1,110.0,134.9,1.2263636363636363,3.75,11,0.0
13120.0,United Kingdom,1,1.0,1,12.0,30.599999999999998,2.55,2.55,1,0.0
13121.0,United Kingdom,1,1.0,1,252.0,283.72999999999996,1.1259126984126984,8.25,50,1.0
13122.0,United Kingdom,1,147.0,2,292.5,461.195,1.5767350427350426,9.95,54,0.0
13123.0,United Kingdom,1,58.0,2,134.0,253.375,1.890858208955224,9.95,36,0.0
13124.0,United Kingdom,1,297.0,4,695.75,1195.6125,1.7184513115343154,35.95,216,0.0
13125.0,United Kingdom,1,1.0,1,54.0,158.57,2.9364814814814815,12.75,20,0.0
13126.0,United Kingdom,1,644.0,13,253.0,290.37,1.147707509881423,19.95,183,0.46153846153846156
13127.0,United Kingdom,1,1.0,1,127.0,259.17,2.040708661417323,5.45,15,0.0
13128.0,United Kingdom,1,1.0,1,31.0,263.5,8.5,8.5,1,0.0
13129.0,United Kingdom,1,78.0,2,148.0,116.625,0.7880067567567568,8.5,10,0.0
13130.0,United Kingdom,1,1.0,1,32.0,64.0,2.0,3.25,2,0.0
13131.0,United Kingdom,1,646.0,7,217.57142857142858,473.3957142857143,2.1758174655285623,9.95,107,0.14285714285714285
13132.0,United Kingdom,1,1.0,1,20.0,77.3,3.8649999999999998,8.5,3,0.0
13133.0,United Kingdom,1,187.0,3,18.333333333333332,66.81666666666668,3.644545454545455,12.75,12,0.0
13134.0,United Kingdom,1,332.0,6,227.33333333333334,412.53833333333336,1.8146847507331378,34.95,110,0.5
13135.0,United Kingdom,1,296.0,2,2211.5,1685.725,0.7622541261587158,18.95,18,0.0
13136.0,United Kingdom,1,676.0,13,239.15384615384616,482.65846153846155,2.0181923448054038,12.75,204,0.8461538461538461
13137.0,United Kingdom,1,493.0,16,268.375,482.04375,1.7961574289706568,16.95,628,0.0625
13138.0,United Kingdom,1,375.0,7,84.71428571428571,182.00142857142856,2.1484148397976393,12.75,41,0.14285714285714285
13139.0,United Kingdom,1,422.0,8,576.75,1025.3725,1.777845687039445,14.95,214,0.125
13140.0,United Kingdom,1,384.0,5,114.6,211.234,1.8432286212914486,24.95,89,0.0
13141.0,United Kingdom,1,647.0,17,304.05882352941177,451.09294117647056,1.4835712903849874,16.95,285,0.23529411764705882
13142.0,United Kingdom,1,1.0,1,258.0,307.09,1.1902713178294573,9.95,23,0.0
13143.0,United Kingdom,1,1.0,1,198.0,405.1,2.045959595959596,8.5,23,1.0
13144.0,United Kingdom,1,100.0,2,14.5,67.675,4.667241379310345,12.75,6,0.0
13145.0,United Kingdom,1,561.0,7,37.857142857142854,161.21714285714285,4.258566037735849,295.0,5,0.14285714285714285
13146.0,United Kingdom,1,1.0,1,154.0,228.91,1.4864285714285714,4.25,16,0.0
13147.0,United Kingdom,1,90.0,4,36.0,178.20000000000002,4.95,4.95,1,0.0
13148.0,United Kingdom,1,704.0,26,175.80769230769232,331.6080769230769,1.8861977685408007,19.95,451,0.38461538461538464
13149.0,United Kingdom,1,276.0,4,320.0,419.015,1.309421875,12.75,76,0.0
13150.0,United Kingdom,1,147.0,3,57.0,149.98999999999998,2.6314035087719296,14.95,7,0.3333333333333333
13151.0,United Kingdom,1,333.0,3,277.3333333333333,860.2466666666668,3.101850961538462,24.95,131,0.6666666666666666
13152.0,United Kingdom,1,278.0,7,139.57142857142858,306.6257142857143,2.196908904810645,39.95,114,0.2857142857142857
13153.0,United Kingdom,1,1.0,1,418.0,486.22,1.1632057416267942,2.95,15,0.0
13154.0,United Kingdom,1,337.0,3,325.3333333333333,541.6133333333333,1.664795081967213,12.75,78,0.6666666666666666
13155.0,United Kingdom,1,459.0,6,123.5,228.41333333333333,1.8495006747638327,14.95,79,0.0
13156.0,United Kingdom,1,292.0,3,304.6666666666667,528.8466666666667,1.73582056892779,19.95,94,0.0
13157.0,United Kingdom,1,593.0,9,529.1111111111111,631.9288888888889,1.1943217135657287,12.75,173,0.1111111111111111
13158.0,United Kingdom,1,295.0,5,198.4,301.636,1.520342741935484,6.75,70,0.0
13159.0,United Kingdom,1,108.0,4,264.75,359.4625,1.3577431539187912,12.75,114,0.25
13160.0,United Kingdom,1,1.0,1,56.0,91.8,1.6392857142857142,7.95,4,0.0
13161.0,United Kingdom,1,188.0,2,53.0,239.44,4.517735849056604,12.75,30,0.0
13162.0,United Kingdom,1,614.0,16,359.6875,579.718125,1.6117271937445699,12.75,186,0.1875
13163.0,United Kingdom,1,1.0,1,3.0,17.65,5.883333333333333,6.95,2,1.0
13164.0,United Kingdom,1,99.0,2,60.0,186.1,3.1016666666666666,12.75,7,0.5
13165.0,United Kingdom,1,368.0,3,578.6666666666666,483.72,0.8359216589861752,2.55,47,0.0
13166.0,United Kingdom,1,132.0,2,263.5,442.09,1.6777609108159393,12.75,55,0.5
13167.0,United Kingdom,1,373.0,5,201.4,225.03000000000003,1.1173286991062563,12.75,64,0.0
13168.0,United Kingdom,1,507.0,5,182.4,375.062,2.0562609649122807,12.75,127,0.2
13169.0,United Kingdom,1,500.0,3,98.66666666666667,280.0266666666667,2.8381081081081083,12.75,16,0.0
13170.0,United Kingdom,1,1.0,1,147.0,116.00999999999999,0.7891836734693877,6.75,29,0.0
13171.0,United Kingdom,1,279.0,3,76.33333333333333,156.13666666666666,2.0454585152838427,25.0,37,0.6666666666666666
13172.0,United Kingdom,1,1.0,1,48.0,69.6,1.45,1.45,1,0.0
13173.0,United Kingdom,1,726.0,11,136.9090909090909,224.85545454545453,1.6423705179282868,30.0,160,0.18181818181818182
13174.0,United Kingdom,1,720.0,12,320.0833333333333,673.2391666666666,2.1033246550377505,49.95,602,0.0
13175.0,United Kingdom,1,154.0,2,211.5,415.725,1.9656028368794327,39.95,40,1.0
13176.0,United Kingdom,1,1.0,1,453.0,492.84,1.0879470198675496,16.95,66,0.0
13177.0,United Kingdom,1,367.0,2,90.0,256.1,2.845555555555556,5.95,23,0.0
13178.0,United Kingdom,1,698.0,21,418.0,669.4852380952382,1.601639325586694,10.95,194,0.19047619047619047
13179.0,United Kingdom,1,1.0,1,368.0,572.3100000000001,1.5551902173913046,4.95,34,0.0
13180.0,United Kingdom,1,1.0,1,42.0,86.1,2.05,7.95,4,0.0
13181.0,United Kingdom,1,1.0,1,171.0,359.69,2.103450292397661,6.75,19,0.0
13182.0,United Kingdom,1,1.0,1,201.0,121.18,0.6028855721393035,1.25,11,0.0
13183.0,United Kingdom,1,629.0,15,268.46666666666664,469.07866666666666,1.7472510553762106,8.5,64,0.2
13184.0,United Kingdom,1,277.0,10,169.2,170.129,1.0054905437352246,9.95,138,0.2
13185.0,United Kingdom,1,1.0,1,12.0,71.4,5.95,5.95,1,0.0
13186.0,United Kingdom,1,90.0,3,273.3333333333333,525.2966666666667,1.9218170731707318,9.95,69,0.6666666666666666
13187.0,United Kingdom,1,288.0,4,93.75,91.7525,0.9786933333333333,12.75,51,0.25
13188.0,United Kingdom,1,1.0,1,25.0,114.60000000000001,4.5840000000000005,15.0,2,0.0
13189.0,United Kingdom,1,98.0,2,421.0,130.34,0.3095961995249406,1.25,29,0.0
13190.0,United Kingdom,1,189.0,3,102.66666666666667,190.22,1.8527922077922077,25.95,16,0.3333333333333333
13191.0,United Kingdom,1,1.0,1,115.0,164.69,1.4320869565217391,8.5,58,0.0
13192.0,United Kingdom,1,592.0,6,271.5,426.43,1.570644567219153,19.95,135,0.3333333333333333
13193.0,United Kingdom,1,1.0,1,50.0,117.88,2.3575999999999997,16.95,22,0.0
13194.0,United Kingdom,1,287.0,2,163.0,236.39,1.450245398773006,8.5,10,0.0
13195.0,United Kingdom,1,1.0,1,83.0,172.38,2.076867469879518,9.95,43,0.0
13196.0,United Kingdom,1,607.0,7,286.57142857142856,438.4057142857143,1.5298305084745762,39.95,141,0.14285714285714285
13197.0,United Kingdom,1,1.0,1,204.0,373.01000000000005,1.828480392156863,39.95,19,0.0
13198.0,United Kingdom,1,425.0,8,431.125,621.7787500000001,1.4422238329950712,39.95,265,0.5
13199.0,United Kingdom,1,732.0,67,172.6417910447761,238.27179104477614,1.3801512924699577,15.0,61,0.029850746268656716
13200.0,United Kingdom,1,108.0,4,129.0,217.5225,1.6862209302325581,12.75,42,0.0
13201.0,United Kingdom,1,141.0,4,259.75,310.15250000000003,1.1940423484119347,12.75,65,0.0
13202.0,United Kingdom,1,337.0,7,81.71428571428571,225.75714285714284,2.762762237762238,45.95,55,0.14285714285714285
13203.0,United Kingdom,1,714.0,10,241.3,264.825,1.0974927476170742,39.95,158,0.1
13204.0,United Kingdom,1,1.0,1,428.0,966.6600000000001,2.258551401869159,21.95,57,0.0
13205.0,United Kingdom,1,1.0,1,256.0,2803.2,10.95,10.95,1,0.0
13206.0,United Kingdom,1,333.0,13,550.3846153846154,644.4092307692307,1.1708343815513627,15.95,393,0.15384615384615385
13207.0,United Kingdom,1,598.0,4,44.5,133.965,3.0104494382022473,5.95,10,0.0
13208.0,United Kingdom,1,679.0,9,149.44444444444446,220.94444444444446,1.4784386617100371,12.75,198,0.1111111111111111
13209.0,United Kingdom,1,655.0,13,444.6923076923077,654.5776923076924,1.4719788963847085,16.95,284,0.23076923076923078
13210.0,United Kingdom,1,1.0,1,316.0,353.48,1.118607594936709,4.25,22,0.0
13211.0,United Kingdom,1,724.0,10,189.0,272.932,1.444084656084656,9.95,98,0.2
13212.0,United Kingdom,1,43.0,3,103.33333333333333,262.6933333333333,2.5421935483870968,25.0,128,0.3333333333333333
13213.0,United Kingdom,1,513.0,11,269.27272727272725,350.1381818181818,1.3003106009453071,24.95,181,0.2727272727272727
13214.0,United Kingdom,1,230.0,7,423.7142857142857,466.31857142857143,1.1005495616992582,14.95,207,0.0
13215.0,United Kingdom,1,1.0,1,96.0,81.6,0.85,0.85,1,0.0
13216.0,United Kingdom,1,1.0,1,297.0,333.74,1.1237037037037036,2.1,5,0.0
13217.0,United Kingdom,1,534.0,4,128.0,166.62,1.30171875,3.29,3,0.5
13218.0,United Kingdom,1,1.0,1,88.0,62.63999999999999,0.7118181818181818,1.65,5,0.0
13219.0,United Kingdom,1,1.0,1,11.0,76.23,6.930000000000001,7.49,11,0.0
13220.0,United Kingdom,1,498.0,5,79.2,267.218,3.3739646464646467,12.75,46,0.0
13221.0,United Kingdom,1,120.0,2,122.0,423.705,3.4729918032786884,14.95,62,0.0
13222.0,United Kingdom,1,1.0,1,30.0,88.5,2.95,2.95,1,0.0
13223.0,United Kingdom,1,466.0,6,94.66666666666667,161.52,1.7061971830985918,3.75,8,0.0
13224.0,United Kingdom,1,92.0,2,759.0,1077.975,1.4202569169960473,8.5,101,0.5
13225.0,United Kingdom,1,720.0,16,462.5625,1016.254375,2.1970098635319553,6.75,60,0.0625
13226.0,United Kingdom,1,121.0,2,89.5,156.23,1.7455865921787708,12.75,28,0.0
13227.0,United Kingdom,1,1.0,1,99.0,257.7,2.603030303030303,6.75,9,0.0
13228.0,United Kingdom,1,1.0,1,200.0,358.0,1.79,1.79,2,0.0
13229.0,United Kingdom,1,1.0,1,63.0,160.95,2.5547619047619046,10.95,10,0.0
13230.0,United Kingdom,1,628.0,30,120.06666666666666,208.911,1.7399583564686285,19.95,653,0.03333333333333333
13232.0,United Kingdom,1,232.0,7,111.14285714285714,193.94285714285712,1.7449871465295628,16.95,147,0.0
13233.0,United Kingdom,1,621.0,4,401.0,294.115,0.7334538653366584,12.75,74,0.0
13234.0,United Kingdom,1,61.0,2,81.0,178.475,2.203395061728395,12.75,56,0.0
13235.0,United Kingdom,1,1.0,1,441.0,1031.07,2.3380272108843534,16.95,53,1.0
13236.0,United Kingdom,1,83.0,2,208.0,372.425,1.7905048076923078,15.95,34,0.5
13237.0,United Kingdom,1,1.0,1,128.0,643.0,5.0234375,9.95,24,0.0
13238.0,United Kingdom,1,574.0,6,73.66666666666667,167.77166666666668,2.2774434389140272,25.0,24,0.16666666666666666
13239.0,United Kingdom,1,242.0,5,237.4,318.938,1.3434625105307498,14.95,87,0.2
13240.0,United Kingdom,1,557.0,8,91.0,189.30625,2.0802884615384616,14.95,160,0.125
13241.0,United Kingdom,1,1.0,1,48.0,115.58,2.4079166666666665,8.5,40,0.0
13242.0,United Kingdom,1,557.0,7,50.0,99.91428571428571,1.9982857142857142,2.08,19,0.0
13243.0,United Kingdom,1,429.0,5,115.8,255.608,2.2073229706390327,14.95,165,0.0
13244.0,United Kingdom,1,1.0,1,38.0,121.74,3.2036842105263155,9.95,27,0.0
13245.0,United Kingdom,1,383.0,2,185.5,494.61,2.6663611859838277,12.75,43,0.0
13246.0,United Kingdom,1,508.0,11,255.9090909090909,307.9481818181818,1.2033499111900532,12.5,229,0.2727272727272727
13247.0,United Kingdom,1,66.0,4,82.0,125.28,1.5278048780487805,4.95,18,0.0
13248.0,United Kingdom,1,66.0,2,152.5,232.84,1.5268196721311476,12.75,25,0.0
13249.0,United Kingdom,1,593.0,9,138.44444444444446,178.77,1.2912760834670947,12.5,21,0.0
13250.0,United Kingdom,1,43.0,2,54.0,128.02,2.370740740740741,4.95,17,0.5
13251.0,United Kingdom,1,1.0,1,215.0,252.68,1.1752558139534883,4.25,25,0.0
13252.0,United Kingdom,1,232.0,2,67.0,199.65,2.979850746268657,16.95,19,0.5
13253.0,United Kingdom,1,548.0,4,753.75,737.7775,0.9788092868988392,12.75,73,0.0
13254.0,United Kingdom,1,1.0,1,43.0,51.410000000000004,1.1955813953488372,6.45,4,0.0
13255.0,United Kingdom,1,504.0,3,135.66666666666666,226.25333333333333,1.6677149877149877,14.95,26,0.3333333333333333
13256.0,United Kingdom,1,1.0,1,12540.0,0.0,0.0,0.0,1,0.0
13257.0,United Kingdom,1,1.0,1,33.0,149.75,4.537878787878788,16.95,7,2.0
13258.0,United Kingdom,1,390.0,5,90.2,207.036,2.29529933481153,8.25,29,0.0
13259.0,United Kingdom,1,638.0,9,57.44444444444444,159.26444444444445,2.772495164410058,14.95,234,0.0
13260.0,United Kingdom,1,1.0,1,142.0,557.62,3.9269014084507043,10.95,8,0.0
13261.0,United Kingdom,1,18.0,2,105.0,472.05,4.4957142857142856,8.5,8,0.0
13262.0,United Kingdom,1,338.0,3,82.33333333333333,191.15,2.3216599190283405,12.75,48,0.0
13263.0,United Kingdom,1,413.0,39,138.2051282051282,223.1971794871795,1.614970315398887,16.95,507,0.0
13264.0,United Kingdom,1,1.0,1,375.0,722.56,1.9268266666666665,16.95,38,0.0
13265.0,United Kingdom,1,221.0,5,350.4,421.532,1.2030022831050227,16.95,66,0.0
13266.0,United Kingdom,1,712.0,19,359.8421052631579,322.89684210526315,0.8973292379698699,39.95,154,0.5789473684210527
13267.0,United Kingdom,1,731.0,36,109.97222222222223,261.93916666666667,2.381866632988128,19.95,152,0.3888888888888889
13268.0,United Kingdom,1,251.0,11,332.54545454545456,292.24454545454546,0.8788108255877529,39.95,257,0.36363636363636365
13269.0,United Kingdom,1,737.0,28,227.39285714285714,305.00964285714286,1.3413334380398934,12.75,238,0.07142857142857142
13270.0,United Kingdom,1,1.0,1,200.0,590.0,2.95,2.95,1,0.0
13271.0,United Kingdom,1,1.0,1,253.0,217.38,0.8592094861660079,5.95,79,1.0
13272.0,United Kingdom,1,59.0,2,48.0,138.28,2.8808333333333334,12.75,15,0.0
13273.0,United Kingdom,1,1.0,1,153.0,138.98,0.9083660130718954,4.15,16,0.0
13274.0,United Kingdom,1,1.0,1,199.0,360.85,1.813316582914573,12.75,19,0.0
13275.0,United Kingdom,1,250.0,2,70.0,120.83,1.7261428571428572,14.95,48,0.0
13276.0,United Kingdom,1,580.0,5,171.0,387.852,2.268140350877193,35.95,209,0.4
13277.0,United Kingdom,1,525.0,7,54.57142857142857,74.75714285714285,1.369895287958115,1.65,10,0.0
13278.0,United Kingdom,1,571.0,4,339.5,358.9625,1.0573269513991164,14.95,80,0.25
13279.0,United Kingdom,1,1.0,1,73.0,137.75,1.8869863013698631,4.95,9,1.0
13280.0,United Kingdom,1,523.0,7,213.57142857142858,331.80428571428575,1.5535986622073579,16.95,159,0.14285714285714285
13281.0,United Kingdom,1,1.0,1,201.0,350.85,1.7455223880597015,5.95,22,2.0
13282.0,United Kingdom,1,389.0,4,102.5,328.2975,3.2029024390243905,14.95,42,0.75
13283.0,United Kingdom,1,582.0,4,51.0,93.34,1.8301960784313727,10.65,19,0.0
13284.0,United Kingdom,1,1.0,1,91.0,201.19,2.2108791208791208,12.75,13,1.0
13285.0,United Kingdom,1,602.0,6,409.5,560.765,1.3693894993894995,16.95,182,0.0
13286.0,United Kingdom,1,1.0,1,274.0,734.91,2.6821532846715326,16.95,46,0.0
13287.0,United Kingdom,1,102.0,3,143.0,260.53000000000003,1.821888111888112,9.95,46,1.3333333333333333
13288.0,United Kingdom,1,224.0,5,75.8,185.522,2.4475197889182057,12.75,7,0.2
13289.0,United Kingdom,1,1.0,1,119.0,307.95,2.58781512605042,15.95,16,0.0
13290.0,United Kingdom,1,1.0,1,1.0,208.63,208.63,208.63,1,2.0
13291.0,United Kingdom,1,512.0,11,147.1818181818182,301.8945454545455,2.0511673872760965,16.95,155,0.0
13292.0,United Kingdom,1,489.0,5,106.0,198.902,1.8764339622641508,19.95,55,0.2
13293.0,United Kingdom,1,277.0,6,92.5,198.82333333333335,2.1494414414414416,12.75,51,0.16666666666666666
13294.0,United Kingdom,1,458.0,3,332.0,563.1766666666666,1.6963152610441767,49.95,93,0.0
13295.0,United Kingdom,1,218.0,4,183.25,275.4925,1.5033697135061392,8.5,56,1.25
13296.0,United Kingdom,1,441.0,6,108.83333333333333,132.085,1.21364471669219,9.95,50,0.0
13297.0,United Kingdom,1,536.0,7,384.85714285714283,624.0885714285714,1.6216109873793616,15.95,108,0.14285714285714285
13298.0,United Kingdom,1,1.0,1,96.0,360.0,3.75,3.75,2,0.0
13299.0,United Kingdom,1,261.0,3,138.66666666666666,406.23333333333335,2.9295673076923077,16.95,56,0.6666666666666666
13300.0,United Kingdom,1,406.0,3,151.66666666666666,428.50333333333333,2.8252967032967033,14.95,44,0.6666666666666666
13301.0,United Kingdom,1,190.0,4,86.25,154.5225,1.7915652173913044,9.95,75,0.0
13302.0,United Kingdom,1,372.0,2,6.0,79.6,13.266666666666666,18.95,3,0.0
13303.0,United Kingdom,1,1.0,1,26.0,61.72,2.373846153846154,9.95,4,0.0
13304.0,United Kingdom,1,319.0,4,179.0,304.4975,1.7011033519553074,24.95,59,0.75
13305.0,United Kingdom,1,636.0,16,139.3125,226.15687499999999,1.6233781965006728,16.95,153,0.0
13306.0,United Kingdom,1,1.0,1,74.0,53.65,0.725,1.95,4,0.0
13307.0,United Kingdom,1,473.0,3,46.666666666666664,91.11333333333333,1.9524285714285712,12.75,15,0.0
13308.0,United Kingdom,1,575.0,4,268.25,417.59250000000003,1.5567287977632807,10.75,65,0.25
13309.0,United Kingdom,1,386.0,6,319.0,284.395,0.8915203761755486,9.95,95,0.0
13310.0,United Kingdom,1,375.0,5,163.2,308.24,1.8887254901960784,12.75,80,0.6
13311.0,United Kingdom,1,147.0,2,152.5,299.285,1.9625245901639345,16.95,25,0.0
13312.0,United Kingdom,1,1.0,1,41.0,124.75,3.042682926829268,6.75,5,0.0
13313.0,United Kingdom,1,716.0,12,192.33333333333334,287.11,1.4927729636048528,9.95,105,0.25
13314.0,United Kingdom,1,73.0,3,186.66666666666666,258.6466666666667,1.385607142857143,12.75,55,0.3333333333333333
13315.0,United Kingdom,1,1.0,1,232.0,310.26,1.3373275862068965,5.45,22,0.0
13316.0,United Kingdom,1,603.0,10,2137.2,1319.157,0.6172361033127456,14.95,115,0.2
13317.0,United Kingdom,1,661.0,19,165.73684210526315,341.3732105263158,2.0597303906001905,19.95,222,0.631578947368421
13318.0,United Kingdom,1,37.0,3,101.33333333333333,213.58666666666667,2.1077631578947367,8.5,14,0.0
13319.0,United Kingdom,1,729.0,58,154.72413793103448,367.6417241379311,2.376110987296635,16.95,345,0.3448275862068966
13320.0,United Kingdom,1,401.0,6,253.16666666666666,371.34999999999997,1.4668202764976959,4.95,98,0.5
13321.0,United Kingdom,1,15.0,2,186.0,283.68,1.5251612903225806,6.95,10,0.0
13322.0,United Kingdom,1,1.0,1,117.0,199.48000000000002,1.704957264957265,6.75,25,0.0
13323.0,United Kingdom,1,82.0,5,35.0,157.57,4.502,4.95,6,0.0
13324.0,United Kingdom,1,528.0,18,469.3333333333333,584.0816666666666,1.2444921875,12.75,36,0.2777777777777778
13325.0,United Kingdom,1,1.0,1,240.0,675.3,2.8137499999999998,6.65,12,0.0
13326.0,United Kingdom,1,1.0,1,140.0,281.76,2.0125714285714285,12.75,13,0.0
13327.0,United Kingdom,1,684.0,20,210.15,456.724,2.173323816321675,81.61,175,0.1
13328.0,United Kingdom,1,1.0,1,680.0,1308.48,1.924235294117647,3.75,17,0.0
13329.0,United Kingdom,1,705.0,8,413.875,601.09625,1.4523618242222895,12.75,68,0.75
13330.0,United Kingdom,1,563.0,6,329.1666666666667,467.69666666666666,1.4208506329113924,39.95,80,0.0
13331.0,United Kingdom,1,1.0,1,54.0,262.40000000000003,4.85925925925926,79.95,12,0.0
13332.0,United Kingdom,1,1.0,1,179.0,350.9,1.9603351955307262,12.5,21,0.0
13333.0,United Kingdom,1,248.0,3,228.33333333333334,338.58,1.4828321167883212,9.95,54,0.0
13334.0,United Kingdom,1,571.0,5,645.4,1252.75,1.9410443136039666,12.75,307,0.2
13336.0,United Kingdom,1,1.0,1,559.0,795.12,1.422397137745975,12.5,51,0.0
13337.0,United Kingdom,1,1.0,1,980.0,1575.26,1.6074081632653061,16.95,87,1.0
13338.0,United Kingdom,1,547.0,4,287.75,611.405,2.124778453518679,50.0,113,1.5
13339.0,United Kingdom,1,1.0,1,326.0,860.12,2.63840490797546,16.95,54,0.0
13340.0,United Kingdom,1,611.0,12,803.0,1841.7133333333334,2.293540888335409,295.0,190,0.0
13341.0,United Kingdom,1,1.0,1,301.0,775.85,2.5775747508305646,16.95,42,0.0
13343.0,United Kingdom,1,1.0,1,135.0,353.43,2.618,50.0,19,1.0
13344.0,United Kingdom,1,211.0,3,323.6666666666667,847.9066666666666,2.619691040164778,145.0,115,0.0
13345.0,United Kingdom,1,1.0,1,141.0,389.5,2.7624113475177303,50.0,20,1.0
13346.0,United Kingdom,1,135.0,6,30.0,49.9,1.663333333333333,2.95,4,0.0
13347.0,United Kingdom,1,1.0,1,205.0,341.36,1.6651707317073172,50.0,8,0.0
13348.0,United Kingdom,1,1.0,1,136.0,233.76,1.7188235294117646,4.95,14,0.0
13349.0,United Kingdom,1,1.0,1,225.0,247.32,1.0992,50.0,16,0.0
13350.0,United Kingdom,1,64.0,2,143.5,489.56,3.411567944250871,50.0,36,0.5
13351.0,United Kingdom,1,1.0,1,117.0,373.94,3.196068376068376,50.0,16,0.0
13352.0,United Kingdom,1,1.0,1,321.0,397.97999999999996,1.2398130841121495,50.0,24,1.0
13354.0,United Kingdom,1,1.0,1,604.0,743.53,1.2310099337748344,8.25,51,0.0
13355.0,United Kingdom,1,1.0,1,314.0,674.7,2.1487261146496817,8.5,32,0.0
13356.0,United Kingdom,1,1.0,1,325.0,768.24,2.3638153846153847,16.95,42,0.0
13357.0,United Kingdom,1,371.0,5,428.4,767.672,1.7919514472455649,19.95,284,0.0
13358.0,United Kingdom,1,1.0,1,285.0,439.03,1.5404561403508772,50.0,29,0.0
13359.0,United Kingdom,1,341.0,2,190.5,521.655,2.738346456692913,50.0,52,1.0
13360.0,United Kingdom,1,270.0,4,235.5,388.4125,1.6493099787685777,50.0,58,0.75
13361.0,United Kingdom,1,146.0,2,162.0,725.25,4.476851851851852,6.35,29,0.0
13362.0,United Kingdom,1,417.0,7,354.42857142857144,770.5814285714285,2.1741515517936314,12.75,186,0.42857142857142855
13363.0,United Kingdom,1,393.0,3,382.0,574.62,1.504240837696335,50.0,78,0.0
13364.0,United Kingdom,1,1.0,1,71.0,134.96,1.9008450704225353,7.5,10,1.0
13365.0,United Kingdom,1,185.0,2,623.5,1112.685,1.78457898957498,16.95,122,1.0
13366.0,United Kingdom,1,1.0,1,144.0,56.160000000000004,0.39,0.39,1,0.0
13367.0,United Kingdom,1,1.0,1,253.0,510.20000000000005,2.0166007905138343,50.0,20,0.0
13368.0,United Kingdom,1,168.0,4,151.5,280.375,1.8506600660066006,50.0,45,0.25
13369.0,United Kingdom,1,1.0,1,149.0,308.28000000000003,2.068993288590604,50.0,14,1.0
13370.0,United Kingdom,1,1.0,1,343.0,754.87,2.200787172011662,12.75,39,1.0
13371.0,United Kingdom,1,128.0,2,509.5,1148.83,2.254818449460255,39.95,75,1.0
13372.0,United Kingdom,1,1.0,1,159.0,378.64,2.3813836477987422,50.0,23,0.0
13373.0,United Kingdom,1,674.0,6,710.5,1264.5316666666668,1.7797771522402066,24.95,292,0.0
13374.0,United Kingdom,1,36.0,2,67.5,211.4,3.131851851851852,50.0,17,0.0
13375.0,United Kingdom,1,357.0,2,562.0,896.115,1.5945106761565837,12.75,62,0.5
13376.0,United Kingdom,1,136.0,3,164.33333333333334,339.92,2.068478701825558,50.0,45,0.0
13377.0,United Kingdom,1,250.0,2,374.0,776.44,2.076042780748663,50.0,71,1.0
13379.0,United Kingdom,1,111.0,3,200.33333333333334,190.85333333333332,0.9526788685524126,9.95,85,0.0
13380.0,United Kingdom,1,1.0,1,48.0,62.4,1.3,1.45,3,0.0
13381.0,United Kingdom,1,708.0,12,427.0833333333333,685.3641666666667,1.6047551219512197,18.95,154,0.25
13382.0,United Kingdom,1,452.0,5,172.6,277.51599999999996,1.607856315179606,9.95,74,0.0
13383.0,United Kingdom,1,1.0,1,288.0,305.28000000000003,1.06,1.06,1,0.0
13384.0,United Kingdom,1,471.0,11,376.54545454545456,607.3481818181818,1.612947851279575,39.95,192,0.36363636363636365
13385.0,United Kingdom,1,1.0,1,281.0,534.57,1.9023843416370108,24.95,35,0.0
13386.0,United Kingdom,1,24.0,2,257.0,417.73,1.6254085603112842,7.95,24,0.0
13387.0,United Kingdom,1,1.0,1,125.0,189.44,1.51552,9.95,71,0.0
13388.0,United Kingdom,1,473.0,3,233.66666666666666,395.2166666666667,1.6913694721825965,49.95,68,0.3333333333333333
13389.0,United Kingdom,1,222.0,3,143.0,265.9866666666667,1.8600466200466201,15.0,50,0.0
13390.0,United Kingdom,1,1.0,1,224.0,544.08,2.4289285714285715,9.95,13,0.0
13391.0,United Kingdom,1,1.0,1,4.0,59.8,14.95,14.95,1,0.0
13392.0,United Kingdom,1,1.0,1,82.0,91.14,1.1114634146341464,3.75,8,0.0
13393.0,United Kingdom,1,150.0,4,165.5,282.8625,1.7091389728096678,8.5,53,0.5
13394.0,United Kingdom,1,738.0,19,281.7894736842105,348.5105263157895,1.2367762420620096,12.75,254,0.2631578947368421
13395.0,United Kingdom,1,237.0,3,553.3333333333334,393.41,0.7109819277108433,15.95,77,0.0
13396.0,United Kingdom,1,291.0,2,300.0,680.495,2.2683166666666668,25.0,42,1.0
13397.0,United Kingdom,1,617.0,10,133.6,319.187,2.3891242514970057,15.95,68,0.3
13398.0,United Kingdom,1,257.0,2,170.5,335.17,1.9658064516129032,9.95,37,0.0
13399.0,United Kingdom,1,56.0,3,40.0,91.8,2.295,12.75,10,0.0
13400.0,United Kingdom,1,1.0,1,284.0,310.83,1.0944718309859154,5.95,23,1.0
13402.0,United Kingdom,1,438.0,4,229.25,306.7125,1.337895310796074,8.5,55,0.0
13403.0,United Kingdom,1,707.0,3,38.0,76.5,2.013157894736842,12.75,9,0.0
13404.0,United Kingdom,1,212.0,2,55.5,126.24499999999999,2.2746846846846847,6.65,11,0.0
13405.0,United Kingdom,1,651.0,6,142.5,202.30183333333332,1.4196619883040935,15.0,33,0.5
13406.0,United Kingdom,1,205.0,2,146.0,284.46,1.9483561643835614,3.75,7,0.5
13407.0,United Kingdom,1,84.0,3,563.3333333333334,748.2333333333332,1.3282248520710058,12.75,85,1.0
13408.0,United Kingdom,1,735.0,106,270.5188679245283,473.347,1.7497744376634699,34.95,321,0.27358490566037735
13410.0,United Kingdom,1,708.0,9,138.22222222222223,244.66222222222223,1.770064308681672,9.95,25,0.3333333333333333
13411.0,United Kingdom,1,1.0,1,72.0,213.55,2.9659722222222222,9.95,17,0.0
13412.0,United Kingdom,1,1.0,1,176.0,487.34999999999997,2.769034090909091,18.95,33,0.0
13413.0,United Kingdom,1,49.0,6,75.83333333333333,71.57333333333334,0.9438241758241758,8.5,38,0.3333333333333333
13414.0,United Kingdom,1,471.0,6,450.3333333333333,415.69,0.9230717986676535,5.95,48,0.16666666666666666
13415.0,United Kingdom,1,257.0,4,125.5,200.1675,1.5949601593625498,12.75,85,0.25
13416.0,United Kingdom,1,694.0,3,69.33333333333333,313.6,4.523076923076923,8.5,16,0.0
13417.0,United Kingdom,1,666.0,6,88.66666666666667,278.24833333333333,3.138139097744361,14.95,57,0.16666666666666666
13418.0,United Kingdom,1,718.0,31,237.80645161290323,374.5277419354839,1.5749267498643518,125.0,328,0.1935483870967742
13419.0,United Kingdom,1,1.0,1,275.0,221.06,0.8038545454545455,2.1,16,0.0
13420.0,United Kingdom,1,22.0,2,50.5,79.925,1.5826732673267325,12.75,8,1.0
13421.0,United Kingdom,1,624.0,8,302.5,512.89,1.6955041322314048,19.95,174,0.375
13422.0,United Kingdom,1,1.0,1,1326.0,2626.3,1.9806184012066366,15.95,127,1.0
13423.0,United Kingdom,1,1.0,1,141.0,217.03,1.5392198581560284,9.95,12,0.0
13424.0,United Kingdom,1,1.0,1,529.0,572.77,1.0827410207939507,8.5,40,1.0
13425.0,United Kingdom,1,472.0,5,476.4,680.726,1.4288958858102436,15.0,124,0.6
13426.0,United Kingdom,1,731.0,22,221.27272727272728,371.24454545454546,1.6777691043549712,12.75,162,0.09090909090909091
13427.0,United Kingdom,1,704.0,6,146.66666666666666,167.755,1.1437840909090908,9.95,35,0.0
13428.0,United Kingdom,1,505.0,3,122.0,166.66,1.3660655737704919,8.5,122,0.0
13429.0,United Kingdom,1,66.0,4,347.5,251.7,0.7243165467625899,12.75,55,0.0
13430.0,United Kingdom,1,69.0,2,375.5,339.725,0.9047270306258323,12.75,48,1.0
13431.0,United Kingdom,1,593.0,8,196.25,414.53000000000003,2.112254777070064,14.95,113,0.125
13432.0,United Kingdom,1,42.0,2,108.5,219.55,2.0235023041474656,9.95,98,0.0
13433.0,United Kingdom,1,196.0,4,47.5,164.58,3.464842105263158,10.95,22,0.25
13434.0,United Kingdom,1,582.0,5,172.8,333.372,1.9292361111111112,2.95,17,0.0
13435.0,United Kingdom,1,496.0,9,310.1111111111111,497.24777777777786,1.6034503762092442,12.75,96,0.2222222222222222
13436.0,United Kingdom,1,1.0,1,76.0,196.89,2.5906578947368417,16.95,12,0.0
13437.0,United Kingdom,1,177.0,7,183.28571428571428,486.86571428571426,2.6563211223694467,39.95,143,0.0
13438.0,United Kingdom,1,1.0,1,10.0,46.5,4.65,4.65,1,0.0
13439.0,United Kingdom,1,272.0,3,317.3333333333333,328.87,1.0363550420168068,14.95,132,0.0
13440.0,United Kingdom,1,29.0,7,81.85714285714286,185.03571428571428,2.2604712041884816,10.95,49,0.42857142857142855
13441.0,United Kingdom,1,341.0,2,260.0,360.45,1.386346153846154,9.95,33,0.0
13442.0,United Kingdom,1,72.0,3,38.333333333333336,139.95666666666668,3.6510434782608696,45.95,33,0.0
13443.0,United Kingdom,1,230.0,6,134.83333333333334,213.36,1.5823980222496912,39.95,176,0.16666666666666666
13444.0,United Kingdom,1,133.0,2,168.5,315.84000000000003,1.8744213649851633,8.5,51,0.0
13445.0,United Kingdom,1,1.0,1,198.0,241.89999999999998,1.2217171717171715,4.65,7,0.0
13446.0,United Kingdom,1,234.0,11,218.45454545454547,352.8990909090909,1.6154348730753225,10.65,113,0.6363636363636364
13447.0,United Kingdom,1,13.0,3,194.66666666666666,376.38000000000005,1.9334589041095893,16.65,55,0.3333333333333333
13448.0,United Kingdom,1,718.0,13,326.3076923076923,676.6853846153846,2.0737647336162186,359.71,321,0.46153846153846156
13449.0,United Kingdom,1,1.0,1,222.0,291.88,1.3147747747747747,6.95,19,0.0
13450.0,United Kingdom,1,578.0,13,332.15384615384613,316.92615384615385,0.954154701250579,3.75,57,0.07692307692307693
13451.0,United Kingdom,1,603.0,11,478.90909090909093,653.72,1.3650189825360668,16.95,561,0.18181818181818182
13452.0,United Kingdom,1,214.0,3,2.0,243.26666666666665,121.63333333333333,295.0,2,0.0
13453.0,United Kingdom,1,238.0,3,113.66666666666667,260.56333333333333,2.292346041055718,12.75,33,0.6666666666666666
13454.0,United Kingdom,1,1.0,1,198.0,219.87,1.1104545454545456,4.95,23,0.0
13455.0,United Kingdom,1,707.0,6,132.5,368.8316666666667,2.7836352201257863,12.75,79,0.8333333333333334
13456.0,United Kingdom,1,191.0,6,127.5,294.4533333333333,2.309437908496732,16.95,43,0.16666666666666666
13457.0,United Kingdom,1,50.0,2,48.0,74.11,1.5439583333333333,2.1,9,1.0
13458.0,United Kingdom,1,382.0,16,422.5,747.454375,1.769122781065089,12.75,290,0.5
13459.0,United Kingdom,1,59.0,2,493.0,580.2049999999999,1.176886409736308,8.95,57,0.0
13460.0,United Kingdom,1,21.0,2,143.0,91.72,0.6413986013986014,4.25,16,0.0
13461.0,United Kingdom,1,560.0,6,522.0,693.3333333333334,1.3282247765006385,10.95,30,0.3333333333333333
13462.0,United Kingdom,1,474.0,5,139.4,230.76999999999998,1.6554519368723097,8.5,64,0.2
13464.0,United Kingdom,1,561.0,6,240.0,516.2733333333333,2.1511388888888887,16.95,128,0.16666666666666666
13465.0,United Kingdom,1,141.0,2,292.0,465.56,1.5943835616438355,10.95,34,0.0
13466.0,United Kingdom,1,445.0,5,132.0,202.67000000000002,1.535378787878788,12.75,49,0.4
13467.0,United Kingdom,1,27.0,2,292.0,541.855,1.8556678082191782,14.95,89,0.0
13468.0,United Kingdom,1,736.0,72,78.18055555555556,177.89277777777778,2.275409486587316,45.95,290,0.20833333333333334
13469.0,United Kingdom,1,1.0,1,52.0,82.4,1.5846153846153848,9.95,6,0.0
13470.0,United Kingdom,1,17.0,2,50.0,82.5,1.65,1.65,7,0.0
13471.0,United Kingdom,1,47.0,4,397.5,632.895,1.592188679245283,16.95,214,0.0
13472.0,United Kingdom,1,93.0,2,155.0,296.12,1.9104516129032258,6.45,24,0.0
13473.0,United Kingdom,1,665.0,8,125.0,332.21999999999997,2.6577599999999997,14.95,65,0.25
13474.0,United Kingdom,1,260.0,3,111.33333333333333,221.26333333333332,1.9873952095808383,18.95,116,0.0
13475.0,United Kingdom,1,108.0,4,253.0,357.945,1.414802371541502,24.95,64,0.0
13476.0,United Kingdom,1,467.0,5,142.6,412.29400000000004,2.891262272089762,125.0,86,0.4
13477.0,United Kingdom,1,647.0,11,190.45454545454547,257.6518181818182,1.3528257756563247,12.75,112,0.18181818181818182
13478.0,United Kingdom,1,209.0,5,237.8,443.15600000000006,1.8635660218671153,39.95,114,0.4
13479.0,United Kingdom,1,278.0,4,179.0,212.8425,1.1890642458100558,9.95,45,0.75
13480.0,United Kingdom,1,264.0,2,181.0,313.91,1.7343093922651935,12.75,40,0.0
13481.0,United Kingdom,1,691.0,11,186.8181818181818,348.2581818181818,1.8641557177615573,10.95,162,0.2727272727272727
13482.0,United Kingdom,1,396.0,2,93.5,168.045,1.7972727272727271,6.35,20,0.0
13483.0,United Kingdom,1,1.0,1,160.0,140.34,0.877125,2.1,10,0.0
13484.0,United Kingdom,1,399.0,3,74.66666666666667,263.5733333333333,3.5300000000000002,12.75,38,0.3333333333333333
13485.0,United Kingdom,1,504.0,11,163.45454545454547,274.4745454545455,1.6792102335928811,24.95,131,0.36363636363636365
13486.0,United Kingdom,1,78.0,3,223.0,374.1366666666667,1.6777428998505233,12.75,69,0.0
13487.0,United Kingdom,1,678.0,5,72.4,169.374,2.3394198895027625,9.95,31,0.0
13488.0,United Kingdom,1,667.0,23,320.6521739130435,617.6504347826086,1.9262318644067795,49.95,370,0.2608695652173913
13489.0,United Kingdom,1,190.0,4,140.0,112.38,0.8027142857142857,3.75,11,0.0
13490.0,United Kingdom,1,1.0,1,25.0,154.25,6.17,14.95,8,0.0
13491.0,United Kingdom,1,682.0,27,87.0,165.46888888888887,1.901941251596424,16.95,144,0.0
13492.0,Switzerland,1,79.0,3,136.0,423.28,3.1123529411764705,7.95,38,0.0
13493.0,Switzerland,1,13.0,2,190.0,309.315,1.6279736842105264,40.0,6,0.0
13494.0,United Kingdom,1,1.0,1,162.0,316.26000000000005,1.9522222222222225,5.95,18,0.0
13495.0,United Kingdom,1,726.0,10,246.5,486.331,1.9729452332657202,5.95,59,0.3
13496.0,United Kingdom,1,350.0,2,170.5,326.665,1.9159237536656892,12.75,28,0.5
13497.0,United Kingdom,1,388.0,6,87.5,194.47166666666666,2.2225333333333332,12.75,52,0.16666666666666666
13498.0,United Kingdom,1,1.0,1,362.0,327.38,0.9043646408839778,12.75,17,0.0
13499.0,United Kingdom,1,253.0,5,273.0,231.82199999999997,0.8491648351648351,9.95,31,0.4
13500.0,United Kingdom,1,379.0,4,209.5,366.575,1.7497613365155131,12.75,77,0.25
13501.0,Switzerland,1,283.0,3,417.6666666666667,961.7033333333334,2.302561851556265,9.95,90,0.6666666666666666
13502.0,United Kingdom,1,533.0,5,98.0,156.1,1.5928571428571427,9.95,28,0.2
13503.0,United Kingdom,1,591.0,6,186.33333333333334,317.565,1.7042844364937388,20.3,158,1.0
13504.0,United Kingdom,1,1.0,1,178.0,295.93,1.6625280898876404,12.75,22,0.0
13505.0,Switzerland,1,161.0,4,621.5,1098.4075,1.7673491552695093,40.0,182,1.0
13506.0,United Kingdom,1,145.0,5,188.4,267.616,1.4204670912951167,9.95,55,0.6
13507.0,United Kingdom,1,143.0,4,399.25,619.79,1.552385723231058,14.95,146,0.0
13508.0,United Kingdom,1,400.0,2,90.0,143.525,1.5947222222222224,12.75,27,0.0
13509.0,United Kingdom,1,500.0,8,151.75,139.34,0.9182207578253707,15.0,27,0.0
13510.0,United Kingdom,1,718.0,11,276.72727272727275,414.39,1.4974671484888304,39.95,176,0.5454545454545454
13511.0,United Kingdom,1,1.0,1,60.0,282.76,4.712666666666666,45.95,5,1.0
13512.0,United Kingdom,1,324.0,4,104.75,178.3475,1.7026014319809069,12.75,31,0.0
13513.0,United Kingdom,1,530.0,3,121.33333333333333,274.86333333333334,2.265357142857143,12.5,32,0.3333333333333333
13514.0,United Kingdom,1,610.0,4,72.0,203.97500000000002,2.8329861111111114,16.95,15,0.0
13515.0,United Kingdom,1,573.0,6,136.5,210.97,1.5455677655677655,12.75,64,0.0
13516.0,United Kingdom,1,397.0,4,278.5,421.315,1.5128007181328547,16.95,55,0.0
13517.0,United Kingdom,1,121.0,3,456.3333333333333,709.4733333333334,1.55472607742878,12.75,125,0.6666666666666666
13518.0,United Kingdom,1,1.0,1,392.0,659.44,1.6822448979591837,11.95,36,0.0
13519.0,United Kingdom,1,365.0,2,66.5,171.60500000000002,2.580526315789474,11.95,19,0.5
13520.0,Switzerland,1,665.0,11,289.0,600.5454545454545,2.0780119534444794,40.0,81,0.36363636363636365
13521.0,United Kingdom,1,10.0,3,245.33333333333334,364.55,1.4859375000000001,14.95,313,0.0
13522.0,United Kingdom,1,1.0,1,44.0,125.80000000000001,2.8590909090909093,5.95,5,0.0
13523.0,United Kingdom,1,370.0,6,331.5,755.7616666666667,2.279824032176973,165.0,177,0.16666666666666666
13524.0,United Kingdom,1,180.0,5,64.8,136.036,2.099320987654321,15.0,17,0.0
13525.0,United Kingdom,1,235.0,2,197.0,314.39,1.5958883248730964,11.95,5,0.0
13526.0,United Kingdom,1,1.0,2,955.5,591.0,0.6185243328100472,3.75,29,1.0
13527.0,United Kingdom,1,655.0,12,230.16666666666666,390.31166666666667,1.6957784214337437,12.75,266,0.16666666666666666
13529.0,United Kingdom,1,127.0,2,37.0,153.88,4.158918918918919,16.95,15,0.0
13530.0,United Kingdom,1,1.0,1,272.0,402.98,1.481544117647059,7.95,18,0.0
13531.0,United Kingdom,1,532.0,6,82.83333333333333,238.845,2.883440643863179,12.75,44,0.0
13532.0,United Kingdom,1,1.0,1,129.0,210.31,1.63031007751938,6.75,66,0.0
13533.0,United Kingdom,1,86.0,3,68.0,90.26333333333334,1.3274019607843137,7.95,61,0.0
13534.0,United Kingdom,1,519.0,35,110.54285714285714,220.59714285714284,1.995580253295425,10.75,163,0.7142857142857143
13535.0,United Kingdom,1,1.0,1,10.0,89.5,8.95,8.95,1,0.0
13536.0,United Kingdom,1,75.0,7,305.14285714285717,492.61285714285714,1.61436797752809,12.5,91,0.0
13537.0,United Kingdom,1,27.0,2,168.5,358.925,2.130118694362018,9.95,38,0.0
13538.0,United Kingdom,1,633.0,12,80.25,259.39416666666665,3.232326064382139,12.75,105,0.0
13539.0,United Kingdom,1,506.0,7,101.42857142857143,224.19428571428574,2.210366197183099,16.95,69,0.2857142857142857
13540.0,United Kingdom,1,189.0,3,63.0,210.79666666666665,3.345978835978836,12.75,26,0.0
13541.0,United Kingdom,1,144.0,2,139.5,392.625,2.814516129032258,6.35,10,0.5
13542.0,United Kingdom,1,354.0,17,47.94117647058823,235.6570588235294,4.915546012269939,16.95,98,0.058823529411764705
13543.0,United Kingdom,1,54.0,2,164.5,719.805,4.3757142857142854,10.95,37,0.0
13544.0,United Kingdom,1,606.0,6,59.666666666666664,138.16666666666666,2.315642458100559,12.75,219,0.16666666666666666
13545.0,United Kingdom,1,155.0,2,128.5,187.32,1.4577431906614786,8.5,54,0.5
13546.0,United Kingdom,1,413.0,5,117.8,218.42800000000003,1.8542275042444822,12.75,95,0.0
13547.0,United Kingdom,1,1.0,1,82.0,175.53,2.140609756097561,9.95,44,0.0
13548.0,United Kingdom,1,376.0,3,188.33333333333334,302.99666666666667,1.6088318584070798,12.75,169,0.0
13549.0,United Kingdom,1,363.0,8,69.25,125.725,1.815523465703971,12.75,44,0.125
13550.0,United Kingdom,1,1.0,1,454.0,349.51,0.7698458149779736,4.95,40,0.0
13551.0,United Kingdom,1,348.0,2,18.0,122.1,6.783333333333333,12.75,5,0.0
13552.0,United Kingdom,1,593.0,22,120.63636363636364,317.2236363636364,2.629585531273549,14.95,162,0.45454545454545453
13553.0,United Kingdom,1,1.0,1,206.0,517.8,2.5135922330097085,15.95,85,0.0
13554.0,United Kingdom,1,67.0,7,83.14285714285714,234.04,2.814914089347079,16.95,156,0.42857142857142855
13555.0,United Kingdom,1,617.0,13,371.3076923076923,692.2453846153846,1.8643443132380362,14.95,264,0.23076923076923078
13556.0,United Kingdom,1,7.0,2,67.0,100.41,1.4986567164179103,3.75,8,0.0
13557.0,United Kingdom,1,704.0,13,184.46153846153845,233.25076923076924,1.2644954128440369,6.75,126,0.23076923076923078
13558.0,United Kingdom,1,64.0,4,86.0,151.265,1.7588953488372092,12.75,123,0.0
13559.0,United Kingdom,1,32.0,2,180.0,495.0,2.75,2.75,1,0.0
13560.0,United Kingdom,1,1.0,1,64.0,174.37,2.72453125,5.95,32,0.0
13561.0,United Kingdom,1,435.0,11,103.27272727272727,165.52,1.6027464788732395,16.95,131,0.0
13562.0,United Kingdom,1,614.0,8,200.375,604.7725,3.0182033686837184,12.75,88,0.0
13563.0,United Kingdom,1,57.0,2,104.5,388.765,3.720239234449761,165.0,49,0.0
13564.0,United Kingdom,1,594.0,37,243.1081081081081,451.60945945945946,1.8576486937187326,550.64,484,0.4594594594594595
13565.0,United Kingdom,1,393.0,3,86.66666666666667,138.26666666666668,1.5953846153846154,7.65,45,0.0
13566.0,United Kingdom,1,600.0,5,253.2,341.624,1.349225908372828,9.95,263,0.0
13567.0,United Kingdom,1,114.0,4,161.25,270.9225,1.680139534883721,15.95,180,0.25
13568.0,United Kingdom,1,1.0,1,70.0,192.85,2.755,9.95,41,0.0
13569.0,United Kingdom,1,412.0,4,89.5,193.865,2.1660893854748604,16.95,140,0.0
13570.0,United Kingdom,1,1.0,1,161.0,239.49,1.4875155279503107,9.95,27,0.0
13571.0,United Kingdom,1,720.0,26,122.96153846153847,174.8669230769231,1.4221269940569283,19.95,263,0.0
13572.0,United Kingdom,1,1.0,1,534.0,1384.25,2.5922284644194757,12.5,32,0.0
13573.0,United Kingdom,1,588.0,6,110.0,152.745,1.3885909090909092,12.75,73,0.0
13574.0,United Kingdom,1,1.0,1,316.0,421.25,1.3330696202531647,12.75,84,0.0
13575.0,United Kingdom,1,154.0,5,89.8,146.414,1.630445434298441,10.4,41,0.0
13576.0,United Kingdom,1,722.0,28,160.92857142857142,400.09250000000003,2.486149578339991,16.95,145,0.14285714285714285
13577.0,United Kingdom,1,701.0,11,151.0,317.20727272727277,2.100710415412402,12.5,102,0.2727272727272727
13578.0,United Kingdom,1,1.0,1,127.0,147.66,1.1626771653543306,5.49,9,0.0
13579.0,United Kingdom,1,646.0,5,143.6,274.868,1.9141225626740945,12.75,72,0.2
13580.0,United Kingdom,1,1.0,1,45.0,107.75,2.3944444444444444,39.95,5,0.0
13581.0,United Kingdom,1,106.0,2,59.5,140.26500000000001,2.3573949579831934,10.65,32,0.0
13582.0,United Kingdom,1,229.0,2,53.0,120.84,2.2800000000000002,8.5,10,0.0
13583.0,United Kingdom,1,525.0,2,548.5,722.5155,1.317257064721969,9.95,93,0.0
13584.0,United Kingdom,1,370.0,3,121.0,130.81666666666666,1.081129476584022,10.95,74,0.6666666666666666
13585.0,United Kingdom,1,209.0,3,462.0,228.17999999999998,0.4938961038961039,12.75,29,0.3333333333333333
13586.0,United Kingdom,1,1.0,1,39.0,131.53,3.3725641025641027,8.5,20,0.0
13587.0,United Kingdom,1,601.0,4,166.0,418.375,2.5203313253012047,24.95,27,0.5
13588.0,United Kingdom,1,241.0,9,289.55555555555554,275.43888888888887,0.9512471220260935,16.95,131,0.4444444444444444
13589.0,United Kingdom,1,720.0,6,48.833333333333336,186.79,3.8250511945392494,25.0,48,0.0
13590.0,United Kingdom,1,728.0,18,293.1111111111111,352.755,1.2034855951478394,12.75,255,0.16666666666666666
13591.0,United Kingdom,1,662.0,7,121.42857142857143,299.13428571428574,2.463458823529412,14.95,89,0.14285714285714285
13592.0,United Kingdom,1,230.0,4,21.0,61.989999999999995,2.951904761904762,16.95,15,0.0
13593.0,United Kingdom,1,540.0,14,156.42857142857142,394.54928571428576,2.522232876712329,19.95,212,0.14285714285714285
13594.0,United Kingdom,1,434.0,2,198.0,266.66,1.3467676767676768,12.75,31,0.5
13595.0,United Kingdom,1,131.0,3,117.66666666666667,272.74,2.317903682719547,12.75,114,0.0
13596.0,United Kingdom,1,8.0,2,203.0,348.52,1.716847290640394,12.75,133,0.0
13597.0,United Kingdom,1,3.0,2,115.5,198.35500000000002,1.7173593073593074,5.45,17,0.5
13598.0,United Kingdom,1,605.0,5,80.2,157.918,1.9690523690773067,12.75,78,0.2
13599.0,United Kingdom,1,738.0,33,189.36363636363637,297.4178787878788,1.5706176988318132,39.95,235,0.5757575757575758
13600.0,United Kingdom,1,323.0,2,299.5,259.21,0.8654757929883138,14.95,35,0.0
13601.0,United Kingdom,1,502.0,4,243.0,296.285,1.2192798353909466,12.75,160,0.0
13602.0,United Kingdom,1,497.0,4,134.5,256.2925,1.9055204460966544,7.95,49,0.0
13603.0,United Kingdom,1,1.0,1,164.0,164.34,1.0020731707317074,8.95,27,0.0
13604.0,United Kingdom,1,1.0,1,242.0,717.62,2.965371900826446,16.95,21,1.0
13605.0,United Kingdom,1,185.0,2,212.5,261.335,1.2298117647058822,12.75,50,0.0
13606.0,United Kingdom,1,283.0,3,93.0,93.51333333333332,1.0055197132616487,14.95,40,0.0
13607.0,United Kingdom,1,363.0,2,234.0,539.155,2.3040811965811963,12.75,110,0.5
13608.0,United Kingdom,1,1.0,1,113.0,236.2,2.090265486725664,8.5,31,0.0
13609.0,United Kingdom,1,1.0,1,19.0,167.35,8.807894736842105,19.95,7,0.0
13610.0,United Kingdom,1,692.0,14,64.92857142857143,155.42000000000002,2.393707370737074,24.95,309,0.21428571428571427
13611.0,United Kingdom,1,648.0,10,200.2,331.95300000000003,1.6581068931068932,16.95,170,0.4
13612.0,United Kingdom,1,1.0,1,444.0,818.29,1.8429954954954955,12.75,50,1.0
13613.0,United Kingdom,1,209.0,5,89.0,207.97000000000003,2.336741573033708,12.75,50,0.0
13614.0,United Kingdom,1,528.0,6,138.0,393.1983333333333,2.8492632850241546,16.95,227,0.0
13615.0,United Kingdom,1,363.0,8,363.75,784.06625,2.155508591065292,295.0,259,0.5
13616.0,United Kingdom,1,124.0,2,87.5,144.05,1.6462857142857144,19.95,31,0.0
13617.0,United Kingdom,1,456.0,8,74.125,159.84375,2.156408094435076,16.95,48,0.125
13618.0,United Kingdom,1,1.0,1,246.0,177.34,0.7208943089430895,2.95,13,0.0
13619.0,United Kingdom,1,131.0,2,42.0,115.845,2.7582142857142857,12.75,39,0.0
13620.0,United Kingdom,1,1.0,1,74.0,112.34,1.5181081081081083,4.95,5,0.0
13621.0,United Kingdom,1,1.0,1,343.0,213.85,0.6234693877551021,4.95,19,0.0
13622.0,United Kingdom,1,1.0,1,379.0,658.95,1.7386543535620054,16.95,32,1.0
13623.0,United Kingdom,1,708.0,10,102.3,256.649,2.508787878787879,16.95,211,0.5
13624.0,United Kingdom,1,1.0,1,820.0,462.08,0.5635121951219512,9.95,22,1.0
13625.0,United Kingdom,1,1.0,1,144.0,301.26,2.092083333333333,12.75,21,0.0
13626.0,United Kingdom,1,128.0,2,199.0,353.52,1.7764824120603013,16.95,44,0.5
13627.0,United Kingdom,1,582.0,7,233.14285714285714,320.84285714285716,1.3761642156862746,14.95,118,0.42857142857142855
13628.0,United Kingdom,1,1.0,1,106.0,310.14,2.9258490566037736,7.65,16,0.0
13629.0,United Kingdom,1,644.0,19,406.42105263157896,703.7294736842106,1.7315281015281017,12.75,28,0.0
13630.0,United Kingdom,1,281.0,7,198.71428571428572,290.2542857142857,1.4606613946800862,8.5,51,0.5714285714285714
13631.0,United Kingdom,1,169.0,11,42.45454545454545,279.1290909090909,6.574775160599572,8.5,6,0.09090909090909091
13632.0,United Kingdom,1,588.0,8,204.875,456.01875,2.2258389261744966,18.95,166,0.25
13634.0,United Kingdom,1,666.0,16,131.0,317.091875,2.4205486641221374,32.29,269,0.0625
13635.0,United Kingdom,1,672.0,4,471.0,749.79,1.5919108280254777,11.95,135,0.5
13636.0,United Kingdom,1,250.0,5,118.4,189.824,1.6032432432432433,16.65,57,0.2
13637.0,United Kingdom,1,175.0,3,136.33333333333334,270.1666666666667,1.9816625916870416,12.75,79,0.0
13638.0,United Kingdom,1,1.0,1,93.0,122.64,1.3187096774193547,12.75,8,0.0
13639.0,United Kingdom,1,363.0,2,498.5,673.135,1.3503209628886659,3.75,49,0.0
13640.0,United Kingdom,1,1.0,1,108.0,405.0,3.75,3.75,4,0.0
13641.0,United Kingdom,1,95.0,5,219.6,203.294,0.9257468123861566,74.1,41,0.4
13642.0,United Kingdom,1,218.0,4,63.25,128.68,2.0344664031620554,16.95,93,0.25
13643.0,United Kingdom,1,701.0,10,90.2,215.677,2.3910975609756098,24.95,71,0.5
13644.0,United Kingdom,1,90.0,4,516.75,656.065,1.269598451862603,25.0,144,0.25
13645.0,United Kingdom,1,1.0,1,158.0,252.1,1.5955696202531646,9.95,5,0.0
13646.0,United Kingdom,1,1.0,2,39.5,163.125,4.129746835443038,14.95,58,0.5
13647.0,United Kingdom,1,595.0,8,225.375,383.96,1.7036494731003882,12.75,98,0.125
13648.0,United Kingdom,1,339.0,8,120.0,220.5025,1.8375208333333333,12.75,95,0.375
13649.0,United Kingdom,1,272.0,6,132.66666666666666,246.84666666666666,1.8606532663316582,19.95,97,0.0
13650.0,United Kingdom,1,667.0,10,174.6,328.8,1.8831615120274914,12.75,127,0.6
13651.0,United Kingdom,1,347.0,3,20.666666666666668,75.61666666666666,3.6588709677419353,16.95,14,0.3333333333333333
13652.0,United Kingdom,1,608.0,5,291.6,452.41,1.5514746227709193,10.95,116,0.0
13653.0,United Kingdom,1,1.0,1,72.0,152.2,2.113888888888889,7.95,9,0.0
13654.0,United Kingdom,1,695.0,11,432.90909090909093,573.4545454545455,1.3246535069298615,16.95,262,0.0
13655.0,United Kingdom,1,478.0,6,204.16666666666666,380.08500000000004,1.8616408163265308,12.75,103,0.3333333333333333
13656.0,United Kingdom,1,432.0,4,215.5,269.7125,1.2515661252900232,9.95,81,0.75
13657.0,United Kingdom,1,192.0,2,104.5,191.07,1.828421052631579,15.0,16,0.0
13658.0,United Kingdom,1,664.0,9,241.22222222222223,669.5,2.7754491017964074,41.75,164,0.4444444444444444
13659.0,United Kingdom,1,456.0,12,211.58333333333334,407.9066666666667,1.9278771169751872,65.0,224,0.4166666666666667
13660.0,United Kingdom,1,1.0,1,137.0,314.59,2.2962773722627734,15.95,39,1.0
13661.0,United Kingdom,1,1.0,1,118.0,325.24,2.756271186440678,12.75,17,0.0
13662.0,United Kingdom,1,574.0,11,107.18181818181819,204.55545454545455,1.9084902459711621,16.95,126,0.5454545454545454
13663.0,United Kingdom,1,468.0,5,178.6,409.502,2.292844344904815,16.95,87,0.2
13665.0,United Kingdom,1,119.0,3,550.6666666666666,570.5533333333333,1.0361138014527844,16.95,97,0.0
13666.0,United Kingdom,1,676.0,5,10.8,25.58,2.3685185185185182,12.75,19,0.0
13667.0,United Kingdom,1,1.0,1,154.0,305.02,1.9806493506493505,9.95,82,0.0
13668.0,United Kingdom,1,727.0,35,175.22857142857143,373.9982857142857,2.134345344855699,16.95,411,0.34285714285714286
13669.0,United Kingdom,1,358.0,3,131.0,137.85,1.0522900763358778,12.75,13,0.0
13670.0,United Kingdom,1,1.0,1,282.0,349.7,1.2400709219858155,8.25,25,0.0
13671.0,United Kingdom,1,1.0,1,107.0,194.95,1.8219626168224299,4.95,61,0.0
13672.0,United Kingdom,1,430.0,3,46.0,139.97333333333333,3.042898550724638,6.75,13,1.3333333333333333
13673.0,United Kingdom,1,15.0,2,59.5,198.46,3.3354621848739496,29.95,47,0.0
13674.0,United Kingdom,1,1.0,1,102.0,240.68,2.359607843137255,9.95,14,1.0
13675.0,United Kingdom,1,134.0,2,165.0,243.41000000000003,1.4752121212121214,4.95,25,0.0
13676.0,United Kingdom,1,81.0,2,52.0,121.95,2.3451923076923076,12.75,13,0.5
13677.0,United Kingdom,1,117.0,2,109.0,278.09499999999997,2.5513302752293576,12.75,98,0.0
13678.0,United Kingdom,1,1.0,1,924.0,232.6,0.25173160173160175,0.79,16,0.0
13679.0,United Kingdom,1,243.0,3,34.0,93.75333333333333,2.7574509803921567,7.95,44,0.0
13680.0,United Kingdom,1,735.0,12,437.6666666666667,952.9725,2.1773933739527798,12.75,354,0.08333333333333333
13681.0,United Kingdom,1,139.0,4,90.0,206.9575,2.299527777777778,7.95,37,0.0
13682.0,United Kingdom,1,1.0,1,10.0,59.5,5.95,12.75,3,0.0
13683.0,United Kingdom,1,1.0,1,180.0,258.6,1.4366666666666668,2.95,10,0.0
13684.0,United Kingdom,1,337.0,4,58.75,149.245,2.540340425531915,12.75,81,0.5
13685.0,United Kingdom,1,59.0,7,722.2857142857143,445.63428571428574,0.6169778481012659,1.95,29,0.0
13686.0,United Kingdom,1,220.0,3,126.0,136.34666666666666,1.082116402116402,4.95,27,0.0
13687.0,United Kingdom,1,1.0,1,87167.0,11880.84,0.13629974646368465,0.42,45,0.0
13688.0,United Kingdom,1,1.0,1,130.0,375.5,2.8884615384615384,6.35,5,0.0
13689.0,United Kingdom,1,382.0,2,361.0,629.75,1.744459833795014,1.95,6,0.0
13690.0,United Kingdom,1,1.0,1,67.0,172.25,2.5708955223880596,14.95,9,0.0
13691.0,United Kingdom,1,1.0,1,145.0,212.78,1.467448275862069,7.95,54,0.0
13692.0,United Kingdom,1,397.0,5,420.2,622.88,1.482341742027606,35.95,83,0.6
13693.0,United Kingdom,1,359.0,9,97.77777777777777,223.53555555555556,2.286159090909091,16.95,78,0.4444444444444444
13694.0,United Kingdom,1,733.0,143,1316.090909090909,1368.1167132867133,1.039530555098007,12.75,896,0.14685314685314685
13695.0,United Kingdom,1,547.0,16,111.9375,173.170625,1.5470295924064768,15.0,47,0.0
13696.0,United Kingdom,1,246.0,3,184.0,673.4666666666667,3.660144927536232,14.95,24,0.3333333333333333
13697.0,United Kingdom,1,1.0,1,177.0,151.29999999999998,0.8548022598870055,4.25,12,0.0
13698.0,United Kingdom,1,86.0,2,115.5,232.76500000000001,2.0152813852813853,39.95,31,0.0
13699.0,United Kingdom,1,396.0,2,109.5,382.075,3.489269406392694,14.95,33,0.5
13700.0,United Kingdom,1,645.0,13,216.07692307692307,201.03538461538463,0.9303880384478462,8.5,163,0.07692307692307693
13701.0,United Kingdom,1,1.0,1,80.0,161.0,2.0125,4.95,9,1.0
13702.0,United Kingdom,1,1.0,1,74.0,135.18,1.8267567567567569,4.95,5,0.0
13703.0,United Kingdom,1,98.0,2,64.0,212.78,3.3246875,9.95,36,0.5
13704.0,United Kingdom,1,84.0,9,170.11111111111111,256.4511111111111,1.5075506205094709,16.95,111,0.1111111111111111
13705.0,United Kingdom,1,618.0,7,129.42857142857142,245.31285714285715,1.8953532008830023,165.0,55,0.0
13706.0,United Kingdom,1,325.0,2,150.5,315.585,2.096910299003322,19.95,38,0.0
13707.0,United Kingdom,1,270.0,5,442.0,673.172,1.5230135746606335,35.95,142,0.0
13708.0,United Kingdom,1,1.0,1,306.0,296.88,0.9701960784313726,10.95,49,0.0
13709.0,United Kingdom,1,695.0,18,229.44444444444446,421.7638888888889,1.8381961259079904,25.0,296,0.2222222222222222
13710.0,United Kingdom,1,582.0,3,112.0,169.84,1.5164285714285715,3.75,13,0.0
13711.0,United Kingdom,1,507.0,9,91.0,199.14,2.1883516483516483,15.95,80,0.6666666666666666
13712.0,United Kingdom,1,365.0,2,564.0,383.21,0.6794503546099291,12.75,32,0.0
13713.0,United Kingdom,1,176.0,3,95.33333333333333,247.75333333333333,2.598811188811189,19.95,70,0.0
13714.0,United Kingdom,1,1.0,1,50.0,161.35,3.227,12.75,30,0.0
13715.0,United Kingdom,1,358.0,17,283.94117647058823,482.9788235294117,1.7009819763828464,9.95,277,0.23529411764705882
13716.0,United Kingdom,1,1.0,1,138.0,138.28,1.0020289855072464,4.25,21,0.0
13717.0,United Kingdom,1,454.0,8,268.0,220.4125,0.8224347014925373,16.95,110,0.375
13718.0,United Kingdom,1,50.0,2,86.5,153.275,1.7719653179190753,12.75,9,0.0
13719.0,United Kingdom,1,557.0,11,145.36363636363637,255.9318181818182,1.7606316447779862,25.0,194,0.0
13720.0,United Kingdom,1,139.0,4,125.25,199.975,1.5966067864271456,15.0,42,0.0
13721.0,United Kingdom,1,360.0,2,256.0,370.77,1.4483203125,10.4,41,0.0
13722.0,United Kingdom,1,516.0,10,305.9,563.5409999999999,1.842239293886891,14.95,137,0.1
13723.0,United Kingdom,1,395.0,6,104.83333333333333,201.53333333333333,1.92241653418124,16.95,51,0.0
13724.0,United Kingdom,1,1.0,1,130.0,213.01,1.6385384615384615,7.49,39,0.0
13725.0,United Kingdom,1,260.0,8,100.75,247.57,2.4572704714640197,14.95,95,0.375
13726.0,United Kingdom,1,63.0,2,527.0,539.83,1.0243453510436433,2.55,39,0.0
13727.0,United Kingdom,1,703.0,8,46.25,135.00625,2.9190540540540537,45.95,74,0.125
13728.0,United Kingdom,1,695.0,16,79.3125,178.448125,2.2499369582348305,14.95,75,0.0
13729.0,United Kingdom,1,250.0,3,139.66666666666666,241.57666666666668,1.7296658711217183,14.95,36,0.6666666666666666
13730.0,United Kingdom,1,27.0,2,244.0,376.3,1.5422131147540985,12.75,38,0.0
13731.0,United Kingdom,1,28.0,2,139.0,305.295,2.1963669064748204,14.95,36,0.0
13732.0,United Kingdom,1,1.0,1,498.0,491.86,0.9876706827309237,4.95,33,0.0
13733.0,United Kingdom,1,326.0,2,167.5,243.51500000000001,1.4538208955223881,9.95,28,0.5
13734.0,United Kingdom,1,95.0,4,75.75,1675.4100000000003,22.11762376237624,34.95,24,0.5
13735.0,United Kingdom,1,703.0,13,319.84615384615387,754.8630769230768,2.36008177008177,16.95,362,0.6923076923076923
13736.0,United Kingdom,1,729.0,7,221.71428571428572,395.17285714285714,1.7823518041237114,16.95,325,0.7142857142857143
13737.0,United Kingdom,1,1.0,1,125.0,339.59999999999997,2.7167999999999997,12.75,29,0.0
13738.0,United Kingdom,1,1.0,1,240.0,440.93,1.8372083333333333,14.95,88,0.0
13739.0,United Kingdom,1,510.0,2,38.0,146.1,3.844736842105263,6.95,6,0.0
13740.0,United Kingdom,1,498.0,5,198.2,319.554,1.6122805247225025,16.95,83,0.0
13741.0,United Kingdom,1,147.0,3,72.66666666666667,222.81000000000003,3.066192660550459,12.75,34,0.3333333333333333
13742.0,United Kingdom,1,305.0,12,93.66666666666667,260.91833333333335,2.7856049822064057,16.95,200,0.16666666666666666
13743.0,United Kingdom,1,258.0,7,253.71428571428572,191.65714285714284,0.7554054054054054,1.65,8,0.14285714285714285
13744.0,United Kingdom,1,198.0,2,624.5,578.18,0.9258286629303442,8.5,54,0.0
13745.0,United Kingdom,1,385.0,2,573.0,388.68,0.6783246073298429,8.5,46,1.0
13746.0,United Kingdom,1,1.0,1,83.0,176.69,2.1287951807228915,12.75,9,0.0
13747.0,United Kingdom,1,52.0,2,30.0,84.89999999999999,2.8299999999999996,9.95,4,0.0
13748.0,United Kingdom,1,644.0,9,114.22222222222223,229.3722222222222,2.008122568093385,16.95,40,0.0
13750.0,United Kingdom,1,565.0,11,124.54545454545455,327.47090909090906,2.6293284671532846,8.5,51,0.18181818181818182
13751.0,United Kingdom,1,1.0,1,152.0,296.25,1.949013157894737,7.95,9,0.0
13752.0,United Kingdom,1,404.0,7,143.85714285714286,227.24714285714285,1.5796722939424033,30.0,75,0.0
13753.0,United Kingdom,1,450.0,4,362.5,523.6425,1.4445310344827587,6.75,64,0.0
13754.0,United Kingdom,1,287.0,3,105.0,149.01666666666668,1.4192063492063491,10.95,16,0.0
13755.0,United Kingdom,1,61.0,9,140.44444444444446,240.14999999999998,1.7099287974683544,25.0,232,0.1111111111111111
13756.0,United Kingdom,1,723.0,23,224.04347826086956,377.1608695652174,1.6834271298272852,45.95,142,0.08695652173913043
13757.0,United Kingdom,1,1.0,1,54.0,195.54999999999998,3.621296296296296,12.75,8,0.0
13758.0,United Kingdom,1,728.0,15,311.1333333333333,579.8753333333333,1.8637518748660808,102.84,213,0.26666666666666666
13759.0,United Kingdom,1,39.0,2,143.5,329.705,2.297595818815331,12.75,24,0.0
13760.0,United Kingdom,1,540.0,5,124.6,272.72799999999995,2.1888282504012837,12.75,95,0.2
13761.0,United Kingdom,1,607.0,6,179.83333333333334,325.3616666666667,1.8092400370713624,12.75,118,0.0
13762.0,United Kingdom,1,481.0,5,521.6,494.496,0.948036809815951,2.95,23,0.2
13763.0,United Kingdom,1,373.0,3,1074.6666666666667,1739.1466666666668,1.6183126550868487,8.5,50,1.0
13764.0,United Kingdom,1,573.0,6,349.8333333333333,492.21000000000004,1.4069842782277275,12.75,295,0.0
13765.0,United Kingdom,1,1.0,1,297.0,352.821,1.187949494949495,19.95,17,0.0
13766.0,United Kingdom,1,1.0,1,137.0,190.35,1.3894160583941606,3.75,16,0.0
13767.0,United Kingdom,1,737.0,73,199.93150684931507,464.43246575342465,2.322957862281603,14.95,117,0.3150684931506849
13768.0,United Kingdom,1,5.0,2,186.5,437.985,2.3484450402144774,12.75,30,3.0
13769.0,United Kingdom,1,722.0,20,122.6,273.906,2.2341435562805874,16.95,121,0.45
13770.0,United Kingdom,1,309.0,4,117.0,196.3425,1.6781410256410256,29.95,48,0.0
13771.0,United Kingdom,1,589.0,9,348.8888888888889,636.5355555555556,1.8244649681528662,16.95,182,0.1111111111111111
13772.0,United Kingdom,1,622.0,8,182.0,389.2775,2.1388873626373623,45.95,394,0.125
13773.0,United Kingdom,1,264.0,2,87.0,150.77,1.7329885057471266,6.75,19,0.0
13774.0,United Kingdom,1,1.0,1,192.0,345.0,1.796875,14.95,22,0.0
13775.0,United Kingdom,1,1.0,1,455.0,1049.66,2.306945054945055,12.75,63,0.0
13776.0,United Kingdom,1,1.0,2,1.0,311.99,311.99,311.99,1,3.0
13777.0,United Kingdom,1,738.0,61,380.1639344262295,813.7419672131148,2.1405028029322986,12.75,44,0.19672131147540983
13778.0,United Kingdom,1,463.0,4,127.75,281.1225,2.2005675146771035,12.75,33,0.25
13779.0,United Kingdom,1,1.0,1,53.0,161.13,3.040188679245283,12.75,27,0.0
13780.0,United Kingdom,1,401.0,3,160.33333333333334,245.27333333333334,1.52977130977131,16.95,90,0.0
13781.0,United Kingdom,1,472.0,3,100.0,259.61,2.5961000000000003,12.75,56,0.3333333333333333
13782.0,United Kingdom,1,722.0,13,49.92307692307692,137.97846153846154,2.7638212634822805,18.95,187,0.07692307692307693
13783.0,United Kingdom,1,187.0,4,859.25,385.5225,0.44867326156531856,0.85,4,0.0
13784.0,United Kingdom,1,442.0,14,201.92857142857142,207.87357142857144,1.0294411036434383,12.75,13,0.07142857142857142
13785.0,United Kingdom,1,33.0,4,37.75,135.6225,3.5926490066225165,12.75,26,0.0
13786.0,United Kingdom,1,370.0,6,252.66666666666666,521.4233333333333,2.0636807387862794,12.75,80,0.3333333333333333
13787.0,United Kingdom,1,620.0,6,166.33333333333334,203.75,1.2249498997995991,18.95,71,0.5
13788.0,United Kingdom,1,1.0,1,1.0,3.75,3.75,3.75,1,0.0
13789.0,United Kingdom,1,1.0,1,258.0,239.45999999999998,0.9281395348837208,1.65,18,0.0
13790.0,United Kingdom,1,1.0,1,748.0,348.8,0.4663101604278075,4.25,45,0.0
13791.0,United Kingdom,1,42.0,2,600.0,758.0,1.2633333333333334,1.79,7,0.5
13792.0,United Kingdom,1,357.0,3,52.0,127.98333333333333,2.4612179487179486,12.75,23,0.0
13793.0,United Kingdom,1,1.0,1,52.0,96.0,1.8461538461538463,2.1,7,0.0
13794.0,United Kingdom,1,1.0,1,63.0,126.03,2.0004761904761903,8.95,9,0.0
13795.0,United Kingdom,1,250.0,4,312.5,209.075,0.66904,12.75,23,0.0
13796.0,United Kingdom,1,1.0,1,218.0,289.7,1.3288990825688072,10.95,22,0.0
13797.0,United Kingdom,1,212.0,3,191.0,393.15000000000003,2.0583769633507853,12.75,71,0.3333333333333333
13798.0,United Kingdom,1,731.0,110,438.06363636363636,685.717,1.56533650154606,12.75,168,0.13636363636363635
13799.0,United Kingdom,1,529.0,9,171.0,311.5077777777778,1.8216829109811568,12.75,64,0.4444444444444444
13800.0,United Kingdom,1,428.0,3,297.0,559.8533333333334,1.8850280583613916,15.95,73,0.0
13801.0,United Kingdom,1,1.0,1,168.0,324.8,1.9333333333333333,14.95,23,0.0
13802.0,United Kingdom,1,524.0,19,743.6315789473684,1382.0584210526315,1.8585257272276878,12.75,212,0.2631578947368421
13803.0,United Kingdom,1,364.0,3,277.0,446.30333333333334,1.6112033694344166,9.95,73,0.3333333333333333
13804.0,United Kingdom,1,407.0,9,203.66666666666666,356.5022222222222,1.7504200763775233,16.95,149,0.0
13805.0,United Kingdom,1,78.0,2,950.0,462.3,0.4866315789473684,1.69,10,0.0
13806.0,United Kingdom,1,1.0,1,56.0,256.38,4.578214285714286,12.75,10,0.0
13807.0,United Kingdom,1,369.0,3,38.666666666666664,140.73333333333332,3.639655172413793,18.95,24,0.3333333333333333
13808.0,United Kingdom,1,92.0,5,156.4,349.53200000000004,2.2348593350383634,29.95,70,0.0
13809.0,Cyprus,1,156.0,3,93.66666666666667,226.5666666666667,2.418861209964413,12.75,23,0.0
13810.0,Germany,1,29.0,3,104.0,499.67,4.80451923076923,599.5,32,0.3333333333333333
13811.0,Germany,1,57.0,3,22.666666666666668,271.5,11.977941176470589,222.75,7,0.3333333333333333
13812.0,Germany,1,64.0,3,111.0,179.66666666666666,1.6186186186186187,18.0,33,0.0
13813.0,Germany,1,695.0,8,161.5,345.68375000000003,2.1404566563467493,18.0,84,0.5
13814.0,Germany,1,436.0,3,404.6666666666667,752.44,1.8594069192751237,16.95,56,0.6666666666666666
13815.0,Germany,1,644.0,8,672.625,934.4675,1.389284519606021,34.95,203,0.25
13816.0,Germany,1,42.0,2,134.5,285.835,2.125167286245353,39.95,25,1.0
13817.0,Germany,1,323.0,2,105.5,191.49,1.8150710900473934,18.0,20,0.0
13818.0,United Kingdom,1,1.0,1,60.0,61.28,1.0213333333333334,2.55,5,0.0
13819.0,United Kingdom,1,438.0,6,384.8333333333333,440.39166666666665,1.1443698570809875,12.75,47,0.16666666666666666
13820.0,United Kingdom,1,263.0,3,95.66666666666667,220.21666666666667,2.30191637630662,12.75,68,0.6666666666666666
13821.0,United Kingdom,1,561.0,6,80.5,235.12166666666667,2.920766045548654,39.95,158,0.16666666666666666
13822.0,United Kingdom,1,36.0,2,305.5,316.0,1.0343698854337153,16.65,90,0.0
13823.0,United Kingdom,1,707.0,7,223.42857142857142,486.2071428571429,2.176118925831202,79.95,108,0.14285714285714285
13824.0,United Kingdom,1,606.0,12,120.16666666666667,276.23,2.29872399445215,8.5,59,0.16666666666666666
13825.0,United Kingdom,1,110.0,2,91.0,127.795,1.4043406593406593,5.45,38,0.0
13826.0,United Kingdom,1,1.0,1,82.0,189.5,2.3109756097560976,12.75,10,1.0
13827.0,United Kingdom,1,87.0,3,47.0,137.35,2.9223404255319148,16.95,83,0.0
13828.0,United Kingdom,1,1.0,1,311.0,209.49,0.6736012861736335,4.95,15,0.0
13829.0,United Kingdom,1,1.0,1,12.0,102.0,8.5,8.5,1,1.0
13830.0,United Kingdom,1,1.0,1,47.0,156.85000000000002,3.337234042553192,18.95,11,1.0
13831.0,United Kingdom,1,714.0,18,133.16666666666666,367.53222222222223,2.75994159365874,14.95,121,0.1111111111111111
13832.0,United Kingdom,1,404.0,2,211.0,306.845,1.4542417061611375,8.95,54,0.5
13833.0,United Kingdom,1,246.0,2,122.0,350.68,2.8744262295081966,12.75,43,0.0
13834.0,United Kingdom,1,94.0,2,110.5,162.095,1.466923076923077,16.95,15,0.5
13835.0,United Kingdom,1,621.0,7,74.28571428571429,156.46714285714285,2.1062884615384614,16.95,60,0.14285714285714285
13836.0,United Kingdom,1,16.0,2,136.5,310.185,2.2724175824175825,12.75,29,0.5
13837.0,United Kingdom,1,107.0,2,91.5,135.62,1.4821857923497268,4.65,17,0.0
13838.0,United Kingdom,1,575.0,10,71.1,172.798,2.430351617440225,12.75,328,0.0
13839.0,United Kingdom,1,1.0,1,25.0,139.95000000000002,5.598000000000001,5.95,7,0.0
13840.0,United Kingdom,1,1.0,1,358.0,651.4,1.8195530726256983,8.95,40,0.0
13841.0,United Kingdom,1,1.0,1,100.0,85.0,0.85,0.85,1,0.0
13842.0,United Kingdom,1,604.0,18,150.88888888888889,295.5188888888889,1.958519882179676,24.95,214,0.05555555555555555
13843.0,United Kingdom,1,1.0,1,145.0,319.75,2.2051724137931035,9.95,18,0.0
13844.0,United Kingdom,1,1.0,1,196.0,361.62,1.845,8.25,20,0.0
13845.0,United Kingdom,1,1.0,1,182.0,312.98,1.7196703296703297,3.75,9,0.0
13846.0,United Kingdom,1,376.0,4,176.25,326.9475,1.8550212765957446,16.65,81,0.25
13847.0,United Kingdom,1,1.0,1,96.0,310.72,3.236666666666667,15.95,19,0.0
13848.0,United Kingdom,1,639.0,8,1150.0,376.875,0.32771739130434785,0.85,3,0.0
13849.0,United Kingdom,1,574.0,5,376.6,693.86,1.8424322889006906,15.95,189,0.2
13850.0,United Kingdom,1,1.0,1,944.0,1595.48,1.6901271186440678,12.5,93,1.0
13851.0,United Kingdom,1,585.0,8,315.625,575.8075,1.824340594059406,14.95,111,0.125
13852.0,United Kingdom,1,1.0,1,85.0,187.35000000000002,2.204117647058824,5.95,11,1.0
13853.0,United Kingdom,1,1.0,1,312.0,1090.14,3.494038461538462,14.95,23,1.0
13854.0,United Kingdom,1,693.0,39,93.38461538461539,306.2707692307692,3.2796705107084017,12.75,61,0.15384615384615385
13855.0,United Kingdom,1,232.0,4,143.75,327.58500000000004,2.2788521739130436,9.95,64,0.25
13856.0,United Kingdom,1,452.0,11,100.45454545454545,103.82090909090908,1.0335113122171946,12.75,33,0.36363636363636365
13857.0,United Kingdom,1,179.0,6,130.33333333333334,166.835,1.2800639386189259,19.95,99,0.16666666666666666
13858.0,United Kingdom,1,1.0,1,75.0,216.17,2.8822666666666663,8.5,11,0.0
13859.0,United Kingdom,1,204.0,2,83.5,257.93,3.0889820359281437,16.95,34,0.0
13860.0,United Kingdom,1,86.0,5,118.2,249.18,2.1081218274111677,12.75,58,0.2
13861.0,United Kingdom,1,102.0,2,112.5,136.63,1.214488888888889,12.75,21,0.5
13862.0,United Kingdom,1,372.0,9,214.11111111111111,284.01,1.3264608199273482,8.5,113,0.2222222222222222
13863.0,United Kingdom,1,347.0,4,138.25,309.8875,2.241500904159132,14.95,59,0.5
13864.0,United Kingdom,1,1.0,1,192.0,662.4000000000001,3.4500000000000006,3.45,1,0.0
13865.0,United Kingdom,1,232.0,4,51.0,125.39,2.458627450980392,12.75,26,0.0
13866.0,United Kingdom,1,1.0,1,57.0,145.67000000000002,2.5556140350877197,5.75,7,0.0
13867.0,United Kingdom,1,188.0,3,171.0,338.43,1.9791228070175437,12.75,51,0.0
13868.0,United Kingdom,1,32.0,2,982.0,1596.27,1.625529531568228,12.75,32,0.0
13869.0,United Kingdom,1,569.0,10,435.8,811.1569999999999,1.8613056447911887,19.95,502,0.0
13870.0,United Kingdom,1,668.0,15,229.93333333333334,380.80533333333335,1.6561554073644535,16.95,159,0.2
13871.0,United Kingdom,1,698.0,17,206.0,463.8735294117647,2.2518132495716734,12.75,183,0.23529411764705882
13872.0,United Kingdom,1,199.0,3,113.0,306.52333333333337,2.71259587020649,18.95,51,1.0
13873.0,United Kingdom,1,528.0,8,59.0,129.865,2.201101694915254,16.95,55,0.125
13874.0,United Kingdom,1,316.0,7,123.42857142857143,292.7357142857143,2.371701388888889,35.75,46,0.42857142857142855
13875.0,United Kingdom,1,670.0,14,219.42857142857142,343.88357142857143,1.567177734375,295.0,159,0.0
13876.0,United Kingdom,1,1.0,1,36.0,122.7,3.408333333333333,11.95,7,0.0
13877.0,United Kingdom,1,604.0,3,159.33333333333334,149.89333333333335,0.9407531380753138,14.95,23,0.6666666666666666
13878.0,United Kingdom,1,551.0,4,239.75,618.265,2.5787904066736185,16.95,93,0.0
13879.0,United Kingdom,1,1.0,1,204.0,395.5,1.9387254901960784,9.95,25,0.0
13880.0,United Kingdom,1,542.0,17,149.11764705882354,252.57999999999998,1.6938303747534516,16.95,148,0.0
13881.0,United Kingdom,1,643.0,43,692.0930232558139,1050.6767441860466,1.5181149193548387,19.95,182,0.18604651162790697
13882.0,United Kingdom,1,63.0,5,190.6,238.22600000000003,1.2498740818467997,25.0,54,0.2
13883.0,United Kingdom,1,722.0,15,238.93333333333334,437.3346666666667,1.8303627232142858,16.95,200,0.7333333333333333
13884.0,United Kingdom,1,464.0,10,79.7,188.848,2.369485570890841,12.75,108,0.4
13885.0,United Kingdom,1,12.0,2,91.0,253.4,2.7846153846153845,12.75,28,0.0
13886.0,United Kingdom,1,1.0,1,126.0,243.56,1.933015873015873,12.5,16,0.0
13887.0,United Kingdom,1,1.0,1,147.0,349.55,2.377891156462585,9.95,19,0.0
13888.0,United Kingdom,1,457.0,7,129.0,309.86428571428576,2.4020487264673314,16.95,124,0.0
13889.0,United Kingdom,1,595.0,6,163.16666666666666,331.87166666666667,2.0339427987742593,6.75,57,0.3333333333333333
13890.0,United Kingdom,1,733.0,14,99.42857142857143,209.09857142857143,2.1030028735632187,12.75,100,0.5714285714285714
13891.0,United Kingdom,1,205.0,3,159.66666666666666,287.85333333333335,1.8028392484342382,19.95,97,0.0
13892.0,United Kingdom,1,550.0,6,520.8333333333334,211.27499999999998,0.40564799999999995,2.95,33,0.0
13893.0,United Kingdom,1,1.0,1,190.0,821.1,4.321578947368421,12.75,21,0.0
13894.0,United Kingdom,1,288.0,3,118.0,188.20666666666668,1.5949717514124293,12.75,25,0.6666666666666666
13895.0,United Kingdom,1,709.0,6,343.3333333333333,668.0866666666667,1.945883495145631,79.95,154,0.3333333333333333
13896.0,United Kingdom,1,1.0,1,149.0,388.55,2.607718120805369,12.75,21,0.0
13897.0,United Kingdom,1,628.0,3,273.3333333333333,386.9066666666667,1.4155121951219511,10.95,58,0.0
13898.0,United Kingdom,1,87.0,2,272.0,343.2,1.261764705882353,9.95,43,0.0
13899.0,United Kingdom,1,259.0,2,78.0,194.26,2.49051282051282,12.75,19,0.0
13900.0,United Kingdom,1,442.0,6,156.33333333333334,268.4316666666667,1.7170469083155648,14.95,80,0.16666666666666666
13901.0,United Kingdom,1,632.0,15,222.93333333333334,378.42266666666666,1.69747009569378,59.95,280,0.3333333333333333
13902.0,Denmark,1,93.0,5,44120.0,6819.052000000001,0.15455693563009973,18.0,58,0.6
13903.0,United Kingdom,1,1.0,1,103.0,165.45000000000002,1.6063106796116506,5.95,10,0.0
13904.0,United Kingdom,1,258.0,2,166.0,166.32,1.0019277108433735,2.95,24,0.0
13905.0,United Kingdom,1,1.0,1,135.0,312.65,2.3159259259259257,10.95,12,2.0
13906.0,United Kingdom,1,1.0,1,100.0,42.0,0.42,0.42,1,0.0
13907.0,United Kingdom,1,1.0,1,68.0,136.8,2.011764705882353,2.55,4,0.0
13908.0,United Kingdom,1,198.0,4,369.5,592.3875,1.603213802435724,50.0,104,0.25
13909.0,United Kingdom,1,99.0,2,151.0,143.3,0.9490066225165563,14.95,35,0.0
13911.0,United Kingdom,1,592.0,20,224.35,211.74949999999998,0.9438355248495653,16.95,178,0.1
13912.0,United Kingdom,1,1.0,1,29.0,124.95,4.308620689655172,6.75,7,0.0
13913.0,United Kingdom,1,1.0,1,10.0,42.22,4.2219999999999995,15.95,3,0.0
13914.0,United Kingdom,1,26.0,2,190.0,313.225,1.6485526315789474,12.5,28,0.5
13915.0,United Kingdom,1,1.0,1,24.0,70.80000000000001,2.9500000000000006,2.95,2,1.0
13916.0,United Kingdom,1,213.0,4,168.25,318.9525,1.895705794947994,125.0,72,0.25
13917.0,United Kingdom,1,143.0,2,114.0,136.02,1.1931578947368422,9.95,16,0.0
13918.0,United Kingdom,1,205.0,2,570.0,606.4200000000001,1.0638947368421054,9.95,30,0.0
13919.0,Denmark,1,482.0,4,283.25,340.17,1.200953221535746,18.0,65,0.25
13920.0,United Kingdom,1,132.0,4,443.0,443.67,1.001512415349887,10.95,81,0.25
13921.0,United Kingdom,1,320.0,4,52.5,182.675,3.4795238095238097,16.95,36,0.25
13922.0,United Kingdom,1,117.0,3,155.66666666666666,288.40000000000003,1.852676659528908,12.75,30,0.6666666666666666
13923.0,United Kingdom,1,1.0,1,185.0,351.13,1.898,8.5,20,0.0
13924.0,United Kingdom,1,72.0,6,262.5,306.475,1.1675238095238096,16.95,90,0.8333333333333334
13925.0,United Kingdom,1,43.0,4,82.75,169.5625,2.049093655589124,16.95,28,0.5
13926.0,United Kingdom,1,1.0,1,104.0,223.85000000000002,2.152403846153846,39.95,11,0.0
13927.0,United Kingdom,1,364.0,2,231.5,354.13,1.529719222462203,7.95,37,0.5
13928.0,United Kingdom,1,124.0,4,32.25,116.1425,3.6013178294573645,14.95,23,0.0
13929.0,United Kingdom,1,526.0,11,142.36363636363637,317.6454545454545,2.2312260536398467,12.75,38,0.2727272727272727
13930.0,United Kingdom,1,80.0,2,137.0,168.67,1.2311678832116788,5.75,15,0.0
13931.0,United Kingdom,1,642.0,11,317.09090909090907,477.94363636363636,1.507276376146789,16.95,205,0.09090909090909091
13932.0,United Kingdom,1,1.0,1,72.0,307.4,4.269444444444444,14.95,16,0.0
13933.0,United Kingdom,1,40.0,2,102.5,304.39500000000004,2.969707317073171,7.95,23,0.0
13934.0,United Kingdom,1,1.0,1,390.0,922.1,2.3643589743589746,12.75,31,0.0
13935.0,United Kingdom,1,57.0,3,750.6666666666666,2038.9733333333334,2.7162166962699823,12.75,67,0.0
13936.0,United Kingdom,1,236.0,3,220.33333333333334,313.21999999999997,1.4215733736762481,24.95,56,0.3333333333333333
13937.0,United Kingdom,1,234.0,2,293.5,440.065,1.4993696763202726,12.75,54,0.5
13938.0,United Kingdom,1,1.0,1,70.0,71.66,1.0237142857142856,1.65,7,0.0
13939.0,United Kingdom,1,590.0,7,229.71428571428572,222.99428571428572,0.9707462686567164,12.75,91,0.42857142857142855
13940.0,United Kingdom,1,128.0,4,129.0,209.785,1.6262403100775193,8.5,39,0.0
13941.0,United Kingdom,1,703.0,15,318.8,668.4786666666666,2.0968590547887915,41.75,42,0.13333333333333333
13942.0,United Kingdom,1,1.0,1,1000.0,320.0,0.32,0.32,1,0.0
13943.0,United Kingdom,1,1.0,1,94.0,246.54,2.6227659574468083,12.75,15,0.0
13944.0,United Kingdom,1,1.0,1,153.0,200.43,1.31,3.95,35,0.0
13945.0,United Kingdom,1,86.0,2,206.5,427.075,2.0681598062953994,14.95,49,0.0
13946.0,United Kingdom,1,657.0,6,474.5,312.705,0.6590200210748156,7.65,49,0.16666666666666666
13947.0,United Kingdom,1,1.0,1,44.0,90.6,2.059090909090909,6.75,5,0.0
13948.0,United Kingdom,1,376.0,4,62.0,137.19,2.212741935483871,9.95,23,0.25
13949.0,United Kingdom,1,93.0,6,412.3333333333333,404.55333333333334,0.9811317704122878,6.25,124,0.0
13950.0,United Kingdom,1,236.0,4,80.75,186.265,2.306687306501548,16.95,33,0.25
13951.0,United Kingdom,1,119.0,3,153.0,224.8166666666667,1.4693899782135078,12.75,38,0.0
13952.0,United Kingdom,1,507.0,14,424.7857142857143,915.9657857142857,2.1563008239448465,16.95,238,0.21428571428571427
13953.0,United Kingdom,1,722.0,12,435.3333333333333,553.39,1.271186830015314,5.45,8,0.0
13954.0,United Kingdom,1,70.0,2,75.0,219.96,2.9328000000000003,16.95,24,0.5
13955.0,United Kingdom,1,222.0,3,91.33333333333333,181.72333333333333,1.9896715328467152,12.75,82,0.0
13956.0,United Kingdom,1,267.0,5,98.2,205.28400000000002,2.0904684317718942,29.95,123,0.0
13957.0,United Kingdom,1,242.0,3,52.333333333333336,152.75,2.9187898089171975,9.95,21,0.0
13958.0,United Kingdom,1,356.0,8,283.0,588.6537500000001,2.0800485865724383,16.95,172,0.5
13959.0,United Kingdom,1,433.0,6,116.66666666666667,179.36333333333334,1.5374,10.75,120,0.0
13960.0,United Kingdom,1,51.0,2,71.0,115.11,1.621267605633803,7.08,11,0.0
13961.0,United Kingdom,1,1.0,1,226.0,538.4,2.382300884955752,14.95,19,1.0
13962.0,United Kingdom,1,415.0,3,53.333333333333336,120.93333333333334,2.2675,21.95,23,0.0
13963.0,United Kingdom,1,290.0,17,118.05882352941177,168.26882352941178,1.4252964623816642,19.95,129,0.058823529411764705
13964.0,United Kingdom,1,44.0,2,114.0,219.45,1.9249999999999998,8.5,22,0.5
13965.0,United Kingdom,1,228.0,3,141.66666666666666,332.2033333333333,2.344964705882353,14.95,23,0.6666666666666666
13966.0,United Kingdom,1,1.0,1,772.0,390.86,0.5062953367875648,3.95,21,0.0
13967.0,United Kingdom,1,252.0,2,33.0,83.15,2.51969696969697,9.95,4,0.0
13968.0,United Kingdom,1,1.0,1,174.0,123.66,0.7106896551724138,2.95,8,0.0
13969.0,United Kingdom,1,618.0,35,190.97142857142856,372.808,1.9521663674446441,85.0,472,0.11428571428571428
13970.0,United Kingdom,1,52.0,2,234.5,423.275,1.80501066098081,5.95,10,0.0
13971.0,United Kingdom,1,665.0,14,220.28571428571428,333.3978571428571,1.5134792477302204,15.95,184,0.2857142857142857
13972.0,United Kingdom,1,132.0,2,93.5,95.125,1.017379679144385,7.95,15,0.0
13973.0,United Kingdom,1,1.0,1,109.0,264.7,2.428440366972477,9.95,11,0.0
13974.0,United Kingdom,1,534.0,2,178.0,338.86,1.9037078651685393,9.95,43,1.0
13975.0,United Kingdom,1,645.0,12,327.8333333333333,446.57,1.3621860701576005,12.75,434,0.16666666666666666
13976.0,United Kingdom,1,463.0,4,113.0,298.09000000000003,2.637964601769912,12.75,49,0.0
13977.0,United Kingdom,1,1.0,1,303.0,519.8100000000001,1.7155445544554457,7.95,13,0.0
13978.0,United Kingdom,1,32.0,2,157.5,98.39500000000001,0.6247301587301588,4.95,14,0.0
13979.0,United Kingdom,1,664.0,7,328.0,488.03285714285715,1.4879050522648083,19.95,356,0.5714285714285714
13980.0,United Kingdom,1,597.0,5,95.4,159.98399999999998,1.6769811320754715,16.95,57,0.8
13981.0,United Kingdom,1,1.0,1,234.0,331.14,1.415128205128205,9.95,22,1.0
13982.0,United Kingdom,1,650.0,9,280.8888888888889,446.3322222222222,1.5889992088607594,12.75,123,0.4444444444444444
13983.0,United Kingdom,1,702.0,21,187.47619047619048,322.81380952380954,1.7218923037846077,145.0,238,0.42857142857142855
13984.0,United Kingdom,1,707.0,12,108.41666666666667,157.81666666666666,1.4556495003843197,7.95,53,0.08333333333333333
13985.0,United Kingdom,1,665.0,22,224.45454545454547,455.49363636363637,2.0293357634669906,16.95,149,0.09090909090909091
13986.0,United Kingdom,1,1.0,1,430.0,320.46,0.7452558139534883,3.75,12,0.0
13987.0,United Kingdom,1,22.0,2,246.0,341.27,1.3872764227642276,7.95,46,0.0
13988.0,United Kingdom,1,607.0,8,423.125,594.725,1.4055539143279174,35.95,218,0.375
13989.0,United Kingdom,1,499.0,5,441.4,405.212,0.9180154055278659,14.95,61,0.0
13990.0,United Kingdom,1,1.0,1,190.0,311.3,1.638421052631579,5.95,16,0.0
13991.0,United Kingdom,1,132.0,6,166.33333333333334,142.66166666666666,0.857685370741483,5.75,58,0.16666666666666666
13992.0,United Kingdom,1,434.0,3,51.333333333333336,73.16666666666667,1.4253246753246753,7.95,10,0.0
13993.0,United Kingdom,1,695.0,19,112.36842105263158,356.6163157894737,3.1736346604215457,34.95,110,0.2631578947368421
13994.0,United Kingdom,1,146.0,6,156.66666666666666,385.5233333333333,2.460787234042553,12.75,122,0.0
13995.0,United Kingdom,1,707.0,14,168.5,278.71500000000003,1.6540949554896143,16.95,146,0.2857142857142857
13996.0,United Kingdom,1,14.0,2,306.5,447.88,1.4612724306688418,50.0,29,0.0
13997.0,United Kingdom,1,32.0,3,48.666666666666664,127.43666666666667,2.6185616438356165,15.95,36,0.0
13998.0,United Kingdom,1,131.0,3,68.0,188.9,2.7779411764705886,16.95,30,0.0
13999.0,United Kingdom,1,725.0,29,173.89655172413794,327.6641379310345,1.8842474717430102,12.75,174,0.2413793103448276
14000.0,United Kingdom,1,527.0,5,367.6,409.26800000000003,1.1133514689880306,6.95,28,0.6
14001.0,United Kingdom,1,449.0,9,197.66666666666666,469.87222222222226,2.3770938729623388,12.75,60,0.1111111111111111
14002.0,United Kingdom,1,23.0,2,438.5,264.865,0.6040250855188142,16.95,47,0.0
14003.0,United Kingdom,1,1.0,1,149.0,209.41,1.4054362416107382,8.5,16,0.0
14004.0,United Kingdom,1,393.0,11,311.3636363636364,568.9499999999999,1.8272846715328466,14.95,127,0.0
14005.0,United Kingdom,1,207.0,5,495.6,574.944,1.160096852300242,12.75,53,0.0
14006.0,United Kingdom,1,538.0,7,311.57142857142856,313.81,1.0071847776249427,15.95,55,0.0
14007.0,United Kingdom,1,1.0,1,16.0,79.48,4.9675,9.95,5,0.0
14008.0,United Kingdom,1,1.0,1,326.0,509.03999999999996,1.5614723926380367,4.95,32,1.0
14009.0,United Kingdom,1,265.0,3,317.0,366.6366666666667,1.1565825446898004,8.5,71,0.3333333333333333
14010.0,United Kingdom,1,1.0,2,88.5,222.575,2.5149717514124292,5.45,20,0.5
14011.0,United Kingdom,1,128.0,2,322.0,228.91,0.7109006211180124,6.75,32,0.5
14012.0,United Kingdom,1,1.0,1,160.0,328.8,2.055,5.45,11,0.0
14013.0,United Kingdom,1,514.0,5,155.0,216.914,1.3994451612903225,12.75,56,0.2
14014.0,United Kingdom,1,500.0,3,668.0,649.4033333333333,0.9721606786427146,16.95,76,0.0
14015.0,United Kingdom,1,1.0,1,378.0,917.34,2.426825396825397,5.95,20,0.0
14016.0,EIRE,1,540.0,11,520.1818181818181,1036.6736363636364,1.99290632645928,65.0,354,0.18181818181818182
14017.0,United Kingdom,1,1.0,1,73.0,229.75,3.1472602739726026,12.75,14,0.0
14018.0,United Kingdom,1,1.0,1,224.0,367.15000000000003,1.6390625,7.49,13,0.0
14019.0,United Kingdom,1,93.0,3,345.6666666666667,473.86999999999995,1.3708871745419478,12.75,37,0.3333333333333333
14020.0,United Kingdom,1,514.0,4,162.0,312.2525,1.9274845679012345,12.75,63,0.25
14021.0,United Kingdom,1,438.0,7,125.42857142857143,245.22571428571428,1.9551025056947606,16.95,84,0.0
14022.0,United Kingdom,1,262.0,2,340.5,396.075,1.163215859030837,8.5,45,0.0
14023.0,United Kingdom,1,244.0,2,172.5,292.035,1.6929565217391305,9.95,30,0.0
14024.0,United Kingdom,1,270.0,3,79.33333333333333,215.24666666666667,2.7131932773109244,12.75,33,0.0
14025.0,United Kingdom,1,120.0,8,240.0,507.2375,2.1134895833333336,79.95,60,0.25
14026.0,United Kingdom,1,156.0,2,213.5,356.555,1.6700468384074942,7.49,43,0.0
14027.0,United Kingdom,1,1.0,1,62.0,104.82,1.6906451612903224,4.95,6,0.0
14028.0,United Kingdom,1,1.0,3,2390.0,3465.5,1.45,1.45,3,0.6666666666666666
14029.0,United Kingdom,1,82.0,2,99.0,233.83,2.361919191919192,12.75,15,0.0
14030.0,United Kingdom,1,712.0,20,212.65,379.2895,1.7836327298377617,165.0,591,0.1
14031.0,United Kingdom,1,730.0,44,314.1363636363636,888.6159090909091,2.8287585009405296,12.75,280,0.25
14032.0,United Kingdom,1,724.0,16,233.75,284.150625,1.2156176470588236,8.95,79,0.5625
14033.0,United Kingdom,1,1.0,1,576.0,109.44,0.19,0.19,1,0.0
14034.0,United Kingdom,1,136.0,3,141.0,217.2733333333333,1.5409456264775412,21.95,82,0.3333333333333333
14035.0,United Kingdom,1,585.0,9,157.66666666666666,317.4133333333333,2.0131923890063423,15.0,70,0.2222222222222222
14036.0,United Kingdom,1,1.0,1,268.0,626.65,2.3382462686567163,12.75,38,0.0
14037.0,United Kingdom,1,557.0,6,98.33333333333333,139.49166666666667,1.4185593220338983,7.95,96,0.16666666666666666
14038.0,United Kingdom,1,596.0,5,341.6,613.976,1.7973536299765809,10.95,99,0.6
14039.0,United Kingdom,1,543.0,2,96.0,133.64000000000001,1.3920833333333336,7.95,10,0.0
14040.0,United Kingdom,1,699.0,35,144.11428571428573,361.30199999999996,2.5070519429024585,19.95,335,0.2
14041.0,United Kingdom,1,1.0,1,94.0,141.41,1.5043617021276596,4.95,21,0.0
14042.0,United Kingdom,1,1.0,1,180.0,431.98,2.399888888888889,14.95,21,0.0
14043.0,United Kingdom,1,239.0,2,76.5,152.125,1.988562091503268,8.95,37,0.5
14044.0,United Kingdom,1,659.0,10,212.6,312.31,1.469002822201317,49.95,533,0.1
14045.0,United Kingdom,1,592.0,16,278.8125,686.664375,2.4628177538668456,8.5,16,0.1875
14046.0,United Kingdom,1,1.0,1,460.0,154.99,0.3369347826086957,3.75,14,0.0
14047.0,United Kingdom,1,669.0,14,110.07142857142857,283.43642857142856,2.575022712524335,9.95,91,0.35714285714285715
14048.0,United Kingdom,1,78.0,3,155.66666666666666,249.56333333333336,1.6031905781584583,39.95,126,0.3333333333333333
14049.0,United Kingdom,1,602.0,13,662.2307692307693,1018.3869230769232,1.5378127540945523,125.0,573,0.38461538461538464
14050.0,United Kingdom,1,76.0,2,344.5,373.18,1.0832510885341073,4.95,49,0.0
14051.0,United Kingdom,1,737.0,37,154.94594594594594,589.4751351351351,3.8043921158206877,15.0,82,0.13513513513513514
14052.0,United Kingdom,1,372.0,2,93.5,240.405,2.5711764705882354,16.95,115,0.0
14053.0,United Kingdom,1,363.0,4,122.5,143.075,1.1679591836734693,1.95,3,0.0
14054.0,United Kingdom,1,1.0,1,62.0,92.46,1.491290322580645,1.65,6,0.0
14055.0,United Kingdom,1,618.0,3,240.0,506.9866666666667,2.1124444444444443,12.75,33,0.0
14056.0,United Kingdom,1,284.0,23,185.7826086956522,357.1586956521739,1.9224549496840626,12.75,320,0.2608695652173913
14057.0,United Kingdom,1,714.0,22,294.77272727272725,382.22,1.2966599845797995,12.75,244,0.045454545454545456
14058.0,United Kingdom,1,69.0,2,105.5,234.595,2.223649289099526,12.75,23,0.0
14059.0,United Kingdom,1,1.0,1,128.0,183.6,1.434375,4.95,8,0.0
14060.0,United Kingdom,1,635.0,30,247.3,296.608,1.199385361908613,9.95,100,0.06666666666666667
14061.0,United Kingdom,1,232.0,3,44.333333333333336,305.81,6.89796992481203,21.95,17,0.0
14062.0,United Kingdom,1,721.0,24,533.2916666666666,1066.8416666666667,2.0004844128447536,9.95,141,0.125
14063.0,United Kingdom,1,294.0,9,427.77777777777777,2523.355555555556,5.898753246753247,10468.8,30,0.4444444444444444
14064.0,United Kingdom,1,659.0,15,265.1333333333333,222.16133333333335,0.8379230575810913,9.95,131,0.4
14065.0,United Kingdom,1,43.0,3,194.0,297.00666666666666,1.5309621993127147,12.75,42,0.3333333333333333
14066.0,United Kingdom,1,1.0,1,45.0,152.55,3.39,12.75,7,0.0
14067.0,United Kingdom,1,34.0,2,180.5,187.35,1.0379501385041552,18.95,51,0.0
14068.0,United Kingdom,1,358.0,4,128.25,382.09250000000003,2.9792787524366475,12.75,93,0.25
14069.0,United Kingdom,1,48.0,2,29.5,115.03,3.8993220338983052,16.95,37,0.0
14070.0,United Kingdom,1,1.0,1,86.0,326.55,3.797093023255814,29.95,40,0.0
14071.0,United Kingdom,1,262.0,8,124.375,179.8525,1.4460502512562814,16.95,271,0.125
14072.0,United Kingdom,1,1.0,1,65.0,390.85,6.013076923076923,12.75,19,0.0
14073.0,United Kingdom,1,1.0,1,130.0,151.04,1.1618461538461538,5.75,13,1.0
14074.0,United Kingdom,1,1.0,1,228.0,219.39999999999998,0.9622807017543858,1.25,6,0.0
14075.0,United Kingdom,1,538.0,6,249.0,289.145,1.1612248995983936,39.95,59,0.0
14076.0,United Kingdom,1,1.0,1,81.0,122.47,1.5119753086419754,16.95,43,0.0
14077.0,United Kingdom,1,356.0,6,62.666666666666664,102.51333333333334,1.6358510638297874,9.95,43,0.0
14078.0,United Kingdom,1,521.0,9,65.44444444444444,172.9322222222222,2.642427843803056,14.95,107,0.0
14079.0,United Kingdom,1,559.0,2,151.0,309.365,2.048774834437086,243.63,13,0.0
14080.0,United Kingdom,1,706.0,5,53.6,223.13600000000002,4.1629850746268655,45.95,74,0.2
14081.0,United Kingdom,1,428.0,10,346.0,494.658,1.4296473988439307,16.95,465,0.6
14082.0,United Kingdom,1,29.0,2,123.0,206.68,1.6803252032520326,7.95,48,0.0
14083.0,United Kingdom,1,718.0,11,71.54545454545455,99.79272727272728,1.3948157560355783,16.95,169,0.0
14084.0,United Kingdom,1,1.0,1,306.0,150.5,0.4918300653594771,1.65,7,0.0
14085.0,United Kingdom,1,730.0,33,195.6969696969697,296.87636363636364,1.5170207494580366,16.95,479,0.030303030303030304
14086.0,United Kingdom,1,1.0,1,1.0,39.95,39.95,39.95,1,0.0
14087.0,United Kingdom,1,734.0,3,242.33333333333334,282.0733333333333,1.1639889958734526,16.95,175,0.6666666666666666
14088.0,United Kingdom,1,412.0,16,954.75,4002.3,4.191987431264729,110.0,436,0.25
14089.0,United Kingdom,1,1.0,1,134.0,161.0,1.2014925373134329,8.25,13,0.0
14090.0,United Kingdom,1,1.0,1,72.0,76.32000000000001,1.06,1.06,1,0.0
14091.0,United Kingdom,1,45.0,2,1658.0,4765.04,2.873968636911942,5.95,13,0.0
14092.0,United Kingdom,1,717.0,24,150.25,301.2270833333333,2.004839156960621,14.95,169,0.125
14093.0,United Kingdom,1,1.0,1,406.0,442.85,1.0907635467980297,5.95,95,0.0
14094.0,United Kingdom,1,1.0,1,177.0,335.22,1.893898305084746,14.95,41,1.0
14095.0,United Kingdom,1,1.0,1,1.0,2.95,2.95,2.95,1,0.0
14096.0,United Kingdom,1,98.0,17,961.8823529411765,3833.2229411764706,3.9851265900195694,1599.26,1119,1.0
14097.0,United Kingdom,1,165.0,2,176.0,211.43,1.2013068181818183,14.95,39,0.0
14098.0,United Kingdom,1,1.0,1,104.0,147.35,1.416826923076923,4.25,21,0.0
14099.0,United Kingdom,1,714.0,20,183.5,288.2855,1.5710381471389645,16.95,273,0.1
14100.0,United Kingdom,1,1.0,1,64.0,194.9,3.0453125,7.95,24,0.0
14101.0,United Kingdom,1,549.0,13,810.9230769230769,766.3023076923077,0.9449753367482452,3.75,19,0.07692307692307693
14102.0,United Kingdom,1,40.0,5,192.2,272.056,1.415483870967742,12.5,35,0.6
14104.0,United Kingdom,1,407.0,5,101.8,154.316,1.5158742632612967,85.0,117,0.0
14105.0,United Kingdom,1,483.0,5,706.8,1197.766,1.6946321448783248,12.75,200,0.8
14106.0,United Kingdom,1,1.0,1,24.0,214.79999999999998,8.95,8.95,1,0.0
14107.0,United Kingdom,1,680.0,11,317.1818181818182,443.39090909090913,1.3979077099455433,12.75,102,0.18181818181818182
14108.0,United Kingdom,1,709.0,4,168.25,261.24,1.5526894502228827,16.65,49,0.25
14109.0,United Kingdom,1,1.0,1,88.0,144.2,1.6386363636363634,6.65,9,1.0
14110.0,United Kingdom,1,736.0,33,176.87878787878788,393.57424242424247,2.22510707555251,9.95,177,0.06060606060606061
14111.0,United Kingdom,1,228.0,4,114.5,173.2125,1.5127729257641922,15.0,10,0.25
14112.0,United Kingdom,1,633.0,13,272.2307692307692,448.8146153846154,1.6486549872845437,12.5,199,1.0769230769230769
14113.0,United Kingdom,1,729.0,16,214.9375,443.28812500000004,2.0624047688281477,12.75,76,0.9375
14114.0,United Kingdom,1,334.0,7,92.85714285714286,194.86999999999998,2.0986,16.95,72,0.0
14115.0,United Kingdom,1,166.0,2,254.5,311.33500000000004,1.2233202357563853,12.75,22,0.0
14116.0,United Kingdom,1,103.0,5,141.4,276.548,1.9557850070721359,12.75,61,0.0
14117.0,United Kingdom,1,1.0,1,72.0,90.0,1.25,1.25,3,0.0
14118.0,United Kingdom,1,1.0,1,97.0,458.45,4.7262886597938145,9.95,15,0.0
14119.0,United Kingdom,1,344.0,2,88.5,91.685,1.0359887005649717,9.95,11,0.5
14121.0,United Kingdom,1,57.0,4,520.5,695.0375,1.335326609029779,25.0,148,0.5
14122.0,United Kingdom,1,332.0,3,38.0,120.80666666666667,3.179122807017544,14.95,12,0.6666666666666666
14123.0,United Kingdom,1,1.0,1,234.0,436.18,1.8640170940170941,12.75,24,0.0
14124.0,United Kingdom,1,1.0,1,1618.0,419.58000000000004,0.2593201483312732,0.75,4,0.0
14125.0,United Kingdom,1,69.0,3,546.6666666666666,913.4766666666666,1.6709939024390243,25.0,159,0.0
14126.0,United Kingdom,1,438.0,4,221.75,293.115,1.321826381059752,15.0,37,0.25
14127.0,United Kingdom,1,304.0,6,138.0,316.68,2.294782608695652,39.95,96,0.0
14128.0,United Kingdom,1,492.0,3,271.3333333333333,308.07,1.1353931203931205,12.5,50,0.3333333333333333
14129.0,United Kingdom,1,579.0,9,157.11111111111111,287.9266666666667,1.8326308345120228,5.75,40,0.0
14130.0,United Kingdom,1,410.0,4,309.75,470.6675,1.5195076674737693,19.95,189,0.0
14131.0,United Kingdom,1,1.0,1,118.0,187.87,1.5921186440677966,5.95,45,0.0
14132.0,United Kingdom,1,182.0,11,306.1818181818182,326.00272727272727,1.0647357482185273,11.95,100,0.09090909090909091
14133.0,United Kingdom,1,605.0,4,99.5,227.785,2.2892964824120603,45.95,33,0.5
14134.0,United Kingdom,1,348.0,15,387.6,741.5566666666667,1.913200894392845,125.0,130,0.0
14135.0,United Kingdom,1,737.0,24,355.5833333333333,368.31958333333336,1.0358179048511835,12.75,138,0.041666666666666664
14136.0,United Kingdom,1,332.0,5,229.6,314.162,1.368301393728223,12.75,86,0.4
14137.0,United Kingdom,1,1.0,1,462.0,332.7,0.7201298701298701,1.65,11,1.0
14138.0,United Kingdom,1,63.0,2,305.0,491.19000000000005,1.610459016393443,4.95,40,0.0
14139.0,United Kingdom,1,497.0,4,262.25,271.7,1.0360343183984746,11.95,48,0.0
14140.0,United Kingdom,1,29.0,2,405.5,467.525,1.1529593094944512,12.75,60,0.5
14141.0,United Kingdom,1,104.0,4,88.75,228.7825,2.577830985915493,12.75,27,0.5
14142.0,United Kingdom,1,274.0,2,259.0,335.67,1.296023166023166,12.75,42,1.0
14143.0,United Kingdom,1,1.0,1,30.0,115.8,3.86,8.5,7,0.0
14144.0,United Kingdom,1,1.0,1,12.0,30.599999999999998,2.55,2.55,1,0.0
14145.0,United Kingdom,1,565.0,7,236.42857142857142,1085.7214285714285,4.592175226586103,12.75,11,0.14285714285714285
14146.0,United Kingdom,1,688.0,12,481.6666666666667,787.525,1.6349999999999998,16.95,337,0.08333333333333333
14147.0,United Kingdom,1,563.0,9,110.55555555555556,287.79999999999995,2.6032160804020097,9.95,24,0.3333333333333333
14148.0,United Kingdom,1,182.0,2,111.5,233.145,2.090986547085202,12.75,15,0.0
14149.0,United Kingdom,1,1.0,1,218.0,446.62,2.0487155963302754,12.75,28,2.0
14150.0,United Kingdom,1,325.0,2,248.0,329.32,1.3279032258064516,6.25,23,0.0
14151.0,United Kingdom,1,44.0,2,202.5,339.725,1.6776543209876544,12.75,44,0.5
14152.0,United Kingdom,1,585.0,7,263.42857142857144,285.3342857142857,1.0831561822125813,4.95,104,0.2857142857142857
14153.0,United Kingdom,1,1.0,1,312.0,233.4,0.7480769230769231,1.65,17,0.0
14154.0,United Kingdom,1,457.0,8,402.75,807.5875,2.005183116076971,195.0,236,0.25
14155.0,United Kingdom,1,1.0,1,25.0,118.75,4.75,5.95,6,0.0
14156.0,EIRE,1,730.0,156,1054.128205128205,2010.4113461538461,1.9071791612950304,2736.16,1446,0.2948717948717949
14157.0,United Kingdom,1,628.0,5,108.0,200.556,1.8570000000000002,9.95,75,0.2
14158.0,United Kingdom,1,1.0,1,781.0,507.65999999999997,0.6500128040973111,9.95,41,0.0
14159.0,United Kingdom,1,718.0,20,329.65,396.9005,1.2040057636887609,19.95,706,0.25
14160.0,United Kingdom,1,89.0,7,665.8571428571429,1203.0671428571427,1.8067946792533789,8.95,80,0.0
14161.0,United Kingdom,1,512.0,7,213.57142857142858,433.67571428571426,2.030588628762542,14.95,202,0.0
14162.0,United Kingdom,1,120.0,2,71.0,144.68,2.0377464788732396,12.75,25,0.0
14163.0,United Kingdom,1,376.0,5,190.0,518.924,2.731178947368421,32.95,42,0.0
14164.0,United Kingdom,1,11.0,2,516.5,815.885,1.5796418199419167,2.95,28,0.0
14165.0,United Kingdom,1,1.0,1,54.0,122.53999999999999,2.2692592592592593,12.75,23,0.0
14166.0,United Kingdom,1,122.0,2,42.0,128.425,3.0577380952380957,9.95,39,0.0
14167.0,United Kingdom,1,643.0,8,43.75,162.06125,3.7042571428571427,9.95,48,0.0
14168.0,United Kingdom,1,145.0,2,73.5,185.225,2.5200680272108844,9.95,11,0.5
14169.0,United Kingdom,1,15.0,2,104.0,312.21500000000003,3.002067307692308,15.95,50,0.0
14170.0,United Kingdom,1,21.0,3,96.66666666666667,199.11,2.059758620689655,18.95,123,0.0
14171.0,United Kingdom,1,633.0,2,105.5,249.395,2.3639336492890997,12.75,61,0.0
14172.0,United Kingdom,1,38.0,3,29.333333333333332,134.23999999999998,4.576363636363636,16.95,38,0.3333333333333333
14173.0,United Kingdom,1,721.0,6,32.333333333333336,97.66666666666667,3.020618556701031,16.95,30,0.16666666666666666
14174.0,United Kingdom,1,1.0,1,94.0,134.46,1.4304255319148937,9.95,26,0.0
14175.0,United Kingdom,1,569.0,8,376.125,959.86,2.5519707544034564,16.95,237,1.125
14176.0,United Kingdom,1,85.0,5,53.0,151.292,2.8545660377358493,9.95,33,0.2
14177.0,United Kingdom,1,566.0,13,80.61538461538461,171.48769230769233,2.127232824427481,12.75,141,0.07692307692307693
14178.0,United Kingdom,1,175.0,7,215.0,231.5614285714286,1.077029900332226,10.0,191,0.0
14179.0,United Kingdom,1,13.0,2,165.0,359.89,2.181151515151515,12.75,135,0.0
14180.0,United Kingdom,1,539.0,33,25.666666666666668,185.37878787878788,7.2225501770956315,165.0,125,0.2727272727272727
14181.0,United Kingdom,1,153.0,2,61.0,155.275,2.5454918032786886,12.75,48,0.0
14182.0,United Kingdom,1,154.0,4,43.5,169.6925,3.900977011494253,12.75,42,0.25
14183.0,United Kingdom,1,71.0,2,30.5,143.145,4.6932786885245905,9.95,27,0.0
14184.0,United Kingdom,1,1.0,1,127.0,452.89,3.566062992125984,12.5,24,0.0
14185.0,United Kingdom,1,1.0,1,6.0,197.65,32.94166666666667,165.0,3,0.0
14186.0,United Kingdom,1,218.0,5,310.0,310.12600000000003,1.0004064516129032,5.95,75,0.0
14187.0,United Kingdom,1,1.0,1,50.0,123.5,2.47,12.75,8,0.0
14188.0,United Kingdom,1,281.0,6,193.66666666666666,342.3933333333334,1.7679518072289158,8.5,34,0.6666666666666666
14189.0,United Kingdom,1,387.0,16,274.5,343.946875,1.2529940801457193,39.95,199,0.5625
14190.0,United Kingdom,1,1.0,1,2.0,79.9,39.95,39.95,1,0.0
14191.0,United Kingdom,1,728.0,15,248.26666666666668,321.1773333333333,1.2936788399570354,8.25,147,0.13333333333333333
14192.0,United Kingdom,1,1.0,1,218.0,293.74,1.3474311926605504,3.75,14,0.0
14193.0,United Kingdom,1,330.0,3,217.66666666666666,403.3966666666667,1.8532771822358347,7.95,49,0.0
14194.0,United Kingdom,1,699.0,36,278.80555555555554,518.6275,1.8601763475141975,20.8,432,0.5
14195.0,United Kingdom,1,434.0,6,357.3333333333333,435.93333333333334,1.2199626865671642,12.75,10,0.6666666666666666
14196.0,United Kingdom,1,1.0,1,142.0,335.52,2.3628169014084506,8.5,6,0.0
14197.0,United Kingdom,1,1.0,1,143.0,390.05,2.7276223776223776,16.95,20,0.0
14198.0,United Kingdom,1,686.0,9,69.22222222222223,174.41444444444446,2.5196308186195826,29.95,58,0.4444444444444444
14199.0,United Kingdom,1,313.0,4,63.5,272.925,4.298031496062992,12.75,15,0.5
14200.0,United Kingdom,1,1.0,1,140.0,379.2,2.7085714285714286,9.95,21,0.0
14201.0,United Kingdom,1,529.0,10,80.6,119.354,1.480818858560794,9.95,47,0.2
14202.0,United Kingdom,1,244.0,3,55.333333333333336,282.58666666666664,5.106987951807229,24.95,27,0.0
14203.0,United Kingdom,1,1.0,1,80.0,339.34,4.24175,10.95,16,0.0
14204.0,United Kingdom,1,736.0,4,123.0,265.74,2.160487804878049,12.75,186,0.0
14205.0,United Kingdom,1,627.0,9,149.11111111111111,268.2444444444444,1.798956780923994,14.95,79,0.3333333333333333
14206.0,United Kingdom,1,164.0,3,310.0,395.00333333333333,1.2742043010752688,12.75,62,0.6666666666666666
14207.0,United Kingdom,1,1.0,1,36.0,157.8,4.383333333333334,4.65,2,0.0
14208.0,United Kingdom,1,458.0,2,264.5,283.525,1.0719281663516067,10.65,34,0.0
14209.0,United Kingdom,1,677.0,15,115.93333333333334,332.8846666666667,2.871345600920069,24.95,133,0.26666666666666666
14210.0,United Kingdom,1,598.0,16,156.9375,347.28562500000004,2.2128912783751495,16.95,143,0.3125
14211.0,United Kingdom,1,678.0,18,143.05555555555554,244.57166666666666,1.7096271844660194,12.75,155,0.4444444444444444
14212.0,United Kingdom,1,357.0,2,1023.0,1095.07,1.0704496578690126,4.95,18,0.0
14213.0,United Kingdom,1,1.0,1,244.0,1192.2,4.886065573770492,7.65,5,1.0
14214.0,United Kingdom,1,248.0,5,150.2,200.876,1.3373901464713716,16.95,64,0.4
14215.0,United Kingdom,1,721.0,9,242.33333333333334,361.1477777777778,1.4902934433745987,39.95,167,0.1111111111111111
14216.0,United Kingdom,1,412.0,5,142.4,430.008,3.0197191011235955,25.0,65,0.2
14217.0,United Kingdom,1,527.0,23,53.47826086956522,143.41695652173914,2.681780487804878,18.95,122,0.43478260869565216
14218.0,United Kingdom,1,1.0,1,160.0,169.48000000000002,1.05925,2.95,12,0.0
14219.0,United Kingdom,1,490.0,3,121.0,211.27666666666667,1.7460881542699727,14.95,39,0.0
14220.0,United Kingdom,1,323.0,4,117.0,378.75,3.2371794871794872,10.95,26,0.0
14221.0,United Kingdom,1,571.0,17,224.0,383.38176470588235,1.7115257352941176,24.95,166,0.11764705882352941
14222.0,United Kingdom,1,1.0,1,607.0,683.17,1.125485996705107,9.95,41,0.0
14223.0,United Kingdom,1,173.0,3,195.0,330.37666666666667,1.6942393162393163,12.75,50,0.3333333333333333
14224.0,United Kingdom,1,435.0,9,95.88888888888889,210.8777777777778,2.199188876013905,125.0,189,0.0
14225.0,United Kingdom,1,263.0,4,292.0,509.255,1.7440239726027398,14.95,70,0.25
14226.0,United Kingdom,1,414.0,6,287.6666666666667,500.4216666666667,1.7395886442641948,16.95,89,0.5
14227.0,United Kingdom,1,644.0,15,269.8666666666667,424.5806666666667,1.5732979249011858,14.95,246,0.4666666666666667
14228.0,United Kingdom,1,110.0,3,86.66666666666667,248.5,2.8673076923076923,39.95,38,0.0
14229.0,United Kingdom,1,421.0,7,133.42857142857142,370.57714285714286,2.7773447537473235,19.95,41,0.5714285714285714
14230.0,United Kingdom,1,114.0,3,82.0,326.6,3.982926829268293,12.75,27,0.0
14231.0,United Kingdom,1,268.0,4,152.5,308.90500000000003,2.025606557377049,39.95,66,0.5
14232.0,United Kingdom,1,223.0,5,388.2,409.61400000000003,1.05516228748068,12.75,81,0.6
14233.0,United Kingdom,1,596.0,7,180.14285714285714,414.8957142857143,2.303148295003965,12.75,42,0.42857142857142855
14234.0,United Kingdom,1,36.0,4,240.75,193.865,0.8052544132917965,7.5,122,0.0
14235.0,United Kingdom,1,545.0,9,334.8888888888889,524.2211111111111,1.5653583278035832,12.75,107,0.1111111111111111
14236.0,United Kingdom,1,426.0,5,154.8,311.068,2.0094832041343667,9.95,39,0.4
14237.0,United Kingdom,1,218.0,2,119.0,235.57,1.979579831932773,16.95,26,0.5
14238.0,United Kingdom,1,409.0,3,63.0,144.7433333333333,2.2975132275132273,9.95,13,0.0
14239.0,United Kingdom,1,692.0,21,82.33333333333333,203.00809523809525,2.4656853672643146,16.95,97,0.14285714285714285
14240.0,United Kingdom,1,394.0,3,218.33333333333334,415.83,1.9045648854961832,18.95,46,0.0
14241.0,United Kingdom,1,514.0,2,121.0,166.85000000000002,1.3789256198347108,4.95,12,0.0
14242.0,United Kingdom,1,92.0,2,61.5,140.275,2.2808943089430893,12.75,13,0.0
14243.0,United Kingdom,1,469.0,17,213.58823529411765,424.5735294117647,1.9878132745800055,19.95,235,0.35294117647058826
14244.0,United Kingdom,1,1.0,1,814.0,366.41999999999996,0.4501474201474201,5.95,16,1.0
14245.0,United Kingdom,1,45.0,2,488.0,846.725,1.7350922131147541,14.95,107,1.5
14246.0,United Kingdom,1,136.0,3,268.0,491.3533333333333,1.833407960199005,12.75,57,0.0
14247.0,United Kingdom,1,274.0,5,76.4,154.53199999999998,2.0226701570680627,14.95,82,0.2
14248.0,United Kingdom,1,198.0,3,230.66666666666666,344.31666666666666,1.4927023121387284,12.75,41,0.0
14249.0,United Kingdom,1,270.0,12,207.25,468.7884166666667,2.2619465219139525,49.95,178,0.0
14250.0,United Kingdom,1,83.0,3,400.0,634.6833333333333,1.5867083333333334,8.5,94,0.0
14251.0,United Kingdom,1,57.0,5,334.8,575.9399999999999,1.7202508960573475,5.95,37,0.0
14252.0,United Kingdom,1,1.0,1,111.0,350.99,3.162072072072072,110.0,10,0.0
14253.0,United Kingdom,1,131.0,2,44.0,181.70000000000002,4.129545454545455,12.75,11,0.0
14254.0,United Kingdom,1,1.0,1,263.0,601.03,2.2852851711026614,7.95,23,0.0
14255.0,United Kingdom,1,1.0,1,1.0,1000.63,1000.63,1000.63,1,3.0
14256.0,United Kingdom,1,435.0,5,234.2,494.79800000000006,2.1127156276686594,21.95,100,0.8
14257.0,United Kingdom,1,585.0,9,370.22222222222223,661.6055555555555,1.7870498199279712,35.95,167,0.1111111111111111
14258.0,United Kingdom,1,727.0,25,700.48,1282.0536,1.8302501142074006,14.95,97,0.28
14259.0,United Kingdom,1,1.0,1,68.0,120.0,1.7647058823529411,7.95,5,0.0
14260.0,United Kingdom,1,78.0,3,181.33333333333334,274.76,1.515220588235294,16.95,50,0.0
14261.0,United Kingdom,1,29.0,2,203.0,581.725,2.86564039408867,12.75,52,0.0
14262.0,United Kingdom,1,233.0,8,205.625,327.27875,1.591629179331307,8.5,87,0.0
14263.0,United Kingdom,1,1.0,1,171.0,322.93,1.8884795321637426,5.95,16,0.0
14264.0,United Kingdom,1,458.0,6,92.16666666666667,252.89333333333335,2.7438698010849913,35.95,59,0.3333333333333333
14265.0,Unspecified,1,504.0,4,178.75,343.3375,1.9207692307692306,16.95,74,0.0
14266.0,United Kingdom,1,1.0,1,24.0,40.56,1.6900000000000002,1.69,1,0.0
14267.0,United Kingdom,1,99.0,3,176.66666666666666,505.41333333333336,2.860830188679245,14.95,25,2.0
14268.0,United Kingdom,1,1.0,1,147.0,354.85,2.4139455782312926,7.95,19,0.0
14269.0,United Kingdom,1,1.0,1,123.0,295.73,2.404308943089431,9.95,16,1.0
14270.0,United Kingdom,1,1.0,1,197.0,492.65000000000003,2.500761421319797,12.75,29,0.0
14271.0,United Kingdom,1,185.0,2,74.5,109.565,1.4706711409395974,9.95,38,0.0
14272.0,United Kingdom,1,510.0,4,274.25,230.2025,0.8393892433910665,12.75,62,0.0
14273.0,United Kingdom,1,192.0,4,66.0,139.9925,2.121098484848485,5.95,22,0.0
14274.0,United Kingdom,1,1.0,1,178.0,256.6,1.4415730337078654,4.25,15,0.0
14275.0,United Kingdom,1,213.0,6,89.66666666666667,198.23,2.2107434944237916,4.65,14,0.0
14276.0,United Kingdom,1,563.0,7,200.85714285714286,300.3828571428571,1.4955049786628734,14.95,75,0.8571428571428571
14277.0,France,1,712.0,9,9979.333333333334,1913.978888888889,0.19179426370053668,354.45,334,0.5555555555555556
14278.0,United Kingdom,1,1.0,1,131.0,205.83,1.5712213740458016,12.75,13,0.0
14279.0,United Kingdom,1,162.0,2,23.0,95.93,4.170869565217392,5.95,3,0.0
14280.0,United Kingdom,1,1.0,1,52.0,134.04,2.5776923076923075,12.75,8,0.0
14281.0,United Kingdom,1,1.0,1,45.0,245.15,5.447777777777778,10.95,7,0.0
14282.0,United Kingdom,1,660.0,25,207.12,291.14639999999997,1.4056894553881807,3.75,100,0.04
14283.0,United Kingdom,1,107.0,4,137.5,157.10999999999999,1.1426181818181818,8.5,36,0.0
14284.0,United Kingdom,1,624.0,3,170.0,433.2166666666667,2.5483333333333333,16.95,59,0.3333333333333333
14285.0,United Kingdom,1,711.0,8,119.25,410.5525,3.4427882599580713,16.95,48,0.125
14286.0,United Kingdom,1,713.0,7,1256.4285714285713,1211.3942857142858,0.9641569073337124,8.5,270,0.7142857142857143
14287.0,United Kingdom,1,191.0,3,87.0,58.876666666666665,0.6767432950191571,4.95,9,0.3333333333333333
14288.0,United Kingdom,1,1.0,1,188.0,426.6,2.269148936170213,12.75,16,1.0
14289.0,United Kingdom,1,282.0,6,48.666666666666664,151.87666666666667,3.120753424657534,12.75,33,0.0
14290.0,United Kingdom,1,721.0,8,200.0,564.57,2.8228500000000003,39.95,120,0.75
14291.0,United Kingdom,1,730.0,23,267.2173913043478,343.6565217391304,1.2860559713634885,16.95,241,0.08695652173913043
14292.0,United Kingdom,1,624.0,16,214.3125,576.640625,2.6906532516768737,16.95,120,0.6875
14293.0,United Kingdom,1,727.0,9,173.11111111111111,322.5566666666667,1.8632926829268295,16.95,88,0.1111111111111111
14294.0,United Kingdom,1,1.0,1,190.0,375.34,1.9754736842105263,8.5,23,0.0
14295.0,United Kingdom,1,692.0,5,205.8,472.582,2.2963168124392612,10.95,66,0.6
14296.0,United Kingdom,1,154.0,2,157.0,228.20000000000002,1.453503184713376,12.75,27,0.5
14297.0,United Kingdom,1,258.0,4,216.25,326.3325,1.5090520231213873,9.95,48,0.5
14298.0,United Kingdom,1,721.0,82,1222.8292682926829,1112.1279268292683,0.9094711385032711,110.0,1370,0.024390243902439025
14299.0,United Kingdom,1,730.0,27,301.3333333333333,521.1203703703703,1.7293817600786627,15.95,164,0.5185185185185185
14300.0,United Kingdom,1,1.0,1,32.0,43.2,1.35,1.65,3,0.0
14301.0,United Kingdom,1,550.0,4,421.5,498.045,1.1816014234875445,14.95,37,0.75
14302.0,United Kingdom,1,308.0,3,99.33333333333333,247.63333333333335,2.4929530201342285,7.95,25,0.0
14303.0,United Kingdom,1,28.0,2,109.0,138.97,1.274954128440367,2.95,21,0.0
14304.0,United Kingdom,1,349.0,3,258.3333333333333,575.0033333333333,2.2258193548387095,15.95,69,0.6666666666666666
14305.0,United Kingdom,1,65.0,3,363.0,619.6533333333333,1.7070339761248852,15.0,96,0.6666666666666666
14306.0,United Kingdom,1,627.0,6,344.1666666666667,525.2333333333333,1.5261016949152544,12.5,43,0.16666666666666666
14307.0,United Kingdom,1,645.0,10,281.6,428.79200000000003,1.5226988636363636,16.95,205,0.1
14308.0,United Kingdom,1,1.0,2,1.0,573.51,573.51,849.45,1,1.5
14309.0,United Kingdom,1,543.0,11,234.8181818181818,343.71,1.4637282229965156,16.95,125,0.09090909090909091
14310.0,United Kingdom,1,1.0,1,230.0,492.1,2.1395652173913042,4.25,22,0.0
14311.0,United Kingdom,1,326.0,2,117.5,258.225,2.1976595744680854,14.95,31,0.5
14312.0,United Kingdom,1,459.0,11,173.0909090909091,280.93545454545455,1.6230514705882353,39.95,148,0.0
14314.0,United Kingdom,1,325.0,2,166.0,114.9,0.6921686746987952,3.95,10,0.5
14315.0,United Kingdom,1,591.0,8,168.0,399.7275,2.3793303571428575,24.95,83,0.25
14316.0,United Kingdom,1,209.0,5,898.8,274.068,0.30492656875834445,3.75,21,0.2
14317.0,United Kingdom,1,1.0,1,255.0,508.58000000000004,1.9944313725490197,12.5,24,0.0
14318.0,United Kingdom,1,1.0,1,152.0,158.02,1.0396052631578947,3.95,9,0.0
14319.0,United Kingdom,1,1.0,1,329.0,494.85,1.5041033434650457,4.95,26,1.0
14320.0,United Kingdom,1,482.0,5,142.6,269.35,1.8888499298737729,19.95,68,0.4
14321.0,United Kingdom,1,464.0,7,467.85714285714283,316.86571428571426,0.6772702290076336,16.95,162,0.14285714285714285
14322.0,United Kingdom,1,231.0,4,39.5,118.525,3.000632911392405,12.75,10,0.5
14323.0,United Kingdom,1,125.0,2,175.0,302.53000000000003,1.7287428571428574,12.75,32,1.0
14324.0,United Kingdom,1,285.0,2,201.0,350.805,1.7452985074626866,8.5,41,0.0
14325.0,United Kingdom,1,1.0,1,320.0,245.48000000000002,0.7671250000000001,2.95,18,0.0
14326.0,United Kingdom,1,291.0,3,190.66666666666666,313.66,1.64506993006993,10.95,54,0.3333333333333333
14327.0,United Kingdom,1,538.0,6,216.0,315.82166666666666,1.4621373456790123,9.95,99,0.0
14328.0,United Kingdom,1,1.0,1,1.0,445.05,445.05,445.05,1,2.0
14329.0,United Kingdom,1,707.0,15,394.73333333333335,661.8146666666667,1.6766120587738556,19.95,349,0.8666666666666667
14330.0,United Kingdom,1,1.0,1,103.0,200.63,1.9478640776699028,7.49,13,0.0
14331.0,United Kingdom,1,12.0,2,126.0,231.32999999999998,1.8359523809523808,8.5,27,0.0
14332.0,United Kingdom,1,395.0,5,178.6,388.702,2.1763829787234044,6.75,47,0.0
14333.0,United Kingdom,1,1.0,1,58.0,415.2,7.158620689655172,12.5,15,1.0
14334.0,United Kingdom,1,553.0,12,248.83333333333334,359.8733333333333,1.4462424648359007,12.75,148,0.16666666666666666
14335.0,Germany,1,81.0,2,189.5,234.13,1.2355145118733508,8.5,55,0.0
14336.0,United Kingdom,1,261.0,4,439.75,403.7275,0.9180841387151791,9.95,77,0.0
14338.0,United Kingdom,1,376.0,3,207.33333333333334,309.3666666666667,1.4921221864951768,12.75,43,0.6666666666666666
14339.0,United Kingdom,1,187.0,2,228.0,310.135,1.3602412280701754,4.95,21,1.5
14340.0,United Kingdom,1,1.0,1,58.0,134.7,2.322413793103448,6.75,6,0.0
14341.0,United Kingdom,1,694.0,18,156.61111111111111,248.18444444444444,1.5847179851010995,16.95,185,0.1111111111111111
14342.0,United Kingdom,1,452.0,6,86.83333333333333,153.07333333333335,1.762840690978887,16.95,27,0.5
14343.0,United Kingdom,1,270.0,4,157.75,272.2275,1.7256893819334391,9.95,193,0.0
14344.0,United Kingdom,1,500.0,20,77.3,149.6525,1.9359961190168178,39.95,140,0.0
14345.0,United Kingdom,1,1.0,1,50.0,108.97999999999999,2.1795999999999998,5.95,6,0.0
14346.0,United Kingdom,1,378.0,5,375.6,463.15,1.2330937167199147,85.0,123,0.0
14347.0,United Kingdom,1,1.0,1,48.0,82.6,1.7208333333333332,7.95,6,0.0
14348.0,United Kingdom,1,1.0,1,183.0,409.57,2.238087431693989,9.95,18,0.0
14349.0,United Kingdom,1,1.0,1,86.0,133.5,1.552325581395349,8.5,31,0.0
14350.0,United Kingdom,1,157.0,3,181.0,324.01,1.790110497237569,39.95,55,0.3333333333333333
14351.0,United Kingdom,1,1.0,1,12.0,51.0,4.25,4.25,1,0.0
14352.0,United Kingdom,1,117.0,4,134.5,269.74,2.0055018587360594,15.95,44,0.0
14353.0,United Kingdom,1,217.0,3,114.66666666666667,125.5,1.0944767441860466,9.95,18,0.0
14354.0,United Kingdom,1,26.0,2,105.0,81.81,0.7791428571428571,2.89,9,0.0
14355.0,United Kingdom,1,263.0,3,205.66666666666666,280.0166666666667,1.3615072933549435,7.95,57,0.0
14356.0,United Kingdom,1,3.0,2,138.5,350.615,2.5315162454873645,14.95,33,1.0
14357.0,United Kingdom,1,1.0,1,148.0,225.77,1.525472972972973,9.95,39,0.0
14358.0,United Kingdom,1,40.0,2,169.0,200.03,1.1836094674556212,6.75,21,0.5
14359.0,United Kingdom,1,69.0,3,123.66666666666667,304.06,2.4587061994609165,16.95,44,1.0
14360.0,United Kingdom,1,64.0,4,287.75,532.0575,1.8490269331016507,16.95,104,0.0
14361.0,United Kingdom,1,1.0,1,251.0,214.70999999999998,0.855418326693227,12.75,14,0.0
14362.0,United Kingdom,1,1.0,1,100.0,161.2,1.6119999999999999,12.75,37,0.0
14363.0,United Kingdom,1,50.0,2,52.5,113.73500000000001,2.1663809523809525,12.75,8,0.0
14364.0,United Kingdom,1,104.0,8,245.875,464.66875,1.8898576512455516,12.75,61,0.0
14365.0,United Kingdom,1,288.0,2,278.5,317.34,1.1394614003590664,9.95,50,0.0
14366.0,United Kingdom,1,1.0,1,16.0,136.0,8.5,8.5,1,0.0
14367.0,United Kingdom,1,269.0,16,277.375,578.845,2.086867958539883,12.5,270,0.1875
14368.0,United Kingdom,1,1.0,1,36.0,155.0,4.305555555555555,14.95,8,0.0
14369.0,United Kingdom,1,20.0,2,127.5,234.565,1.8397254901960785,9.95,24,0.0
14370.0,United Kingdom,1,227.0,6,44.333333333333336,195.96333333333334,4.420225563909774,19.95,37,0.5
14371.0,United Kingdom,1,1.0,1,34.0,100.5,2.9558823529411766,4.95,4,0.0
14372.0,United Kingdom,1,157.0,2,189.0,430.04,2.2753439153439157,12.75,36,0.5
14373.0,United Kingdom,1,1.0,1,17.0,76.55,4.502941176470588,24.95,4,0.0
14374.0,United Kingdom,1,1.0,1,20.0,108.0,5.4,15.95,7,0.0
14375.0,United Kingdom,1,357.0,3,219.66666666666666,377.66333333333336,1.719256449165402,19.95,176,0.0
14376.0,United Kingdom,1,1.0,1,50.0,215.46,4.309200000000001,6.75,17,0.0
14377.0,United Kingdom,1,72.0,2,109.5,308.525,2.817579908675799,35.95,11,0.0
14378.0,United Kingdom,1,1.0,1,57.0,131.25,2.3026315789473686,12.75,9,0.0
14379.0,United Kingdom,1,437.0,4,178.25,317.2275,1.7796774193548388,26.95,93,0.0
14380.0,United Kingdom,1,1.0,1,1.0,48.96,48.96,48.96,1,1.0
14381.0,United Kingdom,1,400.0,2,226.5,315.67,1.3936865342163356,5.95,104,0.0
14382.0,United Kingdom,1,365.0,2,850.5,623.4,0.7329805996472663,15.95,227,0.5
14383.0,United Kingdom,1,126.0,3,272.3333333333333,415.8966666666667,1.5271603427172584,12.75,49,0.0
14384.0,United Kingdom,1,1.0,1,30.0,58.5,1.95,1.95,3,0.0
14385.0,United Kingdom,1,15.0,3,53.0,67.37,1.2711320754716982,4.95,13,0.0
14386.0,United Kingdom,1,1.0,1,54.0,142.4,2.6370370370370373,8.5,7,0.0
14387.0,United Kingdom,1,78.0,3,273.0,590.1866666666666,2.161855921855922,20.8,125,0.0
14388.0,United Kingdom,1,679.0,16,261.875,399.2625,1.5246300715990453,12.75,184,0.25
14389.0,United Kingdom,1,526.0,5,277.6,379.602,1.367442363112392,12.5,48,1.2
14390.0,United Kingdom,1,416.0,13,218.15384615384616,475.0869230769231,2.1777609308885757,39.95,197,0.38461538461538464
14391.0,United Kingdom,1,1.0,1,168.0,135.6,0.8071428571428572,0.85,14,0.0
14392.0,United Kingdom,1,1.0,1,114.0,266.4,2.3368421052631576,9.95,14,0.0
14393.0,United Kingdom,1,1.0,1,13.0,67.95,5.226923076923077,6.65,5,0.0
14394.0,United Kingdom,1,1.0,1,58.0,93.8,1.6172413793103448,8.5,6,0.0
14395.0,United Kingdom,1,599.0,20,194.9,394.9665,2.0265084658799384,12.75,320,0.2
14396.0,United Kingdom,1,673.0,7,140.42857142857142,287.36857142857144,2.0463682604272635,12.75,202,0.0
14397.0,United Kingdom,1,212.0,19,99.47368421052632,137.52421052631578,1.3825185185185185,7.95,18,0.21052631578947367
14398.0,United Kingdom,1,127.0,2,133.5,353.89500000000004,2.6508988764044945,12.75,50,0.0
14399.0,United Kingdom,1,281.0,8,121.0,264.145,2.1830165289256196,9.95,119,0.125
14400.0,United Kingdom,1,483.0,3,568.6666666666666,577.49,1.0155158264947246,5.45,71,0.6666666666666666
14401.0,United Kingdom,1,722.0,22,290.95454545454544,308.9045454545454,1.0616934853929072,12.5,171,0.13636363636363635
14402.0,United Kingdom,1,1.0,1,240.0,285.6,1.1900000000000002,1.25,8,0.0
14403.0,United Kingdom,1,510.0,6,122.83333333333333,313.41833333333335,2.55157394843962,12.75,20,0.5
14404.0,United Kingdom,1,687.0,13,123.0,212.74076923076925,1.7295997498436524,79.95,123,0.15384615384615385
14405.0,United Kingdom,1,1.0,1,100.0,195.0,1.95,1.95,2,0.0
14406.0,United Kingdom,1,1.0,1,77.0,156.75,2.0357142857142856,9.95,8,0.0
14407.0,United Kingdom,1,170.0,6,235.83333333333334,359.62166666666667,1.5248975265017668,16.95,67,0.5
14408.0,United Kingdom,1,723.0,11,222.1818181818182,373.6154545454546,1.681575286415712,9.95,63,0.0
14409.0,United Kingdom,1,497.0,9,248.11111111111111,380.81,1.5348365427675772,35.95,76,0.1111111111111111
14410.0,United Kingdom,1,346.0,11,125.36363636363636,241.01272727272726,1.9225090645395213,12.75,307,0.5454545454545454
14411.0,United Kingdom,1,1.0,1,196.0,1063.0,5.423469387755102,14.95,14,0.0
14412.0,United Kingdom,1,383.0,3,476.0,475.3966666666667,0.9987324929971989,12.75,75,0.3333333333333333
14413.0,United Kingdom,1,328.0,4,70.0,192.5925,2.7513214285714285,342.8,93,0.0
14414.0,United Kingdom,1,284.0,8,359.625,299.91625,0.8339694125825512,39.95,99,0.125
14415.0,United Kingdom,1,723.0,23,274.0869565217391,525.7217391304348,1.9180837563451778,39.95,445,0.391304347826087
14416.0,United Kingdom,1,21.0,2,163.0,245.11,1.5037423312883436,3.75,13,0.0
14417.0,United Kingdom,1,1.0,1,567.0,604.2,1.0656084656084657,14.95,106,0.0
14418.0,United Kingdom,1,106.0,3,570.3333333333334,645.75,1.1322326125073057,39.95,114,0.0
14419.0,United Kingdom,1,373.0,7,79.42857142857143,180.13000000000002,2.267823741007194,9.95,118,0.0
14420.0,United Kingdom,1,593.0,4,280.0,409.7925,1.463544642857143,16.95,85,0.75
14421.0,United Kingdom,1,635.0,6,223.66666666666666,411.56166666666667,1.8400670640834575,12.75,72,0.16666666666666666
14422.0,United Kingdom,1,723.0,19,319.3157894736842,540.6063157894737,1.6930146695236525,24.95,317,0.10526315789473684
14423.0,United Kingdom,1,477.0,3,139.66666666666666,305.53666666666663,2.187613365155131,4.95,12,0.3333333333333333
14424.0,United Kingdom,1,1.0,1,48.0,322.08,6.71,6.71,1,0.0
14425.0,United Kingdom,1,304.0,3,108.33333333333333,220.46333333333334,2.035046153846154,5.95,35,0.6666666666666666
14426.0,United Kingdom,1,623.0,17,413.11764705882354,689.8788235294118,1.6699330770326073,59.95,452,0.5882352941176471
14427.0,United Kingdom,1,582.0,4,134.5,315.88,2.3485501858736058,295.0,43,0.0
14428.0,United Kingdom,1,319.0,5,87.2,248.96599999999998,2.855114678899082,25.0,108,0.4
14429.0,United Kingdom,1,1.0,1,286.0,516.28,1.805174825174825,8.5,22,0.0
14430.0,United Kingdom,1,97.0,3,148.66666666666666,406.9666666666667,2.737443946188341,12.75,29,0.6666666666666666
14431.0,United Kingdom,1,386.0,4,300.5,653.55,2.174875207986689,12.75,72,0.25
14432.0,United Kingdom,1,81.0,6,345.0,375.91833333333335,1.0896183574879228,9.95,256,0.0
14433.0,United Kingdom,1,1.0,1,134.0,289.6,2.1611940298507464,9.95,72,0.0
14434.0,United Kingdom,1,52.0,6,61.333333333333336,228.79999999999998,3.7304347826086954,7.08,3,0.0
14435.0,United Kingdom,1,1.0,1,282.0,90.41999999999999,0.3206382978723404,1.25,3,0.0
14436.0,United Kingdom,1,456.0,2,148.5,135.85000000000002,0.914814814814815,12.5,11,0.0
14437.0,United Kingdom,1,219.0,5,85.2,179.168,2.102910798122066,16.95,34,0.4
14438.0,United Kingdom,1,1.0,1,82.0,131.9,1.6085365853658538,1.95,9,0.0
14439.0,Greece,1,369.0,5,448.8,1888.6080000000002,4.20812834224599,34.95,105,0.0
14440.0,United Kingdom,1,730.0,13,123.46153846153847,460.1561538461538,3.727121495327103,14.95,63,0.15384615384615385
14441.0,United Kingdom,1,691.0,11,114.54545454545455,419.2445454545455,3.660071428571429,18.95,103,0.7272727272727273
14442.0,Channel Islands,1,487.0,7,204.42857142857142,766.7171428571428,3.7505380852550663,145.0,128,0.7142857142857143
14443.0,United Kingdom,1,327.0,5,271.4,416.59400000000005,1.5349815770081063,35.95,119,0.6
14444.0,United Kingdom,1,1.0,1,180.0,132.04,0.7335555555555555,2.1,11,0.0
14445.0,United Kingdom,1,1.0,1,83.0,221.65,2.6704819277108434,5.95,32,0.0
14446.0,United Kingdom,1,387.0,5,223.2,248.262,1.1122849462365592,12.5,259,0.0
14447.0,United Kingdom,1,383.0,6,152.16666666666666,285.28833333333336,1.8748411829134721,9.95,81,0.0
14448.0,United Kingdom,1,356.0,2,52.0,187.675,3.6091346153846158,9.95,20,0.0
14449.0,United Kingdom,1,419.0,8,204.5,284.07,1.3890953545232274,12.5,301,0.0
14450.0,United Kingdom,1,431.0,7,74.57142857142857,161.2057142857143,2.16176245210728,5.75,47,0.0
14451.0,United Kingdom,1,632.0,12,146.41666666666666,275.73083333333335,1.8831929425156517,19.95,245,0.5
14452.0,United Kingdom,1,512.0,4,72.25,166.3975,2.3030795847750865,16.95,108,0.0
14453.0,United Kingdom,1,1.0,1,49.0,119.93,2.4475510204081634,9.95,22,0.0
14454.0,United Kingdom,1,358.0,5,80.0,195.45999999999998,2.44325,16.95,93,0.2
14455.0,United Kingdom,1,64.0,4,179.75,157.0525,0.8737273991655077,7.95,65,0.25
14456.0,United Kingdom,1,138.0,9,323.1111111111111,340.26666666666665,1.0530949105914718,12.75,580,0.5555555555555556
14457.0,United Kingdom,1,1.0,1,88.0,113.64,1.2913636363636363,2.1,4,0.0
14458.0,United Kingdom,1,1.0,1,328.0,237.42,0.7238414634146341,4.95,46,0.0
14459.0,United Kingdom,1,497.0,2,1151.5,2687.8705,2.3342340425531916,14.95,113,0.5
14460.0,United Kingdom,1,615.0,9,208.77777777777777,121.5,0.5819584885577435,7.95,33,0.3333333333333333
14461.0,United Kingdom,1,543.0,13,232.84615384615384,516.4230769230769,2.2178724810042945,19.95,515,0.07692307692307693
14462.0,United Kingdom,1,367.0,12,89.33333333333333,189.16750000000002,2.117546641791045,19.95,182,0.3333333333333333
14463.0,United Kingdom,1,402.0,4,52.5,196.64249999999998,3.745571428571428,15.0,7,0.0
14464.0,United Kingdom,1,60.0,2,31.0,55.5,1.7903225806451613,5.95,4,0.0
14465.0,United Kingdom,1,456.0,11,231.45454545454547,358.73,1.549893951296151,14.95,128,0.0
14466.0,United Kingdom,1,698.0,13,192.84615384615384,328.2423076923077,1.7020941364180293,14.95,77,0.0
14467.0,United Kingdom,1,721.0,12,99.66666666666667,185.0825,1.8570150501672242,14.95,144,0.0
14468.0,United Kingdom,1,1.0,1,164.0,204.24,1.2453658536585366,12.75,12,0.0
14469.0,United Kingdom,1,264.0,4,245.0,528.0525,2.1553163265306123,24.95,120,0.0
14470.0,United Kingdom,1,420.0,3,94.0,237.34666666666666,2.524964539007092,25.0,56,0.0
14471.0,United Kingdom,1,142.0,2,93.5,200.475,2.1441176470588235,10.65,38,0.0
14472.0,United Kingdom,1,587.0,9,145.0,247.57999999999998,1.7074482758620688,24.95,173,0.0
14473.0,United Kingdom,1,209.0,2,44.0,117.17,2.6629545454545456,8.5,7,0.0
14474.0,United Kingdom,1,534.0,2,226.5,639.04,2.8213686534216333,16.65,122,0.5
14475.0,United Kingdom,1,338.0,4,135.25,287.7875,2.127818853974122,9.95,40,0.75
14476.0,United Kingdom,1,1.0,1,132.0,215.7,1.634090909090909,9.95,17,0.0
14477.0,United Kingdom,1,686.0,7,160.0,281.37142857142857,1.7585714285714285,2.08,7,0.42857142857142855
14478.0,United Kingdom,1,357.0,4,306.5,319.165,1.041321370309951,19.95,59,0.0
14479.0,United Kingdom,1,481.0,4,140.5,281.1775,2.0012633451957296,15.95,127,0.0
14480.0,United Kingdom,1,708.0,4,167.5,324.88,1.9395820895522389,15.95,52,0.25
14481.0,United Kingdom,1,514.0,5,316.8,462.29800000000006,1.4592739898989902,12.75,114,0.2
14482.0,United Kingdom,1,453.0,12,240.91666666666666,363.15916666666664,1.5074057419578,16.65,185,0.16666666666666666
14483.0,United Kingdom,1,456.0,2,96.5,128.55,1.3321243523316064,2.95,13,0.5
14484.0,United Kingdom,1,673.0,4,186.0,267.745,1.439489247311828,7.95,47,0.0
14485.0,United Kingdom,1,1.0,1,71.0,165.75,2.334507042253521,9.95,44,0.0
14486.0,United Kingdom,1,43.0,2,45.0,87.75,1.95,1.95,4,0.0
14487.0,United Kingdom,1,354.0,7,114.28571428571429,189.78714285714287,1.6606375,21.95,129,0.14285714285714285
14488.0,United Kingdom,1,1.0,1,799.0,1064.28,1.3320150187734667,11.95,46,1.0
14489.0,United Kingdom,1,406.0,4,252.75,393.7325,1.557794263105836,21.95,65,0.0
14490.0,United Kingdom,1,23.0,2,466.5,636.735,1.36491961414791,8.5,72,0.0
14491.0,United Kingdom,1,198.0,2,69.5,170.465,2.4527338129496403,12.75,17,0.0
14492.0,United Kingdom,1,190.0,7,107.28571428571429,274.55857142857144,2.5591344873502,12.75,70,0.42857142857142855
14493.0,United Kingdom,1,635.0,10,318.3,513.015,1.6117342130065975,79.95,292,0.4
14494.0,United Kingdom,1,707.0,3,70.0,133.82,1.9117142857142857,3.81,17,0.0
14495.0,United Kingdom,1,610.0,3,22.666666666666668,58.26666666666667,2.570588235294118,8.5,7,0.3333333333333333
14496.0,United Kingdom,1,323.0,7,129.28571428571428,337.6985714285714,2.6120331491712707,19.95,64,0.42857142857142855
14497.0,United Kingdom,1,365.0,2,166.0,348.53000000000003,2.099578313253012,12.75,40,0.5
14498.0,United Kingdom,1,509.0,10,212.2,391.127,1.8431998114985861,85.0,276,0.0
14499.0,United Kingdom,1,444.0,7,178.57142857142858,305.56714285714287,1.7111760000000003,12.75,199,0.42857142857142855
14500.0,United Kingdom,1,102.0,3,39.0,118.95,3.0500000000000003,12.75,6,0.0
14501.0,United Kingdom,1,137.0,2,80.5,125.605,1.5603105590062112,6.45,9,0.5
14502.0,United Kingdom,1,295.0,11,136.1818181818182,224.60636363636365,1.6493124165554072,16.95,368,0.2727272727272727
14503.0,United Kingdom,1,176.0,6,334.0,590.5433333333334,1.7680938123752497,15.95,113,0.0
14504.0,United Kingdom,1,232.0,4,77.0,168.315,2.185909090909091,12.75,85,0.0
14505.0,United Kingdom,1,714.0,19,283.3157894736842,631.6757894736842,2.2295820174623815,49.95,898,0.42105263157894735
14506.0,United Kingdom,1,583.0,7,138.0,431.5671428571428,3.1272981366459627,14.95,251,0.0
14507.0,United Kingdom,1,707.0,11,139.63636363636363,298.58454545454543,2.13830078125,16.95,182,0.2727272727272727
14508.0,United Kingdom,1,519.0,5,71.8,174.988,2.437158774373259,14.95,142,0.2
14509.0,United Kingdom,1,1.0,1,38.0,110.95,2.919736842105263,9.95,25,0.0
14510.0,United Kingdom,1,62.0,3,273.6666666666667,335.76,1.2268940316686967,9.95,67,0.3333333333333333
14511.0,United Kingdom,1,123.0,5,156.8,262.962,1.6770535714285713,25.0,53,0.2
14512.0,United Kingdom,1,546.0,7,106.0,174.78142857142856,1.6488814016172506,24.95,55,0.0
14513.0,United Kingdom,1,469.0,6,98.83333333333333,131.335,1.3288532883642497,4.95,15,0.16666666666666666
14514.0,United Kingdom,1,666.0,9,277.3333333333333,510.99777777777786,1.8425400641025642,14.95,212,0.1111111111111111
14515.0,United Kingdom,1,534.0,12,159.75,312.43833333333333,1.9557955138236829,19.95,109,0.25
14516.0,United Kingdom,1,1.0,1,68.0,163.92,2.4105882352941173,8.5,35,0.0
14517.0,United Kingdom,1,109.0,2,45.5,165.225,3.6313186813186813,12.75,17,0.0
14518.0,United Kingdom,1,1.0,1,278.0,174.37,0.6272302158273382,16.95,16,0.0
14519.0,United Kingdom,1,46.0,2,41.0,103.045,2.513292682926829,6.75,38,0.0
14520.0,United Kingdom,1,290.0,2,73.0,135.3,1.8534246575342468,8.25,3,0.0
14521.0,United Kingdom,1,1.0,1,211.0,199.45,0.9452606635071089,12.75,17,1.0
14522.0,United Kingdom,1,661.0,8,121.0,219.8275,1.8167561983471072,7.49,34,0.0
14523.0,United Kingdom,1,1.0,1,251.0,241.09,0.9605179282868526,12.5,12,0.0
14524.0,United Kingdom,1,386.0,13,90.46153846153847,225.67000000000002,2.4946513605442178,85.0,250,0.0
14525.0,United Kingdom,1,708.0,17,307.94117647058823,484.74352941176465,1.5741432664756445,24.95,340,0.23529411764705882
14526.0,United Kingdom,1,1.0,1,179.0,262.4,1.465921787709497,7.95,41,0.0
14527.0,United Kingdom,1,736.0,122,54.540983606557376,223.56532786885248,4.099033663961527,49.95,607,0.5573770491803278
14528.0,United Kingdom,1,1.0,1,278.0,364.22,1.3101438848920863,8.5,18,0.0
14529.0,United Kingdom,1,51.0,3,116.0,206.67999999999998,1.7817241379310345,14.95,177,0.0
14530.0,United Kingdom,1,663.0,16,188.375,387.3375,2.0562043795620437,24.95,269,0.1875
14531.0,United Kingdom,1,1.0,1,260.0,376.34,1.4474615384615384,10.95,29,0.0
14532.0,United Kingdom,1,463.0,11,101.36363636363636,350.83454545454543,3.46114798206278,16.95,209,0.09090909090909091
14533.0,United Kingdom,1,587.0,11,548.9090909090909,315.12454545454545,0.5740924147068566,12.75,74,0.36363636363636365
14534.0,United Kingdom,1,633.0,26,109.84615384615384,241.19653846153844,2.195766806722689,19.95,437,0.46153846153846156
14535.0,United Kingdom,1,594.0,9,360.0,670.0811111111111,1.8613364197530866,15.95,589,0.2222222222222222
14536.0,United Kingdom,1,1.0,1,40.0,171.8,4.295,12.75,18,0.0
14537.0,United Kingdom,1,567.0,2,114.0,320.7,2.813157894736842,10.95,23,0.5
14538.0,United Kingdom,1,620.0,5,56.8,274.168,4.826901408450705,45.95,45,0.0
14539.0,United Kingdom,1,30.0,2,214.0,268.74,1.2557943925233646,8.5,31,0.0
14540.0,United Kingdom,1,724.0,11,147.1818181818182,345.0309090909091,2.344249536751081,24.95,197,0.09090909090909091
14541.0,United Kingdom,1,644.0,14,80.64285714285714,178.54857142857142,2.2140655447298494,10.95,99,0.0
14542.0,United Kingdom,1,1.0,1,19.0,103.25,5.434210526315789,5.95,5,0.0
14543.0,United Kingdom,1,711.0,39,69.15384615384616,382.22487179487183,5.527167222840193,44.95,106,0.28205128205128205
14544.0,United Kingdom,1,447.0,3,812.6666666666666,994.1433333333333,1.2233100902379,16.95,148,0.0
14545.0,United Kingdom,1,1.0,1,236.0,349.25,1.4798728813559323,6.75,23,0.0
14546.0,United Kingdom,1,729.0,11,245.0909090909091,472.5363636363636,1.9280044510385754,18.95,410,0.8181818181818182
14547.0,United Kingdom,1,52.0,8,333.5,500.9425,1.5020764617691154,25.0,198,0.125
14548.0,United Kingdom,1,584.0,9,113.44444444444444,291.9433333333333,2.5734476003917726,12.75,66,0.0
14549.0,United Kingdom,1,427.0,4,98.75,229.13750000000002,2.3203797468354432,12.75,117,0.0
14550.0,United Kingdom,1,474.0,4,194.0,338.3275,1.7439561855670103,14.95,77,0.0
14551.0,United Kingdom,1,664.0,7,69.57142857142857,125.72,1.8070636550308008,12.75,69,0.2857142857142857
14552.0,United Kingdom,1,442.0,3,87.0,170.42666666666665,1.958927203065134,7.95,124,0.0
14553.0,United Kingdom,1,491.0,9,126.66666666666667,204.61555555555555,1.6153859649122806,165.0,233,0.1111111111111111
14554.0,United Kingdom,1,43.0,4,369.5,595.26,1.6109878213802435,24.95,147,0.0
14555.0,United Kingdom,1,665.0,6,141.66666666666666,385.93833333333333,2.7242705882352944,12.75,94,0.16666666666666666
14556.0,United Kingdom,1,93.0,3,110.33333333333333,278.44666666666666,2.5236858006042295,12.75,158,0.0
14557.0,United Kingdom,1,1.0,1,510.0,788.38,1.545843137254902,3.75,16,1.0
14558.0,United Kingdom,1,78.0,3,54.0,218.5,4.046296296296297,16.95,13,0.6666666666666666
14559.0,United Kingdom,1,1.0,1,72.0,75.6,1.0499999999999998,1.25,2,0.0
14560.0,United Kingdom,1,731.0,44,104.0909090909091,138.95522727272726,1.3349410480349344,12.75,60,0.045454545454545456
14561.0,United Kingdom,1,110.0,3,338.0,360.25333333333333,1.0658382642998028,9.95,67,0.0
14562.0,United Kingdom,1,668.0,26,100.15384615384616,258.82307692307694,2.584254992319509,39.95,245,0.15384615384615385
14563.0,United Kingdom,1,84.0,2,167.5,339.72,2.028179104477612,15.95,95,0.0
14564.0,Channel Islands,1,302.0,2,647.5,1302.81,2.012061776061776,16.95,107,1.5
14565.0,United Kingdom,1,379.0,5,388.0,771.8439999999999,1.9892886597938144,50.0,139,0.4
14566.0,Channel Islands,1,424.0,4,600.0,1023.0,1.705,1.85,9,0.0
14567.0,United Kingdom,1,75.0,2,206.0,765.1800000000001,3.714466019417476,12.75,33,0.5
14568.0,Channel Islands,1,1.0,1,645.0,919.7,1.425891472868217,8.5,47,1.0
14569.0,United Kingdom,1,603.0,4,64.5,149.745,2.3216279069767443,14.95,31,0.0
14570.0,United Kingdom,1,164.0,3,143.66666666666666,204.58333333333334,1.424013921113689,12.75,64,0.0
14571.0,United Kingdom,1,1.0,1,57.0,161.65,2.835964912280702,9.95,30,0.0
14572.0,United Kingdom,1,619.0,11,266.6363636363636,510.4709090909091,1.9144834640300035,19.95,336,0.36363636363636365
14573.0,United Kingdom,1,522.0,13,53.92307692307692,169.87076923076924,3.1502425106990017,19.95,183,0.3076923076923077
14574.0,United Kingdom,1,1.0,1,63.0,143.7,2.280952380952381,8.5,11,0.0
14575.0,United Kingdom,1,1.0,1,176.0,460.71,2.6176704545454546,12.75,71,0.0
14576.0,United Kingdom,1,1.0,1,12.0,35.400000000000006,2.9500000000000006,2.95,1,0.0
14577.0,United Kingdom,1,717.0,7,81.85714285714286,196.32142857142858,2.398342059336824,4.95,104,0.0
14578.0,United Kingdom,1,1.0,1,240.0,168.63,0.7026249999999999,4.95,24,0.0
14579.0,United Kingdom,1,1.0,1,56.0,105.56,1.885,7.95,24,0.0
14580.0,United Kingdom,1,1.0,1,3.0,14.850000000000001,4.95,4.95,1,0.0
14581.0,United Kingdom,1,529.0,2,154.5,216.9,1.4038834951456312,12.75,59,0.0
14582.0,United Kingdom,1,1.0,1,73.0,114.11,1.5631506849315069,9.95,6,0.0
14583.0,United Kingdom,1,617.0,8,144.375,222.62875,1.542017316017316,12.75,353,0.0
14584.0,United Kingdom,1,492.0,8,120.375,218.48875,1.815067497403946,15.95,127,0.125
14585.0,United Kingdom,1,367.0,5,126.0,228.654,1.8147142857142857,8.5,88,0.0
14586.0,United Kingdom,1,1.0,1,444.0,237.36,0.5345945945945946,2.1,19,2.0
14587.0,United Kingdom,1,314.0,9,84.55555555555556,177.90444444444447,2.103994743758213,12.75,170,0.1111111111111111
14588.0,United Kingdom,1,1.0,1,62.0,135.39,2.1837096774193547,12.75,16,0.0
14589.0,United Kingdom,1,1.0,1,5.0,39.75,7.95,7.95,3,0.0
14590.0,United Kingdom,1,309.0,20,45.2,150.331,3.3259070796460177,12.75,124,0.4
14591.0,United Kingdom,1,199.0,4,324.25,361.785,1.1157594448727834,16.95,138,0.0
14592.0,United Kingdom,1,30.0,3,138.33333333333334,190.15333333333334,1.3746024096385543,14.95,132,0.0
14593.0,United Kingdom,1,710.0,12,156.25,309.33416666666665,1.9797386666666665,12.75,436,0.5
14594.0,United Kingdom,1,367.0,2,92.5,189.915,2.0531351351351352,8.5,48,0.0
14595.0,United Kingdom,1,670.0,8,153.5,270.55625,1.7625814332247556,12.75,119,0.0
14596.0,United Kingdom,1,1.0,1,79.0,229.47,2.9046835443037975,39.95,50,0.0
14597.0,United Kingdom,1,427.0,6,241.16666666666666,366.92333333333335,1.5214512785072565,10.75,79,0.0
14598.0,United Kingdom,1,526.0,2,177.0,192.02,1.0848587570621469,4.95,83,0.5
14599.0,United Kingdom,1,120.0,2,147.5,237.27,1.6086101694915256,8.5,77,0.0
14600.0,United Kingdom,1,89.0,2,243.5,432.58500000000004,1.7765297741273103,12.75,53,0.0
14601.0,United Kingdom,1,1.0,1,168.0,213.96,1.2735714285714286,2.95,7,0.0
14602.0,United Kingdom,1,1.0,1,80.0,205.35999999999999,2.5669999999999997,12.75,31,0.0
14603.0,United Kingdom,1,1.0,1,400.0,660.0,1.65,2.55,2,0.0
14604.0,United Kingdom,1,1.0,1,88.0,143.86,1.6347727272727275,9.95,20,0.0
14605.0,United Kingdom,1,358.0,4,106.0,234.29,2.2102830188679246,19.95,88,0.0
14606.0,United Kingdom,1,736.0,192,80.09375,157.57385416666668,1.9673676680972818,85.0,1262,0.3489583333333333
14607.0,United Kingdom,1,710.0,22,708.4090909090909,1097.165,1.5487731793391082,39.95,106,0.22727272727272727
14608.0,United Kingdom,1,730.0,11,84.27272727272727,304.8127272727273,3.6169795037756205,10.0,15,0.09090909090909091
14609.0,United Kingdom,1,597.0,10,1272.0,148.62,0.11683962264150943,0.62,6,0.1
14610.0,United Kingdom,1,120.0,2,7.5,12.175,1.6233333333333335,4.95,10,0.0
14611.0,United Kingdom,1,156.0,2,291.0,302.16499999999996,1.0383676975945015,16.95,37,0.5
14612.0,United Kingdom,1,1.0,1,134.0,877.7,6.550000000000001,14.95,14,0.0
14613.0,United Kingdom,1,1.0,1,72.0,76.32000000000001,1.06,1.06,1,0.0
14614.0,United Kingdom,1,1.0,1,189.0,295.13,1.5615343915343916,5.95,19,0.0
14615.0,United Kingdom,1,155.0,5,99.0,190.352,1.9227474747474746,12.75,40,0.2
14616.0,United Kingdom,1,307.0,5,34.0,105.556,3.1045882352941176,4.95,3,0.0
14617.0,United Kingdom,1,14.0,2,40.5,95.23500000000001,2.351481481481482,4.95,7,0.0
14618.0,United Kingdom,1,538.0,7,100.57142857142857,191.76,1.9067045454545453,16.95,40,0.2857142857142857
14619.0,United Kingdom,1,297.0,2,297.0,645.62,2.1738047138047136,15.95,58,0.5
14620.0,United Kingdom,1,79.0,2,107.0,206.39000000000001,1.9288785046728973,8.5,26,0.5
14621.0,United Kingdom,1,683.0,9,189.55555555555554,333.3966666666667,1.7588335287221573,16.95,134,0.7777777777777778
14622.0,United Kingdom,1,1.0,1,146.0,320.58000000000004,2.1957534246575343,7.95,21,0.0
14623.0,United Kingdom,1,571.0,10,105.9,205.958,1.9448347497639282,14.95,193,0.2
14624.0,United Kingdom,1,548.0,6,107.5,135.67833333333334,1.262124031007752,12.75,39,0.0
14625.0,United Kingdom,1,528.0,11,195.9090909090909,408.89818181818185,2.087183294663573,16.95,167,0.6363636363636364
14626.0,United Kingdom,1,707.0,11,285.0,491.9018181818182,1.7259712918660288,39.95,181,0.36363636363636365
14627.0,United Kingdom,1,1.0,1,284.0,462.75,1.6294014084507042,5.95,29,2.0
14628.0,United Kingdom,1,593.0,5,229.4,399.6,1.7419354838709677,16.95,65,0.0
14629.0,United Kingdom,1,44.0,2,190.0,479.505,2.5237105263157895,16.65,133,0.5
14630.0,United Kingdom,1,1.0,1,111.0,338.65,3.0509009009009005,12.75,21,0.0
14631.0,United Kingdom,1,438.0,6,234.5,337.615,1.439722814498934,39.95,65,0.16666666666666666
14632.0,United Kingdom,1,1.0,1,96.0,114.56,1.1933333333333334,7.95,8,0.0
14633.0,United Kingdom,1,1.0,1,96.0,344.90000000000003,3.592708333333334,9.95,20,0.0
14634.0,United Kingdom,1,105.0,4,476.5,531.115,1.114616998950682,15.95,105,0.75
14635.0,United Kingdom,1,1.0,1,118.0,215.22,1.8238983050847457,12.75,15,0.0
14636.0,United Kingdom,1,233.0,2,120.5,304.925,2.530497925311203,6.95,27,0.0
14637.0,United Kingdom,1,1.0,1,100.0,106.67999999999999,1.0668,3.75,7,0.0
14638.0,United Kingdom,1,1.0,1,166.0,443.6,2.672289156626506,12.5,16,0.0
14639.0,United Kingdom,1,610.0,9,267.77777777777777,553.2177777777778,2.0659585062240664,19.95,203,0.2222222222222222
14640.0,United Kingdom,1,663.0,10,165.1,366.706,2.221114476075106,16.65,165,0.6
14641.0,United Kingdom,1,1.0,1,90.0,110.46,1.2273333333333332,2.95,7,0.0
14642.0,United Kingdom,1,1.0,1,76.0,96.12,1.2647368421052632,4.95,2,0.0
14643.0,United Kingdom,1,559.0,5,275.4,335.978,1.2199636891793755,34.95,57,0.2
14644.0,United Kingdom,1,670.0,7,110.0,321.1028571428571,2.919116883116883,16.95,50,0.7142857142857143
14645.0,United Kingdom,1,479.0,3,195.66666666666666,292.2966666666667,1.4938500851788756,39.95,45,0.3333333333333333
14646.0,Netherlands,1,737.0,152,2419.9539473684213,3477.648157894737,1.4370720408446225,295.0,962,0.07894736842105263
14647.0,United Kingdom,1,323.0,2,90.0,259.985,2.8887222222222224,19.95,42,0.0
14648.0,United Kingdom,1,314.0,15,221.73333333333332,303.12399999999997,1.367065544197234,12.75,286,0.26666666666666666
14649.0,United Kingdom,1,685.0,9,273.77777777777777,419.4788888888889,1.5321875,15.95,374,0.2222222222222222
14650.0,United Kingdom,1,1.0,1,22.0,62.5,2.840909090909091,12.75,4,0.0
14651.0,United Kingdom,1,565.0,9,98.44444444444444,226.01333333333335,2.2958465011286684,70.0,216,0.0
14652.0,United Kingdom,1,1.0,1,53.0,114.17999999999999,2.1543396226415092,9.95,29,0.0
14653.0,United Kingdom,1,737.0,12,164.66666666666666,301.21166666666664,1.8292206477732793,178.31,271,0.0
14654.0,United Kingdom,1,1.0,1,273.0,246.85999999999999,0.9042490842490842,4.95,27,0.0
14655.0,United Kingdom,1,589.0,7,334.42857142857144,554.0728571428572,1.656774882528834,14.95,72,0.7142857142857143
14656.0,United Kingdom,1,435.0,5,63.6,162.93,2.5617924528301885,14.95,148,0.0
14657.0,United Kingdom,1,419.0,6,147.5,243.47833333333335,1.6507005649717514,14.95,143,0.16666666666666666
14658.0,United Kingdom,1,113.0,2,23.5,123.575,5.258510638297873,39.95,27,0.0
14659.0,United Kingdom,1,308.0,9,132.77777777777777,281.1033333333333,2.1170962343096233,12.75,147,0.3333333333333333
14660.0,United Kingdom,1,15.0,2,114.0,142.87,1.2532456140350878,12.5,24,0.0
14661.0,United Kingdom,1,1.0,1,35.0,107.95,3.0842857142857145,11.15,4,0.0
14662.0,United Kingdom,1,709.0,7,133.57142857142858,202.33285714285714,1.5147914438502672,16.95,199,0.0
14663.0,United Kingdom,1,1.0,2,198.5,245.3,1.2357682619647357,16.95,60,0.0
14664.0,United Kingdom,1,15.0,2,233.0,318.945,1.368862660944206,9.95,78,0.0
14665.0,United Kingdom,1,533.0,7,163.42857142857142,392.8071428571429,2.4035402097902097,16.95,94,0.2857142857142857
14666.0,United Kingdom,1,1.0,1,161.0,195.25,1.2127329192546583,9.95,14,0.0
14667.0,United Kingdom,1,728.0,54,226.74074074074073,383.87833333333333,1.6930276053577262,45.95,578,0.12962962962962962
14668.0,United Kingdom,1,1.0,1,49.0,111.63,2.2781632653061226,7.95,10,0.0
14669.0,United Kingdom,1,497.0,7,293.42857142857144,463.4185714285714,1.5793232716650438,16.95,334,0.0
14670.0,United Kingdom,1,453.0,3,144.66666666666666,200.66666666666666,1.3870967741935485,8.5,159,0.0
14671.0,United Kingdom,1,20.0,2,285.5,563.725,1.9745183887915938,15.95,48,0.0
14672.0,United Kingdom,1,447.0,4,161.5,278.285,1.7231269349845202,12.75,93,0.0
14673.0,United Kingdom,1,407.0,7,260.2857142857143,433.90285714285716,1.6670252469813394,12.75,86,0.0
14674.0,United Kingdom,1,1.0,1,103.0,173.66,1.6860194174757281,12.75,14,0.0
14675.0,United Kingdom,1,373.0,2,363.0,533.45,1.4695592286501378,16.95,196,0.0
14676.0,United Kingdom,1,609.0,12,732.6666666666666,696.3991666666667,0.9504993175614196,12.75,77,0.3333333333333333
14677.0,United Kingdom,1,1.0,1,139.0,184.91,1.3302877697841726,7.49,14,0.0
14678.0,United Kingdom,1,1.0,1,179.0,403.39,2.2535754189944135,16.95,24,1.0
14679.0,United Kingdom,1,351.0,3,264.6666666666667,429.81333333333333,1.6239798488664987,10.75,49,0.6666666666666666
14680.0,United Kingdom,1,711.0,58,463.7931034482759,960.8946551724138,2.0718174721189593,15.95,222,0.5
14681.0,United Kingdom,1,583.0,6,28.666666666666668,145.85833333333335,5.088081395348838,12.75,19,0.0
14682.0,United Kingdom,1,486.0,6,158.16666666666666,252.46833333333333,1.5962170706006322,18.95,79,0.0
14683.0,United Kingdom,1,1.0,1,386.0,146.56,0.37968911917098447,7.49,21,0.0
14684.0,United Kingdom,1,366.0,6,173.16666666666666,244.75833333333333,1.4134263715110682,16.95,272,0.0
14685.0,United Kingdom,1,151.0,8,251.5,577.47375,2.296118290258449,19.95,109,0.625
14686.0,United Kingdom,1,246.0,5,95.0,177.166,1.8649052631578948,14.95,185,0.2
14687.0,United Kingdom,1,446.0,3,283.3333333333333,467.3533333333333,1.6494823529411764,9.95,34,0.0
14688.0,United Kingdom,1,450.0,28,183.07142857142858,259.59250000000003,1.4179847834568864,25.0,197,0.21428571428571427
14689.0,United Kingdom,1,1.0,1,76.0,112.8,1.4842105263157894,7.95,13,0.0
14690.0,United Kingdom,1,367.0,4,86.0,198.5825,2.3090988372093024,16.95,69,0.25
14691.0,United Kingdom,1,183.0,5,141.4,422.866,2.9905657708628004,12.75,50,0.0
14692.0,United Kingdom,1,481.0,12,75.41666666666667,145.42416666666665,1.9282762430939226,12.75,101,0.08333333333333333
14693.0,United Kingdom,1,262.0,7,55.42857142857143,166.48,3.003505154639175,12.75,43,0.14285714285714285
14694.0,United Kingdom,1,1.0,1,193.0,244.31,1.2658549222797928,12.75,15,0.0
14695.0,United Kingdom,1,214.0,3,226.0,540.0233333333333,2.3894837758112093,14.95,76,0.3333333333333333
14696.0,United Kingdom,1,418.0,8,233.375,309.16,1.3247348687734335,9.95,137,0.25
14697.0,United Kingdom,1,1.0,2,90.5,94.30499999999999,1.0420441988950275,8.95,22,0.0
14698.0,United Kingdom,1,51.0,5,123.0,250.152,2.0337560975609756,12.75,148,0.0
14699.0,United Kingdom,1,312.0,4,121.0,175.65,1.4516528925619836,9.95,45,0.0
14700.0,United Kingdom,1,454.0,5,326.8,623.2520000000001,1.9071358629130968,12.75,111,0.0
14701.0,United Kingdom,1,675.0,15,118.8,304.13933333333335,2.560095398428732,39.95,455,0.2
14702.0,United Kingdom,1,729.0,29,100.20689655172414,221.9144827586207,2.2145629731589818,19.95,338,0.10344827586206896
14703.0,United Kingdom,1,1.0,1,183.0,318.17,1.738633879781421,4.25,22,0.0
14704.0,United Kingdom,1,614.0,11,109.9090909090909,164.87,1.5000578990901572,15.0,319,0.0
14705.0,United Kingdom,1,1.0,1,100.0,179.0,1.79,1.79,1,0.0
14706.0,United Kingdom,1,1.0,1,263.0,390.69,1.4855133079847909,12.75,25,0.0
14707.0,United Kingdom,1,142.0,2,48.0,69.6,1.45,1.45,1,0.0
14708.0,United Kingdom,1,454.0,5,231.8,358.644,1.5472131147540984,79.95,27,0.2
14709.0,United Kingdom,1,720.0,25,165.64,355.4532,2.145938179183772,39.95,105,0.08
14710.0,United Kingdom,1,723.0,13,88.53846153846153,147.89153846153846,1.670364900086881,12.75,310,0.0
14711.0,United Kingdom,1,253.0,11,88.9090909090909,260.8,2.9333333333333336,195.0,221,0.09090909090909091
14712.0,United Kingdom,1,390.0,4,102.75,332.01750000000004,3.2313138686131393,12.75,24,0.0
14713.0,United Kingdom,1,728.0,21,158.61904761904762,243.8057142857143,1.537051936355449,14.95,222,0.19047619047619047
14714.0,United Kingdom,1,664.0,4,160.5,226.56,1.411588785046729,12.75,64,0.75
14715.0,United Kingdom,1,666.0,8,129.25,230.05625,1.7799323017408124,20.0,102,0.0
14716.0,United Kingdom,1,402.0,3,250.66666666666666,188.48333333333335,0.7519281914893617,8.5,85,0.0
14717.0,United Kingdom,1,1.0,1,32.0,81.3,2.540625,9.95,11,1.0
14718.0,United Kingdom,1,1.0,1,202.0,226.42,1.1208910891089108,3.75,11,0.0
14719.0,United Kingdom,1,249.0,5,206.4,320.42600000000004,1.552451550387597,11.95,177,0.2
14720.0,United Kingdom,1,122.0,3,73.0,221.27,3.0310958904109593,16.95,34,0.0
14721.0,United Kingdom,1,1.0,1,59.0,115.77,1.9622033898305085,8.5,24,0.0
14722.0,United Kingdom,1,340.0,3,74.0,171.12333333333333,2.3124774774774774,9.95,72,0.0
14723.0,United Kingdom,1,726.0,11,108.45454545454545,167.46545454545455,1.5441072925398156,16.95,287,0.0
14724.0,United Kingdom,1,1.0,1,187.0,345.25,1.8462566844919786,19.95,40,0.0
14725.0,United Kingdom,1,511.0,4,335.0,328.81,0.9815223880597015,12.5,85,0.25
14726.0,United Kingdom,1,1.0,1,91.0,124.75,1.370879120879121,9.95,15,0.0
14727.0,United Kingdom,1,273.0,3,156.0,155.97666666666666,0.9998504273504273,16.95,43,0.3333333333333333
14728.0,United Kingdom,1,1.0,1,68.0,190.58,2.8026470588235295,9.95,14,0.0
14729.0,United Kingdom,1,253.0,3,125.66666666666667,197.96333333333334,1.5753050397877983,12.75,126,0.0
14730.0,United Kingdom,1,276.0,8,141.5,250.6325,1.7712544169611306,24.95,317,0.0
14731.0,United Kingdom,1,166.0,3,85.33333333333333,126.67333333333333,1.484453125,12.5,38,0.0
14732.0,United Kingdom,1,723.0,19,119.63157894736842,290.3721052631579,2.427219533655961,19.95,162,0.2631578947368421
14733.0,United Kingdom,1,387.0,15,387.4,956.9966666666667,2.470306315608329,12.75,140,0.2
14734.0,United Kingdom,1,127.0,4,94.5,264.105,2.794761904761905,15.95,48,0.25
14735.0,United Kingdom,1,733.0,56,80.58928571428571,218.5742857142857,2.712200310214935,16.95,198,0.05357142857142857
14736.0,United Kingdom,1,1.0,2,82.0,200.54,2.4456097560975607,16.95,70,0.0
14737.0,United Kingdom,1,398.0,4,267.75,888.5425,3.3185527544351077,14.95,28,0.0
14738.0,United Kingdom,1,691.0,9,84.11111111111111,202.43333333333334,2.4067371202113605,19.95,58,0.3333333333333333
14739.0,United Kingdom,1,734.0,25,387.84,462.94480000000004,1.1936489273927393,16.95,129,0.12
14740.0,United Kingdom,1,456.0,11,189.1818181818182,378.27818181818185,1.9995482940893803,39.95,173,0.18181818181818182
14741.0,United Kingdom,1,407.0,7,143.71428571428572,244.72714285714287,1.7028727634194833,9.95,48,0.0
14742.0,United Kingdom,1,1.0,1,374.0,579.85,1.5504010695187167,7.95,34,0.0
14743.0,United Kingdom,1,1.0,1,40.0,50.48,1.262,1.69,3,0.0
14744.0,United Kingdom,1,555.0,14,171.35714285714286,261.4342857142857,1.525669028761984,25.95,57,0.21428571428571427
14745.0,United Kingdom,1,526.0,12,164.75,214.3175,1.3008649468892262,7.95,74,0.4166666666666667
14746.0,United Kingdom,1,18.0,4,99.5,148.375,1.4912060301507537,1.95,7,0.0
14747.0,United Kingdom,1,1.0,1,84.0,328.2,3.907142857142857,16.95,18,1.0
14748.0,United Kingdom,1,617.0,10,242.2,268.19,1.1073080099091661,7.95,129,0.6
14749.0,United Kingdom,1,1.0,1,403.0,310.15,0.7696029776674937,3.75,18,0.0
14750.0,United Kingdom,1,1.0,1,65.0,112.03,1.7235384615384615,9.95,32,0.0
14751.0,United Kingdom,1,43.0,2,32.5,63.225,1.9453846153846155,4.95,7,0.0
14752.0,United Kingdom,1,1.0,1,260.0,389.64,1.4986153846153845,4.95,5,0.0
14753.0,United Kingdom,1,374.0,2,206.0,434.755,2.1104611650485436,9.95,45,0.0
14754.0,United Kingdom,1,647.0,6,168.5,258.41333333333336,1.5336102868447081,12.75,110,0.16666666666666666
14755.0,United Kingdom,1,728.0,25,176.04,398.90200000000004,2.2659736423540107,39.95,219,0.2
14756.0,United Kingdom,1,410.0,3,474.3333333333333,884.5866666666667,1.8649051300070276,50.0,102,0.3333333333333333
14757.0,United Kingdom,1,1.0,1,160.0,420.5,2.628125,12.5,19,0.0
14758.0,United Kingdom,1,467.0,7,120.0,409.28142857142853,3.410678571428571,24.95,91,0.0
14759.0,United Kingdom,1,229.0,3,189.66666666666666,541.99,2.8575922671353253,15.95,92,0.0
14760.0,United Kingdom,1,1.0,1,40.0,89.2,2.23,5.95,5,1.0
14761.0,United Kingdom,1,387.0,3,68.66666666666667,149.30666666666667,2.174368932038835,9.95,21,0.0
14762.0,United Kingdom,1,364.0,2,214.0,208.785,0.9756308411214953,9.95,28,0.0
14764.0,United Kingdom,1,1.0,1,190.0,278.3,1.4647368421052631,2.1,6,1.0
14765.0,United Kingdom,1,148.0,3,45.0,84.70333333333333,1.8822962962962964,8.5,38,0.0
14766.0,United Kingdom,1,544.0,11,363.54545454545456,579.6118181818182,1.5943310827706927,14.95,251,0.2727272727272727
14767.0,United Kingdom,1,1.0,1,117.0,382.81,3.2718803418803417,12.75,18,0.0
14768.0,United Kingdom,1,111.0,2,26.0,96.30000000000001,3.7038461538461545,4.95,4,0.5
14769.0,United Kingdom,1,722.0,17,662.0588235294117,927.7576470588235,1.4013220790759662,35.95,834,0.23529411764705882
14770.0,United Kingdom,1,421.0,8,199.75,454.705,2.2763704630788486,12.75,152,0.125
14771.0,United Kingdom,1,116.0,2,311.0,297.31,0.9559807073954985,2.55,46,0.5
14772.0,United Kingdom,1,1.0,1,82.0,139.26,1.6982926829268292,12.75,9,0.0
14773.0,United Kingdom,1,1.0,1,53.0,140.55,2.65188679245283,12.75,10,1.0
14774.0,United Kingdom,1,1.0,1,99.0,241.45,2.4388888888888887,15.95,13,0.0
14775.0,United Kingdom,1,315.0,3,391.3333333333333,337.3,0.8619250425894378,2.55,57,0.0
14776.0,United Kingdom,1,396.0,15,310.53333333333336,247.22,0.796114212108201,4.25,68,0.26666666666666666
14777.0,United Kingdom,1,1.0,1,212.0,307.56,1.4507547169811321,16.95,16,3.0
14778.0,United Kingdom,1,182.0,2,153.0,365.43,2.38843137254902,9.95,34,0.0
14779.0,United Kingdom,1,44.0,3,28.0,128.71666666666667,4.597023809523809,39.95,40,0.0
14780.0,United Kingdom,1,26.0,2,155.0,223.84,1.4441290322580644,16.95,26,0.0
14782.0,United Kingdom,1,1.0,1,114.0,200.10000000000002,1.755263157894737,3.75,6,0.0
14783.0,United Kingdom,1,1.0,1,262.0,307.3,1.1729007633587787,8.5,17,1.0
14784.0,United Kingdom,1,364.0,3,121.0,149.97666666666666,1.2394765840220385,39.95,25,0.0
14785.0,United Kingdom,1,6.0,2,42.0,38.7,0.9214285714285715,1.25,2,0.0
14786.0,United Kingdom,1,1.0,1,112.0,90.96,0.812142857142857,1.65,7,0.0
14787.0,United Kingdom,1,1.0,1,59.0,110.65,1.8754237288135593,3.75,14,0.0
14788.0,United Kingdom,1,590.0,3,239.66666666666666,385.44,1.6082336578581362,12.75,53,0.0
14789.0,United Kingdom,1,1.0,1,116.0,197.64,1.7037931034482758,4.95,6,0.0
14790.0,United Kingdom,1,713.0,10,264.2,252.66199999999998,0.9563285389856169,39.95,65,0.0
14791.0,United Kingdom,1,1.0,1,127.0,303.63,2.390787401574803,7.95,19,0.0
14792.0,United Kingdom,1,1.0,1,2.0,6.2,3.1,4.25,2,1.0
14793.0,United Kingdom,1,515.0,2,180.5,312.95,1.7337950138504155,5.95,39,0.5
14794.0,United Kingdom,1,486.0,10,78.3,195.39,2.4954022988505744,129.95,85,0.3
14795.0,United Kingdom,1,1.0,1,17.0,131.45000000000002,7.7323529411764715,7.95,6,0.0
14796.0,United Kingdom,1,725.0,27,267.3703703703704,378.46037037037036,1.4154910652444936,15.95,487,0.4444444444444444
14797.0,United Kingdom,1,1.0,1,99.0,300.31,3.0334343434343434,12.75,16,0.0
14798.0,United Kingdom,1,597.0,8,75.125,90.53875,1.2051747088186355,4.95,30,0.125
14799.0,United Kingdom,1,687.0,2,247.5,169.075,0.683131313131313,9.95,20,0.0
14800.0,United Kingdom,1,389.0,17,384.11764705882354,424.61647058823525,1.1054333843797854,79.95,337,0.35294117647058826
14801.0,United Kingdom,1,1.0,1,175.0,193.14,1.1036571428571427,8.5,56,0.0
14802.0,United Kingdom,1,1.0,2,1.0,751.49,751.49,1343.44,1,2.0
14803.0,United Kingdom,1,131.0,3,123.33333333333333,281.84999999999997,2.2852702702702703,12.75,35,0.0
14804.0,United Kingdom,1,1.0,1,121.0,353.27,2.919586776859504,12.75,12,0.0
14805.0,United Kingdom,1,607.0,7,60.142857142857146,157.8057142857143,2.623847980997625,12.75,88,0.0
14806.0,United Kingdom,1,365.0,2,211.5,151.715,0.7173286052009457,8.95,17,0.0
14807.0,United Kingdom,1,260.0,2,123.5,259.645,2.102388663967611,12.75,37,0.0
14808.0,United Kingdom,1,134.0,8,268.375,342.64625,1.276744294364229,125.0,176,0.875
14809.0,United Kingdom,1,1.0,2,116.0,343.38,2.9601724137931034,12.75,18,0.0
14810.0,United Kingdom,1,390.0,13,89.46153846153847,181.2753846153846,2.0262940670679277,19.95,125,0.0
14811.0,United Kingdom,1,1.0,1,74.0,170.5,2.304054054054054,12.75,28,0.0
14812.0,United Kingdom,1,1.0,1,136.0,185.8,1.3661764705882353,10.75,36,0.0
14813.0,United Kingdom,1,242.0,4,101.75,233.86,2.2983783783783784,21.95,110,0.0
14814.0,United Kingdom,1,1.0,1,96.0,160.46,1.6714583333333335,9.95,28,0.0
14815.0,United Kingdom,1,32.0,2,372.0,389.25,1.0463709677419355,4.95,53,0.0
14816.0,United Kingdom,1,1.0,1,5.0,271.85,54.370000000000005,125.0,4,0.0
14817.0,United Kingdom,1,428.0,7,351.7142857142857,565.6942857142857,1.608391551584078,50.0,142,0.2857142857142857
14818.0,United Kingdom,1,575.0,6,91.0,195.06833333333336,2.143608058608059,12.75,87,0.0
14819.0,United Kingdom,1,655.0,4,43.25,117.53999999999999,2.717687861271676,15.95,52,0.0
14820.0,United Kingdom,1,657.0,9,80.44444444444444,141.64,1.760718232044199,79.95,51,0.0
14821.0,United Kingdom,1,311.0,7,66.42857142857143,176.80714285714288,2.6616129032258065,12.75,65,0.0
14822.0,United Kingdom,1,1.0,1,94.0,157.7,1.677659574468085,8.5,9,0.0
14823.0,United Kingdom,1,15.0,3,29.333333333333332,107.14333333333333,3.6526136363636366,12.75,56,0.0
14824.0,United Kingdom,1,628.0,10,195.4,402.29100000000005,2.0588075742067558,14.95,84,0.2
14825.0,United Kingdom,1,610.0,24,115.66666666666667,197.54083333333335,1.7078458213256487,19.95,187,0.125
14826.0,United Kingdom,1,115.0,2,76.0,192.6,2.5342105263157895,8.5,10,0.0
14828.0,United Kingdom,1,537.0,13,747.5384615384615,756.8815384615385,1.0124984564725252,8.5,72,0.07692307692307693
14829.0,United Kingdom,1,408.0,7,136.71428571428572,207.98142857142858,1.5212852664576804,7.95,77,0.2857142857142857
14830.0,United Kingdom,1,1.0,1,169.0,197.13,1.1664497041420119,8.25,39,0.0
14831.0,United Kingdom,1,58.0,3,295.0,558.8566666666667,1.8944293785310733,10.95,67,1.3333333333333333
14832.0,United Kingdom,1,1.0,1,1.0,322.69,322.69,322.69,1,2.0
14833.0,United Kingdom,1,1.0,1,58.0,94.8,1.6344827586206896,3.75,7,0.0
14834.0,United Kingdom,1,391.0,7,124.57142857142857,315.1657142857143,2.53,16.95,55,0.2857142857142857
14835.0,United Kingdom,1,90.0,2,90.0,148.5,1.65,1.65,1,0.5
14836.0,United Kingdom,1,21.0,3,15.0,34.15,2.2766666666666664,5.95,5,0.0
14837.0,United Kingdom,1,596.0,9,336.6666666666667,384.48,1.1420198019801981,8.5,171,0.3333333333333333
14838.0,United Kingdom,1,314.0,2,181.0,386.83500000000004,2.1372099447513815,7.95,69,0.0
14839.0,United Kingdom,1,287.0,3,309.0,305.0933333333333,0.9873570658036677,12.75,61,0.0
14840.0,United Kingdom,1,273.0,2,89.5,181.355,2.0263128491620113,9.95,20,0.5
14841.0,United Kingdom,1,685.0,14,297.42857142857144,511.64285714285717,1.7202209414024976,12.75,196,0.0
14842.0,United Kingdom,1,266.0,4,291.5,706.1725,2.422547169811321,295.0,128,1.0
14843.0,United Kingdom,1,1.0,1,132.0,211.79999999999998,1.6045454545454545,2.55,9,0.0
14844.0,United Kingdom,1,544.0,10,436.9,670.243,1.534087891966125,12.75,158,0.2
14845.0,United Kingdom,1,1.0,1,600.0,150.0,0.25,0.25,1,0.0
14846.0,United Kingdom,1,1.0,1,193.0,437.4,2.2663212435233158,10.95,12,1.0
14847.0,United Kingdom,1,417.0,3,177.66666666666666,449.65000000000003,2.530863039399625,12.75,56,0.3333333333333333
14848.0,United Kingdom,1,1.0,1,260.0,310.56,1.1944615384615385,2.55,11,0.0
14849.0,United Kingdom,1,678.0,43,275.30232558139534,358.316511627907,1.3015382665990878,16.95,279,0.16279069767441862
14850.0,United Kingdom,1,258.0,7,201.14285714285714,256.28714285714284,1.2741548295454546,16.95,129,0.2857142857142857
14851.0,United Kingdom,1,608.0,3,210.33333333333334,276.46999999999997,1.3144374009508717,7.95,38,0.0
14852.0,United Kingdom,1,587.0,18,242.83333333333334,341.51,1.4063555250514757,16.95,152,0.16666666666666666
14853.0,United Kingdom,1,582.0,5,69.0,275.37399999999997,3.990927536231884,16.95,26,0.4
14854.0,United Kingdom,1,609.0,11,272.6363636363636,392.9872727272727,1.4414338112704235,39.95,170,0.2727272727272727
14855.0,United Kingdom,1,492.0,7,501.42857142857144,931.4714285714286,1.8576353276353277,12.75,168,0.0
14856.0,United Kingdom,1,21.0,3,238.0,437.1266666666666,1.8366666666666664,14.95,65,0.0
14857.0,United Kingdom,1,576.0,7,297.2857142857143,521.693,1.7548539163863528,14.95,170,0.42857142857142855
14858.0,United Kingdom,1,1.0,1,105.0,180.75,1.7214285714285715,4.95,11,0.0
14859.0,United Kingdom,1,543.0,5,177.6,341.12800000000004,1.920765765765766,16.95,51,0.2
14860.0,United Kingdom,1,1.0,1,232.0,170.32,0.7341379310344828,1.69,11,1.0
14861.0,United Kingdom,1,680.0,10,107.6,138.073,1.2832063197026022,7.95,62,0.4
14862.0,United Kingdom,1,124.0,2,386.0,420.59999999999997,1.0896373056994817,11.95,47,0.0
14863.0,United Kingdom,1,1.0,1,132.0,266.76,2.020909090909091,5.39,11,0.0
14865.0,United Kingdom,1,732.0,4,51.0,23.130000000000003,0.45352941176470596,1.25,4,0.0
14866.0,United Kingdom,1,461.0,19,478.36842105263156,1091.923157894737,2.2825987457366046,36.5,40,0.05263157894736842
14867.0,United Kingdom,1,550.0,16,62.25,184.50375,2.9639156626506025,19.95,67,0.1875
14868.0,United Kingdom,1,418.0,12,185.83333333333334,348.6675,1.876237668161435,15.95,132,0.08333333333333333
14869.0,United Kingdom,1,716.0,6,356.3333333333333,467.3733333333333,1.3116183348924226,16.95,187,0.5
14870.0,United Kingdom,1,423.0,6,80.5,306.4916666666667,3.807349896480331,12.75,43,0.5
14871.0,United Kingdom,1,736.0,9,50.44444444444444,139.88555555555556,2.7730616740088108,19.95,123,0.0
14872.0,United Kingdom,1,151.0,3,220.66666666666666,272.2,1.2335347432024169,4.95,34,0.3333333333333333
14873.0,United Kingdom,1,424.0,2,155.5,427.065,2.7463987138263666,12.75,48,0.0
14874.0,United Kingdom,1,1.0,1,148.0,116.18,0.785,2.95,6,0.0
14875.0,United Kingdom,1,335.0,3,444.0,954.1333333333333,2.148948948948949,79.95,88,1.3333333333333333
14876.0,United Kingdom,1,41.0,2,81.0,128.35,1.584567901234568,9.95,12,0.0
14877.0,United Kingdom,1,225.0,2,85.5,218.5,2.5555555555555554,9.95,57,0.0
14878.0,United Kingdom,1,645.0,25,97.28,164.2096,1.6880098684210525,12.75,159,0.12
14879.0,United Kingdom,1,1.0,1,104.0,185.06,1.779423076923077,7.95,27,0.0
14880.0,United Kingdom,1,212.0,3,124.33333333333333,235.39666666666668,1.893270777479893,15.0,45,0.0
14881.0,United Kingdom,1,1.0,1,316.0,255.4,0.8082278481012658,4.95,17,0.0
14882.0,United Kingdom,1,594.0,14,117.14285714285714,259.1535714285714,2.2122865853658538,14.95,32,0.07142857142857142
14883.0,United Kingdom,1,194.0,6,131.66666666666666,126.93166666666667,0.9640379746835444,4.95,39,0.16666666666666666
14884.0,United Kingdom,1,1.0,1,72.0,120.6,1.6749999999999998,3.75,8,0.0
14885.0,United Kingdom,1,335.0,3,436.0,532.7066666666666,1.2218042813455656,4.25,24,0.3333333333333333
14886.0,United Kingdom,1,1.0,1,160.0,364.8,2.2800000000000002,9.95,18,0.0
14887.0,United Kingdom,1,1.0,1,1100.0,1862.0,1.6927272727272726,1.79,6,0.0
14888.0,United Kingdom,1,1.0,1,184.0,369.2,2.006521739130435,6.75,20,0.0
14889.0,United Kingdom,1,1.0,1,90.0,135.9,1.51,4.95,10,0.0
14890.0,United Kingdom,1,407.0,3,212.0,272.4166666666667,1.2849842767295598,12.75,55,0.0
14891.0,United Kingdom,1,289.0,4,197.0,276.6825,1.404479695431472,5.95,55,0.0
14892.0,United Kingdom,1,1.0,1,79.0,202.35000000000002,2.5613924050632915,9.95,13,0.0
14893.0,United Kingdom,1,609.0,3,349.0,603.2033333333334,1.7283763132760268,24.95,98,1.0
14894.0,United Kingdom,1,653.0,3,201.0,497.6033333333333,2.4756384742951907,12.75,39,0.6666666666666666
14895.0,United Kingdom,1,723.0,38,281.94736842105266,661.0405263157895,2.3445529214112377,295.0,441,0.2631578947368421
14896.0,United Kingdom,1,530.0,8,116.625,229.4,1.9669882100750269,19.95,150,0.25
14897.0,United Kingdom,1,718.0,8,145.25,392.5675,2.7027022375215144,20.8,94,0.125
14898.0,United Kingdom,1,714.0,14,159.21428571428572,243.52214285714285,1.5295244504262,35.95,185,0.2857142857142857
14899.0,United Kingdom,1,1.0,1,586.0,1384.88,2.3632764505119455,39.95,126,0.0
14900.0,United Kingdom,1,1.0,1,48.0,13.919999999999998,0.29,0.29,1,0.0
14901.0,United Kingdom,1,488.0,12,73.75,160.60416666666666,2.177683615819209,14.95,103,0.08333333333333333
14902.0,United Kingdom,1,529.0,3,238.66666666666666,345.2066666666667,1.4463966480446928,9.95,51,0.6666666666666666
14903.0,United Kingdom,1,258.0,5,307.2,562.126,1.8298372395833333,25.0,227,1.0
14904.0,United Kingdom,1,426.0,4,637.25,410.16,0.6436406433895646,8.5,127,0.0
14905.0,United Kingdom,1,580.0,8,126.125,246.42375,1.9538057482656097,8.5,45,0.25
14906.0,United Kingdom,1,1.0,1,1.0,68.44,68.44,68.44,1,2.0
14907.0,United Kingdom,1,600.0,16,161.4375,346.7325,2.147781649245064,16.95,153,0.4375
14908.0,United Kingdom,1,390.0,2,91.0,190.95,2.0983516483516484,9.95,14,0.0
14909.0,United Kingdom,1,227.0,3,296.0,468.2266666666667,1.581846846846847,12.75,61,0.6666666666666666
14910.0,United Kingdom,1,53.0,4,59.5,108.5875,1.8250000000000002,9.95,25,0.75
14911.0,EIRE,1,738.0,398,372.51256281407035,732.5654522613065,1.9665523404829353,1687.17,2550,0.2814070351758794
14912.0,Italy,1,667.0,6,303.1666666666667,314.875,1.0386201209455745,39.67,44,0.8333333333333334
14913.0,United Kingdom,1,451.0,8,494.375,509.14125,1.0298685208596714,39.95,176,0.0
14915.0,United Kingdom,1,646.0,11,64.27272727272727,164.6590909090909,2.5618811881188117,15.95,65,0.18181818181818182
14916.0,United Kingdom,1,548.0,8,301.875,380.36875,1.2600207039337474,12.75,113,0.375
14917.0,United Kingdom,1,1.0,2,445.5,561.875,1.2612233445566778,8.5,29,0.0
14918.0,United Kingdom,1,496.0,9,283.44444444444446,661.7566666666667,2.334696197569581,14.95,79,0.0
14919.0,United Kingdom,1,1.0,1,129.0,359.35,2.7856589147286823,6.75,13,0.0
14920.0,United Kingdom,1,354.0,3,295.3333333333333,535.7233333333334,1.813961625282167,16.95,90,0.0
14921.0,United Kingdom,1,172.0,2,476.5,658.035,1.3809758656873032,5.45,78,0.0
14922.0,United Kingdom,1,115.0,2,188.0,421.87,2.243989361702128,12.75,49,0.0
14923.0,United Kingdom,1,1.0,1,418.0,749.1,1.7921052631578949,12.75,44,0.0
14924.0,United Kingdom,1,395.0,3,104.0,310.33666666666664,2.98400641025641,125.0,30,0.0
14926.0,United Kingdom,1,218.0,2,102.0,179.7,1.761764705882353,6.75,2,0.5
14927.0,United Kingdom,1,1.0,1,196.0,308.2,1.5724489795918366,6.75,20,0.0
14928.0,United Kingdom,1,1.0,1,268.0,223.91000000000003,0.8354850746268657,4.95,21,1.0
14929.0,United Kingdom,1,390.0,2,243.5,418.345,1.7180492813141686,8.5,34,0.0
14930.0,Channel Islands,1,499.0,6,366.5,874.4383333333334,2.3859163256025466,45.95,213,0.5
14931.0,Channel Islands,1,237.0,5,83.4,251.536,3.0160191846522784,293.0,30,0.2
14932.0,Channel Islands,1,21.0,2,128.5,333.065,2.5919455252918286,50.0,29,0.0
14933.0,Channel Islands,1,2.0,4,150.0,442.5,2.95,2.95,1,0.25
14934.0,Channel Islands,1,361.0,5,420.0,700.7,1.6683333333333332,50.0,115,0.8
14935.0,Channel Islands,1,323.0,2,965.5,1424.915,1.4758311755567064,4.25,25,0.0
14936.0,Channel Islands,1,551.0,12,522.8333333333334,1034.2341666666666,1.978133567102327,39.95,267,0.16666666666666666
14937.0,Channel Islands,1,75.0,3,161.33333333333334,540.6266666666667,3.3509917355371903,10.95,33,0.3333333333333333
14938.0,Channel Islands,1,1.0,2,684.5,1161.215,1.6964426588750912,16.95,71,1.0
14940.0,United Kingdom,1,317.0,2,192.0,265.745,1.3840885416666666,2.95,32,0.0
14941.0,United Kingdom,1,1.0,1,80.0,182.1,2.27625,2.95,7,0.0
14942.0,United Kingdom,1,329.0,4,88.5,186.64,2.1089265536723163,5.95,12,0.25
14943.0,United Kingdom,1,1.0,1,46.0,107.62,2.3395652173913044,5.95,5,0.0
14944.0,United Kingdom,1,632.0,19,256.0,514.9826315789473,2.011650904605263,50.0,184,0.2631578947368421
14945.0,United Kingdom,1,1.0,1,156.0,179.4,1.1500000000000001,2.95,11,0.0
14946.0,United Kingdom,1,1.0,1,22.0,100.9,4.586363636363637,5.75,3,0.0
14947.0,United Kingdom,1,553.0,6,69.33333333333333,174.965,2.5235336538461537,18.95,47,0.0
14948.0,United Kingdom,1,197.0,6,112.16666666666667,183.66166666666666,1.63739970282318,9.95,56,0.16666666666666666
14949.0,United Kingdom,1,253.0,4,62.5,128.75,2.06,8.95,16,0.5
14950.0,United Kingdom,1,1.0,1,136.0,371.2,2.7294117647058824,9.95,19,1.0
14951.0,United Kingdom,1,1.0,1,311.0,311.69,1.0022186495176848,12.75,20,0.0
14952.0,United Kingdom,1,678.0,32,218.03125,550.9171875,2.526780851368783,16.95,240,0.34375
14953.0,United Kingdom,1,411.0,4,257.0,253.4425,0.9861575875486381,12.75,202,0.25
14954.0,United Kingdom,1,692.0,2,109.5,251.72,2.2988127853881277,19.95,111,0.0
14955.0,United Kingdom,1,1.0,1,74.0,163.77,2.2131081081081083,9.95,30,0.0
14956.0,United Kingdom,1,1.0,1,2500.0,1325.0,0.53,0.53,4,0.0
14957.0,United Kingdom,1,392.0,2,52.5,166.645,3.1741904761904762,10.75,27,0.0
14958.0,United Kingdom,1,590.0,6,41.5,159.65666666666667,3.8471485943775097,15.95,52,0.0
14959.0,United Kingdom,1,233.0,4,123.5,173.855,1.4077327935222672,7.95,37,0.25
14960.0,United Kingdom,1,164.0,2,110.5,110.635,1.0012217194570137,9.95,23,0.0
14961.0,United Kingdom,1,726.0,22,380.54545454545456,745.9159090909092,1.9601230291447684,14.95,328,0.2727272727272727
14962.0,United Kingdom,1,315.0,4,30.75,91.7275,2.983008130081301,12.75,14,0.0
14963.0,United Kingdom,1,517.0,12,193.08333333333334,263.70666666666665,1.3657660768234787,9.95,304,0.08333333333333333
14964.0,United Kingdom,1,1.0,1,143.0,206.21,1.442027972027972,12.75,13,0.0
14965.0,United Kingdom,1,1.0,2,182.5,299.5,1.641095890410959,12.5,80,0.0
14966.0,United Kingdom,1,711.0,6,183.0,185.97333333333336,1.0162477231329692,12.75,125,0.0
14967.0,United Kingdom,1,688.0,6,108.66666666666667,330.435,3.040812883435583,12.75,22,0.16666666666666666
14968.0,United Kingdom,1,429.0,2,129.0,252.495,1.957325581395349,16.95,83,0.0
14969.0,United Kingdom,1,1.0,1,665.0,906.23,1.3627518796992482,10.95,13,0.0
14970.0,United Kingdom,1,596.0,12,81.83333333333333,409.9458333333334,5.009521384928718,9.95,71,0.3333333333333333
14971.0,United Kingdom,1,9.0,3,214.66666666666666,372.19,1.733804347826087,15.95,144,0.0
14972.0,United Kingdom,1,254.0,2,20.0,72.535,3.62675,12.75,20,0.0
14973.0,United Kingdom,1,119.0,3,123.0,438.15000000000003,3.56219512195122,295.0,29,0.0
14974.0,United Kingdom,1,1.0,1,44.0,114.39,2.599772727272727,9.95,17,0.0
14975.0,United Kingdom,1,365.0,2,253.5,236.195,0.9317357001972386,12.75,25,0.0
14976.0,United Kingdom,1,270.0,7,33.42857142857143,112.98,3.37974358974359,15.0,47,0.14285714285714285
14977.0,United Kingdom,1,1.0,1,17.0,31.929999999999996,1.8782352941176468,4.25,4,0.0
14978.0,United Kingdom,1,519.0,10,74.0,314.214,4.246135135135135,18.95,175,0.2
14979.0,United Kingdom,1,1.0,1,213.0,439.46,2.063192488262911,7.95,42,0.0
14980.0,United Kingdom,1,1.0,1,79.0,150.68,1.9073417721518988,12.75,24,0.0
14981.0,United Kingdom,1,178.0,2,120.5,186.46,1.5473858921161827,4.95,20,0.5
14982.0,United Kingdom,1,1.0,1,125.0,237.78,1.90224,9.95,39,0.0
14983.0,United Kingdom,1,1.0,1,90.0,183.20000000000002,2.035555555555556,12.75,30,0.0
14984.0,United Kingdom,1,679.0,6,58.333333333333336,211.90166666666667,3.6326,12.75,48,0.0
14985.0,United Kingdom,1,161.0,2,130.0,148.375,1.1413461538461538,9.95,78,0.0
14986.0,United Kingdom,1,309.0,2,171.0,283.45,1.6576023391812864,9.95,87,0.0
14987.0,United Kingdom,1,723.0,8,75.875,193.83124999999998,2.554612850082372,7.95,4,0.125
14988.0,United Kingdom,1,392.0,7,182.28571428571428,295.2285714285714,1.6195924764890282,12.75,171,0.0
14989.0,United Kingdom,1,1.0,1,200.0,342.4,1.712,12.75,18,0.0
14990.0,United Kingdom,1,119.0,2,65.0,152.70999999999998,2.349384615384615,14.95,41,0.0
14991.0,United Kingdom,1,1.0,1,191.0,314.67,1.6474869109947645,9.95,21,0.0
14992.0,United Kingdom,1,1.0,1,145.0,210.5,1.4517241379310344,8.5,27,0.0
14993.0,United Kingdom,1,1.0,1,21.0,36.13,1.7204761904761905,5.95,9,0.0
14994.0,United Kingdom,1,242.0,5,115.4,192.126,1.6648700173310225,18.95,233,0.6
14995.0,United Kingdom,1,243.0,2,51.5,116.61500000000001,2.264368932038835,10.65,53,0.0
14996.0,United Kingdom,1,1.0,2,202.0,221.14499999999998,1.094777227722772,6.95,37,0.0
14997.0,United Kingdom,1,610.0,4,352.0,194.15,0.5515625000000001,1.95,36,0.25
14998.0,United Kingdom,1,436.0,4,91.75,192.6825,2.1000817438692096,14.95,111,0.0
14999.0,United Kingdom,1,1.0,1,88.0,129.48,1.4713636363636362,12.75,9,0.0
15000.0,United Kingdom,1,1.0,1,218.0,490.52,2.250091743119266,8.25,76,0.0
15001.0,United Kingdom,1,1.0,2,40.5,115.43,2.8501234567901235,16.95,44,0.0
15002.0,United Kingdom,1,582.0,9,248.77777777777777,465.07,1.8694193836534168,19.95,220,0.0
15003.0,United Kingdom,1,210.0,6,91.16666666666667,176.78333333333333,1.9391224862888483,14.95,253,0.16666666666666666
15004.0,United Kingdom,1,1.0,1,630.0,1246.32,1.9782857142857142,15.95,154,0.0
15005.0,United Kingdom,1,724.0,56,156.03571428571428,247.9232142857143,1.588887617303731,16.95,591,0.35714285714285715
15006.0,United Kingdom,1,403.0,2,208.0,412.57,1.9835096153846155,16.95,165,0.0
15007.0,United Kingdom,1,1.0,1,69.0,156.91,2.274057971014493,9.95,12,0.0
15008.0,United Kingdom,1,158.0,2,750.0,180.0,0.24,0.4,6,0.0
15009.0,United Kingdom,1,14.0,3,214.0,420.5933333333333,1.9653894080996885,16.65,148,0.0
15010.0,United Kingdom,1,1.0,1,184.0,308.94,1.6790217391304347,12.75,20,0.0
15011.0,United Kingdom,1,22.0,2,144.5,208.3,1.441522491349481,4.95,17,0.0
15012.0,United Kingdom,1,524.0,3,131.0,223.1866666666667,1.7037150127226464,12.75,165,0.0
15013.0,United Kingdom,1,191.0,10,174.7,164.13,0.9394962793360045,12.75,177,0.0
15014.0,United Kingdom,1,134.0,2,75.5,130.085,1.7229801324503313,4.95,29,0.0
15015.0,United Kingdom,1,225.0,13,122.53846153846153,181.92461538461538,1.4846327683615819,12.75,158,0.5384615384615384
15016.0,United Kingdom,1,372.0,5,49.4,126.05999999999999,2.551821862348178,12.75,93,0.2
15017.0,United Kingdom,1,1.0,1,63.0,125.58,1.9933333333333334,9.95,20,0.0
15018.0,United Kingdom,1,330.0,3,63.0,165.40333333333334,2.6254497354497355,39.95,30,0.3333333333333333
15019.0,United Kingdom,1,1.0,1,159.0,266.0,1.6729559748427674,9.95,64,0.0
15020.0,United Kingdom,1,1.0,1,112.0,203.42000000000002,1.8162500000000001,7.95,27,0.0
15021.0,United Kingdom,1,491.0,12,93.58333333333333,214.84916666666666,2.295805877114871,19.95,355,0.4166666666666667
15022.0,United Kingdom,1,667.0,5,131.2,237.218,1.8080640243902437,39.95,115,0.0
15023.0,United Kingdom,1,672.0,20,241.0,585.504,2.4294771784232365,125.0,486,0.15
15024.0,United Kingdom,1,416.0,16,121.375,224.018125,1.8456694129763132,16.95,168,0.0
15025.0,United Kingdom,1,536.0,2,257.5,506.545,1.9671650485436893,14.95,132,0.0
15026.0,United Kingdom,1,369.0,5,134.6,212.32199999999997,1.5774294205052004,14.95,109,0.0
15027.0,United Kingdom,1,595.0,10,278.2,319.56,1.1486700215672179,14.95,69,0.3
15028.0,United Kingdom,1,387.0,6,112.83333333333333,161.95666666666668,1.4353618906942394,9.95,65,0.0
15029.0,United Kingdom,1,1.0,1,234.0,365.1,1.5602564102564103,10.65,10,1.0
15030.0,United Kingdom,1,575.0,8,153.125,247.48875,1.6162530612244899,18.95,25,0.125
15031.0,United Kingdom,1,728.0,14,115.35714285714286,225.47,1.9545386996904024,16.95,237,0.14285714285714285
15032.0,United Kingdom,1,474.0,8,825.125,1376.25625,1.6679366762611725,12.75,39,0.25
15033.0,United Kingdom,1,326.0,10,169.5,258.66700000000003,1.5260589970501475,15.95,315,0.1
15034.0,United Kingdom,1,563.0,14,342.0,593.8142857142857,1.7362990810359231,45.95,416,0.21428571428571427
15035.0,United Kingdom,1,1.0,1,245.0,252.73000000000002,1.0315510204081633,4.95,26,0.0
15036.0,United Kingdom,1,108.0,3,109.0,155.18333333333334,1.4237003058103976,12.75,107,0.0
15037.0,United Kingdom,1,1.0,2,150.5,201.255,1.3372425249169435,9.95,40,0.0
15038.0,United Kingdom,1,368.0,9,43.888888888888886,131.49222222222224,2.9960253164556963,16.95,190,0.1111111111111111
15039.0,United Kingdom,1,721.0,93,192.65591397849462,423.8701075268817,2.2001406485460735,24.95,562,0.15053763440860216
15040.0,United Kingdom,1,1.0,1,1.0,7.49,7.49,7.49,1,0.0
15041.0,United Kingdom,1,275.0,2,98.5,147.01,1.49248730964467,11.95,98,0.0
15042.0,United Kingdom,1,397.0,2,119.0,157.72500000000002,1.325420168067227,12.75,9,0.0
15043.0,United Kingdom,1,503.0,6,171.83333333333334,478.96666666666664,2.787390882638215,10.95,39,0.0
15044.0,United Kingdom,1,705.0,35,150.82857142857142,462.98085714285713,3.069583254404243,98.88,344,0.34285714285714286
15045.0,United Kingdom,1,107.0,2,57.0,367.83,6.453157894736842,12.75,11,0.5
15046.0,United Kingdom,1,686.0,25,188.04,312.49559999999997,1.6618570516911295,35.95,248,0.12
15047.0,United Kingdom,1,1.0,1,222.0,343.62,1.547837837837838,5.95,22,0.0
15048.0,United Kingdom,1,304.0,4,48.75,96.0125,1.9694871794871796,9.95,86,0.25
15049.0,United Kingdom,1,1.0,1,63.0,121.17000000000002,1.9233333333333336,2.95,3,0.0
15050.0,United Kingdom,1,456.0,5,525.6,838.758,1.595810502283105,12.75,116,0.4
15051.0,United Kingdom,1,716.0,9,339.22222222222223,437.24,1.288948575171962,79.95,226,0.1111111111111111
15052.0,United Kingdom,1,1.0,1,82.0,215.78,2.6314634146341462,39.95,27,0.0
15053.0,United Kingdom,1,278.0,3,328.6666666666667,232.59666666666666,0.7076977687626774,4.95,49,0.0
15054.0,United Kingdom,1,29.0,2,99.0,151.05,1.5257575757575759,8.25,105,0.0
15055.0,United Kingdom,1,250.0,3,76.66666666666667,186.69000000000003,2.4350869565217392,19.95,77,0.0
15056.0,United Kingdom,1,1.0,1,81.0,133.45,1.6475308641975308,9.95,6,0.0
15057.0,United Kingdom,1,460.0,5,278.8,651.192,2.3356958393113345,14.95,62,0.2
15058.0,United Kingdom,1,629.0,16,103.75,213.126875,2.0542349397590365,19.95,232,0.0625
15059.0,United Kingdom,1,694.0,19,85.10526315789474,185.45105263157896,2.179078540507112,16.95,308,0.42105263157894735
15060.0,United Kingdom,1,2.0,4,65.75,75.77250000000001,1.1524334600760457,12.75,81,0.0
15061.0,United Kingdom,1,736.0,127,584.8818897637796,995.1891338582677,1.7015215401184707,12.75,131,0.08661417322834646
15062.0,United Kingdom,1,540.0,8,234.0,323.2025,1.3812072649572649,16.95,98,0.0
15063.0,United Kingdom,1,1.0,1,56.0,370.79999999999995,6.621428571428571,15.95,5,0.0
15064.0,United Kingdom,1,308.0,4,202.5,313.6025,1.5486543209876544,50.0,75,0.0
15065.0,United Kingdom,1,374.0,5,289.2,665.3720000000001,2.3007330567081605,125.0,156,0.4
15066.0,United Kingdom,1,1.0,1,317.0,893.59,2.818895899053628,12.75,42,1.0
15067.0,United Kingdom,1,530.0,5,432.6,775.576,1.792824780397596,79.95,170,0.2
15068.0,United Kingdom,1,576.0,4,208.75,294.2125,1.4094011976047902,14.95,178,0.0
15069.0,United Kingdom,1,1.0,1,520.0,1109.53,2.1337115384615384,16.95,70,0.0
15070.0,United Kingdom,1,353.0,3,115.66666666666667,245.68333333333337,2.124063400576369,16.95,26,0.0
15071.0,United Kingdom,1,478.0,4,104.0,363.89,3.4989423076923076,12.75,41,0.0
15072.0,United Kingdom,1,1.0,1,164.0,187.51999999999998,1.1434146341463414,4.95,13,0.0
15073.0,United Kingdom,1,673.0,8,176.25,348.5025,1.9773191489361701,24.95,115,0.125
15074.0,United Kingdom,1,363.0,3,354.3333333333333,522.11,1.4734995296331137,4.95,63,0.0
15075.0,United Kingdom,1,1.0,1,447.0,773.03,1.729373601789709,14.95,27,0.0
15076.0,United Kingdom,1,351.0,3,288.6666666666667,482.58,1.6717551963048498,35.95,68,0.6666666666666666
15077.0,United Kingdom,1,237.0,2,264.0,1214.04,4.598636363636364,12.75,28,1.0
15078.0,United Kingdom,1,729.0,53,165.60377358490567,326.1647169811321,1.969548820781588,12.75,118,0.20754716981132076
15079.0,United Kingdom,1,520.0,11,132.63636363636363,329.58181818181816,2.4848526387936944,49.95,119,0.5454545454545454
15080.0,United Kingdom,1,75.0,2,143.5,273.125,1.9033101045296168,5.95,31,0.0
15081.0,United Kingdom,1,514.0,12,62.416666666666664,154.54749999999999,2.4760614152202938,19.95,75,0.08333333333333333
15082.0,United Kingdom,1,1.0,1,43.0,93.35000000000001,2.1709302325581397,2.95,6,0.0
15083.0,United Kingdom,1,1.0,1,38.0,88.2,2.3210526315789473,12.75,5,0.0
15084.0,United Kingdom,1,267.0,2,300.0,482.6,1.6086666666666667,14.95,31,0.0
15085.0,United Kingdom,1,1.0,1,169.0,347.54,2.056449704142012,3.75,9,0.0
15086.0,United Kingdom,1,62.0,2,47.5,109.265,2.300315789473684,6.95,10,0.0
15087.0,United Kingdom,1,1.0,1,470.0,306.94,0.653063829787234,4.25,15,0.0
15088.0,United Kingdom,1,47.0,2,230.0,580.035,2.521891304347826,85.0,53,0.5
15089.0,United Kingdom,1,119.0,6,226.5,403.47333333333336,1.781339220014717,16.95,139,0.0
15090.0,United Kingdom,1,1.0,1,208.0,381.32,1.8332692307692307,7.95,23,0.0
15091.0,United Kingdom,1,608.0,3,194.0,348.86999999999995,1.7982989690721647,8.5,55,1.0
15092.0,United Kingdom,1,248.0,3,76.66666666666667,258.82,3.375913043478261,12.75,39,0.3333333333333333
15093.0,United Kingdom,1,714.0,23,468.60869565217394,595.7556521739131,1.2713286323993318,12.75,104,0.4782608695652174
15094.0,United Kingdom,1,182.0,2,14.0,41.5,2.9642857142857144,4.25,4,0.0
15095.0,United Kingdom,1,585.0,10,223.3,314.164,1.4069144648454992,16.95,90,0.1
15096.0,United Kingdom,1,1.0,1,120.0,219.39000000000001,1.8282500000000002,12.5,11,0.0
15097.0,United Kingdom,1,580.0,3,141.33333333333334,302.7833333333333,2.1423349056603773,12.75,59,0.6666666666666666
15098.0,United Kingdom,1,1.0,3,40.333333333333336,13305.5,329.8884297520661,649.5,1,0.6666666666666666
15099.0,United Kingdom,1,1.0,1,343.0,410.48,1.1967346938775512,4.95,23,0.0
15100.0,United Kingdom,1,369.0,7,38.57142857142857,313.4142857142857,8.125555555555556,10.95,11,1.0
15101.0,United Kingdom,1,583.0,6,112.66666666666667,246.32333333333335,2.1863017751479292,39.95,52,0.8333333333333334
15102.0,United Kingdom,1,17.0,2,169.5,277.335,1.6361946902654867,10.75,26,0.0
15103.0,United Kingdom,1,56.0,2,164.5,351.68,2.137872340425532,85.0,35,0.0
15104.0,United Kingdom,1,87.0,2,318.5,513.72,1.6129356357927787,19.95,66,0.5
15105.0,United Kingdom,1,609.0,9,194.11111111111111,343.87888888888887,1.7715569547796222,9.95,129,0.0
15106.0,United Kingdom,1,253.0,5,236.2,284.504,1.2045046570702793,16.95,90,0.4
15107.0,United Kingdom,1,141.0,9,36.77777777777778,91.59444444444445,2.4904833836858007,14.95,32,0.3333333333333333
15108.0,European Community,1,87.0,4,124.75,325.0625,2.6057114228456912,18.0,50,0.25
15109.0,United Kingdom,1,491.0,3,86.0,327.7,3.8104651162790697,16.95,46,0.3333333333333333
15110.0,United Kingdom,1,463.0,6,56.166666666666664,250.97500000000002,4.46839762611276,39.95,23,0.5
15111.0,United Kingdom,1,564.0,5,211.6,488.474,2.308478260869565,12.75,109,0.0
15112.0,United Kingdom,1,1.0,1,72.0,209.4,2.908333333333333,8.5,7,0.0
15113.0,United Kingdom,1,46.0,3,795.3333333333334,1203.11,1.5127116512992456,8.5,77,0.3333333333333333
15114.0,United Kingdom,1,392.0,12,294.3333333333333,283.3433333333333,0.962661381653454,16.95,151,0.0
15115.0,United Kingdom,1,715.0,2,122.5,265.925,2.170816326530612,16.65,35,0.5
15116.0,United Kingdom,1,188.0,4,162.0,338.1875,2.087577160493827,10.95,37,0.0
15117.0,United Kingdom,1,621.0,8,386.625,310.74625000000003,0.8037407048173295,16.65,89,0.125
15118.0,United Kingdom,1,1.0,1,1440.0,244.8,0.17,0.17,1,0.0
15119.0,United Kingdom,1,1.0,1,88.0,266.40000000000003,3.027272727272728,39.95,14,0.0
15120.0,United Kingdom,1,1.0,1,296.0,358.82,1.2122297297297298,39.95,21,1.0
15121.0,United Kingdom,1,239.0,2,99.5,228.86,2.300100502512563,25.0,28,0.0
15122.0,United Kingdom,1,506.0,11,185.9090909090909,408.8609090909091,2.1992518337408313,12.75,155,0.45454545454545453
15123.0,United Kingdom,1,627.0,5,504.8,931.234,1.844758320126783,14.95,149,0.0
15124.0,United Kingdom,1,630.0,4,115.5,112.705,0.9758008658008658,14.95,30,0.0
15125.0,United Kingdom,1,594.0,24,351.375,709.3695833333333,2.0188390845487962,79.95,151,0.5
15126.0,United Kingdom,1,152.0,2,136.5,224.745,1.6464835164835165,16.95,25,0.0
15127.0,United Kingdom,1,455.0,2,232.0,355.75,1.5334051724137931,39.95,27,0.0
15128.0,United Kingdom,1,371.0,5,316.6,356.736,1.1267719519898927,12.75,87,0.8
15129.0,United Kingdom,1,561.0,23,174.0,298.2686956521739,1.7141879060469767,16.95,86,0.0
15130.0,United Kingdom,1,1.0,1,197.0,330.11,1.6756852791878174,5.95,22,0.0
15131.0,United Kingdom,1,1.0,1,88.0,80.28,0.9122727272727272,7.95,7,0.0
15132.0,United Kingdom,1,245.0,5,135.8,195.586,1.4402503681885126,6.75,49,0.0
15133.0,United Kingdom,1,394.0,5,192.0,361.38,1.8821875000000001,8.5,45,0.0
15134.0,United Kingdom,1,409.0,10,105.7,159.629,1.5102081362346262,5.95,47,0.0
15135.0,United Kingdom,1,318.0,2,42.0,152.84,3.639047619047619,16.95,17,0.5
15136.0,United Kingdom,1,95.0,4,194.0,321.675,1.658118556701031,4.95,61,0.25
15137.0,United Kingdom,1,161.0,2,298.0,411.7,1.3815436241610737,10.65,34,1.5
15138.0,United Kingdom,1,1.0,1,300.0,502.52,1.6750666666666667,39.95,31,1.0
15139.0,United Kingdom,1,98.0,2,104.0,89.48,0.8603846153846154,3.75,13,0.0
15140.0,United Kingdom,1,391.0,8,251.25,405.46125,1.6137761194029852,12.5,103,0.125
15141.0,United Kingdom,1,165.0,7,171.0,198.35285714285715,1.1599582289055974,9.95,44,0.2857142857142857
15142.0,United Kingdom,1,455.0,6,359.1666666666667,436.65333333333336,1.2157401392111369,10.95,115,0.16666666666666666
15143.0,United Kingdom,1,208.0,2,160.0,281.815,1.76134375,12.75,27,0.0
15144.0,United Kingdom,1,719.0,29,181.06896551724137,419.3210344827586,2.315808417444296,12.75,199,0.13793103448275862
15145.0,United Kingdom,1,245.0,4,189.0,298.6825,1.5803306878306878,15.95,54,0.0
15146.0,United Kingdom,1,128.0,2,736.5,663.58,0.9009911744738629,10.4,90,0.5
15147.0,United Kingdom,1,1.0,1,366.0,623.5,1.703551912568306,12.75,28,1.0
15148.0,United Kingdom,1,1.0,1,187.0,301.29,1.6111764705882354,5.95,20,0.0
15149.0,United Kingdom,1,517.0,5,76.0,310.922,4.0910789473684215,110.0,62,0.0
15150.0,United Kingdom,1,527.0,13,475.61538461538464,692.3907692307693,1.455778748180495,24.95,495,0.07692307692307693
15151.0,United Kingdom,1,87.0,2,397.5,1042.805,2.623408805031447,295.0,56,0.0
15152.0,United Kingdom,1,693.0,14,213.85714285714286,375.98785714285714,1.75812625250501,14.95,214,0.2857142857142857
15153.0,United Kingdom,1,1.0,1,198.0,329.25,1.6628787878787878,16.95,22,0.0
15154.0,United Kingdom,1,404.0,3,116.33333333333333,462.80333333333334,3.978252148997135,12.75,166,0.3333333333333333
15155.0,United Kingdom,1,1.0,1,192.0,383.96999999999997,1.99984375,9.95,24,0.0
15156.0,United Kingdom,1,33.0,3,199.0,320.49666666666667,1.610536013400335,14.95,51,0.0
15157.0,United Kingdom,1,727.0,5,693.2,530.822,0.7657559145989614,85.0,152,0.4
15158.0,United Kingdom,1,357.0,2,109.5,303.01,2.767214611872146,165.0,11,0.5
15159.0,United Kingdom,1,431.0,34,397.4117647058824,650.4920588235294,1.6368213439905268,125.0,413,0.11764705882352941
15160.0,United Kingdom,1,65.0,4,76.75,147.3175,1.9194462540716613,7.95,17,0.0
15161.0,United Kingdom,1,1.0,1,144.0,119.92,0.8327777777777778,5.95,33,0.0
15162.0,United Kingdom,1,1.0,1,74.0,312.9,4.228378378378378,10.95,12,1.0
15163.0,United Kingdom,1,175.0,2,93.0,152.235,1.636935483870968,8.5,29,0.0
15164.0,United Kingdom,1,623.0,9,103.44444444444444,229.88,2.2222556390977446,14.95,243,0.1111111111111111
15165.0,United Kingdom,1,1.0,1,160.0,487.75,3.0484375,18.95,27,0.0
15166.0,United Kingdom,1,1.0,1,140.0,167.16,1.194,12.75,12,0.0
15167.0,United Kingdom,1,354.0,5,174.4,331.934,1.9032912844036698,21.95,262,0.0
15168.0,United Kingdom,1,1.0,1,52.0,106.56,2.0492307692307694,7.95,5,0.0
15169.0,United Kingdom,1,345.0,2,178.0,284.61,1.598932584269663,12.75,58,0.0
15170.0,United Kingdom,1,1.0,1,33.0,81.15,2.4590909090909094,5.95,4,0.0
15171.0,United Kingdom,1,1.0,1,290.0,1289.5,4.446551724137931,7.45,5,1.0
15172.0,United Kingdom,1,229.0,5,322.2,324.81,1.0081005586592178,15.0,106,0.0
15173.0,United Kingdom,1,238.0,7,120.0,213.5142857142857,1.7792857142857141,9.95,68,0.14285714285714285
15174.0,United Kingdom,1,89.0,2,191.0,240.73,1.260366492146597,8.5,34,0.0
15175.0,United Kingdom,1,1.0,1,454.0,224.14,0.4937004405286343,3.25,23,0.0
15176.0,United Kingdom,1,1.0,1,448.0,988.0400000000001,2.205446428571429,49.95,52,1.0
15177.0,United Kingdom,1,1.0,1,485.0,948.9300000000001,1.956556701030928,12.75,26,0.0
15178.0,United Kingdom,1,1.0,1,30.0,40.5,1.35,1.95,3,0.0
15179.0,United Kingdom,1,719.0,13,416.61538461538464,576.3015384615385,1.3832939438700147,18.95,225,0.3076923076923077
15180.0,United Kingdom,1,223.0,3,218.0,272.31,1.2491284403669727,5.95,46,0.0
15181.0,United Kingdom,1,666.0,5,137.6,240.04000000000002,1.7444767441860465,9.95,15,0.6
15182.0,United Kingdom,1,503.0,11,107.81818181818181,272.632,2.528627318718381,14.95,78,0.2727272727272727
15183.0,United Kingdom,1,38.0,3,99.0,213.31000000000003,2.154646464646465,7.95,33,0.3333333333333333
15184.0,United Kingdom,1,695.0,4,121.5,172.4875,1.419650205761317,12.75,72,0.0
15185.0,United Kingdom,1,1.0,1,666.0,310.62,0.4663963963963964,39.95,21,0.0
15186.0,United Kingdom,1,683.0,5,143.2,280.64,1.9597765363128492,12.75,29,0.0
15187.0,United Kingdom,1,212.0,16,117.9375,298.57375,2.531626921038686,15.0,61,0.125
15188.0,United Kingdom,1,1.0,1,233.0,310.43,1.3323175965665237,12.75,23,0.0
15189.0,United Kingdom,1,509.0,46,150.04347826086956,380.96478260869566,2.5390292668791656,85.0,90,0.2608695652173913
15190.0,United Kingdom,1,1.0,1,790.0,834.4399999999999,1.056253164556962,16.95,40,0.0
15191.0,United Kingdom,1,226.0,3,95.66666666666667,196.01666666666665,2.0489547038327522,10.75,33,0.0
15192.0,United Kingdom,1,561.0,5,289.6,333.278,1.15082182320442,9.95,56,0.0
15193.0,United Kingdom,1,1.0,1,144.0,499.32,3.4675,12.75,19,0.0
15194.0,United Kingdom,1,734.0,28,318.64285714285717,429.34035714285716,1.347403048643802,39.95,274,0.39285714285714285
15195.0,United Kingdom,1,1.0,1,1404.0,3861.0,2.75,2.75,1,0.0
15196.0,United Kingdom,1,295.0,2,65.5,158.125,2.41412213740458,4.25,34,0.0
15197.0,United Kingdom,1,719.0,6,176.33333333333334,312.91833333333335,1.7745841209829867,34.95,44,0.6666666666666666
15198.0,United Kingdom,1,598.0,5,65.4,114.27000000000001,1.7472477064220184,14.95,28,0.2
15199.0,United Kingdom,1,517.0,10,89.4,312.24,3.4926174496644298,8.5,17,0.0
15200.0,United Kingdom,1,1.0,1,195.0,549.05,2.8156410256410256,10.95,30,0.0
15201.0,United Kingdom,1,525.0,7,237.14285714285714,263.2785714285714,1.110210843373494,5.45,44,1.0
15202.0,United Kingdom,1,1.0,3,1.0,2000.4966666666667,2000.4966666666667,2667.88,1,1.6666666666666667
15203.0,United Kingdom,1,707.0,15,278.8,293.3453333333334,1.0521712099473937,7.95,150,0.0
15204.0,United Kingdom,1,1.0,1,258.0,316.58,1.2270542635658914,8.5,9,0.0
15205.0,United Kingdom,1,43.0,2,189.0,326.62,1.7281481481481482,16.95,37,0.5
15206.0,United Kingdom,1,266.0,4,40.5,105.07499999999999,2.594444444444444,2.95,3,0.0
15207.0,United Kingdom,1,132.0,3,142.66666666666666,227.97333333333336,1.597943925233645,2.95,19,0.6666666666666666
15208.0,United Kingdom,1,423.0,6,59.333333333333336,161.75333333333333,2.7261797752808987,12.75,27,0.16666666666666666
15209.0,United Kingdom,1,1.0,1,94.0,178.98000000000002,1.9040425531914895,8.95,13,0.0
15210.0,United Kingdom,1,351.0,3,280.3333333333333,392.06333333333333,1.3985612366230677,49.95,66,0.0
15211.0,United Kingdom,1,306.0,2,120.0,447.205,3.7267083333333333,14.95,52,0.0
15212.0,United Kingdom,1,136.0,2,42.0,104.13999999999999,2.4795238095238092,9.95,7,0.5
15213.0,United Kingdom,1,12.0,2,136.0,164.175,1.207169117647059,2.95,22,0.5
15214.0,United Kingdom,1,242.0,8,156.75,207.68,1.3249122807017544,12.75,109,0.0
15215.0,United Kingdom,1,567.0,7,110.85714285714286,346.06142857142856,3.1216881443298967,25.0,85,0.5714285714285714
15216.0,United Kingdom,1,532.0,2,108.5,243.045,2.2400460829493087,14.95,24,0.0
15217.0,United Kingdom,1,1.0,1,190.0,426.24,2.2433684210526317,7.95,28,0.0
15218.0,United Kingdom,1,673.0,22,297.8636363636364,523.4804545454546,1.7574500228902792,12.75,139,0.13636363636363635
15219.0,United Kingdom,1,473.0,2,135.5,342.725,2.5293357933579337,12.75,26,0.0
15220.0,United Kingdom,1,230.0,6,232.16666666666666,296.49333333333334,1.2770710696338838,12.5,110,0.16666666666666666
15221.0,United Kingdom,1,272.0,4,61.0,515.55,8.451639344262293,21.95,21,0.75
15222.0,United Kingdom,1,406.0,11,405.27272727272725,322.81,0.7965253476895469,7.95,98,0.5454545454545454
15223.0,United Kingdom,1,510.0,5,77.0,283.59000000000003,3.682987012987013,12.75,26,0.2
15224.0,United Kingdom,1,336.0,5,88.6,174.272,1.9669525959367946,10.65,24,0.6
15225.0,United Kingdom,1,1.0,1,226.0,409.40000000000003,1.8115044247787613,8.5,23,0.0
15226.0,United Kingdom,1,1.0,1,71.0,154.41,2.174788732394366,12.75,8,0.0
15227.0,United Kingdom,1,598.0,9,135.22222222222223,276.4988888888889,2.044774034511093,16.95,86,0.0
15228.0,United Kingdom,1,434.0,6,562.5,930.045,1.6534133333333332,16.95,184,0.16666666666666666
15229.0,United Kingdom,1,1.0,1,114.0,160.5,1.4078947368421053,2.95,9,0.0
15230.0,United Kingdom,1,2.0,2,175.5,214.8,1.223931623931624,4.95,23,0.0
15231.0,United Kingdom,1,1.0,1,190.0,250.26,1.317157894736842,4.95,14,1.0
15232.0,United Kingdom,1,28.0,2,343.0,306.03,0.8922157434402331,4.95,26,0.0
15233.0,United Kingdom,1,1.0,1,12.0,59.400000000000006,4.95,4.95,1,0.0
15234.0,United Kingdom,1,1.0,1,196.0,197.0,1.0051020408163265,4.25,14,0.0
15235.0,United Kingdom,1,172.0,16,104.75,173.2975,1.6543914081145585,16.95,161,0.0
15236.0,United Kingdom,1,1.0,1,269.0,321.05,1.1934944237918217,4.95,15,0.0
15237.0,United Kingdom,1,227.0,4,267.75,353.08,1.3186928104575162,16.95,94,0.0
15238.0,United Kingdom,1,156.0,3,230.66666666666666,357.33,1.5491184971098266,125.0,49,0.6666666666666666
15239.0,United Kingdom,1,69.0,2,297.0,390.295,1.3141245791245793,8.5,48,0.5
15240.0,United Kingdom,1,691.0,12,267.8333333333333,371.665,1.3876726820161793,16.95,134,0.6666666666666666
15241.0,United Kingdom,1,589.0,11,302.54545454545456,277.2872727272727,0.916514423076923,15.0,120,0.09090909090909091
15242.0,United Kingdom,1,1.0,1,196.0,302.04,1.5410204081632655,3.95,4,0.0
15243.0,United Kingdom,1,362.0,2,271.5,463.64,1.7076979742173113,16.95,56,0.0
15244.0,United Kingdom,1,602.0,3,157.33333333333334,304.0266666666667,1.9323728813559322,39.95,44,0.3333333333333333
15245.0,United Kingdom,1,462.0,8,377.625,576.355,1.526262826878517,9.95,72,0.0
15246.0,United Kingdom,1,318.0,3,119.66666666666667,260.1333333333334,2.1738161559888582,12.75,45,0.0
15247.0,United Kingdom,1,416.0,3,171.33333333333334,325.3533333333333,1.8989494163424123,8.95,13,0.3333333333333333
15248.0,United Kingdom,1,124.0,3,355.0,631.3100000000001,1.7783380281690142,12.75,103,0.3333333333333333
15249.0,United Kingdom,1,593.0,18,276.6666666666667,514.7777777777778,1.8606425702811245,39.95,304,0.16666666666666666
15250.0,United Kingdom,1,1.0,1,48.0,60.0,1.25,1.25,3,0.0
15251.0,United Kingdom,1,671.0,21,576.5714285714286,967.8352380952381,1.678604228609184,14.95,183,0.47619047619047616
15252.0,United Kingdom,1,576.0,5,286.0,420.68199999999996,1.4709160839160837,10.95,106,0.4
15253.0,United Kingdom,1,571.0,8,198.5,256.88625,1.2941372795969774,18.95,102,0.5
15254.0,United Kingdom,1,434.0,3,237.0,362.7833333333333,1.530731364275668,12.75,64,0.3333333333333333
15255.0,United Kingdom,1,671.0,9,247.33333333333334,414.38,1.6753908355795148,24.95,137,0.2222222222222222
15256.0,United Kingdom,1,414.0,2,46.0,85.2,1.8521739130434782,2.95,6,0.0
15257.0,United Kingdom,1,132.0,2,35.5,342.95,9.66056338028169,165.0,11,0.5
15258.0,United Kingdom,1,50.0,2,71.0,311.58,4.3884507042253516,15.95,32,0.0
15259.0,United Kingdom,1,171.0,4,157.75,295.595,1.8738193343898575,295.0,50,0.0
15260.0,United Kingdom,1,634.0,25,178.72,350.7092,1.9623388540734108,18.95,186,0.2
15261.0,United Kingdom,1,300.0,4,201.5,377.0,1.8709677419354838,16.95,87,0.0
15262.0,United Kingdom,1,166.0,3,72.66666666666667,139.60666666666665,1.9211926605504588,12.75,22,0.0
15263.0,United Kingdom,1,1.0,1,89.0,156.51,1.7585393258426965,8.5,12,0.0
15264.0,United Kingdom,1,467.0,2,221.5,424.2,1.9151241534988712,10.95,52,0.5
15265.0,United Kingdom,1,588.0,4,392.5,836.41,2.1309808917197453,16.95,179,0.0
15266.0,United Kingdom,1,364.0,5,47.2,170.442,3.6110593220338987,14.95,38,0.2
15267.0,United Kingdom,1,161.0,5,188.8,343.472,1.8192372881355932,4.25,8,0.0
15268.0,United Kingdom,1,128.0,3,142.66666666666666,320.6333333333334,2.2474299065420564,12.75,21,0.3333333333333333
15269.0,United Kingdom,1,368.0,3,124.0,408.4533333333334,3.2939784946236563,145.0,33,0.0
15270.0,United Kingdom,1,708.0,21,190.95238095238096,405.9457142857143,2.1259002493765586,145.0,66,0.47619047619047616
15271.0,United Kingdom,1,485.0,24,101.91666666666667,191.57458333333332,1.8797179067865903,24.95,369,0.08333333333333333
15272.0,United Kingdom,1,607.0,6,114.5,347.58,3.035633187772926,125.0,257,0.0
15273.0,United Kingdom,1,1.0,1,216.0,228.96,1.06,1.06,1,0.0
15274.0,United Kingdom,1,15.0,2,309.5,358.285,1.1576252019386108,5.95,44,0.0
15275.0,United Kingdom,1,1.0,1,498.0,615.14,1.2352208835341365,10.95,41,1.0
15276.0,United Kingdom,1,369.0,4,82.75,162.3825,1.9623262839879154,16.95,160,0.25
15277.0,United Kingdom,1,380.0,2,186.5,238.17,1.2770509383378015,5.95,23,0.0
15278.0,United Kingdom,1,105.0,4,114.5,124.03999999999999,1.0833187772925763,7.65,29,0.0
15279.0,United Kingdom,1,322.0,5,160.4,316.108,1.9707481296758105,19.95,74,0.4
15280.0,United Kingdom,1,400.0,3,171.0,135.40666666666667,0.7918518518518518,19.95,48,0.0
15281.0,United Kingdom,1,370.0,16,327.0625,533.973125,1.6326332887445059,34.95,427,0.375
15282.0,United Kingdom,1,1.0,1,395.0,348.59,0.882506329113924,6.45,27,0.0
15283.0,United Kingdom,1,129.0,3,9.0,49.443333333333335,5.493703703703704,16.95,9,0.3333333333333333
15284.0,United Kingdom,1,1.0,1,5.0,24.75,4.95,4.95,1,0.0
15285.0,United Kingdom,1,1.0,1,120.0,94.92,0.791,1.95,6,0.0
15286.0,United Kingdom,1,1.0,1,55.0,240.55,4.373636363636364,4.95,3,0.0
15287.0,United Kingdom,1,716.0,5,202.0,171.206,0.8475544554455445,5.95,23,0.2
15288.0,United Kingdom,1,623.0,10,133.8,371.748,2.7783856502242155,12.75,128,0.0
15289.0,United Kingdom,1,593.0,5,325.4,318.61800000000005,0.9791579594345422,5.95,67,0.4
15290.0,United Kingdom,1,650.0,26,252.57692307692307,403.7030769230769,1.5983371402466877,16.95,106,0.15384615384615385
15291.0,United Kingdom,1,712.0,40,122.625,337.944,2.755914373088685,45.0,116,0.325
15292.0,United Kingdom,1,1.0,1,56.0,180.94,3.2310714285714286,15.95,24,0.0
15293.0,United Kingdom,1,1.0,1,178.0,247.5,1.3904494382022472,2.95,19,0.0
15294.0,United Kingdom,1,1.0,1,97.0,233.35,2.4056701030927834,8.95,15,1.0
15295.0,United Kingdom,1,1.0,1,151.0,217.24,1.4386754966887418,6.95,50,0.0
15296.0,United Kingdom,1,638.0,12,455.3333333333333,861.9025,1.892904465592972,14.95,342,0.6666666666666666
15297.0,United Kingdom,1,54.0,3,97.33333333333333,213.98000000000002,2.1984246575342468,8.5,30,0.3333333333333333
15298.0,United Kingdom,1,730.0,23,260.8695652173913,393.99,1.5102950000000002,9.95,199,0.2608695652173913
15299.0,United Kingdom,1,630.0,10,335.6,615.653,1.834484505363528,600.0,9,0.5
15300.0,United Kingdom,1,1.0,1,292.0,496.44,1.7001369863013698,12.5,28,0.0
15301.0,United Kingdom,1,401.0,17,222.76470588235293,407.6511764705882,1.8299630314232902,12.75,231,0.11764705882352941
15302.0,United Kingdom,1,1.0,1,102.0,308.0,3.019607843137255,16.95,15,1.0
15303.0,United Kingdom,1,394.0,3,171.33333333333334,408.06,2.381673151750973,15.95,63,0.3333333333333333
15304.0,United Kingdom,1,362.0,9,12.444444444444445,88.4888888888889,7.110714285714287,12.75,8,0.2222222222222222
15305.0,United Kingdom,1,1.0,1,40.0,93.6,2.34,7.95,5,0.0
15306.0,United Kingdom,1,596.0,9,341.55555555555554,387.1922222222222,1.1336141834743005,10.75,123,0.1111111111111111
15307.0,United Kingdom,1,1.0,1,37.0,205.3,5.548648648648649,12.5,12,0.0
15308.0,United Kingdom,1,1.0,1,175.0,310.47,1.774114285714286,12.75,19,1.0
15309.0,United Kingdom,1,126.0,4,110.0,199.49,1.8135454545454546,12.75,49,1.5
15310.0,United Kingdom,1,1.0,1,1476.0,1634.64,1.1074796747967481,5.95,45,0.0
15311.0,United Kingdom,1,739.0,208,337.5769230769231,553.5917788461538,1.6398981713569556,34.95,864,0.2980769230769231
15312.0,United Kingdom,1,649.0,12,141.08333333333334,244.1825,1.7307678676904903,10.95,118,0.16666666666666666
15313.0,United Kingdom,1,1.0,1,25.0,52.0,2.08,2.08,1,0.0
15314.0,United Kingdom,1,230.0,3,250.0,273.4833333333333,1.0939333333333332,9.95,49,0.3333333333333333
15315.0,United Kingdom,1,53.0,2,431.0,285.25,0.6618329466357309,2.95,35,0.5
15316.0,United Kingdom,1,1.0,1,100.0,165.0,1.65,1.65,1,0.0
15317.0,United Kingdom,1,1.0,1,45.0,129.75,2.8833333333333333,5.95,5,1.0
15318.0,United Kingdom,1,1.0,1,642.0,312.62,0.4869470404984424,3.95,33,0.0
15319.0,United Kingdom,1,1.0,1,175.0,204.5,1.1685714285714286,12.75,16,0.0
15320.0,United Kingdom,1,1.0,1,326.0,267.13,0.8194171779141104,8.5,36,0.0
15321.0,United Kingdom,1,605.0,12,304.4166666666667,559.1441666666667,1.8367725157404875,15.95,242,0.5
15322.0,United Kingdom,1,392.0,2,485.5,695.43,1.432399588053553,79.95,76,0.5
15323.0,United Kingdom,1,100.0,3,62.666666666666664,144.86666666666667,2.3117021276595744,8.95,29,0.3333333333333333
15324.0,United Kingdom,1,1.0,1,74.0,140.22000000000003,1.8948648648648652,3.75,8,0.0
15325.0,United Kingdom,1,559.0,8,172.875,200.25125,1.1583586406362978,12.75,164,0.125
15326.0,United Kingdom,1,406.0,5,270.2,340.104,1.2587120651369357,29.95,94,1.0
15327.0,United Kingdom,1,1.0,1,116.0,208.75,1.7995689655172413,12.75,10,0.0
15328.0,United Kingdom,1,1.0,1,88.0,107.24000000000001,1.2186363636363637,7.95,8,0.0
15329.0,United Kingdom,1,687.0,11,110.81818181818181,271.3027272727273,2.4481788351107463,15.95,98,0.8181818181818182
15330.0,United Kingdom,1,29.0,2,656.0,357.48,0.5449390243902439,1.45,10,0.0
15331.0,United Kingdom,1,111.0,3,233.66666666666666,255.97,1.0954493580599143,8.95,41,0.3333333333333333
15332.0,Lithuania,1,148.0,6,384.3333333333333,815.4466666666667,2.121717259323504,8.5,113,0.0
15333.0,United Kingdom,1,1.0,1,344.0,1028.56,2.9899999999999998,3.75,16,0.0
15334.0,United Kingdom,1,18.0,3,91.33333333333333,117.22333333333334,1.2834671532846715,9.95,67,0.0
15335.0,United Kingdom,1,1.0,1,80.0,173.97,2.174625,8.5,34,0.0
15336.0,United Kingdom,1,1.0,1,84.0,240.5,2.863095238095238,12.75,15,0.0
15337.0,United Kingdom,1,1.0,1,200.0,373.02,1.8651,12.75,21,1.0
15338.0,United Kingdom,1,1.0,1,150.0,283.43,1.8895333333333333,12.75,56,0.0
15339.0,United Kingdom,1,604.0,7,163.28571428571428,261.12,1.5991601049868767,12.75,162,0.5714285714285714
15340.0,United Kingdom,1,1.0,1,76.0,105.5,1.388157894736842,2.95,7,0.0
15341.0,United Kingdom,1,370.0,2,504.0,1201.3600000000001,2.383650793650794,4.25,22,0.5
15342.0,United Kingdom,1,1.0,1,283.0,406.09,1.434946996466431,14.95,24,1.0
15343.0,United Kingdom,1,1.0,1,84.0,364.5,4.339285714285714,12.75,21,0.0
15344.0,United Kingdom,1,75.0,3,38.666666666666664,187.98000000000002,4.861551724137931,14.95,21,0.6666666666666666
15345.0,United Kingdom,1,1.0,1,81.0,393.54,4.858518518518519,19.95,20,1.0
15346.0,United Kingdom,1,100.0,3,86.66666666666667,198.70666666666668,2.2927692307692307,8.5,36,0.3333333333333333
15347.0,United Kingdom,1,72.0,4,135.5,290.5,2.143911439114391,9.95,29,0.5
15348.0,United Kingdom,1,1.0,1,84.0,158.04,1.8814285714285712,3.75,9,0.0
15349.0,United Kingdom,1,30.0,2,163.5,236.905,1.448960244648318,12.5,65,0.0
15350.0,United Kingdom,1,11.0,2,136.0,273.8,2.013235294117647,4.95,26,0.0
15351.0,United Kingdom,1,421.0,10,136.2,346.36199999999997,2.543039647577092,14.95,201,0.5
15352.0,United Kingdom,1,1.0,1,43.0,114.95,2.6732558139534883,12.75,34,0.0
15353.0,United Kingdom,1,484.0,7,202.85714285714286,409.1857142857143,2.017112676056338,12.75,274,0.14285714285714285
15354.0,United Kingdom,1,1.0,3,1.0,94.8,94.8,94.8,1,1.3333333333333333
15355.0,United Kingdom,1,25.0,2,22.5,138.525,6.156666666666667,8.25,9,0.0
15356.0,United Kingdom,1,392.0,13,148.84615384615384,254.97923076923078,1.7130387596899226,9.95,290,0.0
15358.0,United Kingdom,1,729.0,42,354.8095238095238,391.0919047619048,1.1022587572137967,65.0,359,0.30952380952380953
15359.0,United Kingdom,1,32.0,8,18.125,22.66875,1.2506896551724138,2.1,10,0.125
15360.0,United Kingdom,1,1.0,1,223.0,427.93,1.9189686098654708,4.95,13,0.0
15361.0,United Kingdom,1,183.0,4,93.25,172.2675,1.847372654155496,79.95,10,0.0
15362.0,United Kingdom,1,291.0,2,184.0,306.54,1.6659782608695652,9.95,38,0.0
15363.0,United Kingdom,1,121.0,2,191.5,339.055,1.7705221932114883,9.95,32,0.5
15364.0,United Kingdom,1,160.0,2,246.5,456.595,1.8523123732251523,4.95,29,0.0
15365.0,United Kingdom,1,649.0,13,163.92307692307693,350.54846153846154,2.1384936649460347,16.95,126,0.15384615384615385
15366.0,United Kingdom,1,577.0,7,349.57142857142856,341.29714285714283,0.9763302002451981,12.75,86,0.0
15367.0,United Kingdom,1,673.0,11,267.6363636363636,461.9390909090909,1.7259952445652174,16.95,214,0.18181818181818182
15368.0,United Kingdom,1,374.0,2,203.0,361.37,1.7801477832512316,8.5,8,0.0
15369.0,United Kingdom,1,240.0,11,298.90909090909093,568.2963636363637,1.901234793187348,6.35,44,0.18181818181818182
15370.0,United Kingdom,1,371.0,8,174.625,467.37625,2.676456692913386,14.95,90,0.125
15371.0,United Kingdom,1,1.0,1,12.0,59.400000000000006,4.95,4.95,1,0.0
15372.0,United Kingdom,1,527.0,8,801.25,752.1325,0.9386989079563183,10.95,45,0.25
15373.0,United Kingdom,1,579.0,17,42.76470588235294,181.5935294117647,4.246341127922971,29.95,107,0.058823529411764705
15374.0,United Kingdom,1,497.0,2,145.0,153.66,1.0597241379310345,8.5,8,0.0
15375.0,United Kingdom,1,1.0,1,84.0,60.96,0.7257142857142858,2.25,6,0.0
15376.0,United Kingdom,1,183.0,3,206.33333333333334,411.11999999999995,1.992504038772213,21.95,100,0.0
15377.0,United Kingdom,1,34.0,4,63.25,302.9375,4.7895256916996045,9.95,15,0.25
15378.0,United Kingdom,1,40.0,2,65.0,123.25,1.896153846153846,1.95,8,0.0
15379.0,United Kingdom,1,232.0,8,375.0,609.73,1.6259466666666667,16.95,177,0.125
15380.0,United Kingdom,1,731.0,11,86.72727272727273,295.36,3.4056184486373167,9.95,27,0.18181818181818182
15381.0,United Kingdom,1,371.0,5,160.4,378.114,2.357319201995012,34.95,20,0.2
15382.0,United Kingdom,1,722.0,12,764.8333333333334,1144.4625,1.4963554151231206,16.95,315,0.6666666666666666
15384.0,United Kingdom,1,424.0,4,441.75,506.9475,1.1475891341256366,9.95,83,0.25
15385.0,United Kingdom,1,638.0,3,142.66666666666666,314.0266666666667,2.201121495327103,8.25,18,0.0
15386.0,United Kingdom,1,1.0,1,446.0,394.14,0.8837219730941703,4.95,31,0.0
15387.0,United Kingdom,1,1.0,1,335.0,468.65,1.398955223880597,8.95,20,0.0
15388.0,Canada,1,1.0,1,88.0,140.54,1.5970454545454544,4.95,10,0.0
15389.0,United Kingdom,1,510.0,5,788.0,546.76,0.6938578680203046,1.25,2,0.0
15390.0,Canada,1,14.0,2,447.0,608.33,1.3609172259507831,5.95,77,0.0
15391.0,United Kingdom,1,1.0,1,109.0,289.87,2.6593577981651375,12.75,12,1.0
15392.0,United Kingdom,1,428.0,7,306.2857142857143,415.94571428571425,1.3580317164179103,24.95,100,0.14285714285714285
15393.0,United Kingdom,1,709.0,5,75.6,178.268,2.358042328042328,12.75,37,0.0
15394.0,United Kingdom,1,716.0,11,215.63636363636363,480.6181818181818,2.2288364249578416,14.95,129,0.18181818181818182
15395.0,United Kingdom,1,1.0,1,17.0,107.45,6.320588235294117,8.5,7,0.0
15396.0,United Kingdom,1,472.0,2,139.0,398.19000000000005,2.864676258992806,8.5,16,0.0
15397.0,United Kingdom,1,1.0,1,20.0,94.0,4.7,6.75,6,0.0
15398.0,United Kingdom,1,63.0,2,384.5,672.765,1.7497139141742521,12.75,60,0.5
15399.0,United Kingdom,1,79.0,3,203.66666666666666,271.92333333333335,1.335139116202946,5.95,45,0.0
15400.0,United Kingdom,1,469.0,8,82.75,162.7875,1.9672205438066463,15.95,16,0.125
15401.0,United Kingdom,1,117.0,2,46.5,108.47500000000001,2.3327956989247314,12.75,14,0.0
15402.0,United Kingdom,1,444.0,6,339.0,305.09,0.8999705014749262,14.95,79,0.16666666666666666
15403.0,United Kingdom,1,240.0,2,246.0,85.44,0.3473170731707317,0.85,6,0.0
15404.0,United Kingdom,1,1.0,1,334.0,257.06,0.7696407185628743,9.95,16,0.0
15405.0,United Kingdom,1,388.0,2,174.0,329.92,1.8960919540229886,18.95,29,0.0
15406.0,United Kingdom,1,423.0,4,136.75,243.9675,1.7840402193784277,9.95,108,0.5
15407.0,United Kingdom,1,273.0,4,139.5,264.11,1.8932616487455198,195.0,142,0.0
15408.0,United Kingdom,1,1.0,1,106.0,267.18,2.520566037735849,16.95,34,0.0
15409.0,United Kingdom,1,1.0,1,59.0,131.25,2.2245762711864407,7.65,9,1.0
15410.0,United Kingdom,1,516.0,10,190.2,468.572,2.4635751840168245,12.75,80,0.0
15411.0,United Kingdom,1,157.0,4,132.5,339.72,2.563924528301887,12.75,86,0.25
15412.0,United Kingdom,1,1.0,1,108.0,190.53,1.7641666666666667,8.5,10,0.0
15413.0,United Kingdom,1,48.0,5,538.8,1359.7440000000001,2.523652561247216,10.95,20,0.4
15414.0,United Kingdom,1,234.0,3,147.66666666666666,258.3,1.74920993227991,15.0,37,0.0
15415.0,United Kingdom,1,1.0,1,575.0,572.8100000000001,0.9961913043478262,8.5,46,0.0
15416.0,United Kingdom,1,613.0,7,345.7142857142857,653.26,1.889595041322314,15.95,189,0.2857142857142857
15417.0,United Kingdom,1,1.0,1,284.0,508.8,1.791549295774648,2.95,28,0.0
15418.0,United Kingdom,1,162.0,2,133.0,226.16,1.7004511278195489,12.75,64,0.0
15419.0,United Kingdom,1,1.0,1,230.0,135.85999999999999,0.590695652173913,4.25,8,0.0
15420.0,United Kingdom,1,301.0,6,140.66666666666666,123.83333333333333,0.8803317535545023,8.5,52,0.0
15421.0,United Kingdom,1,675.0,10,192.7,380.534,1.9747483134405812,19.95,170,0.0
15422.0,United Kingdom,1,348.0,7,101.42857142857143,231.42428571428573,2.2816478873239436,16.95,80,0.14285714285714285
15423.0,United Kingdom,1,584.0,3,66.0,88.96333333333332,1.3479292929292928,15.95,13,0.3333333333333333
15424.0,United Kingdom,1,210.0,3,291.0,199.26,0.6847422680412371,4.95,33,0.0
15425.0,United Kingdom,1,264.0,4,260.5,486.1425,1.8661900191938579,12.75,114,0.0
15426.0,United Kingdom,1,568.0,9,117.88888888888889,244.88555555555553,2.077257304429783,25.0,327,0.2222222222222222
15427.0,United Kingdom,1,15.0,3,337.6666666666667,494.38000000000005,1.4641066140177692,12.5,233,0.0
15428.0,United Kingdom,1,708.0,4,86.75,190.6875,2.1981268011527377,39.95,39,0.0
15429.0,United Kingdom,1,50.0,2,190.0,198.675,1.0456578947368422,12.5,77,0.5
15430.0,United Kingdom,1,62.0,2,154.5,477.375,3.0898058252427183,12.75,36,0.5
15431.0,United Kingdom,1,1.0,1,84.0,153.24,1.8242857142857143,3.39,2,0.0
15432.0,United Kingdom,1,519.0,2,46.0,160.38,3.486521739130435,12.75,16,1.0
15433.0,United Kingdom,1,55.0,2,267.0,266.65,0.998689138576779,2.95,40,0.5
15434.0,United Kingdom,1,677.0,11,129.36363636363637,233.36909090909091,1.803977512297962,12.5,82,0.18181818181818182
15435.0,United Kingdom,1,1.0,1,54.0,149.29,2.7646296296296295,12.5,29,0.0
15436.0,United Kingdom,1,223.0,3,204.33333333333334,374.1766666666667,1.8312071778140293,10.95,243,0.0
15437.0,United Kingdom,1,379.0,2,88.5,196.725,2.2228813559322034,8.5,56,0.0
15438.0,United Kingdom,1,1.0,1,59.0,156.58,2.653898305084746,10.95,25,0.0
15439.0,United Kingdom,1,250.0,4,143.0,317.2625,2.218618881118881,12.75,49,0.0
15440.0,United Kingdom,1,155.0,3,65.66666666666667,127.89333333333333,1.9476142131979697,8.5,50,0.0
15441.0,United Kingdom,1,335.0,3,195.66666666666666,418.07,2.1366439522998295,12.75,45,0.0
15442.0,United Kingdom,1,1.0,1,120.0,594.0,4.95,4.95,2,0.0
15443.0,United Kingdom,1,642.0,14,195.35714285714286,369.7092857142857,1.8924789762340037,19.95,408,0.14285714285714285
15444.0,United Kingdom,1,32.0,2,382.0,709.13,1.8563612565445027,12.75,191,0.0
15445.0,United Kingdom,1,327.0,2,59.0,142.25,2.4110169491525424,12.75,12,0.0
15446.0,United Kingdom,1,351.0,3,89.0,135.65,1.5241573033707865,8.5,90,0.6666666666666666
15447.0,United Kingdom,1,296.0,5,45.6,98.576,2.161754385964912,12.75,27,0.2
15448.0,United Kingdom,1,363.0,2,243.5,394.405,1.6197330595482544,14.95,49,0.0
15449.0,United Kingdom,1,236.0,3,270.6666666666667,324.84,1.2001477832512315,9.95,47,0.6666666666666666
15450.0,United Kingdom,1,1.0,1,376.0,429.84,1.1431914893617021,12.5,30,0.0
15451.0,United Kingdom,1,166.0,2,39.5,116.605,2.952025316455696,12.75,56,0.0
15452.0,United Kingdom,1,483.0,6,181.83333333333334,299.8516666666667,1.6490467461044913,14.95,158,0.0
15453.0,United Kingdom,1,187.0,7,120.71428571428571,198.3385714285714,1.643041420118343,14.95,169,0.0
15454.0,United Kingdom,1,257.0,2,74.0,153.845,2.0789864864864867,10.95,35,0.0
15455.0,United Kingdom,1,1.0,1,3.0,38.25,12.75,12.75,2,0.0
15456.0,United Kingdom,1,449.0,10,282.6,211.927,0.7499186128803963,15.95,128,0.0
15457.0,United Kingdom,1,1.0,1,132.0,237.07,1.7959848484848484,9.95,56,0.0
15458.0,United Kingdom,1,378.0,2,150.0,185.22,1.2348,1.95,13,0.0
15459.0,United Kingdom,1,81.0,2,60.5,101.41499999999999,1.676280991735537,12.75,6,0.0
15460.0,United Kingdom,1,1.0,1,109.0,216.76,1.988623853211009,12.75,53,0.0
15461.0,United Kingdom,1,172.0,2,115.0,214.85,1.8682608695652174,2.1,1,0.5
15462.0,United Kingdom,1,352.0,4,123.75,184.2625,1.4889898989898989,12.75,32,0.0
15463.0,United Kingdom,1,1.0,1,106.0,126.14,1.19,3.95,7,0.0
15464.0,United Kingdom,1,1.0,1,350.0,1048.85,2.9967142857142854,39.95,155,0.0
15465.0,United Kingdom,1,711.0,32,82.625,378.746875,4.5839258698941,14.95,94,0.21875
15466.0,United Kingdom,1,652.0,4,236.0,392.7525,1.6642055084745762,10.95,211,0.0
15467.0,United Kingdom,1,144.0,3,103.33333333333333,174.96,1.6931612903225806,24.95,41,0.3333333333333333
15468.0,United Kingdom,1,342.0,3,466.6666666666667,476.82666666666665,1.0217714285714286,16.95,80,1.3333333333333333
15469.0,United Kingdom,1,389.0,3,95.66666666666667,291.4166666666667,3.0461672473867596,20.8,38,1.0
15470.0,United Kingdom,1,1.0,1,232.0,63.42,0.27336206896551724,0.42,4,0.0
15471.0,United Kingdom,1,549.0,3,227.66666666666666,438.8533333333333,1.9276134699853587,9.95,122,0.0
15472.0,United Kingdom,1,1.0,1,251.0,371.56,1.4803187250996015,9.95,76,0.0
15473.0,United Kingdom,1,431.0,8,97.0,255.75,2.63659793814433,3.75,5,0.375
15474.0,United Kingdom,1,1.0,1,56.0,163.1,2.9125,12.75,19,0.0
15475.0,United Kingdom,1,1.0,1,319.0,454.11,1.4235423197492163,11.95,29,0.0
15476.0,United Kingdom,1,63.0,4,293.5,552.495,1.882436115843271,12.75,67,0.25
15477.0,United Kingdom,1,1.0,1,216.0,368.4,1.7055555555555555,2.55,2,0.0
15478.0,United Kingdom,1,536.0,3,301.3333333333333,674.9933333333333,2.240022123893805,12.75,53,0.0
15479.0,United Kingdom,1,1.0,1,38.0,147.4,3.878947368421053,6.35,9,0.0
15480.0,Malta,1,561.0,5,370.4,1255.8,3.390388768898488,1868.56,199,0.4
15481.0,Norway,1,1.0,1,1450.0,1993.34,1.3747172413793103,12.75,38,0.0
15482.0,United Kingdom,1,723.0,19,343.7894736842105,768.0294736842105,2.2340110226576853,40.0,74,0.2631578947368421
15483.0,United Kingdom,1,524.0,10,94.4,86.22,0.9133474576271187,9.95,216,0.0
15484.0,United Kingdom,1,734.0,6,679.3333333333334,776.0,1.1422963689892052,14.95,180,0.16666666666666666
15485.0,United Kingdom,1,709.0,7,311.14285714285717,688.7742857142857,2.2136914600550965,9.95,80,0.14285714285714285
15486.0,United Kingdom,1,1.0,1,40.0,102.0,2.55,2.55,1,0.0
15487.0,United Kingdom,1,1.0,1,144.0,231.32,1.6063888888888889,6.75,14,0.0
15488.0,United Kingdom,1,492.0,5,50.2,86.384,1.720796812749004,15.0,10,0.0
15489.0,United Kingdom,1,672.0,8,158.0,302.45125,1.914248417721519,12.75,75,0.5
15490.0,United Kingdom,1,1.0,1,85.0,217.6,2.56,7.95,22,1.0
15491.0,United Kingdom,1,141.0,6,274.3333333333333,516.6816666666667,1.883408262454435,16.95,108,0.16666666666666666
15492.0,United Kingdom,1,47.0,2,241.5,329.72999999999996,1.365341614906832,12.5,32,0.0
15493.0,United Kingdom,1,623.0,9,140.0,479.44222222222226,3.424587301587302,19.95,289,0.2222222222222222
15494.0,United Kingdom,1,709.0,5,619.4,756.01,1.2205521472392638,12.75,307,0.2
15495.0,United Kingdom,1,1.0,1,194.0,246.5,1.2706185567010309,9.95,20,0.0
15496.0,United Kingdom,1,1.0,1,98.0,146.14000000000001,1.4912244897959186,12.75,22,0.0
15497.0,United Kingdom,1,705.0,9,326.3333333333333,961.9322222222222,2.9476983316309155,16.95,66,0.2222222222222222
15498.0,United Kingdom,1,722.0,44,276.3181818181818,569.6104545454546,2.0614295114328014,79.95,597,0.25
15499.0,United Kingdom,1,1.0,1,60.0,161.6,2.6933333333333334,7.95,40,0.0
15500.0,United Kingdom,1,74.0,4,143.0,282.89,1.978251748251748,16.95,64,0.0
15501.0,United Kingdom,1,12.0,2,103.0,201.25,1.953883495145631,12.75,64,0.0
15502.0,United Kingdom,1,540.0,14,397.92857142857144,933.1478571428571,2.345013462574044,3155.95,231,0.9285714285714286
15503.0,United Kingdom,1,365.0,2,68.0,133.575,1.9643382352941174,9.95,112,0.0
15504.0,United Kingdom,1,585.0,4,37.0,105.9625,2.8638513513513515,9.95,42,0.25
15505.0,United Kingdom,1,104.0,5,478.0,722.192,1.5108619246861925,7.95,90,0.4
15506.0,United Kingdom,1,456.0,6,274.5,340.005,1.2386338797814207,12.75,180,0.0
15507.0,United Kingdom,1,1.0,1,162.0,492.36,3.0392592592592593,12.75,41,0.0
15508.0,United Kingdom,1,47.0,6,73.33333333333333,166.71166666666667,2.2733409090909094,12.75,78,0.0
15509.0,United Kingdom,1,1.0,1,72.0,166.51,2.312638888888889,14.95,26,0.0
15510.0,United Kingdom,1,1.0,1,2.0,250.0,125.0,125.0,1,0.0
15511.0,United Kingdom,1,75.0,5,54.2,181.846,3.3550922509225094,12.75,117,0.0
15512.0,United Kingdom,1,522.0,4,58.75,82.895,1.4109787234042552,12.75,29,0.0
15513.0,United Kingdom,1,663.0,35,299.34285714285716,755.3442857142857,2.523341605421399,295.0,278,0.17142857142857143
15514.0,United Kingdom,1,724.0,18,235.88888888888889,366.5861111111111,1.5540626471973622,8.95,171,0.1111111111111111
15515.0,United Kingdom,1,1.0,1,131.0,171.81,1.311526717557252,6.75,7,0.0
15516.0,United Kingdom,1,3.0,3,9.0,20.81,2.312222222222222,8.5,15,0.0
15517.0,United Kingdom,1,1.0,1,293.0,267.03,0.9113651877133104,12.75,27,0.0
15518.0,United Kingdom,1,656.0,15,188.2,281.26266666666663,1.49448813319164,15.95,250,0.5333333333333333
15519.0,United Kingdom,1,64.0,2,58.0,172.305,2.9707758620689657,5.95,34,0.0
15520.0,United Kingdom,1,1.0,1,314.0,343.5,1.0939490445859872,4.95,18,0.0
15521.0,United Kingdom,1,664.0,16,282.25,444.168125,1.5736691762621788,125.0,186,0.5
15522.0,United Kingdom,1,56.0,2,286.5,199.42,0.6960558464223385,2.95,47,0.0
15523.0,United Kingdom,1,654.0,16,992.0625,1084.999375,1.0936804636804638,12.75,65,0.125
15524.0,United Kingdom,1,583.0,2,14.0,295.7,21.12142857142857,110.0,9,0.0
15525.0,United Kingdom,1,381.0,4,139.0,245.4425,1.765773381294964,14.95,152,0.25
15526.0,United Kingdom,1,1.0,2,12.0,74.22,6.185,9.95,4,0.0
15527.0,United Kingdom,1,707.0,23,96.6086956521739,242.41913043478263,2.5092889288928895,19.95,226,0.34782608695652173
15528.0,United Kingdom,1,1.0,1,123.0,229.33,1.8644715447154472,9.95,26,0.0
15529.0,United Kingdom,1,373.0,12,359.3333333333333,401.3575,1.116950371057514,8.95,451,0.08333333333333333
15530.0,United Kingdom,1,492.0,5,268.0,362.744,1.3535223880597016,16.95,111,0.0
15531.0,United Kingdom,1,23.0,2,552.5,1003.72,1.81668778280543,14.95,196,0.0
15532.0,United Kingdom,1,525.0,10,134.9,377.19,2.7960711638250557,21.95,417,0.2
15533.0,United Kingdom,1,71.0,3,96.33333333333333,269.19,2.7943598615916954,19.95,73,0.6666666666666666
15534.0,United Kingdom,1,1.0,1,63.0,162.25,2.5753968253968256,7.95,8,0.0
15535.0,United Kingdom,1,277.0,6,53.833333333333336,181.3033333333333,3.367863777089783,12.75,88,0.6666666666666666
15536.0,United Kingdom,1,1.0,1,242.0,259.09,1.0706198347107436,4.95,16,0.0
15537.0,United Kingdom,1,1.0,1,29.0,110.92,3.824827586206897,16.95,24,0.0
15538.0,United Kingdom,1,127.0,6,169.33333333333334,559.7333333333332,3.3055118110236217,26.95,3,0.8333333333333334
15539.0,United Kingdom,1,1.0,1,410.0,538.46,1.3133170731707318,4.25,41,0.0
15540.0,United Kingdom,1,365.0,2,222.0,230.34,1.0375675675675675,4.95,31,0.0
15541.0,United Kingdom,1,1.0,1,49.0,85.13000000000001,1.7373469387755105,5.95,29,0.0
15542.0,United Kingdom,1,226.0,3,156.33333333333334,306.15000000000003,1.958315565031983,14.95,212,0.3333333333333333
15543.0,United Kingdom,1,172.0,2,84.5,121.42,1.436923076923077,12.75,50,0.0
15544.0,United Kingdom,1,672.0,20,337.25,390.3945,1.1575819125277984,12.75,175,0.3
15545.0,United Kingdom,1,318.0,2,81.5,146.36,1.7958282208588958,9.95,78,0.0
15546.0,United Kingdom,1,1.0,2,99.0,539.55,5.449999999999999,5.45,6,0.5
15547.0,United Kingdom,1,727.0,26,283.15384615384613,390.55346153846153,1.3792977451779407,21.95,652,0.07692307692307693
15548.0,United Kingdom,1,1.0,1,64.0,158.09,2.47015625,16.95,23,0.0
15549.0,United Kingdom,1,621.0,8,117.5,293.245,2.4957021276595746,15.95,139,0.125
15550.0,United Kingdom,1,733.0,12,95.33333333333333,184.9,1.9395104895104898,34.95,166,0.16666666666666666
15551.0,United Kingdom,1,515.0,7,116.28571428571429,244.29714285714286,2.1008353808353806,12.75,117,0.2857142857142857
15552.0,United Kingdom,1,407.0,2,83.0,126.26,1.5212048192771086,4.25,29,0.0
15553.0,United Kingdom,1,1.0,1,451.0,437.23,0.9694678492239468,9.95,51,0.0
15554.0,United Kingdom,1,1.0,1,74.0,217.2,2.935135135135135,9.95,14,0.0
15555.0,United Kingdom,1,722.0,36,237.27777777777777,313.7102777777778,1.3221224537579022,19.95,667,0.2777777777777778
15556.0,United Kingdom,1,1.0,1,236.0,279.77,1.1854661016949153,9.95,31,0.0
15557.0,United Kingdom,1,1.0,1,219.0,473.65000000000003,2.1627853881278543,10.4,16,0.0
15558.0,United Kingdom,1,1.0,1,86.0,214.13000000000002,2.4898837209302327,16.95,23,1.0
15559.0,United Kingdom,1,1.0,1,526.0,1109.4,2.1091254752851714,12.75,62,0.0
15560.0,United Kingdom,1,1.0,2,36.0,76.76,2.1322222222222225,4.25,10,0.0
15561.0,United Kingdom,1,653.0,8,166.75,241.79874999999998,1.4500674662668664,14.95,65,0.125
15562.0,United Kingdom,1,376.0,3,187.0,224.46,1.2003208556149731,12.75,32,0.0
15563.0,United Kingdom,1,659.0,7,431.2857142857143,409.57142857142856,0.9496522027161312,12.75,179,0.5714285714285714
15564.0,United Kingdom,1,214.0,2,21.0,35.370000000000005,1.6842857142857146,5.95,4,0.0
15565.0,United Kingdom,1,21.0,2,30.0,86.58,2.886,8.25,8,0.0
15566.0,United Kingdom,1,333.0,2,76.5,113.935,1.4893464052287582,2.95,9,0.0
15567.0,United Kingdom,1,1.0,1,223.0,186.01,0.8341255605381166,14.95,7,0.0
15568.0,United Kingdom,1,72.0,3,153.66666666666666,252.76333333333332,1.6448806941431668,16.95,27,0.0
15569.0,United Kingdom,1,547.0,10,173.6,358.635,2.0658698156682025,19.95,123,0.0
15570.0,United Kingdom,1,615.0,25,164.56,351.7356,2.137430724355858,19.95,442,0.08
15571.0,United Kingdom,1,723.0,14,179.0,289.40214285714285,1.6167717478052674,29.95,442,0.0
15572.0,United Kingdom,1,601.0,10,214.8,406.867,1.8941666666666668,195.0,259,0.0
15573.0,United Kingdom,1,699.0,5,156.0,241.436,1.5476666666666667,12.75,181,0.0
15574.0,United Kingdom,1,288.0,6,128.83333333333334,190.50833333333333,1.478719275549806,14.95,191,0.16666666666666666
15575.0,United Kingdom,1,1.0,1,6.0,30.1,5.016666666666667,5.95,3,0.0
15576.0,United Kingdom,1,1.0,1,404.0,940.6700000000001,2.3283910891089112,14.95,43,0.0
15577.0,United Kingdom,1,576.0,5,24.2,79.596,3.289090909090909,12.75,58,0.0
15578.0,United Kingdom,1,1.0,1,52.0,127.10000000000001,2.4442307692307694,7.95,13,0.0
15579.0,United Kingdom,1,365.0,5,144.6,260.5,1.801521438450899,16.95,140,0.4
15580.0,United Kingdom,1,295.0,8,119.875,172.64875,1.4402398331595412,16.95,150,0.75
15581.0,United Kingdom,1,618.0,38,80.07894736842105,197.95394736842104,2.4719848833388105,2500.0,542,0.13157894736842105
15582.0,United Kingdom,1,197.0,3,151.0,227.63666666666668,1.5075275938189847,9.95,39,0.0
15583.0,United Kingdom,1,1.0,1,63.0,107.86,1.712063492063492,8.5,37,0.0
15584.0,United Kingdom,1,648.0,6,81.16666666666667,212.91666666666666,2.6232032854209444,16.65,174,0.16666666666666666
15585.0,United Kingdom,1,1.0,1,320.0,455.3,1.4228125,7.95,31,0.0
15586.0,United Kingdom,1,109.0,3,446.0,379.7,0.8513452914798205,3.75,30,0.3333333333333333
15587.0,United Kingdom,1,442.0,7,75.42857142857143,217.44,2.882727272727273,3.39,3,0.0
15588.0,United Kingdom,1,1.0,1,96.0,579.6,6.0375000000000005,8.5,4,0.0
15589.0,United Kingdom,1,56.0,3,81.0,159.51,1.969259259259259,21.95,28,0.3333333333333333
15590.0,United Kingdom,1,225.0,5,166.4,299.32,1.798798076923077,9.95,75,0.2
15591.0,United Kingdom,1,92.0,3,19.333333333333332,72.63333333333334,3.756896551724138,7.95,6,0.0
15592.0,United Kingdom,1,1.0,1,354.0,388.58,1.097683615819209,4.95,24,0.0
15593.0,United Kingdom,1,1.0,1,60.0,199.8,3.33,6.95,5,0.0
15594.0,United Kingdom,1,220.0,5,196.6,354.356,1.8024211597151576,9.95,85,0.2
15595.0,United Kingdom,1,1.0,1,144.0,357.6,2.4833333333333334,4.65,4,0.0
15596.0,United Kingdom,1,400.0,9,134.22222222222223,303.08,2.258046357615894,10.95,82,0.7777777777777778
15597.0,United Kingdom,1,541.0,2,196.5,281.685,1.4335114503816795,6.45,35,0.5
15598.0,United Kingdom,1,375.0,2,202.0,274.01,1.3564851485148515,9.95,32,1.0
15599.0,United Kingdom,1,420.0,3,366.0,416.68666666666667,1.138488160291439,12.75,77,0.0
15600.0,United Kingdom,1,166.0,4,164.25,299.8275,1.8254337899543378,12.75,55,0.25
15601.0,United Kingdom,1,728.0,30,346.5,473.058,1.3652467532467532,14.95,310,0.16666666666666666
15602.0,United Kingdom,1,730.0,16,143.5,196.1225,1.3667073170731707,12.75,62,0.5625
15603.0,United Kingdom,1,571.0,2,64.0,44.24,0.69125,1.25,4,0.5
15604.0,United Kingdom,1,1.0,1,159.0,216.39,1.360943396226415,4.95,17,0.0
15605.0,United Kingdom,1,659.0,9,71.22222222222223,193.55,2.717550702028081,39.95,80,0.1111111111111111
15606.0,United Kingdom,1,587.0,17,95.0,307.70529411764704,3.239003095975232,12.75,84,0.11764705882352941
15607.0,United Kingdom,1,365.0,9,163.33333333333334,189.88555555555556,1.1625646258503401,12.75,95,0.4444444444444444
15608.0,United Kingdom,1,388.0,5,252.4,357.196,1.4151980982567354,14.95,93,0.0
15609.0,United Kingdom,1,1.0,1,148.0,298.48,2.016756756756757,16.95,16,1.0
15610.0,United Kingdom,1,1.0,1,66.0,112.46000000000001,1.703939393939394,2.89,6,0.0
15611.0,United Kingdom,1,675.0,26,28.73076923076923,115.28,4.012423025435074,15.0,43,0.23076923076923078
15612.0,United Kingdom,1,26.0,2,26.0,97.575,3.7528846153846156,15.0,4,0.0
15613.0,United Kingdom,1,1.0,1,700.0,433.71999999999997,0.6195999999999999,19.95,27,0.0
15614.0,United Kingdom,1,190.0,4,408.0,786.84,1.928529411764706,14.95,73,0.75
15615.0,United Kingdom,1,728.0,47,257.2340425531915,454.7653191489362,1.7679048800661705,16.95,292,0.14893617021276595
15616.0,United Kingdom,1,1.0,1,137.0,317.11,2.3146715328467153,39.95,13,0.0
15617.0,United Kingdom,1,112.0,3,161.66666666666666,276.18333333333334,1.7083505154639176,9.95,41,0.0
15618.0,United Kingdom,1,105.0,4,113.5,194.21275,1.711125550660793,9.95,39,0.25
15619.0,United Kingdom,1,1.0,1,136.0,336.40000000000003,2.473529411764706,7.65,3,0.0
15620.0,United Kingdom,1,354.0,4,312.25,485.59,1.5551321056845475,29.95,114,1.0
15621.0,United Kingdom,1,18.0,4,125.25,323.2575,2.5808982035928145,3.29,11,0.5
15622.0,United Kingdom,1,603.0,17,240.64705882352942,461.9182352941176,1.919484233683696,49.95,331,0.7647058823529411
15623.0,United Kingdom,1,589.0,8,135.875,304.63125,2.2419963201471944,9.95,91,0.0
15624.0,United Kingdom,1,141.0,4,89.25,147.0325,1.6474229691876752,12.75,26,0.0
15625.0,United Kingdom,1,440.0,9,335.55555555555554,359.6,1.0716556291390729,4.95,106,0.5555555555555556
15626.0,United Kingdom,1,348.0,3,379.3333333333333,355.84,0.938066783831283,9.95,73,0.3333333333333333
15627.0,United Kingdom,1,66.0,2,172.0,283.45,1.6479651162790696,3.25,23,0.0
15628.0,United Kingdom,1,723.0,17,209.94117647058823,313.7105882352941,1.4942785093863826,12.75,136,0.23529411764705882
15629.0,United Kingdom,1,83.0,4,379.5,560.225,1.4762187088274046,10.95,39,0.0
15630.0,United Kingdom,1,600.0,3,329.0,493.8,1.5009118541033435,14.95,76,0.3333333333333333
15631.0,United Kingdom,1,1.0,1,525.0,596.67,1.1365142857142856,8.5,39,0.0
15632.0,United Kingdom,1,260.0,8,263.625,410.66375,1.5577572309151255,8.25,107,0.25
15633.0,United Kingdom,1,223.0,13,158.30769230769232,334.8046153846154,2.1148979591836734,12.75,77,0.38461538461538464
15634.0,United Kingdom,1,367.0,2,113.5,277.325,2.4433920704845815,7.95,34,0.0
15635.0,United Kingdom,1,1.0,1,5.0,100.35,20.07,24.95,2,0.0
15636.0,United Kingdom,1,481.0,4,140.0,361.145,2.5796071428571428,9.95,39,0.0
15637.0,United Kingdom,1,673.0,5,130.2,159.518,1.2251766513056837,16.95,37,0.0
15638.0,United Kingdom,1,233.0,6,189.0,377.5333333333333,1.9975308641975307,9.95,20,0.5
15639.0,United Kingdom,1,472.0,3,283.0,355.02666666666664,1.2545111896348644,16.95,61,0.6666666666666666
15640.0,United Kingdom,1,722.0,29,421.0344827586207,814.6158620689655,1.9347960687960688,29.95,303,0.1724137931034483
15641.0,United Kingdom,1,629.0,12,368.5,445.46250000000003,1.208853459972863,14.95,249,0.0
15642.0,United Kingdom,1,1.0,1,270.0,105.78000000000002,0.39177777777777784,0.79,6,0.0
15643.0,United Kingdom,1,92.0,3,82.0,221.33333333333334,2.6991869918699187,16.95,31,1.0
15644.0,United Kingdom,1,96.0,4,139.25,203.25,1.459605026929982,8.95,166,0.0
15645.0,United Kingdom,1,408.0,3,132.0,351.72333333333336,2.664570707070707,16.95,59,0.3333333333333333
15646.0,United Kingdom,1,254.0,5,164.2,156.96200000000002,0.9559196102314251,12.75,65,0.2
15647.0,United Kingdom,1,1.0,1,124.0,169.0,1.3629032258064515,4.65,11,0.0
15648.0,United Kingdom,1,64.0,2,110.5,328.675,2.9744343891402716,12.75,23,1.0
15649.0,United Kingdom,1,52.0,4,91.25,415.0875,4.548904109589041,14.95,8,0.0
15650.0,United Kingdom,1,108.0,2,105.0,276.94,2.6375238095238096,9.95,33,0.5
15651.0,United Kingdom,1,561.0,5,174.2,251.81199999999998,1.4455338691159587,4.95,52,0.0
15652.0,United Kingdom,1,395.0,5,131.8,284.068,2.155295902883156,79.95,93,0.2
15653.0,United Kingdom,1,24.0,2,600.0,438.71999999999997,0.7312,1.45,4,0.0
15654.0,United Kingdom,1,18.0,2,237.5,461.26500000000004,1.9421684210526318,15.0,15,0.0
15655.0,United Kingdom,1,1.0,1,324.0,560.6700000000001,1.730462962962963,12.75,34,1.0
15656.0,United Kingdom,1,240.0,4,85.75,187.125,2.182215743440233,12.75,46,0.0
15657.0,United Kingdom,1,1.0,1,24.0,30.0,1.25,1.25,1,0.0
15658.0,United Kingdom,1,547.0,8,78.625,264.65875,3.3660890302066773,19.95,80,0.625
15659.0,United Kingdom,1,611.0,3,53.666666666666664,177.49666666666667,3.307391304347826,8.25,14,0.0
15660.0,United Kingdom,1,648.0,15,118.86666666666666,173.57933333333332,1.4602860347728548,12.75,73,0.2
15661.0,United Kingdom,1,262.0,8,97.375,151.99375,1.5609114249037228,12.75,27,0.0
15662.0,United Kingdom,1,78.0,2,72.5,141.865,1.9567586206896552,9.95,12,0.0
15663.0,United Kingdom,1,1.0,1,106.0,138.14,1.3032075471698112,6.75,9,0.0
15664.0,United Kingdom,1,600.0,4,132.5,313.5075,2.3660943396226415,12.5,54,0.75
15665.0,United Kingdom,1,468.0,5,558.8,803.024,1.4370508231925554,24.95,163,0.0
15666.0,United Kingdom,1,24.0,2,234.5,316.47,1.3495522388059702,8.95,62,0.0
15667.0,United Kingdom,1,1.0,1,240.0,301.32,1.2555,3.45,13,0.0
15668.0,United Kingdom,1,1.0,1,72.0,76.32000000000001,1.06,1.06,1,0.0
15669.0,United Kingdom,1,224.0,4,85.5,171.085,2.0009941520467835,12.75,31,0.25
15670.0,United Kingdom,1,261.0,2,66.0,162.6,2.4636363636363634,12.75,19,0.5
15671.0,United Kingdom,1,253.0,7,242.71428571428572,379.59000000000003,1.5639376103590348,15.0,52,0.42857142857142855
15672.0,United Kingdom,1,1.0,1,10.0,45.300000000000004,4.53,12.75,3,0.0
15673.0,United Kingdom,1,568.0,9,373.44444444444446,712.7544444444444,1.9085956560547457,16.95,177,0.1111111111111111
15674.0,United Kingdom,1,659.0,13,280.61538461538464,534.4792307692308,1.904668311403509,334.71,262,0.38461538461538464
15675.0,United Kingdom,1,324.0,4,156.0,135.51,0.8686538461538461,16.95,32,0.0
15676.0,United Kingdom,1,266.0,3,750.6666666666666,1145.2533333333333,1.5256483126110125,39.95,191,0.6666666666666666
15677.0,United Kingdom,1,415.0,3,225.0,435.21000000000004,1.9342666666666668,16.95,63,0.0
15678.0,United Kingdom,1,471.0,3,355.6666666666667,631.2966666666667,1.774967197750703,9.95,77,0.0
15679.0,United Kingdom,1,159.0,4,292.5,195.32,0.6677606837606838,7.5,98,0.0
15680.0,United Kingdom,1,729.0,10,274.3,402.869,1.4687167335034634,165.0,155,0.2
15681.0,United Kingdom,1,540.0,14,99.42857142857143,213.54999999999998,2.147772988505747,12.75,48,0.14285714285714285
15682.0,United Kingdom,1,89.0,2,111.0,159.12,1.4335135135135135,6.45,25,0.5
15683.0,United Kingdom,1,357.0,2,166.0,262.27,1.5799397590361444,9.95,25,0.0
15684.0,United Kingdom,1,189.0,3,25.666666666666668,57.98333333333333,2.259090909090909,9.95,9,1.0
15685.0,United Kingdom,1,1.0,1,36.0,55.980000000000004,1.5550000000000002,8.5,17,0.0
15686.0,United Kingdom,1,1.0,1,72.0,90.0,1.25,1.25,1,0.0
15687.0,United Kingdom,1,323.0,9,145.55555555555554,332.56666666666666,2.2848091603053433,14.95,119,0.2222222222222222
15688.0,United Kingdom,1,1.0,1,95.0,190.57,2.006,8.95,26,0.0
15689.0,United Kingdom,1,499.0,3,69.0,173.67666666666665,2.517053140096618,12.75,20,0.0
15690.0,United Kingdom,1,97.0,2,204.0,119.88,0.5876470588235294,1.95,19,0.0
15691.0,United Kingdom,1,482.0,4,53.0,142.825,2.6948113207547166,12.75,12,0.25
15692.0,United Kingdom,1,1.0,1,138.0,191.04,1.3843478260869564,4.15,12,0.0
15693.0,United Kingdom,1,1.0,1,30.0,37.5,1.25,1.25,1,0.0
15694.0,United Kingdom,1,733.0,24,102.79166666666667,415.77,4.044783137413863,15.0,55,0.20833333333333334
15695.0,United Kingdom,1,416.0,4,121.0,282.76,2.3368595041322315,18.95,55,0.0
15696.0,United Kingdom,1,652.0,13,107.61538461538461,300.5053846153846,2.7924017155110796,59.95,163,0.6153846153846154
15697.0,United Kingdom,1,1.0,1,127.0,246.75,1.9429133858267718,10.95,14,0.0
15698.0,United Kingdom,1,1.0,1,60.0,46.2,0.77,1.25,2,0.0
15699.0,United Kingdom,1,1.0,1,113.0,309.65,2.7402654867256637,29.95,18,0.0
15700.0,United Kingdom,1,2.0,2,178.5,348.34,1.951484593837535,16.95,85,0.5
15701.0,United Kingdom,1,109.0,4,230.75,385.535,1.6707908992416036,29.95,193,0.0
15702.0,Nigeria,1,207.0,2,51.5,70.195,1.3630097087378639,27.82,30,0.0
15703.0,United Kingdom,1,1.0,1,66.0,211.5,3.2045454545454546,5.95,5,0.0
15704.0,United Kingdom,1,444.0,6,287.1666666666667,636.3266666666667,2.2158792803250145,9.95,129,0.3333333333333333
15705.0,United Kingdom,1,1.0,1,62.0,143.1,2.3080645161290323,7.95,6,0.0
15706.0,United Kingdom,1,54.0,4,80.25,265.14,3.3039252336448595,12.75,50,0.75
15707.0,United Kingdom,1,52.0,4,151.25,236.395,1.5629421487603306,12.75,126,0.0
15708.0,United Kingdom,1,386.0,9,168.55555555555554,447.56,2.6552669742913646,16.95,135,0.5555555555555556
15709.0,United Kingdom,1,307.0,2,84.5,163.925,1.939940828402367,15.95,26,0.0
15710.0,United Kingdom,1,1.0,1,641.0,898.87,1.4022932917316693,12.75,110,0.0
15711.0,United Kingdom,1,129.0,2,99.5,210.125,2.1118090452261304,9.95,25,0.0
15712.0,United Kingdom,1,730.0,12,106.41666666666667,289.3675,2.7191934220830074,16.95,86,0.08333333333333333
15713.0,United Kingdom,1,581.0,4,112.75,209.91,1.861729490022173,16.95,48,0.5
15714.0,United Kingdom,1,545.0,5,72.4,156.96200000000002,2.1679834254143646,9.95,45,0.0
15715.0,United Kingdom,1,65.0,5,49.2,131.60399999999998,2.6748780487804877,9.95,33,0.0
15716.0,United Kingdom,1,588.0,11,126.0,228.15545454545455,1.8107575757575758,19.95,188,0.0
15717.0,United Kingdom,1,359.0,5,44.8,121.4,2.7098214285714284,12.75,17,0.0
15718.0,United Kingdom,1,1.0,1,95.0,293.79,3.092526315789474,7.49,18,0.0
15719.0,United Kingdom,1,707.0,31,173.16129032258064,329.77612903225804,1.9044448584202682,14.95,449,0.25806451612903225
15720.0,United Kingdom,1,527.0,2,164.5,370.96,2.2550759878419453,16.95,152,0.0
15721.0,United Kingdom,1,1.0,1,409.0,507.08,1.2398044009779952,8.5,80,0.0
15722.0,United Kingdom,1,606.0,11,207.54545454545453,478.00909090909096,2.3031537450722737,19.95,91,0.36363636363636365
15723.0,United Kingdom,1,211.0,4,111.0,236.9125,2.1343468468468467,12.75,108,0.0
15724.0,United Kingdom,1,200.0,3,39.0,103.61666666666667,2.656837606837607,5.95,17,0.6666666666666666
15725.0,United Kingdom,1,1.0,1,221.0,415.25,1.8789592760180995,8.25,32,0.0
15726.0,United Kingdom,1,1.0,1,123.0,321.91,2.6171544715447155,12.75,23,0.0
15727.0,United Kingdom,1,669.0,15,396.1333333333333,629.7006666666667,1.5896179737462135,295.0,426,0.0
15728.0,United Kingdom,1,66.0,2,66.0,272.3,4.125757575757576,4.95,10,0.5
15729.0,United Kingdom,1,192.0,3,15.666666666666666,64.18333333333334,4.096808510638298,6.45,10,0.6666666666666666
15730.0,United Kingdom,1,367.0,5,212.2,345.316,1.6273138548539114,12.75,102,0.4
15731.0,United Kingdom,1,1.0,1,122.0,125.3,1.0270491803278687,1.65,8,0.0
15732.0,United Kingdom,1,462.0,10,126.4,154.397,1.221495253164557,12.75,53,0.2
15733.0,United Kingdom,1,1.0,1,62.0,162.3,2.6177419354838714,8.5,10,0.0
15734.0,United Kingdom,1,434.0,4,129.0,565.825,4.38624031007752,295.0,36,0.0
15735.0,United Kingdom,1,1.0,1,206.0,327.68,1.5906796116504855,16.95,19,0.0
15736.0,United Kingdom,1,1.0,2,634.0,907.86,1.4319558359621452,16.95,95,0.5
15737.0,United Kingdom,1,229.0,8,74.875,150.64000000000001,2.0118864774624377,16.95,60,0.5
15738.0,United Kingdom,1,712.0,41,220.2439024390244,318.12975609756097,1.4444429678848283,16.95,70,0.0975609756097561
15739.0,United Kingdom,1,1.0,1,472.0,449.12,0.9515254237288135,5.95,8,0.0
15740.0,United Kingdom,1,1.0,1,152.0,154.88,1.0189473684210526,4.15,9,0.0
15741.0,United Kingdom,1,161.0,2,35.0,104.31,2.9802857142857144,12.75,11,0.0
15742.0,United Kingdom,1,1.0,1,51.0,156.87,3.0758823529411767,16.95,41,0.0
15743.0,United Kingdom,1,169.0,4,54.0,196.115,3.6317592592592596,12.75,59,0.0
15744.0,United Kingdom,1,1.0,1,120.0,34.8,0.29,0.29,3,0.0
15745.0,United Kingdom,1,218.0,4,105.25,273.6475,2.5999762470308787,12.75,57,0.5
15746.0,United Kingdom,1,1.0,1,178.0,196.88,1.106067415730337,3.75,28,1.0
15747.0,United Kingdom,1,679.0,9,152.22222222222223,284.7344444444445,1.8705182481751825,12.75,116,0.1111111111111111
15748.0,United Kingdom,1,410.0,3,87.33333333333333,204.92,2.346412213740458,9.95,34,0.0
15749.0,United Kingdom,1,98.0,3,6009.333333333333,14844.766666666668,2.4702851120479257,6.75,5,0.3333333333333333
15750.0,United Kingdom,1,737.0,18,238.05555555555554,358.70394444444446,1.5068077012835472,39.95,389,0.3333333333333333
15751.0,United Kingdom,1,274.0,11,40.27272727272727,125.49454545454546,3.116117381489842,21.95,90,0.2727272727272727
15752.0,United Kingdom,1,419.0,9,312.6666666666667,438.65444444444444,1.4029459843638947,19.95,359,0.1111111111111111
15753.0,United Kingdom,1,1.0,1,144.0,79.2,0.55,0.55,1,0.0
15754.0,United Kingdom,1,605.0,9,195.77777777777777,337.51222222222225,1.723955732122588,79.95,114,0.3333333333333333
15755.0,United Kingdom,1,726.0,17,237.2941176470588,352.53647058823526,1.485651958353991,12.75,281,0.17647058823529413
15756.0,United Kingdom,1,189.0,4,60.5,133.24,2.202314049586777,12.75,160,0.0
15757.0,United Kingdom,1,483.0,6,292.8333333333333,490.06,1.6735116676152533,16.95,162,0.0
15758.0,United Kingdom,1,1.0,1,47.0,205.25,4.367021276595745,5.95,9,0.0
15759.0,United Kingdom,1,520.0,7,74.71428571428571,118.70428571428572,1.5887762906309753,9.95,10,0.42857142857142855
15760.0,Norway,1,1.0,2,1.0,6958.17,6958.17,6958.17,1,1.5
15761.0,United Kingdom,1,1.0,1,31.0,143.05,4.614516129032259,12.75,5,0.0
15762.0,United Kingdom,1,13.0,2,125.5,291.875,2.3256972111553784,16.95,37,0.0
15763.0,United Kingdom,1,47.0,2,135.5,543.46,4.010774907749078,39.95,58,0.5
15764.0,United Kingdom,1,391.0,8,368.125,562.885,1.5290594227504244,35.75,187,0.75
15765.0,United Kingdom,1,1.0,1,335.0,370.63,1.106358208955224,10.95,25,0.0
15766.0,United Kingdom,1,619.0,3,111.33333333333333,277.02000000000004,2.4882035928143713,12.75,21,0.3333333333333333
15768.0,United Kingdom,1,622.0,34,125.26470588235294,458.85558823529414,3.663087579243954,125.0,437,0.058823529411764705
15769.0,United Kingdom,1,722.0,46,1066.695652173913,1926.3591304347826,1.8059126110703514,6.35,26,0.10869565217391304
15770.0,United Kingdom,1,1.0,1,67.0,321.45,4.79776119402985,12.75,18,0.0
15771.0,United Kingdom,1,90.0,3,170.66666666666666,335.5133333333333,1.9658984375,10.75,26,0.0
15772.0,United Kingdom,1,1.0,1,110.0,280.88,2.5534545454545454,9.95,16,0.0
15773.0,United Kingdom,1,405.0,2,205.0,387.26,1.8890731707317072,7.95,46,0.0
15774.0,United Kingdom,1,589.0,6,78.83333333333333,221.65666666666667,2.8117124735729386,16.95,88,0.16666666666666666
15775.0,United Kingdom,1,387.0,2,130.0,75.25,0.5788461538461539,8.5,9,0.0
15776.0,United Kingdom,1,1.0,1,138.0,241.62,1.7508695652173913,12.75,18,0.0
15777.0,United Kingdom,1,328.0,7,85.57142857142857,251.80142857142854,2.9425876460767943,16.95,29,0.2857142857142857
15778.0,United Kingdom,1,1.0,1,101.0,307.95,3.049009900990099,12.75,17,0.0
15779.0,United Kingdom,1,70.0,2,10.0,62.040000000000006,6.204000000000001,12.75,8,0.0
15780.0,United Kingdom,1,175.0,3,73.33333333333333,158.42666666666668,2.1603636363636367,12.75,26,0.0
15781.0,United Kingdom,1,281.0,3,60.0,115.15333333333332,1.9192222222222222,12.75,20,0.3333333333333333
15782.0,United Kingdom,1,422.0,4,461.0,1003.525,2.1768438177874185,20.8,51,0.5
15783.0,United Kingdom,1,1.0,1,212.0,246.3,1.1617924528301888,8.25,14,0.0
15784.0,United Kingdom,1,206.0,2,190.5,424.16499999999996,2.226587926509186,14.95,33,0.0
15785.0,United Kingdom,1,693.0,16,279.9375,373.120625,1.3328711766019201,39.95,102,0.625
15786.0,United Kingdom,1,491.0,5,1196.2,1702.964,1.4236448754388897,79.95,358,0.8
15787.0,United Kingdom,1,36.0,3,180.0,316.01666666666665,1.755648148148148,12.5,156,0.0
15788.0,United Kingdom,1,1.0,1,115.0,221.82999999999998,1.9289565217391302,15.95,14,1.0
15789.0,United Kingdom,1,266.0,6,416.5,327.00166666666667,0.7851180472188876,16.95,110,0.16666666666666666
15790.0,United Kingdom,1,1.0,1,114.0,220.85,1.9372807017543858,9.95,34,0.0
15791.0,United Kingdom,1,599.0,5,394.0,721.668,1.8316446700507616,12.75,121,0.8
15792.0,United Kingdom,1,220.0,2,303.0,466.92,1.540990099009901,7.95,57,0.0
15793.0,United Kingdom,1,725.0,8,210.625,299.94625,1.4240771513353117,16.65,12,0.125
15794.0,United Kingdom,1,2.0,2,144.0,388.5,2.6979166666666665,7.95,15,0.0
15795.0,United Kingdom,1,542.0,8,176.375,247.48375000000001,1.4031679659815735,16.95,111,0.0
15796.0,United Kingdom,1,618.0,17,102.05882352941177,304.4605882352941,2.9831873198847263,26.95,138,0.29411764705882354
15797.0,United Kingdom,1,569.0,6,213.5,470.18,2.202248243559719,15.0,12,0.0
15798.0,United Kingdom,1,190.0,3,305.0,511.78999999999996,1.678,12.75,73,0.0
15799.0,United Kingdom,1,344.0,4,335.5,356.0725,1.0613189269746646,12.75,143,0.0
15800.0,United Kingdom,1,512.0,7,84.0,177.51142857142855,2.1132312925170065,14.95,198,0.0
15801.0,United Kingdom,1,64.0,3,190.0,354.65000000000003,1.8665789473684211,10.4,61,0.3333333333333333
15802.0,United Kingdom,1,1.0,1,1.0,451.42,451.42,451.42,1,2.0
15803.0,United Kingdom,1,626.0,4,257.5,482.415,1.8734563106796118,9.95,48,0.0
15804.0,United Kingdom,1,199.0,13,197.46153846153845,323.5684615384616,1.6386404363069733,125.0,170,0.46153846153846156
15805.0,United Kingdom,1,707.0,30,207.5,339.64099999999996,1.636824096385542,16.95,337,0.3333333333333333
15806.0,United Kingdom,1,231.0,3,200.66666666666666,261.5266666666667,1.3032890365448506,5.45,24,0.0
15807.0,United Kingdom,1,617.0,5,306.4,363.504,1.1863707571801567,12.75,85,0.2
15808.0,United Kingdom,1,433.0,21,327.3333333333333,828.0228571428571,2.529601396566773,29.95,348,0.14285714285714285
15809.0,United Kingdom,1,500.0,7,100.0,182.06285714285715,1.8206285714285715,295.0,51,0.2857142857142857
15810.0,United Kingdom,1,596.0,8,206.625,374.88,1.8143012704174228,16.95,89,0.625
15811.0,United Kingdom,1,367.0,7,261.0,514.3814285714286,1.9708100711548988,12.75,205,0.42857142857142855
15812.0,United Kingdom,1,618.0,12,287.5,433.4558333333334,1.507672463768116,35.95,87,0.08333333333333333
15813.0,United Kingdom,1,33.0,2,301.5,651.955,2.1623714759535657,14.95,40,0.0
15814.0,United Kingdom,1,588.0,6,288.0,439.0733333333333,1.5245601851851853,35.95,83,0.3333333333333333
15815.0,United Kingdom,1,197.0,5,371.2,420.12,1.1317887931034483,8.25,33,0.0
15816.0,United Kingdom,1,1.0,2,27.0,72.07499999999999,2.669444444444444,16.95,11,0.5
15817.0,United Kingdom,1,124.0,3,532.0,922.1333333333333,1.7333333333333334,18.95,133,0.0
15818.0,United Kingdom,1,1.0,1,284.0,340.5,1.198943661971831,4.95,11,0.0
15819.0,United Kingdom,1,583.0,10,292.8,393.479,1.343849043715847,11.95,182,0.1
15820.0,United Kingdom,1,1.0,1,128.0,206.98,1.61703125,5.45,17,0.0
15821.0,United Kingdom,1,18.0,2,101.0,285.48,2.826534653465347,16.95,57,0.0
15822.0,United Kingdom,1,731.0,6,158.33333333333334,306.6766666666667,1.9369052631578947,12.75,46,0.3333333333333333
15823.0,United Kingdom,1,360.0,3,591.3333333333334,1294.0566666666666,2.18837091319053,39.95,155,1.0
15824.0,United Kingdom,1,80.0,2,239.0,445.47,1.8638912133891214,6.75,24,0.0
15825.0,United Kingdom,1,1.0,1,220.0,532.94,2.4224545454545456,125.0,20,0.0
15826.0,United Kingdom,1,513.0,4,456.0,649.57,1.4244956140350877,12.75,100,0.5
15827.0,United Kingdom,1,628.0,28,61.25,128.6835714285714,2.1009562682215743,16.95,124,0.5
15828.0,United Kingdom,1,1.0,1,367.0,1108.82,3.021307901907357,16.95,74,0.0
15829.0,United Kingdom,1,42.0,2,498.0,318.07,0.6386947791164659,12.75,44,0.0
15830.0,United Kingdom,1,1.0,1,415.0,576.0,1.3879518072289156,8.5,39,1.0
15831.0,United Kingdom,1,267.0,3,368.3333333333333,267.25333333333333,0.7255746606334842,50.0,63,0.3333333333333333
15832.0,United Kingdom,1,1.0,1,465.0,836.79,1.7995483870967741,7.65,54,0.0
15833.0,United Kingdom,1,1.0,1,24.0,80.4,3.35,5.95,5,0.0
15834.0,United Kingdom,1,355.0,7,259.85714285714283,538.9985714285715,2.0742111050027487,125.0,333,0.2857142857142857
15835.0,United Kingdom,1,287.0,4,109.75,238.5225,2.173325740318907,16.95,47,0.0
15836.0,United Kingdom,1,1.0,1,26.0,137.37,5.283461538461538,25.0,10,1.0
15837.0,United Kingdom,1,422.0,2,202.5,388.505,1.9185432098765431,12.75,52,0.0
15838.0,United Kingdom,1,714.0,34,1885.7058823529412,2153.1029411764707,1.1418021025049132,4.65,61,0.11764705882352941
15839.0,United Kingdom,1,116.0,3,225.0,349.49666666666667,1.5533185185185185,5.95,56,0.6666666666666666
15840.0,United Kingdom,1,115.0,2,198.0,177.78,0.8978787878787878,8.5,26,0.5
15841.0,United Kingdom,1,658.0,9,265.6666666666667,304.7122222222222,1.1469719782517775,12.75,60,0.3333333333333333
15842.0,United Kingdom,1,135.0,2,148.0,274.4,1.854054054054054,8.5,24,0.5
15843.0,United Kingdom,1,1.0,1,27.0,118.95000000000002,4.405555555555556,12.75,8,0.0
15844.0,United Kingdom,1,1.0,1,134.0,130.74,0.9756716417910448,10.95,11,0.0
15845.0,United Kingdom,1,666.0,11,193.45454545454547,402.3890909090909,2.0800187969924813,12.75,129,0.2727272727272727
15846.0,United Kingdom,1,1.0,1,79.0,107.01,1.3545569620253166,3.75,27,0.0
15847.0,United Kingdom,1,604.0,5,128.6,164.514,1.2792690513219285,14.95,39,0.0
15848.0,United Kingdom,1,1.0,1,46.0,139.94,3.042173913043478,16.95,34,0.0
15850.0,United Kingdom,1,708.0,6,229.83333333333334,176.45333333333335,0.7677447425670776,10.65,269,0.0
15851.0,United Kingdom,1,1.0,1,67.0,109.73,1.6377611940298509,5.95,8,0.0
15852.0,United Kingdom,1,341.0,3,20.0,85.75333333333333,4.2876666666666665,14.95,31,0.0
15853.0,United Kingdom,1,1.0,1,135.0,110.8,0.8207407407407408,4.15,29,0.0
15854.0,United Kingdom,1,726.0,21,81.14285714285714,265.8957142857143,3.2768838028169016,10.65,168,0.0
15855.0,United Kingdom,1,341.0,6,118.66666666666667,175.45333333333335,1.4785393258426967,4.95,72,0.0
15856.0,United Kingdom,1,733.0,52,379.9423076923077,627.8657692307693,1.6525292301462773,10.95,384,0.11538461538461539
15857.0,United Kingdom,1,413.0,2,292.0,285.24,0.9768493150684932,9.95,21,0.0
15858.0,United Kingdom,1,715.0,13,209.23076923076923,275.1107692307692,1.3148676470588236,19.95,273,0.15384615384615385
15859.0,United Kingdom,1,1.0,1,174.0,438.46,2.519885057471264,18.95,22,0.0
15860.0,United Kingdom,1,694.0,17,74.70588235294117,141.3264705882353,1.8917716535433071,16.95,249,0.0
15861.0,United Kingdom,1,669.0,12,321.6666666666667,366.81583333333333,1.140360103626943,165.0,452,0.25
15862.0,United Kingdom,1,715.0,13,119.6923076923077,198.0046153846154,1.654280205655527,29.95,417,0.0
15863.0,United Kingdom,1,698.0,5,32.8,71.74,2.1871951219512193,9.95,74,0.0
15864.0,United Kingdom,1,360.0,7,212.28571428571428,311.5371428571429,1.4675370121130553,8.95,18,0.2857142857142857
15865.0,United Kingdom,1,664.0,5,229.4,449.784,1.9606974716652137,20.8,119,0.0
15866.0,United Kingdom,1,1.0,1,126.0,230.53,1.8296031746031747,16.95,43,0.0
15867.0,United Kingdom,1,721.0,31,164.25806451612902,288.7435483870967,1.7578652788688136,19.95,547,0.12903225806451613
15868.0,United Kingdom,1,1.0,1,57.0,94.53,1.658421052631579,5.45,4,0.0
15869.0,United Kingdom,1,350.0,3,91.33333333333333,107.88666666666667,1.181240875912409,6.95,29,0.0
15870.0,United Kingdom,1,415.0,4,127.0,215.6525,1.6980511811023622,39.95,127,0.0
15871.0,United Kingdom,1,1.0,1,5.0,33.1,6.62,9.95,5,0.0
15872.0,United Kingdom,1,537.0,4,126.5,198.92,1.572490118577075,18.95,164,0.0
15873.0,United Kingdom,1,2.0,4,288.0,78.47999999999999,0.27249999999999996,0.55,3,0.25
15874.0,United Kingdom,1,639.0,21,242.95238095238096,537.3695238095238,2.211830654645237,295.0,262,0.19047619047619047
15875.0,United Kingdom,1,1.0,1,76.0,111.72,1.47,3.75,18,0.0
15876.0,United Kingdom,1,40.0,2,443.0,724.5699999999999,1.6355981941309254,9.95,11,0.0
15877.0,United Kingdom,1,17.0,2,185.5,246.64,1.3295956873315362,11.95,122,0.5
15878.0,United Kingdom,1,173.0,2,121.5,165.385,1.36119341563786,12.75,47,0.0
15879.0,United Kingdom,1,319.0,4,160.75,289.325,1.7998444790046655,59.95,171,0.0
15880.0,United Kingdom,1,1.0,1,211.0,343.28,1.6269194312796207,16.95,95,1.0
15881.0,United Kingdom,1,53.0,5,52.0,100.278,1.928423076923077,9.95,26,0.6
15882.0,United Kingdom,1,532.0,8,81.25,140.5825,1.730246153846154,7.95,49,0.25
15883.0,United Kingdom,1,32.0,2,111.5,198.24,1.7779372197309418,12.75,42,0.0
15884.0,United Kingdom,1,305.0,2,79.0,124.85000000000001,1.5803797468354432,4.25,14,0.5
15885.0,United Kingdom,1,596.0,15,41.46666666666667,130.12133333333333,3.137974276527331,15.0,83,0.3333333333333333
15886.0,United Kingdom,1,539.0,4,166.75,263.2175,1.5785157421289353,12.75,58,0.0
15887.0,United Kingdom,1,150.0,3,201.66666666666666,342.3833333333334,1.6977685950413224,8.95,27,0.0
15888.0,United Kingdom,1,447.0,3,46.333333333333336,143.0533333333333,3.087482014388489,12.75,33,0.3333333333333333
15889.0,United Kingdom,1,574.0,8,105.0,188.545,1.7956666666666665,21.95,256,0.125
15890.0,United Kingdom,1,211.0,5,23.8,107.13,4.501260504201681,79.95,10,0.0
15891.0,United Kingdom,1,1.0,1,442.0,524.52,1.1866968325791856,12.75,60,0.0
15892.0,United Kingdom,1,1.0,1,46.0,128.2,2.78695652173913,12.75,38,0.0
15893.0,United Kingdom,1,1.0,1,288.0,305.28000000000003,1.06,1.06,1,0.0
15894.0,United Kingdom,1,117.0,2,84.0,131.775,1.56875,7.95,35,0.0
15895.0,United Kingdom,1,1.0,1,94.0,179.17,1.9060638297872339,4.25,11,0.0
15897.0,United Kingdom,1,1.0,2,130.5,111.025,0.8507662835249042,4.95,17,0.0
15898.0,United Kingdom,1,728.0,25,87.52,202.9848,2.3192961608775136,16.95,281,0.16
15899.0,United Kingdom,1,1.0,1,39.0,56.25,1.4423076923076923,12.75,4,0.0
15900.0,United Kingdom,1,540.0,4,165.25,225.1,1.362178517397882,8.95,100,0.25
15901.0,United Kingdom,1,528.0,7,100.28571428571429,100.46000000000001,1.0017378917378919,16.95,145,0.2857142857142857
15902.0,United Kingdom,1,1.0,1,124.0,145.01,1.1694354838709677,8.5,18,0.0
15903.0,United Kingdom,1,686.0,12,327.1666666666667,744.9866666666667,2.2770860927152317,12.5,58,0.25
15904.0,United Kingdom,1,1.0,1,84.0,164.68,1.9604761904761905,19.95,30,0.0
15905.0,United Kingdom,1,1.0,1,82.0,114.69,1.3986585365853659,7.95,22,0.0
15906.0,United Kingdom,1,432.0,10,75.1,255.564,3.4029826897470037,16.95,143,0.2
15907.0,United Kingdom,1,208.0,3,169.66666666666666,322.48333333333335,1.900687622789784,14.95,175,0.0
15908.0,United Kingdom,1,23.0,2,87.0,382.285,4.394080459770115,35.95,37,0.0
15909.0,United Kingdom,1,1.0,1,98.0,191.94,1.9585714285714286,2.55,7,0.0
15910.0,United Kingdom,1,688.0,15,144.73333333333332,178.7866666666667,1.235283279594657,12.75,394,0.0
15911.0,United Kingdom,1,108.0,8,101.375,212.7925,2.0990628853267568,12.75,162,0.25
15912.0,United Kingdom,1,552.0,9,84.33333333333333,119.41111111111111,1.4159420289855074,19.95,83,0.0
15913.0,United Kingdom,1,1.0,1,3.0,6.300000000000001,2.1,2.1,1,0.0
15914.0,United Kingdom,1,1.0,2,74.5,102.995,1.3824832214765101,12.75,13,0.0
15915.0,United Kingdom,1,1.0,1,451.0,429.21,0.9516851441241685,9.95,105,0.0
15916.0,United Kingdom,1,714.0,13,126.0,245.7476923076923,1.9503785103785103,16.95,227,0.3076923076923077
15917.0,United Kingdom,1,491.0,5,52.6,112.126,2.1316730038022813,16.95,127,0.0
15918.0,United Kingdom,1,442.0,3,80.0,194.29333333333332,2.4286666666666665,6.35,49,0.0
15919.0,United Kingdom,1,350.0,2,272.5,319.945,1.1741100917431193,12.75,103,0.0
15920.0,United Kingdom,1,572.0,9,26.666666666666668,63.51555555555555,2.3818333333333332,39.95,93,0.0
15921.0,United Kingdom,1,469.0,4,85.5,200.5275,2.3453508771929825,16.95,69,0.0
15922.0,United Kingdom,1,1.0,1,138.0,369.5,2.677536231884058,12.75,11,1.0
15923.0,United Kingdom,1,1.0,1,122.0,127.08,1.041639344262295,9.95,21,0.0
15924.0,United Kingdom,1,1.0,1,103.0,102.82,0.9982524271844659,9.95,14,0.0
15925.0,United Kingdom,1,1.0,1,93.0,207.14999999999998,2.2274193548387093,12.75,12,0.0
15926.0,United Kingdom,1,1.0,1,155.0,134.44,0.8673548387096774,1.69,7,0.0
15927.0,United Kingdom,1,1.0,1,69.0,123.39,1.7882608695652173,5.95,13,0.0
15928.0,United Kingdom,1,1.0,1,164.0,293.53000000000003,1.789817073170732,12.75,11,0.0
15929.0,United Kingdom,1,1.0,1,120.0,594.0,4.95,4.95,1,0.0
15930.0,United Kingdom,1,1.0,1,139.0,426.63,3.0692805755395685,8.25,21,0.0
15931.0,United Kingdom,1,1.0,1,118.0,239.9,2.033050847457627,39.95,14,0.0
15932.0,United Kingdom,1,286.0,8,290.625,311.98375,1.0734924731182796,9.95,93,0.375
15933.0,United Kingdom,1,66.0,3,295.0,369.15333333333336,1.2513672316384181,9.95,63,0.0
15934.0,United Kingdom,1,13.0,2,1083.0,1095.33,1.0113850415512464,7.95,29,0.0
15935.0,United Kingdom,1,3.0,2,57.5,208.43,3.6248695652173915,308.82,12,0.5
15936.0,United Kingdom,1,89.0,2,105.5,141.395,1.3402369668246445,12.75,16,0.0
15937.0,United Kingdom,1,1.0,1,73.0,145.35,1.9910958904109588,4.95,7,0.0
15938.0,United Kingdom,1,445.0,9,49.888888888888886,81.64555555555555,1.6365478841870822,9.95,27,0.0
15939.0,United Kingdom,1,286.0,16,391.25,566.274375,1.447346645367412,15.0,52,0.0625
15940.0,United Kingdom,1,1.0,1,4.0,35.8,8.95,8.95,1,2.0
15941.0,United Kingdom,1,1.0,1,60.0,405.0,6.75,6.75,6,1.0
15942.0,United Kingdom,1,1.0,1,232.0,337.44,1.4544827586206897,9.95,14,0.0
15943.0,United Kingdom,1,29.0,2,91.5,135.645,1.4824590163934428,4.65,12,0.0
15944.0,United Kingdom,1,451.0,4,214.75,541.06,2.519487776484284,10.95,25,0.0
15945.0,United Kingdom,1,374.0,4,86.25,161.5675,1.8732463768115941,39.95,24,0.0
15946.0,United Kingdom,1,132.0,3,538.0,768.06,1.427620817843866,12.75,25,0.0
15947.0,United Kingdom,1,1.0,1,898.0,1708.24,1.902271714922049,9.95,29,0.0
15948.0,United Kingdom,1,417.0,3,284.0,503.03000000000003,1.7712323943661974,5.95,63,0.0
15949.0,United Kingdom,1,56.0,2,142.0,182.36,1.284225352112676,4.15,12,0.0
15950.0,United Kingdom,1,652.0,10,338.4,718.071,2.121959219858156,39.95,225,0.3
15951.0,United Kingdom,1,374.0,3,140.0,337.7233333333333,2.412309523809524,14.95,44,0.3333333333333333
15952.0,United Kingdom,1,193.0,4,99.75,201.6425,2.0214786967418545,12.75,65,0.0
15953.0,United Kingdom,1,722.0,18,97.27777777777777,192.2061111111111,1.9758480868075385,16.95,102,0.16666666666666666
15954.0,United Kingdom,1,1.0,1,119.0,190.75,1.6029411764705883,3.75,20,0.0
15955.0,United Kingdom,1,631.0,22,180.3181818181818,367.54454545454547,2.03831106629695,12.5,222,0.13636363636363635
15956.0,United Kingdom,1,176.0,2,139.0,308.8,2.2215827338129497,3.75,18,0.0
15957.0,United Kingdom,1,390.0,3,152.66666666666666,310.03333333333336,2.0307860262008735,9.95,121,0.0
15958.0,United Kingdom,1,477.0,4,41.0,123.2475,3.0060365853658535,10.75,50,0.0
15959.0,United Kingdom,1,1.0,3,94.0,193.16333333333333,2.0549290780141845,29.95,58,0.0
15960.0,United Kingdom,1,62.0,4,64.5,102.7375,1.5928294573643411,16.95,24,0.25
15961.0,United Kingdom,1,1.0,1,154.0,451.28999999999996,2.930454545454545,10.75,42,0.0
15962.0,United Kingdom,1,1.0,1,235.0,295.83,1.2588510638297872,8.5,43,0.0
15963.0,United Kingdom,1,27.0,2,149.0,235.38,1.579731543624161,9.95,26,0.0
15964.0,United Kingdom,1,1.0,1,94.0,272.96,2.9038297872340424,7.49,20,0.0
15965.0,United Kingdom,1,720.0,13,104.53846153846153,219.76153846153846,2.1022075055187637,15.95,202,0.07692307692307693
15966.0,United Kingdom,1,1.0,1,275.0,426.53000000000003,1.5510181818181819,4.95,27,1.0
15967.0,United Kingdom,1,716.0,12,100.33333333333333,253.46666666666667,2.52624584717608,19.95,316,0.08333333333333333
15968.0,United Kingdom,1,1.0,1,253.0,418.05,1.6523715415019764,16.95,70,0.0
15969.0,United Kingdom,1,521.0,5,44.6,225.41,5.054035874439462,21.95,31,0.2
15970.0,United Kingdom,1,296.0,2,249.0,508.66,2.04281124497992,12.75,19,0.0
15971.0,United Kingdom,1,715.0,18,125.05555555555556,327.935,2.6223145268769437,4.95,12,0.1111111111111111
15972.0,United Kingdom,1,145.0,5,96.0,362.054,3.7713958333333335,110.0,104,0.0
15973.0,United Kingdom,1,64.0,3,65.0,226.87333333333333,3.4903589743589745,15.0,8,0.6666666666666666
15974.0,United Kingdom,1,250.0,7,323.14285714285717,491.7357142857143,1.5217285587975244,12.75,141,0.14285714285714285
15975.0,United Kingdom,1,1.0,1,243.0,371.01,1.52679012345679,4.95,24,0.0
15976.0,United Kingdom,1,387.0,6,179.66666666666666,291.1066666666666,1.62025974025974,12.75,265,0.0
15977.0,United Kingdom,1,23.0,2,508.0,527.365,1.0381200787401574,16.95,48,0.0
15978.0,United Kingdom,1,568.0,3,814.6666666666666,1093.14,1.341824877250409,16.95,107,0.6666666666666666
15979.0,United Kingdom,1,1.0,1,450.0,329.22,0.7316,5.95,22,0.0
15980.0,United Kingdom,1,469.0,7,694.5714285714286,941.9542857142858,1.3561661867544221,9.95,101,0.2857142857142857
15981.0,United Kingdom,1,597.0,21,229.85714285714286,445.8461904761905,1.9396664594986535,9.95,151,0.2857142857142857
15982.0,United Kingdom,1,1.0,1,131.0,324.51,2.477175572519084,12.75,45,0.0
15983.0,United Kingdom,1,712.0,8,236.25,391.90875,1.6588730158730158,10.4,137,0.0
15984.0,United Kingdom,1,737.0,30,200.93333333333334,287.88733333333334,1.4327504976775052,29.95,458,0.06666666666666667
15985.0,United Kingdom,1,439.0,7,392.85714285714283,387.8971428571429,0.9873745454545455,8.5,50,0.14285714285714285
15986.0,United Kingdom,1,352.0,2,184.0,177.21,0.9630978260869566,3.75,25,0.0
15987.0,United Kingdom,1,368.0,8,203.625,196.08125,0.9629527317372621,12.5,143,0.0
15988.0,United Kingdom,1,638.0,3,162.0,256.69666666666666,1.5845473251028808,19.95,114,0.0
15989.0,United Kingdom,1,363.0,2,85.5,186.255,2.178421052631579,15.95,81,0.0
15990.0,United Kingdom,1,606.0,7,155.71428571428572,287.15,1.8440825688073395,12.75,117,0.0
15991.0,United Kingdom,1,1.0,1,41.0,150.55,3.6719512195121955,19.95,6,0.0
15992.0,United Kingdom,1,451.0,3,171.33333333333334,298.8666666666667,1.7443579766536965,14.95,53,0.0
15993.0,United Kingdom,1,37.0,7,293.0,399.65285714285716,1.364002925402243,12.75,335,0.42857142857142855
15994.0,United Kingdom,1,582.0,3,156.33333333333334,400.7266666666667,2.5632835820895523,16.95,93,0.6666666666666666
15995.0,United Kingdom,1,1.0,1,353.0,696.19,1.9722096317280455,15.95,108,0.0
15996.0,United Kingdom,1,310.0,7,93.14285714285714,203.37857142857143,2.1835122699386504,35.95,140,0.14285714285714285
15998.0,United Kingdom,1,703.0,16,335.75,519.27125,1.5466008935219657,16.95,682,0.3125
15999.0,United Kingdom,1,1.0,1,24.0,20.4,0.85,0.85,1,0.0
16000.0,United Kingdom,1,1.0,3,1703.3333333333333,4131.233333333334,2.4253816046966734,13.35,9,0.0
16001.0,United Kingdom,1,1.0,1,337.0,583.39,1.731127596439169,12.75,29,1.0
16002.0,United Kingdom,1,1.0,1,70.0,169.21,2.4172857142857143,12.75,42,0.0
16003.0,United Kingdom,1,708.0,10,221.0,561.383,2.5401945701357467,125.0,146,0.0
16004.0,United Kingdom,1,210.0,5,215.2,429.27799999999996,1.9947862453531597,15.95,63,0.0
16005.0,United Kingdom,1,439.0,10,131.0,243.622,1.8597099236641224,12.75,315,0.1
16006.0,United Kingdom,1,177.0,2,105.5,173.585,1.645355450236967,7.95,75,0.0
16007.0,United Kingdom,1,497.0,7,377.57142857142856,439.30571428571426,1.1635035944003027,12.75,337,0.0
16008.0,United Kingdom,1,608.0,15,218.2,358.942,1.6450137488542622,7.95,63,0.0
16009.0,United Kingdom,1,138.0,4,94.5,248.1775,2.6262169312169314,9.95,68,0.0
16010.0,United Kingdom,1,167.0,11,84.63636363636364,156.73272727272726,1.8518367346938776,6.75,122,0.09090909090909091
16011.0,United Kingdom,1,731.0,29,115.37931034482759,194.56931034482758,1.6863448894202033,16.95,181,0.034482758620689655
16012.0,United Kingdom,1,495.0,5,353.2,597.958,1.6929728199320497,15.95,207,0.0
16013.0,United Kingdom,1,729.0,84,304.6666666666667,671.2433333333333,2.2032056892778993,10.95,54,0.11904761904761904
16014.0,United Kingdom,1,641.0,5,95.6,226.054,2.364581589958159,15.0,219,0.2
16015.0,United Kingdom,1,47.0,3,303.0,235.13,0.776006600660066,8.25,146,0.3333333333333333
16016.0,United Kingdom,1,400.0,11,83.0,195.60636363636365,2.3567031763417305,24.95,181,0.2727272727272727
16017.0,United Kingdom,1,657.0,5,128.0,310.76599999999996,2.4278593749999997,19.95,99,0.0
16018.0,United Kingdom,1,694.0,4,125.75,174.5325,1.3879324055666005,9.95,48,0.0
16019.0,United Kingdom,1,680.0,27,258.3703703703704,646.8833333333333,2.5037055619266053,18.95,256,0.2962962962962963
16020.0,United Kingdom,1,50.0,3,162.33333333333334,283.67,1.747453798767967,12.5,42,0.0
16021.0,United Kingdom,1,150.0,2,148.5,266.125,1.7920875420875422,12.75,117,0.0
16022.0,United Kingdom,1,1.0,1,261.0,628.28,2.4072030651340994,12.75,68,0.0
16023.0,United Kingdom,1,221.0,3,119.33333333333333,239.93666666666664,2.0106424581005586,14.95,90,0.0
16024.0,United Kingdom,1,400.0,3,168.33333333333334,161.4,0.9588118811881188,8.5,78,0.0
16025.0,United Kingdom,1,1.0,1,338.0,439.65999999999997,1.3007692307692307,8.25,28,0.0
16026.0,United Kingdom,1,1.0,1,243.0,236.09,0.9715637860082305,3.25,30,0.0
16027.0,United Kingdom,1,610.0,15,139.93333333333334,136.55733333333333,0.9758742258218199,165.0,20,0.2
16028.0,United Kingdom,1,1.0,1,18.0,82.2,4.566666666666666,8.5,5,0.0
16029.0,United Kingdom,1,694.0,107,509.8130841121495,1102.2207476635513,2.162009532538955,8142.75,57,0.16822429906542055
16030.0,United Kingdom,1,1.0,1,283.0,331.24,1.1704593639575973,7.95,28,0.0
16031.0,United Kingdom,1,156.0,2,211.5,274.47,1.297730496453901,39.95,91,0.0
16032.0,United Kingdom,1,68.0,6,246.66666666666666,328.40833333333336,1.3313851351351351,8.5,130,0.0
16033.0,United Kingdom,1,481.0,27,156.88888888888889,395.5737037037037,2.521362134088763,24.95,605,0.3333333333333333
16034.0,United Kingdom,1,214.0,6,99.5,154.78666666666666,1.555644891122278,12.75,43,0.16666666666666666
16035.0,United Kingdom,1,1.0,1,33.0,217.73,6.597878787878788,15.95,21,0.0
16036.0,United Kingdom,1,534.0,4,342.25,639.21,1.8676698319941565,12.75,120,0.0
16037.0,United Kingdom,1,380.0,5,153.2,301.86800000000005,1.9704177545691908,34.95,62,0.4
16038.0,United Kingdom,1,195.0,3,81.33333333333333,157.26000000000002,1.9335245901639346,9.95,24,0.3333333333333333
16039.0,United Kingdom,1,206.0,2,204.5,228.2,1.1158924205378973,8.95,27,0.5
16040.0,United Kingdom,1,545.0,7,169.28571428571428,345.2714285714286,2.03957805907173,39.95,95,0.14285714285714285
16041.0,United Kingdom,1,112.0,3,528.0,1055.4666666666667,1.998989898989899,14.95,6,0.0
16042.0,United Kingdom,1,432.0,8,180.25,283.14,1.5708183079056866,16.95,88,0.375
16043.0,United Kingdom,1,445.0,8,126.375,232.07375000000002,1.836389713155292,16.95,56,0.0
16044.0,United Kingdom,1,1.0,1,170.0,340.84,2.004941176470588,8.5,19,0.0
16045.0,United Kingdom,1,380.0,8,263.5,429.36625,1.6294734345351043,14.95,111,0.125
16046.0,United Kingdom,1,1.0,1,248.0,235.78,0.9507258064516129,16.95,22,0.0
16047.0,EIRE,1,1.0,1,1.0,107.14,107.14,107.14,1,0.0
16048.0,United Kingdom,1,177.0,4,106.25,204.69750000000002,1.9265647058823532,5.95,30,0.5
16049.0,United Kingdom,1,477.0,6,194.16666666666666,316.61333333333334,1.63062660944206,29.95,383,0.0
16050.0,United Kingdom,1,229.0,3,129.33333333333334,100.23333333333333,0.775,8.5,19,0.0
16051.0,United Kingdom,1,1.0,1,80.0,188.44,2.3555,4.25,12,0.0
16052.0,United Kingdom,1,1.0,1,282.0,362.06,1.2839007092198582,9.95,34,0.0
16053.0,United Kingdom,1,579.0,6,511.1666666666667,605.8066666666667,1.185145092924682,14.95,169,0.3333333333333333
16054.0,United Kingdom,1,473.0,4,197.75,527.97,2.6698862199747158,295.0,109,0.75
16055.0,United Kingdom,1,1.0,1,22.0,134.8,6.127272727272728,24.95,8,0.0
16056.0,United Kingdom,1,1.0,1,347.0,664.85,1.9159942363112392,12.75,66,0.0
16057.0,United Kingdom,1,686.0,10,169.1,385.485,2.279627439384979,14.95,175,0.7
16058.0,United Kingdom,1,1.0,1,18.0,62.7,3.4833333333333334,3.75,2,0.0
16059.0,United Kingdom,1,505.0,12,121.5,258.29333333333335,2.1258710562414267,19.95,233,0.0
16060.0,United Kingdom,1,95.0,3,81.0,180.65,2.230246913580247,12.75,22,0.0
16061.0,United Kingdom,1,1.0,1,19.0,89.65,4.718421052631579,29.95,3,2.0
16062.0,United Kingdom,1,528.0,8,254.375,357.93125,1.407100737100737,19.95,134,0.0
16063.0,United Kingdom,1,1.0,1,262.0,335.32,1.2798473282442748,4.95,23,0.0
16064.0,United Kingdom,1,1.0,1,56.0,111.0,1.9821428571428572,7.95,17,0.0
16065.0,United Kingdom,1,99.0,8,152.0,251.31625,1.6533963815789474,12.75,214,0.25
16066.0,United Kingdom,1,109.0,5,187.2,304.37399999999997,1.6259294871794872,12.5,77,0.0
16067.0,United Kingdom,1,114.0,3,426.3333333333333,1131.7633333333333,2.6546442533229087,14.95,60,1.0
16068.0,United Kingdom,1,1.0,1,52.0,122.93,2.3640384615384615,9.95,34,0.0
16069.0,United Kingdom,1,1.0,1,138.0,457.7,3.3166666666666664,10.65,25,0.0
16070.0,United Kingdom,1,11.0,2,228.5,426.075,1.8646608315098467,5.95,32,0.0
16071.0,United Kingdom,1,612.0,4,174.25,269.2,1.544906743185079,10.95,62,0.0
16072.0,United Kingdom,1,262.0,4,402.75,1082.2225,2.687082557417753,21.95,414,0.0
16073.0,United Kingdom,1,1.0,1,48.0,122.39999999999999,2.55,2.55,1,1.0
16074.0,United Kingdom,1,1.0,1,39.0,265.25,6.801282051282051,16.95,23,0.0
16075.0,United Kingdom,1,63.0,2,135.5,368.46500000000003,2.71929889298893,12.75,41,0.5
16076.0,United Kingdom,1,206.0,10,143.5,223.473,1.5573031358885017,8.5,71,0.1
16077.0,United Kingdom,1,1.0,1,840.0,2300.4,2.738571428571429,5.45,8,1.0
16078.0,United Kingdom,1,387.0,2,100.0,181.495,1.81495,5.95,39,0.0
16079.0,United Kingdom,1,25.0,3,288.0,450.6666666666667,1.5648148148148149,12.5,18,0.0
16080.0,United Kingdom,1,370.0,4,74.5,150.64000000000001,2.0220134228187923,8.95,29,0.5
16081.0,United Kingdom,1,619.0,8,273.875,537.8225,1.9637517115472387,24.95,235,0.0
16082.0,United Kingdom,1,1.0,1,39.0,106.75,2.7371794871794872,14.95,16,0.0
16083.0,United Kingdom,1,289.0,4,378.5,587.855,1.5531175693527082,6.75,61,0.0
16084.0,United Kingdom,1,1.0,1,216.0,436.18,2.019351851851852,12.75,38,0.0
16085.0,United Kingdom,1,666.0,12,115.33333333333333,195.29416666666668,1.6933020231213873,12.75,259,0.08333333333333333
16086.0,United Kingdom,1,679.0,10,145.0,268.773,1.853606896551724,16.95,66,0.1
16087.0,United Kingdom,1,301.0,5,132.8,347.98400000000004,2.6203614457831326,3.39,6,0.0
16088.0,United Kingdom,1,17.0,2,186.5,718.715,3.8536997319034856,9.95,3,0.0
16089.0,United Kingdom,1,124.0,2,61.0,135.72,2.2249180327868854,15.95,42,0.0
16090.0,United Kingdom,1,1.0,1,65.0,205.91,3.167846153846154,12.75,18,0.0
16091.0,United Kingdom,1,45.0,2,77.0,157.53,2.045844155844156,5.75,16,0.0
16092.0,United Kingdom,1,466.0,6,198.0,264.6566666666667,1.3366498316498316,12.75,60,0.6666666666666666
16093.0,United Kingdom,1,1.0,1,20.0,17.0,0.85,0.85,1,0.0
16094.0,United Kingdom,1,592.0,11,183.63636363636363,335.96,1.8294851485148516,15.95,101,0.7272727272727273
16095.0,United Kingdom,1,1.0,1,265.0,447.05,1.6869811320754717,6.75,30,0.0
16096.0,United Kingdom,1,382.0,4,175.0,396.2425,2.264242857142857,125.0,58,0.0
16097.0,United Kingdom,1,1.0,1,87.0,185.04999999999998,2.1270114942528733,14.95,10,0.0
16098.0,United Kingdom,1,638.0,14,144.0,286.9642857142857,1.9928075396825398,21.95,83,0.0
16099.0,United Kingdom,1,597.0,7,137.14285714285714,224.74285714285716,1.6387500000000002,4.95,44,0.14285714285714285
16100.0,United Kingdom,1,1.0,1,438.0,582.64,1.3302283105022832,8.5,37,0.0
16101.0,United Kingdom,1,492.0,4,461.0,807.29,1.75117136659436,12.75,153,0.75
16102.0,United Kingdom,1,87.0,3,314.0,614.0466666666667,1.9555626326963909,10.75,41,0.0
16103.0,United Kingdom,1,694.0,22,119.95454545454545,281.44136363636363,2.346233421750663,16.95,111,0.22727272727272727
16104.0,United Kingdom,1,673.0,9,116.44444444444444,308.7344444444445,2.6513454198473285,16.95,187,0.2222222222222222
16105.0,United Kingdom,1,357.0,5,425.0,477.238,1.1229129411764707,10.65,92,0.0
16106.0,United Kingdom,1,1.0,1,74.0,108.38,1.4645945945945946,1.95,6,0.0
16107.0,United Kingdom,1,167.0,7,168.0,457.7371428571429,2.724625850340136,34.95,16,0.0
16108.0,United Kingdom,1,548.0,4,368.25,558.98,1.5179361846571624,15.95,124,1.0
16109.0,United Kingdom,1,481.0,3,364.0,313.16,0.8603296703296703,10.95,30,0.3333333333333333
16110.0,United Kingdom,1,478.0,4,225.5,454.8175,2.016929046563193,15.95,343,0.0
16111.0,United Kingdom,1,1.0,1,236.0,562.48,2.3833898305084746,12.75,72,0.0
16112.0,United Kingdom,1,196.0,4,143.5,48.935,0.3410104529616725,1.25,15,0.0
16113.0,United Kingdom,1,1.0,1,176.0,161.38,0.9169318181818181,15.95,30,0.0
16114.0,United Kingdom,1,1.0,1,43.0,135.75000000000003,3.1569767441860472,4.95,8,0.0
16115.0,United Kingdom,1,566.0,12,133.41666666666666,214.595,1.6084572142410993,10.95,230,0.0
16116.0,United Kingdom,1,1.0,1,248.0,612.78,2.4708870967741934,14.95,34,1.0
16117.0,United Kingdom,1,403.0,3,107.0,218.13333333333333,2.0386292834890964,14.95,64,0.3333333333333333
16118.0,United Kingdom,1,1.0,1,2851.0,4376.25,1.5349877236057523,14.95,41,4.0
16119.0,United Kingdom,1,716.0,8,101.375,215.10125000000002,2.121837237977805,12.75,37,0.0
16120.0,United Kingdom,1,364.0,6,367.5,509.48499999999996,1.3863537414965985,4.95,84,0.16666666666666666
16121.0,United Kingdom,1,509.0,5,179.4,295.418,1.64670011148272,12.75,256,0.2
16122.0,United Kingdom,1,353.0,6,213.33333333333334,149.27,0.699703125,4.95,28,0.0
16123.0,United Kingdom,1,1.0,1,170.0,307.78,1.810470588235294,9.95,16,0.0
16124.0,United Kingdom,1,416.0,4,199.25,443.1225,2.223952321204517,16.95,63,0.5
16125.0,United Kingdom,1,359.0,14,130.0,307.0214285714286,2.361703296703297,35.95,168,0.0
16126.0,United Kingdom,1,709.0,15,410.26666666666665,976.4533333333334,2.3800454988625286,12.75,144,0.0
16127.0,United Kingdom,1,688.0,2,195.5,400.65500000000003,2.0493861892583123,12.75,75,0.0
16128.0,United Kingdom,1,495.0,11,222.27272727272728,345.55,1.5546216768916157,16.95,155,0.2727272727272727
16129.0,United Kingdom,1,101.0,3,420.3333333333333,465.34999999999997,1.1070975416336242,165.0,91,0.0
16130.0,United Kingdom,1,196.0,4,74.0,246.87,3.336081081081081,19.95,53,0.0
16131.0,United Kingdom,1,687.0,12,397.3333333333333,829.785,2.088385067114094,15.95,131,0.25
16132.0,United Kingdom,1,84.0,2,140.0,332.09999999999997,2.372142857142857,39.95,14,0.0
16133.0,United Kingdom,1,616.0,56,243.82142857142858,410.5760714285714,1.683921195254138,125.0,304,0.39285714285714285
16134.0,United Kingdom,1,520.0,5,327.4,429.06800000000004,1.3105314599877826,10.95,85,0.4
16135.0,United Kingdom,1,322.0,2,197.5,409.725,2.0745569620253166,12.75,35,0.0
16136.0,United Kingdom,1,605.0,4,168.5,236.7,1.4047477744807122,10.4,44,0.25
16137.0,United Kingdom,1,1.0,1,210.0,422.7,2.012857142857143,6.75,28,0.0
16138.0,United Kingdom,1,213.0,3,258.0,303.45,1.1761627906976744,14.95,35,0.3333333333333333
16139.0,United Kingdom,1,719.0,5,120.4,222.23000000000002,1.845764119601329,9.95,47,0.0
16140.0,United Kingdom,1,377.0,3,424.0,477.82,1.126933962264151,8.5,50,0.6666666666666666
16141.0,United Kingdom,1,330.0,2,205.0,477.97,2.331560975609756,16.95,47,0.0
16142.0,United Kingdom,1,1.0,1,422.0,535.34,1.2685781990521328,9.95,37,0.0
16143.0,United Kingdom,1,727.0,12,155.5,379.59,2.4410932475884244,125.0,107,0.3333333333333333
16144.0,United Kingdom,1,1.0,1,16.0,175.2,10.95,10.95,1,0.0
16145.0,United Kingdom,1,577.0,19,277.36842105263156,358.18105263157895,1.2913548387096776,18.95,217,0.5263157894736842
16146.0,United Kingdom,1,292.0,4,136.0,236.595,1.739669117647059,5.95,34,0.0
16147.0,United Kingdom,1,540.0,5,279.0,479.782,1.7196487455197131,12.75,113,0.4
16148.0,United Kingdom,1,141.0,2,125.0,193.31,1.54648,5.95,9,1.0
16149.0,United Kingdom,1,426.0,3,199.33333333333334,140.74,0.7060535117056856,2.95,30,0.0
16150.0,United Kingdom,1,681.0,10,199.0,400.217,2.011140703517588,18.95,143,1.0
16152.0,United Kingdom,1,1.0,1,642.0,1829.04,2.8489719626168224,16.95,29,0.0
16153.0,United Kingdom,1,514.0,11,335.72727272727275,466.6809090909091,1.3900595721635527,14.95,161,0.18181818181818182
16155.0,United Kingdom,1,159.0,5,99.0,159.38,1.60989898989899,29.95,45,0.2
16156.0,United Kingdom,1,730.0,20,162.0,310.909,1.9191913580246915,15.95,199,0.3
16157.0,United Kingdom,1,58.0,3,115.66666666666667,218.89666666666668,1.892478386167147,7.85,12,0.3333333333333333
16158.0,United Kingdom,1,213.0,9,20.22222222222222,69.81333333333333,3.4523076923076927,45.95,29,0.1111111111111111
16159.0,United Kingdom,1,456.0,4,158.75,308.1975,1.9414015748031495,7.49,31,0.25
16160.0,United Kingdom,1,21.0,2,581.0,512.72,0.8824784853700517,7.45,20,1.0
16161.0,United Kingdom,1,669.0,43,146.32558139534885,294.5953488372093,2.013286713286713,16.95,458,0.32558139534883723
16162.0,United Kingdom,1,1.0,1,4.0,37.4,9.35,12.75,2,0.0
16163.0,United Kingdom,1,506.0,6,112.66666666666667,401.33,3.5621005917159763,19.95,59,1.3333333333333333
16164.0,United Kingdom,1,26.0,3,144.33333333333334,274.16,1.8994919168591224,19.95,27,0.3333333333333333
16165.0,United Kingdom,1,1.0,1,2.0,79.9,39.95,39.95,1,0.0
16166.0,United Kingdom,1,264.0,2,86.5,217.915,2.5192485549132946,10.95,18,1.0
16167.0,United Kingdom,1,325.0,5,298.8,277.22400000000005,0.9277911646586346,16.95,51,0.2
16168.0,United Kingdom,1,727.0,66,75.37878787878788,156.97984848484847,2.082546733668342,79.95,131,0.10606060606060606
16169.0,United Kingdom,1,68.0,4,331.25,455.7425,1.3758264150943396,9.95,71,0.0
16170.0,United Kingdom,1,610.0,20,302.8,343.45,1.1342470277410832,39.95,254,0.25
16171.0,United Kingdom,1,1.0,1,24.0,73.2,3.0500000000000003,4.15,3,0.0
16172.0,United Kingdom,1,419.0,8,177.375,235.56875,1.3280831571529246,12.75,81,0.0
16173.0,United Kingdom,1,84.0,6,95.83333333333333,236.38666666666666,2.4666434782608695,14.95,70,0.16666666666666666
16174.0,United Kingdom,1,478.0,7,204.42857142857142,320.9642857142857,1.5700559049615654,12.75,28,0.0
16175.0,United Kingdom,1,470.0,7,133.14285714285714,262.34857142857146,1.9704291845493562,14.95,59,0.0
16176.0,United Kingdom,1,200.0,4,238.0,513.1725,2.156186974789916,9.95,53,0.75
16177.0,United Kingdom,1,598.0,8,127.625,280.91375,2.2010871694417236,18.95,79,0.5
16178.0,United Kingdom,1,264.0,2,152.0,306.3,2.0151315789473685,12.75,24,0.0
16179.0,United Kingdom,1,1.0,1,99.0,215.83,2.1801010101010103,12.75,11,0.0
16180.0,United Kingdom,1,435.0,13,754.8461538461538,1249.99,1.6559533272189952,12.75,171,0.23076923076923078
16181.0,United Kingdom,1,1.0,1,152.0,305.54,2.0101315789473686,5.95,11,0.0
16182.0,United Kingdom,1,569.0,9,654.1111111111111,1107.961111111111,1.6938423645320198,9.95,20,0.0
16183.0,United Kingdom,1,341.0,4,87.75,269.4525,3.0706837606837607,9.95,32,0.0
16184.0,United Kingdom,1,148.0,6,93.5,193.13166666666666,2.065579322638146,8.25,26,0.16666666666666666
16185.0,United Kingdom,1,549.0,3,107.0,214.90666666666667,2.0084735202492214,10.95,39,0.0
16186.0,United Kingdom,1,709.0,26,253.6153846153846,335.3242307692308,1.3221762208067942,12.75,172,0.15384615384615385
16187.0,United Kingdom,1,254.0,15,336.53333333333336,460.7626666666667,1.3691442155309035,39.95,160,0.13333333333333333
16188.0,United Kingdom,1,365.0,5,167.6,217.532,1.2979236276849644,14.95,72,0.2
16189.0,United Kingdom,1,71.0,2,67.0,107.74,1.6080597014925373,14.95,9,0.0
16190.0,United Kingdom,1,686.0,8,153.875,340.44375,2.21246953696182,29.95,89,0.0
16191.0,United Kingdom,1,727.0,24,390.0,653.6675,1.676070512820513,39.95,113,0.6666666666666666
16192.0,United Kingdom,1,1.0,1,208.0,351.3,1.6889423076923078,8.5,11,0.0
16193.0,United Kingdom,1,175.0,2,189.5,315.21500000000003,1.6634036939313985,14.95,38,0.0
16194.0,United Kingdom,1,1.0,1,140.0,308.6,2.2042857142857146,14.95,8,0.0
16195.0,United Kingdom,1,1.0,1,123.0,323.25,2.6280487804878048,6.75,16,0.0
16196.0,United Kingdom,1,1.0,1,26.0,93.3,3.588461538461538,4.25,4,0.0
16197.0,United Kingdom,1,255.0,9,157.77777777777777,224.07888888888888,1.420218309859155,12.75,52,0.0
16198.0,United Kingdom,1,363.0,2,192.0,515.0205000000001,2.6823984375000003,10.4,31,0.0
16199.0,United Kingdom,1,240.0,7,45.857142857142854,134.67857142857142,2.9369158878504673,4.95,2,0.0
16200.0,United Kingdom,1,734.0,12,257.4166666666667,470.28749999999997,1.826950469407575,16.95,361,0.08333333333333333
16201.0,United Kingdom,1,413.0,5,284.2,422.424,1.4863617171006334,12.75,86,0.2
16202.0,United Kingdom,1,378.0,9,145.22222222222223,277.9988888888889,1.914299923488906,39.95,105,0.2222222222222222
16203.0,United Kingdom,1,447.0,6,89.5,157.30666666666667,1.7576163873370578,15.95,56,0.16666666666666666
16204.0,United Kingdom,1,709.0,3,228.66666666666666,314.74666666666667,1.3764431486880466,9.95,86,0.3333333333333333
16205.0,United Kingdom,1,513.0,7,207.85714285714286,261.5157142857143,1.258151202749141,12.75,147,0.0
16206.0,United Kingdom,1,631.0,13,106.46153846153847,200.17846153846156,1.8802890173410405,19.95,187,0.07692307692307693
16207.0,United Kingdom,1,1.0,1,140.0,394.38,2.817,25.0,19,0.0
16208.0,United Kingdom,1,610.0,10,154.1,344.04499999999996,2.232608695652174,21.95,180,0.0
16209.0,United Kingdom,1,459.0,9,210.55555555555554,460.75333333333333,2.1882744063324537,15.0,51,0.0
16210.0,United Kingdom,1,737.0,35,354.2,964.3134285714286,2.7225110913930792,19.95,145,0.05714285714285714
16211.0,United Kingdom,1,351.0,3,173.0,363.53,2.101329479768786,12.75,35,0.3333333333333333
16212.0,United Kingdom,1,652.0,4,142.75,323.4275,2.26569176882662,14.95,71,0.25
16213.0,United Kingdom,1,1.0,1,48.0,159.0,3.3125,12.75,6,0.0
16214.0,United Kingdom,1,266.0,4,327.0,509.5625,1.558295107033639,16.95,84,0.0
16215.0,United Kingdom,1,1.0,1,104.0,242.35,2.3302884615384616,12.5,14,0.0
16216.0,United Kingdom,1,1.0,1,254.0,914.9300000000001,3.6020866141732286,165.0,37,0.0
16217.0,United Kingdom,1,48.0,2,45.5,152.125,3.3434065934065935,7.9,13,1.0
16218.0,United Kingdom,1,533.0,13,215.30769230769232,305.2823076923077,1.417888531618435,10.95,82,0.46153846153846156
16219.0,United Kingdom,1,1.0,1,48.0,40.8,0.85,0.85,1,0.0
16221.0,United Kingdom,1,451.0,9,162.55555555555554,229.86333333333334,1.4140601503759398,15.95,177,0.1111111111111111
16222.0,United Kingdom,1,404.0,2,251.5,672.61,2.674393638170974,15.95,133,0.0
16223.0,United Kingdom,1,22.0,2,325.5,551.175,1.6933179723502303,16.95,101,0.0
16224.0,United Kingdom,1,331.0,5,311.0,323.308,1.0395755627009646,16.95,107,0.0
16225.0,United Kingdom,1,627.0,15,85.66666666666667,191.16066666666669,2.231447470817121,12.75,189,0.2
16226.0,United Kingdom,1,211.0,5,104.2,134.43400000000003,1.2901535508637239,8.95,23,0.0
16227.0,United Kingdom,1,311.0,3,145.33333333333334,342.4066666666667,2.3560091743119265,8.5,28,1.0
16228.0,United Kingdom,1,16.0,3,187.0,296.93666666666667,1.5878966131907308,12.75,45,0.3333333333333333
16229.0,United Kingdom,1,478.0,6,215.33333333333334,477.9766666666667,2.219705882352941,12.5,144,0.16666666666666666
16230.0,United Kingdom,1,32.0,2,182.5,271.015,1.485013698630137,12.75,32,0.0
16231.0,United Kingdom,1,219.0,4,141.0,269.555,1.9117375886524823,8.5,69,0.0
16232.0,United Kingdom,1,508.0,7,264.14285714285717,387.5671428571428,1.4672633856138453,8.5,60,0.42857142857142855
16233.0,United Kingdom,1,667.0,9,75.22222222222223,202.03444444444443,2.685834564254062,14.95,49,0.3333333333333333
16234.0,United Kingdom,1,86.0,3,56.666666666666664,111.06,1.9598823529411764,9.95,13,0.3333333333333333
16235.0,United Kingdom,1,431.0,9,87.55555555555556,228.19,2.606230964467005,21.95,80,0.2222222222222222
16236.0,United Kingdom,1,1.0,1,184.0,432.2,2.348913043478261,7.95,20,0.0
16237.0,United Kingdom,1,1.0,1,57.0,136.65,2.3973684210526316,7.95,7,0.0
16238.0,United Kingdom,1,1.0,1,85.0,63.66,0.7489411764705882,1.49,6,0.0
16239.0,United Kingdom,1,408.0,6,115.33333333333333,248.70000000000002,2.15635838150289,12.75,24,0.16666666666666666
16240.0,United Kingdom,1,54.0,2,820.5,1859.4,2.26617915904936,145.0,126,1.5
16241.0,United Kingdom,1,402.0,16,142.5,253.22875,1.7770438596491227,16.95,500,0.0
16242.0,United Kingdom,1,627.0,14,282.5,533.8857142857142,1.8898609355246523,16.95,348,0.2857142857142857
16243.0,United Kingdom,1,22.0,2,55.0,204.55,3.7190909090909092,85.0,49,0.0
16244.0,United Kingdom,1,162.0,2,427.5,761.375,1.7809941520467836,7.95,88,0.0
16245.0,United Kingdom,1,234.0,3,338.0,471.22,1.3941420118343195,35.95,80,0.6666666666666666
16246.0,United Kingdom,1,211.0,2,169.0,413.625,2.4474852071005917,10.75,79,0.0
16247.0,United Kingdom,1,1.0,1,182.0,114.56,0.6294505494505495,9.95,16,0.0
16248.0,United Kingdom,1,1.0,1,78.0,152.94,1.9607692307692308,2.95,7,0.0
16249.0,United Kingdom,1,188.0,5,190.0,360.014,1.8948105263157895,12.75,67,0.0
16250.0,United Kingdom,1,126.0,3,89.33333333333333,188.41333333333333,2.1091044776119405,7.95,29,0.0
16251.0,United Kingdom,1,1.0,1,44.0,128.31,2.9161363636363635,7.95,20,0.0
16252.0,United Kingdom,1,1.0,1,158.0,295.09000000000003,1.8676582278481015,9.95,21,1.0
16253.0,United Kingdom,1,666.0,7,865.8571428571429,1044.3071428571427,1.206096353737007,50.0,218,0.2857142857142857
16254.0,United Kingdom,1,255.0,3,183.0,328.38,1.7944262295081967,12.75,65,0.0
16255.0,United Kingdom,1,669.0,15,191.8,302.17,1.5754431699687175,24.95,231,0.26666666666666666
16256.0,United Kingdom,1,332.0,3,530.0,543.1233333333333,1.0247610062893082,50.0,27,0.3333333333333333
16257.0,United Kingdom,1,1.0,1,2.0,46.95,23.475,25.0,2,0.0
16258.0,United Kingdom,1,595.0,15,480.0,796.168,1.6586833333333333,14.55,253,0.06666666666666667
16259.0,United Kingdom,1,196.0,3,54.0,120.64666666666666,2.2341975308641975,10.65,75,0.0
16260.0,United Kingdom,1,1.0,1,311.0,1035.45,3.3294212218649517,12.5,18,0.0
16261.0,United Kingdom,1,426.0,6,76.5,176.57500000000002,2.308169934640523,15.95,118,0.0
16262.0,United Kingdom,1,1.0,1,446.0,755.15,1.6931614349775783,14.95,46,2.0
16263.0,United Kingdom,1,1.0,1,200.0,351.01,1.75505,8.5,19,0.0
16264.0,United Kingdom,1,9.0,2,316.0,418.765,1.3252056962025316,14.95,62,0.0
16265.0,United Kingdom,1,399.0,12,267.8333333333333,577.9308333333333,2.1578002489110144,50.0,192,0.25
16266.0,United Kingdom,1,601.0,14,56.5,125.56785714285715,2.2224399494311,19.95,73,0.0
16267.0,United Kingdom,1,1.0,1,198.0,186.66,0.9427272727272727,2.95,7,0.0
16268.0,United Kingdom,1,1.0,2,266.5,333.825,1.2526266416510319,50.0,45,0.0
16269.0,United Kingdom,1,1.0,1,579.0,717.57,1.2393264248704665,12.75,53,1.0
16270.0,United Kingdom,1,1.0,1,688.0,1141.24,1.6587790697674418,16.95,54,0.0
16271.0,United Kingdom,1,641.0,10,239.9,346.302,1.4435264693622343,15.0,176,0.1
16272.0,United Kingdom,1,1.0,1,224.0,411.7,1.8379464285714284,2.95,25,0.0
16273.0,United Kingdom,1,9.0,2,23.0,168.02,7.305217391304348,12.75,15,0.0
16274.0,United Kingdom,1,1.0,1,155.0,357.95,2.309354838709677,29.95,64,0.0
16275.0,United Kingdom,1,446.0,3,422.6666666666667,717.0366666666667,1.6964589905362777,16.95,105,0.0
16276.0,United Kingdom,1,432.0,3,489.0,876.4633333333335,1.7923585548738925,12.75,20,0.0
16277.0,United Kingdom,1,1.0,1,33.0,188.69,5.717878787878788,16.95,23,0.0
16278.0,United Kingdom,1,400.0,3,114.0,372.6133333333333,3.2685380116959064,110.0,50,1.3333333333333333
16279.0,United Kingdom,1,576.0,9,410.1111111111111,633.8977777777777,1.545673259279328,12.75,243,0.1111111111111111
16280.0,United Kingdom,1,1.0,1,101.0,238.05,2.356930693069307,9.95,16,0.0
16281.0,United Kingdom,1,611.0,3,523.3333333333334,1141.34,2.180904458598726,4.25,27,0.3333333333333333
16282.0,United Kingdom,1,380.0,3,263.3333333333333,435.85999999999996,1.6551645569620252,12.75,31,0.0
16283.0,United Kingdom,1,645.0,8,361.125,550.4775,1.5243406022845274,16.95,385,0.5
16284.0,United Kingdom,1,363.0,3,227.66666666666666,343.25666666666666,1.5077159590043923,8.5,108,0.0
16285.0,United Kingdom,1,1.0,1,60.0,176.9,2.9483333333333333,6.35,31,0.0
16286.0,United Kingdom,1,147.0,2,50.5,164.475,3.256930693069307,8.95,17,1.0
16287.0,United Kingdom,1,521.0,5,285.2,201.39600000000002,0.7061570827489482,5.45,18,0.0
16288.0,United Kingdom,1,1.0,1,19.0,129.85,6.834210526315789,14.95,7,0.0
16289.0,United Kingdom,1,1.0,1,97.0,136.31,1.405257731958763,4.95,21,1.0
16290.0,United Kingdom,1,102.0,4,250.25,517.325,2.0672327672327673,21.95,85,0.0
16291.0,Portugal,1,1.0,1,1.0,117.72,117.72,117.72,1,0.0
16292.0,United Kingdom,1,484.0,5,137.6,250.752,1.8223255813953487,12.75,51,0.8
16293.0,United Kingdom,1,708.0,15,122.2,285.28,2.334533551554828,19.95,168,0.26666666666666666
16294.0,United Kingdom,1,1.0,1,54.0,126.05000000000001,2.3342592592592593,4.95,8,0.0
16295.0,United Kingdom,1,56.0,4,210.25,332.1375,1.5797265160523186,12.75,70,0.0
16296.0,United Kingdom,1,96.0,4,161.25,328.4175,2.0366976744186047,9.95,56,0.5
16297.0,United Kingdom,1,1.0,1,206.0,301.9,1.4655339805825243,8.5,20,3.0
16298.0,United Kingdom,1,421.0,7,44.0,155.1,3.5250000000000004,25.0,32,0.2857142857142857
16299.0,United Kingdom,1,1.0,1,107.0,193.65,1.8098130841121496,5.95,12,1.0
16300.0,United Kingdom,1,246.0,3,219.33333333333334,464.1433333333334,2.1161550151975685,12.75,190,0.0
16301.0,United Kingdom,1,1.0,1,41.0,107.33,2.6178048780487804,4.95,6,0.0
16302.0,United Kingdom,1,1.0,1,158.0,233.22,1.4760759493670885,4.25,11,1.0
16303.0,United Kingdom,1,607.0,7,551.2857142857143,1132.6100000000001,2.054488209380669,16.95,156,0.2857142857142857
16304.0,United Kingdom,1,1.0,1,228.0,381.65999999999997,1.6739473684210524,9.95,25,0.0
16305.0,United Kingdom,1,1.0,1,256.0,361.21999999999997,1.4110156249999999,4.95,22,0.0
16306.0,United Kingdom,1,222.0,7,101.71428571428571,160.67428571428573,1.5796629213483147,14.95,55,0.42857142857142855
16307.0,United Kingdom,1,149.0,3,374.3333333333333,398.3066666666667,1.0640427426536065,4.95,69,0.0
16308.0,United Kingdom,1,688.0,7,2285.714285714286,731.4285714285714,0.32,0.32,1,0.0
16309.0,United Kingdom,1,135.0,2,233.5,353.28499999999997,1.5129978586723767,9.95,39,0.5
16310.0,United Kingdom,1,229.0,2,135.0,230.04,1.704,12.75,26,0.0
16311.0,United Kingdom,1,33.0,2,197.0,308.13,1.5641116751269035,12.75,35,0.0
16312.0,United Kingdom,1,1.0,1,53.0,171.15,3.229245283018868,12.75,10,0.0
16313.0,United Kingdom,1,47.0,2,82.5,137.07500000000002,1.6615151515151516,8.5,16,0.0
16314.0,United Kingdom,1,84.0,3,212.0,497.1333333333334,2.3449685534591196,14.95,58,0.0
16315.0,United Kingdom,1,207.0,2,71.5,201.355,2.816153846153846,16.95,21,0.0
16316.0,United Kingdom,1,430.0,13,235.15384615384616,441.91615384615386,1.8792639842983316,125.0,193,0.46153846153846156
16317.0,United Kingdom,1,466.0,5,247.2,438.50200000000007,1.7738754045307445,16.95,103,0.2
16318.0,United Kingdom,1,1.0,1,199.0,328.15,1.6489949748743717,5.95,19,0.0
16319.0,United Kingdom,1,1.0,1,72.0,404.40000000000003,5.616666666666667,5.95,3,0.0
16320.0,Unspecified,1,510.0,6,553.1666666666666,938.165,1.6959897559505874,14.95,193,0.3333333333333333
16321.0,Australia,1,667.0,7,37.0,86.36428571428573,2.3341698841698846,8.95,15,0.42857142857142855
16322.0,United Kingdom,1,36.0,2,115.5,163.375,1.4145021645021645,9.95,28,0.0
16323.0,United Kingdom,1,382.0,2,73.0,176.83,2.422328767123288,4.15,4,0.0
16324.0,United Kingdom,1,50.0,3,94.0,142.89333333333335,1.5201418439716312,12.75,100,0.0
16325.0,United Kingdom,1,690.0,12,205.33333333333334,299.7916666666667,1.4600243506493507,12.75,104,0.4166666666666667
16326.0,United Kingdom,1,676.0,24,46.666666666666664,201.12458333333333,4.3098125,95.0,243,0.08333333333333333
16327.0,United Kingdom,1,712.0,16,509.25,637.23375,1.2513181148748158,29.95,289,0.25
16328.0,United Kingdom,1,1.0,1,141.0,310.83000000000004,2.204468085106383,5.95,16,0.0
16329.0,United Kingdom,1,312.0,4,206.5,425.7675,2.0618280871670702,8.5,83,0.0
16330.0,United Kingdom,1,646.0,7,46.714285714285715,90.61857142857143,1.9398470948012234,8.95,105,0.14285714285714285
16331.0,United Kingdom,1,211.0,6,126.0,339.6166666666667,2.6953703703703704,12.75,33,0.0
16332.0,United Kingdom,1,562.0,11,102.9090909090909,182.76454545454547,1.7759805653710248,16.95,158,0.18181818181818182
16333.0,United Kingdom,1,303.0,22,1462.909090909091,1210.3090909090909,0.8273303504847129,2.55,9,0.0
16334.0,United Kingdom,1,1.0,1,211.0,277.48,1.3150710900473934,7.95,54,0.0
16335.0,United Kingdom,1,185.0,7,145.14285714285714,396.2857142857143,2.7303149606299213,19.95,193,0.14285714285714285
16336.0,United Kingdom,1,212.0,4,368.25,879.4225,2.388112695179905,12.75,64,0.0
16337.0,United Kingdom,1,1.0,1,87.0,151.05,1.7362068965517243,8.95,10,0.0
16338.0,United Kingdom,1,1.0,1,94.0,214.8,2.2851063829787237,14.95,11,0.0
16339.0,United Kingdom,1,1.0,1,23.0,109.95,4.780434782608696,7.95,17,0.0
16340.0,United Kingdom,1,445.0,3,448.3333333333333,508.68666666666667,1.1346171003717471,16.95,277,0.0
16341.0,United Kingdom,1,586.0,7,431.7142857142857,550.1128571428571,1.2742521508934481,9.95,103,0.42857142857142855
16342.0,United Kingdom,1,105.0,4,39.25,80.6025,2.053566878980892,35.95,10,0.0
16343.0,United Kingdom,1,392.0,3,140.66666666666666,229.0233333333333,1.628127962085308,19.95,54,0.0
16344.0,United Kingdom,1,511.0,4,176.5,210.605,1.193229461756374,7.95,43,0.0
16345.0,United Kingdom,1,440.0,2,310.0,599.37,1.9334516129032258,50.0,95,0.0
16346.0,United Kingdom,1,1.0,1,289.0,224.51,0.7768512110726643,9.95,15,0.0
16347.0,United Kingdom,1,627.0,11,159.0909090909091,319.0372727272727,2.0053771428571427,25.0,209,0.18181818181818182
16348.0,United Kingdom,1,399.0,8,147.25,224.7775,1.5265025466893039,16.95,180,0.0
16349.0,United Kingdom,1,1.0,1,9.0,53.5,5.944444444444445,15.95,9,0.0
16350.0,United Kingdom,1,408.0,9,119.66666666666667,250.4322222222222,2.092748375116063,12.75,72,0.3333333333333333
16351.0,United Kingdom,1,404.0,13,166.53846153846155,256.1561538461538,1.5381200923787528,7.95,124,0.38461538461538464
16352.0,United Kingdom,1,21.0,2,150.0,247.22,1.6481333333333332,4.95,28,0.0
16353.0,United Kingdom,1,730.0,38,91.65789473684211,257.77526315789476,2.8123629055412005,8.25,76,0.07894736842105263
16354.0,United Kingdom,1,529.0,5,119.8,225.902,1.8856594323873122,14.95,116,0.0
16355.0,United Kingdom,1,1.0,1,179.0,416.35,2.325977653631285,15.95,47,1.0
16356.0,United Kingdom,1,355.0,6,31.666666666666668,69.31166666666667,2.1887894736842104,5.95,27,0.16666666666666666
16357.0,United Kingdom,1,349.0,4,97.25,217.0925,2.2323136246786635,15.95,43,0.0
16358.0,United Kingdom,1,394.0,5,413.0,583.9300000000001,1.4138740920096853,7.95,118,0.2
16359.0,United Kingdom,1,655.0,16,110.25,168.609375,1.5293367346938775,125.0,78,0.25
16360.0,United Kingdom,1,85.0,6,357.3333333333333,585.4216666666667,1.6383069029850748,16.95,365,0.3333333333333333
16361.0,United Kingdom,1,63.0,4,105.25,224.165,2.129833729216152,16.95,87,0.0
16362.0,United Kingdom,1,406.0,6,79.66666666666667,157.82333333333335,1.9810460251046027,9.95,67,0.8333333333333334
16363.0,United Kingdom,1,1.0,1,52.0,109.36000000000001,2.1030769230769235,8.5,5,0.0
16364.0,United Kingdom,1,127.0,2,140.0,353.52,2.525142857142857,14.95,48,0.0
16365.0,United Kingdom,1,712.0,15,68.93333333333334,211.156,3.063191489361702,19.95,97,0.06666666666666667
16366.0,United Kingdom,1,706.0,4,220.5,387.03249999999997,1.7552494331065758,12.75,74,0.0
16367.0,United Kingdom,1,347.0,3,372.3333333333333,454.1333333333334,1.2196956132497763,9.95,196,0.0
16368.0,United Kingdom,1,434.0,3,105.66666666666667,213.40333333333334,2.019589905362776,16.95,74,0.0
16369.0,United Kingdom,1,594.0,7,227.71428571428572,380.6871428571429,1.6717754077791718,12.75,115,0.0
16370.0,United Kingdom,1,144.0,4,161.75,330.14,2.041051004636785,16.95,143,0.0
16371.0,United Kingdom,1,1.0,1,108.0,157.20000000000002,1.4555555555555557,10.65,11,0.0
16372.0,United Kingdom,1,575.0,5,149.6,265.722,1.7762165775401069,12.75,271,0.2
16373.0,United Kingdom,1,30.0,2,59.5,154.745,2.6007563025210083,8.5,25,0.0
16374.0,United Kingdom,1,523.0,5,160.0,354.29,2.2143125,29.95,276,0.0
16375.0,United Kingdom,1,1.0,2,37.0,52.0,1.4054054054054055,3.75,11,0.0
16376.0,United Kingdom,1,10.0,2,347.0,493.505,1.4222046109510087,16.95,104,0.5
16377.0,United Kingdom,1,351.0,2,1464.0,654.24,0.44688524590163936,0.85,6,0.0
16378.0,United Kingdom,1,64.0,3,89.0,120.98333333333333,1.3593632958801498,6.75,22,0.0
16379.0,United Kingdom,1,75.0,4,352.5,539.35,1.5300709219858157,12.75,87,0.25
16380.0,United Kingdom,1,1.0,1,1524.0,1780.59,1.1683661417322835,7.5,28,0.0
16381.0,United Kingdom,1,24.0,2,56.0,129.35,2.3098214285714285,12.75,60,0.0
16382.0,United Kingdom,1,143.0,2,83.5,176.55,2.11437125748503,29.95,42,0.0
16383.0,United Kingdom,1,600.0,7,231.42857142857142,424.9771428571429,1.8363209876543212,15.95,239,0.2857142857142857
16384.0,United Kingdom,1,502.0,4,215.25,339.7375,1.5783391405342626,12.75,80,0.0
16385.0,United Kingdom,1,572.0,5,95.8,176.476,1.8421294363256784,9.95,94,0.0
16386.0,United Kingdom,1,360.0,3,241.0,367.53,1.5250207468879666,12.75,127,0.0
16387.0,United Kingdom,1,317.0,5,91.4,183.70999999999998,2.009956236323851,16.95,68,0.0
16388.0,United Kingdom,1,1.0,1,83.0,186.05,2.241566265060241,5.95,13,0.0
16389.0,United Kingdom,1,231.0,4,310.5,345.5175,1.1127777777777776,15.0,33,0.25
16390.0,United Kingdom,1,144.0,3,40.666666666666664,155.83333333333334,3.831967213114754,12.75,16,0.0
16391.0,United Kingdom,1,162.0,4,187.0,275.9025,1.4754144385026737,15.95,261,0.0
16392.0,United Kingdom,1,293.0,3,203.0,254.35,1.2529556650246305,16.95,125,0.0
16393.0,United Kingdom,1,737.0,23,132.43478260869566,233.77652173913043,1.7652199606040708,9.95,313,0.30434782608695654
16394.0,United Kingdom,1,234.0,5,520.8,311.068,0.5972887864823349,5.95,61,0.8
16395.0,United Kingdom,1,674.0,14,208.5,252.70357142857142,1.2120075368276806,16.95,416,0.21428571428571427
16396.0,United Kingdom,1,1.0,1,80.0,137.8,1.7225000000000001,2.95,8,2.0
16397.0,United Kingdom,1,1.0,1,50.0,127.88,2.5576,19.95,9,0.0
16398.0,United Kingdom,1,100.0,2,379.0,852.9,2.250395778364116,39.95,75,1.0
16399.0,United Kingdom,1,371.0,3,152.0,213.94000000000003,1.4075000000000002,25.0,97,0.0
16400.0,United Kingdom,1,638.0,9,239.88888888888889,351.0488888888889,1.463381194997684,19.95,214,0.0
16401.0,United Kingdom,1,555.0,23,262.39130434782606,297.7891304347826,1.1349047224523612,8.5,110,0.6956521739130435
16402.0,United Kingdom,1,106.0,2,74.5,149.8,2.0107382550335573,12.75,55,0.0
16403.0,United Kingdom,1,1.0,1,114.0,177.5,1.5570175438596492,1.95,10,1.0
16404.0,United Kingdom,1,1.0,1,157.0,443.05,2.8219745222929937,12.75,23,1.0
16405.0,United Kingdom,1,9.0,2,93.5,83.625,0.8943850267379679,4.95,3,0.0
16406.0,United Kingdom,1,636.0,3,90.66666666666667,184.22666666666666,2.031911764705882,14.95,136,0.3333333333333333
16407.0,United Kingdom,1,421.0,14,106.0,201.54642857142858,1.9013814016172508,14.95,120,0.0
16408.0,United Kingdom,1,1.0,1,227.0,231.93,1.021718061674009,5.95,45,0.0
16409.0,United Kingdom,1,691.0,12,308.8333333333333,475.75333333333333,1.5404856988667026,19.95,335,0.0
16410.0,United Kingdom,1,1.0,1,348.0,130.32,0.37448275862068964,2.1,5,0.0
16411.0,United Kingdom,1,410.0,4,118.25,194.67249999999999,1.6462790697674416,9.95,139,0.0
16412.0,United Kingdom,1,621.0,5,62.2,129.446,2.0811254019292607,12.75,84,0.0
16413.0,United Kingdom,1,320.0,2,142.0,264.49,1.862605633802817,14.95,55,0.0
16414.0,United Kingdom,1,674.0,5,40.4,111.94200000000001,2.770841584158416,9.95,58,0.0
16415.0,United Kingdom,1,633.0,3,175.66666666666666,239.81333333333336,1.3651612903225807,12.75,120,0.0
16416.0,United Kingdom,1,629.0,9,245.55555555555554,330.32,1.3451945701357466,19.95,146,0.1111111111111111
16417.0,United Kingdom,1,1.0,1,6.0,35.7,5.95,5.95,1,0.0
16418.0,United Kingdom,1,379.0,5,116.0,220.388,1.899896551724138,29.95,121,0.0
16419.0,United Kingdom,1,557.0,8,90.125,185.9275,2.062995839112344,39.95,62,0.125
16420.0,United Kingdom,1,1.0,1,120.0,75.0,0.625,1.65,2,0.0
16421.0,United Kingdom,1,94.0,3,41.0,175.42333333333332,4.2786178861788615,14.95,35,0.0
16422.0,United Kingdom,1,680.0,109,590.1009174311927,568.6538532110092,0.9636552603348829,72.45,111,0.3394495412844037
16423.0,United Kingdom,1,1.0,1,230.0,346.12,1.5048695652173913,8.25,18,0.0
16424.0,United Kingdom,1,192.0,2,106.0,221.53,2.0899056603773585,8.5,10,0.5
16425.0,United Kingdom,1,1.0,1,199.0,302.7,1.5211055276381908,8.5,21,0.0
16426.0,United Kingdom,1,275.0,10,124.3,190.825,1.5351971037811747,9.95,211,0.0
16427.0,United Kingdom,1,22.0,2,78.0,120.53,1.5452564102564104,2.95,8,0.0
16428.0,United Kingdom,1,85.0,3,198.33333333333334,220.09333333333333,1.1097142857142857,9.95,121,0.3333333333333333
16429.0,United Kingdom,1,1.0,1,9.0,284.55,31.616666666666667,34.95,2,0.0
16430.0,United Kingdom,1,625.0,7,43.857142857142854,159.7057142857143,3.641498371335505,15.0,19,0.0
16431.0,United Kingdom,1,85.0,3,151.0,214.26999999999998,1.419006622516556,5.95,51,0.0
16432.0,United Kingdom,1,1.0,1,276.0,287.4,1.0413043478260868,8.25,8,0.0
16433.0,United Kingdom,1,381.0,2,107.0,192.26,1.796822429906542,7.95,33,0.0
16434.0,United Kingdom,1,663.0,12,111.5,228.47833333333332,2.049133034379671,19.95,126,0.08333333333333333
16435.0,United Kingdom,1,3.0,3,203.0,337.19,1.6610344827586208,19.95,119,0.0
16436.0,United Kingdom,1,66.0,3,79.66666666666667,109.77999999999999,1.3779916317991632,8.5,37,0.3333333333333333
16437.0,United Kingdom,1,49.0,2,98.5,150.625,1.5291878172588833,5.95,17,0.0
16438.0,United Kingdom,1,78.0,5,92.6,159.67000000000002,1.7242980561555077,9.95,74,0.0
16439.0,United Kingdom,1,1.0,1,74.0,310.70000000000005,4.198648648648649,9.95,9,0.0
16440.0,United Kingdom,1,487.0,6,351.3333333333333,642.8283333333334,1.829682163187856,9.95,202,0.0
16441.0,United Kingdom,1,561.0,5,96.8,206.88600000000002,2.1372520661157024,12.75,67,0.2
16442.0,United Kingdom,1,726.0,5,116.6,179.894,1.5428301886792453,16.95,226,0.0
16443.0,United Kingdom,1,1.0,1,96.0,162.24,1.6900000000000002,1.69,1,0.0
16444.0,United Kingdom,1,580.0,17,115.23529411764706,215.0929411764706,1.8665543644716691,16.95,217,0.17647058823529413
16445.0,United Kingdom,1,379.0,4,74.75,150.6825,2.0158193979933112,12.5,143,0.0
16447.0,United Kingdom,1,526.0,3,107.66666666666667,258.38,2.399814241486068,15.95,59,0.0
16448.0,United Kingdom,1,274.0,2,89.5,183.935,2.0551396648044693,12.75,45,0.0
16449.0,United Kingdom,1,84.0,2,183.5,353.845,1.9283106267029975,10.75,40,0.5
16450.0,United Kingdom,1,508.0,3,227.0,501.91,2.2110572687224668,8.5,36,0.3333333333333333
16451.0,United Kingdom,1,649.0,3,174.66666666666666,337.71666666666664,1.9334923664122137,9.95,61,0.3333333333333333
16452.0,United Kingdom,1,64.0,2,99.5,166.085,1.6691959798994975,4.25,14,0.0
16453.0,United Kingdom,1,19.0,2,69.5,125.855,1.810863309352518,12.75,15,0.0
16455.0,United Kingdom,1,557.0,11,259.3636363636364,363.91545454545457,1.4031090080616895,14.95,111,0.18181818181818182
16456.0,United Kingdom,1,522.0,13,256.38461538461536,467.3469230769231,1.822835283528353,12.75,226,0.07692307692307693
16457.0,United Kingdom,1,1.0,1,140.0,208.36,1.4882857142857144,5.95,9,0.0
16458.0,United Kingdom,1,561.0,30,113.53333333333333,190.51133333333334,1.6780211391661775,12.75,91,0.0
16459.0,United Kingdom,1,1.0,1,59.0,71.79,1.2167796610169492,5.95,5,0.0
16460.0,United Kingdom,1,54.0,3,293.0,271.5733333333333,0.9268714448236632,9.95,128,0.0
16461.0,United Kingdom,1,470.0,3,346.3333333333333,538.4066666666666,1.5545909528392685,15.95,223,0.0
16462.0,United Kingdom,1,211.0,3,5.333333333333333,45.333333333333336,8.5,8.5,1,0.3333333333333333
16463.0,United Kingdom,1,184.0,4,290.75,355.6,1.223043852106621,8.5,74,0.75
16464.0,United Kingdom,1,124.0,3,321.0,438.2266666666667,1.3651921079958464,24.95,152,0.0
16465.0,United Kingdom,1,25.0,2,252.0,373.12,1.4806349206349207,8.5,45,0.5
16466.0,United Kingdom,1,610.0,15,120.4,255.906,2.1254651162790696,125.0,207,0.06666666666666667
16467.0,United Kingdom,1,230.0,7,1054.857142857143,409.88,0.3885644637053088,2.55,14,0.14285714285714285
16468.0,United Kingdom,1,408.0,3,123.66666666666667,262.50666666666666,2.1226954177897572,12.5,38,0.0
16469.0,United Kingdom,1,492.0,5,69.0,165.78199999999998,2.4026376811594203,15.95,167,0.0
16470.0,United Kingdom,1,678.0,11,123.36363636363636,223.5090909090909,1.8117907148120853,14.95,286,0.09090909090909091
16471.0,United Kingdom,1,379.0,4,167.5,297.495,1.776089552238806,9.95,48,0.5
16472.0,United Kingdom,1,164.0,2,126.0,394.8,3.1333333333333333,79.95,39,0.0
16473.0,United Kingdom,1,211.0,4,74.0,117.7075,1.5906418918918919,9.95,26,0.25
16474.0,United Kingdom,1,139.0,7,134.71428571428572,267.35714285714283,1.9846235418875928,12.75,237,0.5714285714285714
16475.0,United Kingdom,1,186.0,4,79.75,136.075,1.7062695924764888,85.0,23,0.0
16476.0,United Kingdom,1,1.0,1,187.0,350.35,1.873529411764706,12.75,24,2.0
16477.0,United Kingdom,1,422.0,11,227.9090909090909,372.2154545454545,1.63317510969286,9.95,177,0.0
16478.0,United Kingdom,1,41.0,3,74.66666666666667,110.33333333333333,1.4776785714285714,8.25,15,0.0
16479.0,United Kingdom,1,1.0,2,51.0,150.415,2.949313725490196,12.5,35,0.0
16480.0,United Kingdom,1,1.0,1,455.0,769.29,1.6907472527472527,15.95,51,0.0
16481.0,United Kingdom,1,1.0,1,201.0,453.38,2.2556218905472636,7.95,16,2.0
16482.0,United Kingdom,1,1.0,1,346.0,220.62,0.6376300578034683,4.95,18,0.0
16483.0,United Kingdom,1,1.0,1,44.0,139.35,3.1670454545454545,15.95,19,0.0
16484.0,United Kingdom,1,18.0,2,100.0,202.15,2.0215,15.0,25,0.5
16485.0,United Kingdom,1,657.0,5,230.8,458.936,1.9884575389948005,12.75,126,0.4
16486.0,United Kingdom,1,1.0,1,24.0,134.36,5.598333333333334,7.49,7,0.0
16487.0,United Kingdom,1,83.0,2,81.5,104.7,1.2846625766871167,12.75,28,0.0
16488.0,United Kingdom,1,116.0,3,242.66666666666666,166.26666666666668,0.6851648351648352,39.95,28,0.3333333333333333
16489.0,United Kingdom,1,57.0,2,19.0,151.85,7.992105263157894,12.75,4,0.0
16490.0,United Kingdom,1,1.0,1,113.0,205.41000000000003,1.8177876106194693,4.95,13,1.0
16491.0,United Kingdom,1,368.0,2,530.0,766.58,1.4463773584905661,11.95,86,0.5
16492.0,United Kingdom,1,1.0,1,235.0,385.56,1.6406808510638298,7.95,23,0.0
16493.0,United Kingdom,1,545.0,7,284.0,304.5842857142857,1.072479879275654,14.95,77,0.2857142857142857
16494.0,United Kingdom,1,1.0,1,675.0,826.53,1.2244888888888887,4.95,47,0.0
16495.0,United Kingdom,1,274.0,3,112.33333333333333,228.13666666666666,2.0308902077151334,15.95,78,0.0
16496.0,United Kingdom,1,502.0,6,294.0,388.46166666666664,1.321298185941043,12.75,120,0.16666666666666666
16497.0,United Kingdom,1,688.0,23,132.6086956521739,291.0991304347826,2.1951737704918033,19.95,239,0.0
16498.0,United Kingdom,1,2.0,2,22.5,50.485,2.243777777777778,7.95,15,0.5
16499.0,United Kingdom,1,187.0,8,170.5,322.2925,1.8902785923753667,12.75,104,0.625
16500.0,United Kingdom,1,540.0,9,42.888888888888886,93.76777777777778,2.186295336787565,165.0,24,0.1111111111111111
16501.0,United Kingdom,1,1.0,1,642.0,1237.23,1.9271495327102803,15.95,181,0.0
16502.0,United Kingdom,1,1.0,2,125.5,133.25,1.0617529880478087,29.95,41,0.0
16503.0,United Kingdom,1,431.0,11,139.54545454545453,328.5763636363636,2.3546188925081433,21.95,161,0.18181818181818182
16504.0,United Kingdom,1,1.0,1,524.0,484.38,0.9243893129770993,4.95,76,0.0
16505.0,United Kingdom,1,1.0,1,576.0,777.6,1.35,2.49,4,0.0
16506.0,United Kingdom,1,22.0,2,21.0,45.150000000000006,2.1500000000000004,2.95,3,0.0
16507.0,United Kingdom,1,1.0,1,116.0,152.76,1.3168965517241378,9.95,37,0.0
16508.0,United Kingdom,1,1.0,1,106.0,248.8,2.3471698113207546,12.75,42,0.0
16509.0,United Kingdom,1,1.0,1,64.0,363.7,5.6828125,16.95,13,0.0
16510.0,United Kingdom,1,320.0,6,164.0,308.65,1.882012195121951,19.95,94,0.0
16511.0,United Kingdom,1,628.0,6,131.16666666666666,303.17,2.3113341804320204,15.95,235,0.0
16513.0,United Kingdom,1,40.0,4,101.75,218.6475,2.148869778869779,5.45,33,0.0
16515.0,United Kingdom,1,489.0,10,160.1,321.63,2.0089319175515303,19.95,184,0.0
16516.0,United Kingdom,1,1.0,1,58.0,101.69999999999999,1.7534482758620689,4.95,6,0.0
16517.0,United Kingdom,1,1.0,1,96.0,162.7,1.6947916666666665,7.95,17,0.0
16518.0,United Kingdom,1,496.0,4,131.0,239.8425,1.8308587786259543,14.95,61,0.5
16519.0,United Kingdom,1,624.0,4,38.0,113.14,2.9773684210526317,12.75,32,0.0
16520.0,United Kingdom,1,462.0,6,174.83333333333334,359.4766666666667,2.0561105815061964,15.95,251,0.3333333333333333
16521.0,United Kingdom,1,234.0,3,338.6666666666667,382.67,1.1299311023622047,9.95,212,0.0
16522.0,United Kingdom,1,16.0,2,106.0,216.68,2.0441509433962266,18.95,16,0.0
16523.0,United Kingdom,1,684.0,28,177.82142857142858,425.5832142857143,2.3933179353283793,16.95,180,0.39285714285714285
16524.0,United Kingdom,1,246.0,2,130.0,154.07,1.185153846153846,12.75,50,0.0
16525.0,United Kingdom,1,736.0,48,300.6666666666667,503.56666666666666,1.6748337028824833,19.95,115,0.125
16526.0,United Kingdom,1,414.0,2,139.5,358.605,2.5706451612903227,19.95,30,0.0
16527.0,United Kingdom,1,344.0,2,363.0,636.22,1.75267217630854,12.75,66,0.0
16528.0,United Kingdom,1,1.0,1,171.0,244.41,1.429298245614035,12.75,17,0.0
16529.0,United Kingdom,1,341.0,4,187.75,503.0,2.6790945406125166,12.75,87,0.0
16530.0,United Kingdom,1,1.0,1,17.0,48.349999999999994,2.844117647058823,9.95,3,0.0
16531.0,United Kingdom,1,420.0,11,169.36363636363637,208.9390909090909,1.233671497584541,16.95,109,0.09090909090909091
16532.0,United Kingdom,1,604.0,5,508.8,1751.328,3.442075471698113,4.65,2,0.0
16533.0,United Kingdom,1,50.0,3,204.0,365.18666666666667,1.7901307189542484,12.75,112,0.6666666666666666
16534.0,United Kingdom,1,1.0,1,168.0,635.9,3.7851190476190473,39.95,36,0.0
16535.0,United Kingdom,1,676.0,3,228.33333333333334,333.86333333333334,1.462175182481752,20.0,67,0.0
16536.0,United Kingdom,1,1.0,1,251.0,548.97,2.1871314741035857,16.95,49,1.0
16537.0,United Kingdom,1,1.0,1,59.0,23.35,0.3957627118644068,0.85,3,0.0
16538.0,United Kingdom,1,55.0,3,85.66666666666667,133.20666666666668,1.5549416342412452,9.95,35,0.0
16539.0,United Kingdom,1,531.0,10,101.4,328.966,3.244240631163708,165.0,83,0.0
16540.0,United Kingdom,1,1.0,1,114.0,226.7,1.98859649122807,6.75,25,0.0
16541.0,United Kingdom,1,1.0,1,173.0,424.03,2.4510404624277453,19.95,38,1.0
16542.0,United Kingdom,1,349.0,2,71.0,128.66,1.812112676056338,6.45,13,0.0
16543.0,United Kingdom,1,1.0,1,317.0,292.21,0.9217981072555205,3.95,18,1.0
16544.0,United Kingdom,1,144.0,4,37.5,94.17500000000001,2.5113333333333334,5.95,8,0.5
16545.0,United Kingdom,1,212.0,2,161.0,344.91,2.142298136645963,4.95,6,0.0
16546.0,United Kingdom,1,153.0,5,842.2,1061.414,1.2602873426739492,12.75,75,0.4
16547.0,United Kingdom,1,1.0,1,113.0,111.71,0.9885840707964602,8.5,25,0.0
16548.0,United Kingdom,1,1.0,1,6.0,30.150000000000002,5.025,12.75,6,0.0
16549.0,United Kingdom,1,612.0,34,214.05882352941177,387.71147058823533,1.811237977466337,15.95,836,0.08823529411764706
16550.0,United Kingdom,1,630.0,18,303.8888888888889,493.3594444444444,1.623486288848263,39.95,274,0.6111111111111112
16551.0,United Kingdom,1,632.0,7,296.57142857142856,319.5885714285714,1.0776107899807321,16.95,67,0.0
16552.0,United Kingdom,1,132.0,2,109.5,189.865,1.7339269406392694,12.75,17,0.0
16553.0,United Kingdom,1,504.0,33,499.24242424242425,504.36393939393935,1.010258573596358,12.75,195,0.09090909090909091
16554.0,United Kingdom,1,683.0,8,168.25,355.215,2.111233283803863,14.95,108,1.25
16555.0,United Kingdom,1,471.0,6,302.6666666666667,319.28000000000003,1.0548898678414098,10.75,59,0.6666666666666666
16556.0,United Kingdom,1,667.0,17,256.05882352941177,471.32823529411763,1.8407029634734666,295.0,280,0.4117647058823529
16557.0,United Kingdom,1,114.0,2,55.5,140.925,2.5391891891891896,12.75,11,0.0
16558.0,United Kingdom,1,737.0,38,205.60526315789474,350.10815789473685,1.702817099705619,21.95,383,0.23684210526315788
16559.0,United Kingdom,1,1.0,1,73.0,185.20000000000002,2.536986301369863,7.95,17,0.0
16560.0,United Kingdom,1,706.0,8,200.875,381.0475,1.8969383945239577,35.95,140,0.25
16561.0,United Kingdom,1,55.0,2,122.0,255.56,2.0947540983606556,8.5,29,0.0
16562.0,United Kingdom,1,1.0,1,264.0,223.85999999999999,0.8479545454545454,3.75,34,0.0
16563.0,United Kingdom,1,686.0,6,432.6666666666667,737.1266666666667,1.7036825885978428,12.75,55,0.16666666666666666
16564.0,United Kingdom,1,1.0,1,40.0,87.8,2.195,5.95,5,0.0
16565.0,United Kingdom,1,192.0,4,52.75,193.2625,3.6637440758293836,7.95,7,0.25
16566.0,United Kingdom,1,278.0,5,72.4,122.93199999999999,1.6979558011049722,9.95,14,0.2
16567.0,United Kingdom,1,143.0,2,498.0,432.8,0.8690763052208835,7.95,34,0.0
16568.0,United Kingdom,1,215.0,2,183.0,510.45000000000005,2.7893442622950824,39.95,5,0.0
16569.0,United Kingdom,1,721.0,5,197.6,291.046,1.4729048582995952,7.95,27,0.0
16570.0,United Kingdom,1,605.0,20,214.6,371.7155,1.732131873252563,295.0,114,0.55
16571.0,United Kingdom,1,606.0,10,370.3,424.87399999999997,1.1473778017823386,16.65,151,0.7
16572.0,United Kingdom,1,149.0,3,177.33333333333334,336.53333333333336,1.8977443609022557,35.95,40,0.3333333333333333
16573.0,United Kingdom,1,207.0,2,180.0,331.805,1.8433611111111112,12.75,40,1.0
16574.0,United Kingdom,1,588.0,3,334.0,433.9266666666667,1.299181636726547,7.95,86,0.0
16576.0,United Kingdom,1,102.0,2,161.5,270.435,1.6745201238390093,12.75,32,1.5
16577.0,United Kingdom,1,1.0,1,142.0,380.0,2.676056338028169,8.5,23,0.0
16578.0,United Kingdom,1,1.0,1,108.0,156.6,1.45,2.95,9,0.0
16579.0,United Kingdom,1,1.0,1,119.0,295.05,2.4794117647058824,24.95,14,1.0
16581.0,United Kingdom,1,1.0,1,134.0,105.84,0.7898507462686567,2.95,9,1.0
16582.0,United Kingdom,1,1.0,1,164.0,313.62,1.9123170731707317,3.39,6,0.0
16583.0,United Kingdom,1,301.0,2,76.5,148.975,1.9473856209150326,4.95,18,0.0
16584.0,United Kingdom,1,582.0,5,383.8,632.734,1.6486034392912976,12.75,61,0.4
16585.0,United Kingdom,1,103.0,2,75.5,170.79500000000002,2.2621854304635765,6.45,16,0.0
16586.0,United Kingdom,1,388.0,3,116.0,487.5933333333333,4.203390804597701,16.95,27,0.0
16587.0,United Kingdom,1,1.0,1,71.0,225.15,3.1711267605633804,24.95,13,0.0
16588.0,United Kingdom,1,189.0,4,220.5,340.32,1.5434013605442176,14.95,64,0.0
16589.0,United Kingdom,1,380.0,4,134.0,153.09,1.142462686567164,5.95,39,0.0
16590.0,United Kingdom,1,15.0,2,120.0,302.95,2.524583333333333,16.95,26,0.5
16591.0,United Kingdom,1,1.0,1,41.0,213.5,5.2073170731707314,7.08,10,0.0
16592.0,United Kingdom,1,718.0,28,196.57142857142858,278.8539285714286,1.4185882994186045,14.95,221,0.21428571428571427
16593.0,United Kingdom,1,685.0,8,47.125,133.89249999999998,2.8412201591511934,12.75,57,0.125
16594.0,United Kingdom,1,1.0,1,64.0,181.09,2.82953125,12.75,53,0.0
16595.0,United Kingdom,1,631.0,5,275.6,362.036,1.3136284470246735,12.75,337,0.0
16596.0,United Kingdom,1,715.0,4,45.0,114.745,2.549888888888889,9.95,23,0.0
16597.0,United Kingdom,1,1.0,1,184.0,90.04,0.48934782608695654,6.25,7,0.0
16598.0,United Kingdom,1,1.0,1,73.0,145.04999999999998,1.9869863013698628,4.95,10,1.0
16599.0,United Kingdom,1,1.0,1,159.0,172.8,1.0867924528301887,7.95,12,0.0
16600.0,United Kingdom,1,718.0,13,186.15384615384616,165.64692307692306,0.8898388429752065,14.95,106,0.23076923076923078
16601.0,United Kingdom,1,584.0,3,131.66666666666666,228.08333333333334,1.7322784810126581,14.95,60,0.0
16602.0,United Kingdom,1,353.0,2,214.5,381.665,1.7793240093240095,16.95,37,1.5
16603.0,United Kingdom,1,18.0,2,240.0,241.235,1.0051458333333334,12.5,34,0.0
16604.0,United Kingdom,1,7.0,2,87.5,216.225,2.471142857142857,6.75,10,0.5
16605.0,United Kingdom,1,1.0,1,144.0,60.48,0.42,0.42,1,0.0
16606.0,United Kingdom,1,31.0,2,74.0,178.83,2.416621621621622,12.75,16,0.0
16607.0,United Kingdom,1,573.0,25,177.44,228.2748,1.2864900811541928,295.0,212,0.16
16608.0,United Kingdom,1,211.0,2,306.5,644.36,2.10231647634584,39.95,94,0.0
16609.0,United Kingdom,1,238.0,7,345.7142857142857,784.78,2.27002479338843,12.75,155,0.2857142857142857
16610.0,United Kingdom,1,1.0,1,66.0,75.66,1.1463636363636363,2.95,6,0.0
16611.0,United Kingdom,1,454.0,6,145.66666666666666,297.5216666666667,2.0424828375286044,79.95,86,0.16666666666666666
16612.0,United Kingdom,1,705.0,9,157.66666666666666,360.6033333333333,2.2871247357293867,12.75,105,0.1111111111111111
16613.0,United Kingdom,1,1.0,1,293.0,618.59,2.1112286689419797,7.95,30,0.0
16614.0,United Kingdom,1,397.0,3,116.33333333333333,393.2633333333333,3.380487106017192,12.75,37,0.0
16615.0,United Kingdom,1,1.0,1,211.0,291.5,1.3815165876777251,14.95,19,1.0
16616.0,United Kingdom,1,143.0,2,185.0,250.21,1.3524864864864865,39.95,31,0.0
16617.0,United Kingdom,1,1.0,1,91.0,151.85,1.6686813186813185,12.75,5,0.0
16618.0,United Kingdom,1,292.0,5,272.6,529.518,1.942472487160675,16.95,79,0.2
16619.0,United Kingdom,1,393.0,4,263.75,484.5825,1.8372796208530806,19.95,103,0.25
16620.0,United Kingdom,1,736.0,6,191.0,293.15500000000003,1.5348429319371728,9.95,78,0.0
16621.0,United Kingdom,1,227.0,4,75.5,203.37,2.6936423841059605,14.95,22,0.0
16622.0,United Kingdom,1,1.0,1,44.0,225.4,5.122727272727273,12.75,12,1.0
16623.0,United Kingdom,1,348.0,4,110.5,253.81,2.296923076923077,12.75,44,0.25
16624.0,United Kingdom,1,118.0,2,244.0,405.28499999999997,1.6610040983606555,15.95,44,0.0
16625.0,United Kingdom,1,270.0,5,211.4,330.806,1.5648344370860927,8.25,82,0.2
16626.0,United Kingdom,1,267.0,17,158.23529411764707,259.59411764705885,1.640557620817844,39.95,86,0.17647058823529413
16627.0,United Kingdom,1,1.0,1,162.0,322.8,1.9925925925925927,12.75,20,0.0
16628.0,United Kingdom,1,613.0,7,180.0,331.15714285714284,1.8397619047619047,12.75,84,0.14285714285714285
16629.0,United Kingdom,1,24.0,2,246.5,208.865,0.8473225152129817,9.95,58,0.0
16630.0,United Kingdom,1,1.0,1,72.0,106.80000000000001,1.4833333333333334,2.95,4,1.0
16631.0,United Kingdom,1,171.0,7,110.71428571428571,270.36,2.4419612903225807,16.95,46,0.14285714285714285
16632.0,United Kingdom,1,97.0,2,128.0,203.2,1.5875,2.25,22,0.0
16633.0,United Kingdom,1,218.0,6,189.66666666666666,480.51666666666665,2.5334797891036906,19.95,115,0.16666666666666666
16634.0,United Kingdom,1,466.0,6,209.5,274.9683333333333,1.3124980111376292,24.95,72,0.6666666666666666
16635.0,United Kingdom,1,1.0,1,277.0,473.0,1.7075812274368232,5.95,25,0.0
16636.0,United Kingdom,1,209.0,4,546.5,950.51,1.7392680695333944,12.75,62,0.0
16637.0,United Kingdom,1,194.0,4,231.75,288.6175,1.2453829557713054,35.95,66,0.25
16638.0,United Kingdom,1,457.0,15,108.46666666666667,158.67533333333333,1.4628948985863552,59.95,130,0.06666666666666667
16639.0,United Kingdom,1,379.0,4,187.75,436.995,2.3275366178428762,14.95,76,0.25
16640.0,United Kingdom,1,1.0,1,146.0,179.4,1.2287671232876713,2.95,13,0.0
16641.0,United Kingdom,1,597.0,2,227.0,277.25,1.22136563876652,8.5,36,0.0
16642.0,United Kingdom,1,412.0,3,258.3333333333333,359.15000000000003,1.390258064516129,12.75,50,0.6666666666666666
16643.0,United Kingdom,1,178.0,2,276.5,461.555,1.6692766726943942,12.75,48,0.5
16644.0,United Kingdom,1,36.0,2,413.0,416.89,1.0094188861985471,9.95,62,0.0
16645.0,United Kingdom,1,1.0,1,117.0,160.39,1.3708547008547007,6.35,14,0.0
16646.0,United Kingdom,1,1.0,1,1072.0,678.8,0.6332089552238805,4.65,29,1.0
16647.0,United Kingdom,1,376.0,4,99.0,135.475,1.3684343434343433,14.95,28,0.0
16648.0,United Kingdom,1,549.0,3,167.66666666666666,224.26666666666665,1.3375745526838965,8.5,37,0.3333333333333333
16649.0,United Kingdom,1,1.0,1,82.0,306.58000000000004,3.7387804878048785,19.95,20,0.0
16650.0,United Kingdom,1,449.0,7,215.85714285714286,273.72999999999996,1.268107213765718,12.75,71,0.0
16651.0,United Kingdom,1,1.0,1,60.0,136.2,2.27,3.75,6,0.0
16652.0,United Kingdom,1,575.0,16,467.3125,1096.899375,2.34725023405109,12.75,124,0.5
16653.0,United Kingdom,1,56.0,2,366.5,606.33,1.6543792633015009,16.95,67,0.5
16654.0,United Kingdom,1,472.0,8,80.0,185.50875,2.3188593749999997,16.95,64,0.125
16655.0,United Kingdom,1,661.0,13,308.6923076923077,503.72076923076924,1.6317891851482682,16.95,408,0.07692307692307693
16656.0,United Kingdom,1,714.0,30,514.4333333333333,561.1056666666667,1.0907257176180911,8.5,22,0.4666666666666667
16657.0,United Kingdom,1,246.0,4,307.25,233.405,0.7596582587469487,12.75,158,0.0
16658.0,United Kingdom,1,252.0,6,46.166666666666664,115.13833333333334,2.4939711191335743,21.95,49,0.5
16659.0,United Kingdom,1,1.0,1,72.0,39.12,0.5433333333333333,0.85,2,0.0
16660.0,United Kingdom,1,679.0,7,141.57142857142858,268.50714285714287,1.896619576185671,5.95,20,0.14285714285714285
16661.0,United Kingdom,1,183.0,4,96.25,246.6575,2.562675324675325,14.95,50,0.25
16662.0,United Kingdom,1,1.0,1,36.0,163.8,4.550000000000001,12.75,28,0.0
16663.0,United Kingdom,1,1.0,1,100.0,165.0,1.65,1.65,1,0.0
16664.0,United Kingdom,1,1.0,1,24.0,109.2,4.55,12.75,8,0.0
16665.0,United Kingdom,1,1.0,1,59.0,135.39999999999998,2.2949152542372877,12.75,9,0.0
16666.0,United Kingdom,1,603.0,2,183.5,112.97,0.6156403269754769,8.5,42,0.0
16667.0,United Kingdom,1,217.0,2,118.5,285.065,2.4056118143459915,16.95,52,0.0
16668.0,United Kingdom,1,617.0,13,59.46153846153846,66.34,1.115679172056921,16.95,28,0.0
16669.0,United Kingdom,1,56.0,3,296.0,458.29,1.5482770270270272,12.75,141,0.6666666666666666
16670.0,United Kingdom,1,714.0,20,226.7,401.50750000000005,1.7710961623290693,12.75,258,0.65
16671.0,United Kingdom,1,137.0,3,291.6666666666667,564.09,1.934022857142857,5.45,3,0.0
16672.0,United Kingdom,1,265.0,20,141.6,406.74699999999996,2.8725070621468927,12.75,22,0.15
16673.0,United Kingdom,1,1.0,1,101.0,188.83,1.8696039603960397,9.95,19,0.0
16674.0,United Kingdom,1,45.0,2,94.0,159.805,1.7000531914893617,10.4,89,0.0
16675.0,United Kingdom,1,38.0,2,148.0,304.43,2.0569594594594593,9.95,21,0.0
16676.0,United Kingdom,1,386.0,6,154.5,393.65000000000003,2.54789644012945,39.95,106,0.16666666666666666
16677.0,United Kingdom,1,242.0,2,228.5,440.31,1.9269584245076588,24.95,45,0.5
16678.0,United Kingdom,1,281.0,12,199.75,259.1658333333333,1.2974509803921568,9.95,92,0.4166666666666667
16679.0,United Kingdom,1,182.0,3,82.33333333333333,221.10333333333332,2.685465587044534,12.75,15,0.0
16680.0,United Kingdom,1,492.0,3,125.66666666666667,273.81666666666666,2.1789124668435016,9.95,24,0.0
16681.0,United Kingdom,1,570.0,7,213.14285714285714,274.5485714285714,1.2880965147453083,7.95,22,0.0
16682.0,United Kingdom,1,184.0,5,208.0,205.6,0.9884615384615385,9.95,15,0.0
16683.0,United Kingdom,1,1.0,1,190.0,320.25,1.6855263157894738,12.75,18,1.0
16684.0,United Kingdom,1,729.0,55,1905.6363636363637,2675.3230909090908,1.4039001049518174,12.75,184,0.18181818181818182
16685.0,United Kingdom,1,1.0,2,198.0,162.12,0.8187878787878788,8.25,60,0.0
16686.0,United Kingdom,1,687.0,16,219.375,316.9325,1.4447065527065528,39.95,549,0.125
16687.0,United Kingdom,1,1.0,1,141.0,157.63,1.1179432624113474,7.95,8,0.0
16688.0,United Kingdom,1,60.0,4,201.0,315.215,1.568233830845771,8.25,52,0.0
16689.0,United Kingdom,1,8.0,2,165.0,211.29999999999998,1.2806060606060605,12.5,12,0.5
16690.0,United Kingdom,1,380.0,4,52.25,88.2575,1.689138755980861,16.95,12,0.25
16691.0,United Kingdom,1,144.0,2,46.0,89.415,1.9438043478260871,39.95,11,0.0
16692.0,United Kingdom,1,186.0,4,219.5,478.67499999999995,2.1807517084282457,150.0,3,0.0
16693.0,United Kingdom,1,589.0,5,137.6,239.892,1.7434011627906978,19.95,149,0.0
16694.0,United Kingdom,1,1.0,1,26.0,98.30000000000001,3.780769230769231,39.95,3,0.0
16695.0,United Kingdom,1,1.0,2,92.5,96.575,1.0440540540540542,12.75,30,0.0
16696.0,United Kingdom,1,114.0,4,36.5,164.47500000000002,4.506164383561645,8.15,7,0.0
16697.0,United Kingdom,1,1.0,1,27.0,112.75,4.175925925925926,12.75,20,0.0
16698.0,United Kingdom,1,28.0,2,420.0,999.0,2.3785714285714286,2.55,4,0.0
16699.0,United Kingdom,1,356.0,7,91.42857142857143,142.0857142857143,1.5540625000000001,12.75,51,0.14285714285714285
16700.0,United Kingdom,1,730.0,25,265.76,353.23080000000004,1.3291345574954847,12.75,263,0.24
16701.0,United Kingdom,1,731.0,26,424.84615384615387,381.4126923076923,0.8977666123483613,12.75,154,0.3076923076923077
16702.0,United Kingdom,1,318.0,4,173.0,277.7075,1.6052456647398843,16.95,84,0.25
16704.0,United Kingdom,1,55.0,2,227.5,347.83,1.5289230769230768,21.95,50,0.0
16705.0,United Kingdom,1,731.0,42,531.0,1036.072642857143,1.9511725854183481,49.95,400,0.4523809523809524
16706.0,United Kingdom,1,78.0,3,83.0,177.11666666666667,2.1339357429718877,16.95,108,0.0
16707.0,United Kingdom,1,241.0,4,100.5,137.7775,1.3709203980099502,10.95,64,0.0
16708.0,United Kingdom,1,1.0,1,285.0,656.63,2.3039649122807018,16.95,27,0.0
16709.0,United Kingdom,1,647.0,14,234.0,649.1042857142857,2.7739499389499387,79.95,220,0.0
16710.0,United Kingdom,1,717.0,22,191.0,271.5281818181818,1.4216135173726796,19.95,541,0.045454545454545456
16711.0,United Kingdom,1,735.0,9,134.66666666666666,318.72,2.3667326732673266,10.95,26,0.1111111111111111
16712.0,United Kingdom,1,393.0,13,161.0,328.22999999999996,2.038695652173913,16.95,301,0.0
16713.0,United Kingdom,1,707.0,32,265.4375,442.070625,1.6654414881092536,39.95,541,0.28125
16714.0,United Kingdom,1,453.0,4,212.25,382.45,1.80188457008245,125.0,95,0.75
16715.0,United Kingdom,1,485.0,2,587.0,312.76,0.5328109028960818,4.25,27,0.0
16716.0,United Kingdom,1,365.0,3,304.0,716.5600000000001,2.3571052631578953,7.65,7,0.3333333333333333
16717.0,United Kingdom,1,710.0,14,225.07142857142858,477.07000000000005,2.1196382100920346,39.95,274,0.42857142857142855
16718.0,United Kingdom,1,365.0,5,386.0,604.7560000000001,1.5667253886010364,12.75,123,0.0
16719.0,United Kingdom,1,713.0,14,170.71428571428572,253.0407142857143,1.4822468619246862,21.95,204,0.21428571428571427
16720.0,United Kingdom,1,697.0,3,159.66666666666666,265.16,1.6607098121085595,32.0,130,0.3333333333333333
16721.0,United Kingdom,1,1.0,1,172.0,292.47,1.7004069767441863,6.75,37,0.0
16722.0,United Kingdom,1,720.0,22,363.0,372.25272727272727,1.0254896068119208,16.95,145,0.18181818181818182
16723.0,United Kingdom,1,645.0,4,250.5,325.4075,1.2990319361277447,165.0,108,0.0
16724.0,United Kingdom,1,1.0,1,69.0,147.35,2.1355072463768114,5.45,17,0.0
16725.0,United Kingdom,1,425.0,14,51.42857142857143,125.71142857142857,2.4443888888888887,16.95,242,0.14285714285714285
16726.0,United Kingdom,1,386.0,7,193.71428571428572,298.3442857142857,1.5401253687315632,12.75,150,0.0
16727.0,United Kingdom,1,325.0,4,277.25,359.355,1.2961406672678089,7.95,158,0.0
16728.0,United Kingdom,1,219.0,4,169.25,263.6675,1.5578581979320534,12.75,218,0.0
16729.0,United Kingdom,1,204.0,21,275.3809523809524,344.7580952380952,1.2519315234307453,9.95,234,0.23809523809523808
16730.0,United Kingdom,1,268.0,3,331.3333333333333,247.70333333333335,0.7475955734406439,6.95,75,0.3333333333333333
16731.0,United Kingdom,1,1.0,1,127.0,174.05,1.370472440944882,5.95,40,0.0
16732.0,United Kingdom,1,701.0,4,603.5,1096.91,1.8175807787903895,295.0,199,1.25
16733.0,United Kingdom,1,1.0,1,112.0,259.68,2.3185714285714285,5.95,12,0.0
16734.0,United Kingdom,1,63.0,3,115.33333333333333,216.83666666666667,1.880086705202312,15.95,44,0.0
16735.0,United Kingdom,1,654.0,14,305.7857142857143,447.8971428571429,1.4647418827376781,12.75,178,0.5714285714285714
16736.0,United Kingdom,1,232.0,5,210.0,591.312,2.8157714285714284,16.95,116,0.6
16737.0,United Kingdom,1,525.0,2,288.0,417.59999999999997,1.45,1.45,1,0.0
16738.0,United Kingdom,1,1.0,1,3.0,3.75,1.25,1.25,1,0.0
16739.0,United Kingdom,1,361.0,2,195.5,393.215,2.011329923273657,10.95,33,1.0
16740.0,United Kingdom,1,1.0,1,116.0,236.81,2.041465517241379,9.95,30,0.0
16741.0,United Kingdom,1,1.0,1,81.0,173.06,2.1365432098765433,7.95,11,0.0
16742.0,United Kingdom,1,678.0,14,185.71428571428572,203.75785714285712,1.0971576923076922,464.9,51,0.07142857142857142
16743.0,United Kingdom,1,568.0,14,267.0,303.80428571428575,1.1378437667201713,14.95,118,0.07142857142857142
16744.0,United Kingdom,1,163.0,7,115.0,186.3942857142857,1.6208198757763974,16.65,198,0.0
16745.0,United Kingdom,1,226.0,17,396.1764705882353,423.1941176470588,1.0681959910913141,7.95,148,0.058823529411764705
16746.0,United Kingdom,1,732.0,42,283.4761904761905,430.152380952381,1.5174197883420126,16.95,390,0.09523809523809523
16747.0,United Kingdom,1,31.0,2,291.5,418.03,1.4340651801029158,9.95,34,1.0
16748.0,United Kingdom,1,713.0,14,151.92857142857142,259.8092857142857,1.710075223319229,5.95,55,0.07142857142857142
16749.0,United Kingdom,1,134.0,2,1039.0,2193.54,2.1112030798845045,12.75,53,0.0
16750.0,United Kingdom,1,189.0,5,42.8,124.78599999999999,2.9155607476635512,39.95,74,0.0
16751.0,United Kingdom,1,1.0,1,1031.0,1764.72,1.7116585838991272,6.25,24,0.0
16752.0,United Kingdom,1,1.0,1,54.0,207.5,3.8425925925925926,79.95,9,0.0
16753.0,United Kingdom,1,1.0,1,189.0,223.92000000000002,1.184761904761905,8.5,34,0.0
16754.0,United Kingdom,1,270.0,29,2191.4137931034484,2258.6231034482757,1.030669383644632,4.95,38,0.20689655172413793
16755.0,United Kingdom,1,617.0,7,285.57142857142856,414.36857142857144,1.4510155077538769,39.95,219,0.42857142857142855
16756.0,United Kingdom,1,427.0,7,101.0,187.48142857142858,1.8562517680339463,39.95,64,0.2857142857142857
16757.0,United Kingdom,1,92.0,2,90.0,135.24,1.5026666666666668,2.95,13,0.0
16758.0,United Kingdom,1,1.0,1,203.0,369.34,1.8194088669950739,14.95,22,0.0
16759.0,United Kingdom,1,24.0,3,203.0,263.2633333333333,1.2968637110016419,16.95,40,0.3333333333333333
16760.0,United Kingdom,1,1.0,1,168.0,228.0,1.3571428571428572,2.95,17,0.0
16761.0,United Kingdom,1,1.0,1,341.0,316.62,0.9285043988269794,3.75,13,0.0
16762.0,United Kingdom,1,126.0,3,206.0,500.46000000000004,2.4294174757281555,39.95,51,0.0
16763.0,United Kingdom,1,541.0,2,246.0,482.35,1.9607723577235774,16.95,44,0.5
16764.0,United Kingdom,1,141.0,13,96.84615384615384,215.32692307692307,2.2233915806195395,12.75,209,0.38461538461538464
16765.0,United Kingdom,1,89.0,2,155.5,227.375,1.462218649517685,9.95,52,0.0
16766.0,United Kingdom,1,1.0,2,268.0,572.8,2.1373134328358208,7.95,17,0.0
16767.0,United Kingdom,1,561.0,15,474.73333333333335,538.2533333333333,1.1338014323830923,10.95,209,0.06666666666666667
16768.0,United Kingdom,1,686.0,9,86.33333333333333,189.7911111111111,2.198352638352638,12.75,108,0.5555555555555556
16769.0,United Kingdom,1,466.0,4,75.25,285.4375,3.793189368770764,21.95,76,0.0
16770.0,United Kingdom,1,418.0,9,118.22222222222223,200.1477777777778,1.6929793233082708,39.95,202,0.2222222222222222
16771.0,United Kingdom,1,698.0,10,231.4,396.76,1.7146067415730337,14.95,303,0.0
16772.0,United Kingdom,1,299.0,3,229.66666666666666,1241.1833333333332,5.4042815674891145,21.95,54,0.6666666666666666
16773.0,United Kingdom,1,677.0,3,84.0,140.41333333333333,1.6715873015873017,12.75,53,0.0
16774.0,United Kingdom,1,595.0,8,98.125,199.30625,2.031146496815287,12.75,89,0.125
16775.0,United Kingdom,1,433.0,16,59.875,176.56187500000001,2.9488413361169106,18.95,132,0.0625
16776.0,United Kingdom,1,356.0,2,225.0,309.925,1.3774444444444445,14.95,105,0.0
16777.0,United Kingdom,1,553.0,5,95.0,261.552,2.753178947368421,16.95,125,0.2
16778.0,United Kingdom,1,201.0,2,97.0,122.97,1.2677319587628866,8.5,16,0.0
16779.0,United Kingdom,1,735.0,53,367.79245283018867,620.9684905660378,1.6883665931359977,18.95,293,0.16981132075471697
16780.0,United Kingdom,1,308.0,3,118.33333333333333,201.85,1.705774647887324,12.75,73,0.0
16781.0,United Kingdom,1,298.0,2,96.0,311.5,3.2447916666666665,14.95,36,0.5
16782.0,United Kingdom,1,721.0,38,110.42105263157895,264.9134210526316,2.399120591039085,19.95,575,0.3157894736842105
16783.0,United Kingdom,1,1.0,1,163.0,391.95,2.404601226993865,7.95,25,0.0
16784.0,United Kingdom,1,603.0,5,99.2,179.30599999999998,1.8075201612903224,7.95,138,0.0
16785.0,United Kingdom,1,1.0,1,313.0,533.78,1.705367412140575,12.75,35,0.0
16786.0,United Kingdom,1,1.0,1,72.0,51.839999999999996,0.72,0.72,1,0.0
16787.0,United Kingdom,1,302.0,4,118.5,258.8575,2.184451476793249,18.95,102,0.0
16788.0,United Kingdom,1,548.0,5,197.0,390.06,1.98,12.75,348,0.0
16789.0,United Kingdom,1,1.0,1,32.0,80.8,2.525,3.95,5,0.0
16790.0,United Kingdom,1,35.0,6,149.66666666666666,257.60333333333335,1.7211804008908687,7.95,88,0.3333333333333333
16791.0,United Kingdom,1,708.0,15,124.93333333333334,269.246,2.1551173959445036,14.95,393,0.2
16792.0,United Kingdom,1,423.0,5,64.8,124.69200000000001,1.9242592592592593,19.95,90,0.0
16793.0,United Kingdom,1,1.0,1,146.0,243.84,1.67013698630137,8.5,16,0.0
16794.0,United Kingdom,1,624.0,15,106.8,139.39399999999998,1.305187265917603,16.95,245,0.13333333333333333
16795.0,United Kingdom,1,319.0,3,406.6666666666667,692.5033333333334,1.702877049180328,19.95,306,0.6666666666666666
16796.0,United Kingdom,1,1.0,1,186.0,305.62,1.6431182795698924,4.95,18,0.0
16797.0,United Kingdom,1,345.0,5,181.8,365.554,2.0107480748074806,16.95,289,0.8
16798.0,United Kingdom,1,176.0,3,69.66666666666667,282.90333333333336,4.060813397129187,19.95,141,0.3333333333333333
16799.0,United Kingdom,1,22.0,2,88.0,247.99,2.818068181818182,12.75,81,0.5
16800.0,United Kingdom,1,1.0,1,540.0,1201.49,2.2249814814814814,25.0,148,0.0
16801.0,United Kingdom,1,111.0,4,124.75,404.9325,3.2459519038076152,24.95,72,0.25
16802.0,United Kingdom,1,52.0,2,184.5,291.305,1.578888888888889,3.75,48,0.0
16803.0,United Kingdom,1,1.0,1,245.0,332.3,1.356326530612245,4.95,24,0.0
16804.0,United Kingdom,1,248.0,3,82.0,178.99666666666667,2.182886178861789,12.75,59,0.0
16805.0,United Kingdom,1,559.0,5,224.4,219.448,0.9779322638146167,15.0,213,0.0
16806.0,United Kingdom,1,137.0,4,94.5,200.3725,2.1203439153439154,25.95,68,0.0
16807.0,United Kingdom,1,482.0,6,238.83333333333334,353.98,1.4821214235868807,15.0,107,0.3333333333333333
16808.0,United Kingdom,1,176.0,2,98.0,144.21,1.4715306122448981,12.75,21,0.0
16809.0,United Kingdom,1,583.0,9,121.44444444444444,191.93666666666667,1.580448307410796,8.25,113,0.1111111111111111
16810.0,United Kingdom,1,229.0,2,186.0,421.02,2.2635483870967743,16.95,34,1.0
16811.0,United Kingdom,1,14.0,2,238.5,273.535,1.1468972746331239,12.5,26,0.0
16812.0,United Kingdom,1,23.0,4,279.0,598.0,2.14336917562724,16.95,98,0.25
16813.0,United Kingdom,1,197.0,10,152.5,169.298,1.1101508196721313,9.95,248,0.0
16814.0,United Kingdom,1,594.0,36,137.75,339.6227777777778,2.4655011090945753,21.95,247,0.027777777777777776
16815.0,United Kingdom,1,84.0,2,119.0,205.485,1.726764705882353,12.75,66,0.0
16816.0,United Kingdom,1,256.0,4,68.5,104.265,1.522116788321168,7.95,28,0.0
16817.0,United Kingdom,1,430.0,13,107.76923076923077,196.97692307692307,1.8277658815132047,39.95,107,0.38461538461538464
16818.0,United Kingdom,1,196.0,11,196.8181818181818,304.50636363636363,1.547145496535797,29.95,172,0.18181818181818182
16819.0,United Kingdom,1,1.0,2,126.5,91.295,0.721699604743083,12.75,17,0.0
16820.0,United Kingdom,1,1.0,1,307.0,497.61,1.6208794788273615,16.95,26,0.0
16821.0,United Kingdom,1,1.0,1,13.0,113.35,8.71923076923077,16.95,7,0.0
16822.0,United Kingdom,1,1.0,1,171.0,181.39,1.0607602339181286,7.95,11,2.0
16823.0,United Kingdom,1,511.0,7,166.85714285714286,322.87,1.9350085616438357,19.95,149,0.14285714285714285
16824.0,United Kingdom,1,379.0,3,130.0,228.74666666666667,1.7595897435897436,12.75,34,0.0
16825.0,United Kingdom,1,497.0,5,259.4,365.37800000000004,1.4085505011565151,14.95,48,0.0
16826.0,United Kingdom,1,1.0,1,158.0,341.7,2.1626582278481012,12.75,22,0.0
16827.0,United Kingdom,1,197.0,5,25.0,78.426,3.13704,15.95,10,0.0
16828.0,United Kingdom,1,20.0,2,29.5,64.25,2.1779661016949152,15.0,8,0.0
16829.0,United Kingdom,1,233.0,2,107.5,256.66,2.3875348837209303,12.75,25,0.0
16830.0,United Kingdom,1,689.0,4,174.75,301.875,1.7274678111587982,9.95,65,0.25
16831.0,United Kingdom,1,1.0,1,48.0,91.8,1.9124999999999999,4.95,6,0.0
16832.0,United Kingdom,1,275.0,5,35.8,83.522,2.3330167597765366,16.95,19,0.0
16833.0,United Kingdom,1,623.0,6,146.33333333333334,401.50666666666666,2.7437813211845103,295.0,87,0.0
16834.0,United Kingdom,1,448.0,2,380.0,449.48,1.182842105263158,6.35,43,0.0
16835.0,United Kingdom,1,442.0,6,82.66666666666667,242.77666666666667,2.9368145161290324,12.75,58,0.6666666666666666
16836.0,United Kingdom,1,536.0,4,134.75,195.5925,1.45152133580705,8.5,42,0.0
16837.0,United Kingdom,1,215.0,11,142.0909090909091,288.2709090909091,2.0287779910428663,16.95,123,0.09090909090909091
16838.0,United Kingdom,1,467.0,4,127.25,289.9025,2.2782121807465616,165.0,53,0.5
16839.0,United Kingdom,1,659.0,44,256.70454545454544,494.5056818181818,1.9263612217795485,10.95,132,0.1590909090909091
16840.0,United Kingdom,1,72.0,2,58.5,69.925,1.1952991452991453,8.5,9,0.5
16841.0,United Kingdom,1,661.0,12,289.8333333333333,333.8383333333333,1.1518286371477862,12.75,187,0.16666666666666666
16842.0,United Kingdom,1,203.0,3,231.0,421.3966666666667,1.8242279942279942,12.75,45,0.3333333333333333
16843.0,United Kingdom,1,688.0,35,528.6285714285714,559.1837142857142,1.0578007782942385,39.95,317,0.08571428571428572
16844.0,United Kingdom,1,21.0,2,140.5,307.17,2.1862633451957296,8.5,26,0.0
16845.0,United Kingdom,1,1.0,1,167.0,253.88,1.520239520958084,10.95,20,0.0
16846.0,United Kingdom,1,590.0,3,172.33333333333334,280.80333333333334,1.6294197292069632,8.25,47,0.0
16847.0,United Kingdom,1,576.0,2,127.5,307.445,2.4113333333333333,12.75,37,0.0
16848.0,United Kingdom,1,381.0,4,195.0,352.905,1.8097692307692306,8.5,75,0.0
16849.0,United Kingdom,1,1.0,1,33.0,124.57,3.7748484848484845,9.95,8,0.0
16850.0,United Kingdom,1,1.0,1,249.0,332.41,1.3349799196787149,5.95,19,0.0
16851.0,United Kingdom,1,48.0,3,90.33333333333333,114.14999999999999,1.2636531365313652,4.95,17,0.0
16852.0,United Kingdom,1,167.0,2,28.0,72.45500000000001,2.587678571428572,39.95,9,0.0
16854.0,United Kingdom,1,224.0,2,498.5,704.48,1.4131995987963892,10.65,72,0.0
16855.0,United Kingdom,1,21.0,2,82.0,164.2,2.002439024390244,12.75,19,0.0
16856.0,United Kingdom,1,429.0,3,57.0,119.49666666666667,2.0964327485380116,7.95,16,0.0
16857.0,United Kingdom,1,1.0,1,168.0,352.8,2.1,6.75,11,0.0
16858.0,United Kingdom,1,357.0,10,143.5,429.259,2.9913519163763067,10.65,75,0.6
16859.0,United Kingdom,1,502.0,7,271.2857142857143,276.05857142857144,1.0175934702474987,49.95,87,0.42857142857142855
16860.0,United Kingdom,1,211.0,3,208.33333333333334,536.8733333333333,2.5769919999999997,16.95,35,0.3333333333333333
16861.0,United Kingdom,1,450.0,5,123.2,189.318,1.536672077922078,8.5,39,0.2
16862.0,United Kingdom,1,155.0,4,128.25,165.5825,1.2910916179337233,12.75,34,0.0
16863.0,United Kingdom,1,379.0,3,213.33333333333334,278.09,1.3035468749999999,9.95,43,0.6666666666666666
16864.0,United Kingdom,1,165.0,2,141.5,204.625,1.446113074204947,9.95,17,0.0
16865.0,United Kingdom,1,1.0,1,157.0,130.95,0.8340764331210191,2.95,15,0.0
16866.0,United Kingdom,1,22.0,3,20.0,69.24666666666666,3.462333333333333,9.95,10,0.0
16867.0,United Kingdom,1,1.0,1,58.0,76.74000000000001,1.3231034482758621,2.95,6,0.0
16868.0,United Kingdom,1,200.0,3,38.666666666666664,131.13,3.391293103448276,12.75,47,0.0
16869.0,United Kingdom,1,154.0,4,146.25,206.355,1.4109743589743589,12.75,113,0.25
16870.0,United Kingdom,1,1.0,1,278.0,450.15999999999997,1.6192805755395683,8.5,28,0.0
16871.0,United Kingdom,1,249.0,6,208.83333333333334,468.72333333333336,2.244485235434956,16.95,131,0.16666666666666666
16872.0,United Kingdom,1,387.0,6,179.83333333333334,202.18833333333336,1.124309545875811,49.95,12,0.0
16873.0,United Kingdom,1,665.0,12,716.75,1218.1158333333333,1.69949889547727,175.0,252,0.4166666666666667
16874.0,United Kingdom,1,1.0,1,81.0,217.74,2.6881481481481484,9.95,31,0.0
16875.0,United Kingdom,1,637.0,11,190.8181818181818,384.9572727272727,2.017403525488328,39.95,161,0.8181818181818182
16876.0,United Kingdom,1,1.0,1,181.0,136.01,0.7514364640883977,8.5,32,0.0
16877.0,United Kingdom,1,197.0,6,77.16666666666667,142.28666666666666,1.8438876889848812,16.95,111,0.0
16878.0,United Kingdom,1,1.0,1,12.0,13.3,1.1083333333333334,2.55,3,1.0
16880.0,United Kingdom,1,464.0,8,113.875,230.1075,2.020702524698134,12.75,130,0.0
16881.0,United Kingdom,1,1.0,1,600.0,432.0,0.72,0.72,1,0.0
16882.0,United Kingdom,1,252.0,3,141.33333333333334,235.04,1.6630188679245284,9.95,39,0.0
16883.0,United Kingdom,1,549.0,19,54.0,119.3978947368421,2.211072124756335,19.95,159,0.05263157894736842
16884.0,United Kingdom,1,534.0,4,130.25,268.48,2.0612667946257197,19.95,64,0.0
16885.0,United Kingdom,1,371.0,4,94.0,177.685,1.8902659574468086,12.75,121,0.0
16886.0,United Kingdom,1,1.0,1,48.0,134.0,2.7916666666666665,6.75,8,1.0
16887.0,United Kingdom,1,704.0,3,141.33333333333334,220.24,1.558301886792453,12.75,94,0.0
16888.0,United Kingdom,1,302.0,3,49.0,145.71666666666667,2.9738095238095235,21.95,44,0.0
16889.0,United Kingdom,1,372.0,6,269.3333333333333,421.81666666666666,1.56615099009901,12.75,163,0.0
16890.0,United Kingdom,1,107.0,3,81.0,95.13666666666667,1.1745267489711935,5.95,17,0.0
16891.0,United Kingdom,1,735.0,11,62.0,165.86909090909091,2.675307917888563,16.95,335,0.0
16892.0,United Kingdom,1,731.0,7,52.857142857142854,108.87142857142858,2.05972972972973,25.0,119,0.2857142857142857
16893.0,United Kingdom,1,11.0,2,60.0,127.92,2.132,12.75,80,0.0
16894.0,United Kingdom,1,34.0,3,169.0,441.3533333333333,2.611558185404339,19.95,186,0.6666666666666666
16895.0,United Kingdom,1,602.0,5,86.6,224.28400000000002,2.5898845265588917,16.95,135,0.0
16896.0,United Kingdom,1,1.0,1,18.0,103.95,5.775,10.65,18,0.0
16897.0,United Kingdom,1,15.0,2,36.5,144.89,3.96958904109589,14.95,37,0.5
16898.0,United Kingdom,1,551.0,5,141.4,180.058,1.2733946251768034,12.75,223,0.2
16899.0,United Kingdom,1,391.0,8,102.25,215.1275,2.1039364303178485,9.95,101,0.0
16900.0,United Kingdom,1,48.0,3,277.6666666666667,295.7033333333333,1.0649579831932774,10.95,78,0.6666666666666666
16901.0,United Kingdom,1,1.0,1,42.0,204.26,4.863333333333333,19.95,23,0.0
16902.0,United Kingdom,1,1.0,1,629.0,1706.88,2.7136406995230526,14.95,43,0.0
16903.0,United Kingdom,1,387.0,3,249.0,354.0933333333333,1.4220615796519411,12.75,148,0.3333333333333333
16904.0,United Kingdom,1,408.0,21,127.14285714285714,228.27,1.7953820224719101,39.95,484,0.0
16905.0,United Kingdom,1,725.0,17,114.76470588235294,281.1617647058824,2.4498974884674527,16.95,171,0.17647058823529413
16906.0,United Kingdom,1,495.0,7,87.57142857142857,206.97142857142856,2.3634584013050572,19.95,180,0.0
16907.0,United Kingdom,1,498.0,9,51.55555555555556,169.54222222222222,3.288534482758621,16.95,109,0.0
16908.0,United Kingdom,1,1.0,1,61.0,252.59,4.140819672131148,4.95,20,1.0
16909.0,United Kingdom,1,1.0,1,436.0,379.14,0.8695871559633027,8.25,18,1.0
16910.0,United Kingdom,1,88.0,8,110.75,188.7575,1.7043566591422121,16.95,318,0.0
16911.0,United Kingdom,1,27.0,2,80.5,127.625,1.5854037267080745,9.95,30,0.5
16912.0,United Kingdom,1,703.0,15,112.86666666666666,298.68733333333336,2.6463733018310696,16.95,130,0.2
16913.0,United Kingdom,1,362.0,3,76.33333333333333,141.3033333333333,1.8511353711790393,10.95,18,0.0
16914.0,United Kingdom,1,1.0,1,121.0,208.46,1.722809917355372,9.95,25,0.0
16915.0,United Kingdom,1,561.0,11,17.272727272727273,140.2890909090909,8.122,79.95,54,0.0
16916.0,United Kingdom,1,393.0,4,165.25,231.32999999999998,1.3998789712556732,16.95,180,0.0
16917.0,United Kingdom,1,357.0,2,396.5,928.915,2.3427868852459017,45.95,45,0.5
16918.0,United Kingdom,1,688.0,16,129.3125,200.830625,1.5530642822619622,12.75,280,0.1875
16919.0,United Kingdom,1,322.0,24,98.0,205.31500000000003,2.0950510204081634,12.75,230,0.16666666666666666
16920.0,United Kingdom,1,1.0,1,81.0,355.45,4.3882716049382715,14.95,23,0.0
16921.0,United Kingdom,1,540.0,3,99.66666666666667,148.89000000000001,1.4938795986622073,18.95,78,0.0
16922.0,United Kingdom,1,1.0,1,281.0,611.08,2.1746619217081853,15.95,122,0.0
16923.0,United Kingdom,1,666.0,32,195.90625,418.07375,2.134050087733291,16.95,431,0.28125
16924.0,United Kingdom,1,64.0,3,164.33333333333334,282.25,1.7175456389452333,8.25,69,0.3333333333333333
16925.0,United Kingdom,1,1.0,1,123.0,125.65,1.0215447154471544,8.5,18,0.0
16926.0,United Kingdom,1,156.0,5,40.4,238.21999999999997,5.896534653465346,39.95,63,0.2
16927.0,United Kingdom,1,247.0,3,331.0,181.01666666666665,0.5468781470292043,6.75,5,0.0
16928.0,United Kingdom,1,595.0,29,91.79310344827586,137.82689655172413,1.5014951164537942,79.95,135,0.13793103448275862
16929.0,United Kingdom,1,153.0,7,132.71428571428572,185.0557142857143,1.3943918191603877,7.95,51,0.0
16930.0,United Kingdom,1,43.0,3,113.66666666666667,126.85000000000001,1.115982404692082,8.5,47,0.0
16931.0,United Kingdom,1,393.0,23,147.0,220.9378260869565,1.5029784087548061,12.75,466,0.0
16932.0,United Kingdom,1,519.0,3,76.33333333333333,146.90333333333334,1.9244978165938864,16.95,116,0.0
16933.0,United Kingdom,1,730.0,9,171.88888888888889,353.47222222222223,2.056399482870071,16.95,213,0.7777777777777778
16934.0,United Kingdom,1,568.0,6,156.5,351.8316666666667,2.2481256656017043,24.95,128,0.16666666666666666
16935.0,United Kingdom,1,41.0,3,92.66666666666667,178.36666666666667,1.9248201438848922,6.45,55,0.0
16936.0,United Kingdom,1,361.0,2,171.0,275.585,1.6116081871345027,8.95,122,0.0
16937.0,United Kingdom,1,1.0,1,126.0,202.1,1.6039682539682538,5.95,49,0.0
16938.0,United Kingdom,1,653.0,9,564.8888888888889,782.5755555555556,1.3853619197482299,12.75,547,0.1111111111111111
16939.0,United Kingdom,1,162.0,3,77.33333333333333,149.66666666666666,1.9353448275862069,14.95,38,0.0
16940.0,United Kingdom,1,680.0,8,562.875,803.4575,1.4274172773706417,16.95,360,0.375
16941.0,United Kingdom,1,1.0,1,12.0,33.0,2.75,2.95,2,0.0
16942.0,United Kingdom,1,216.0,9,90.11111111111111,213.39888888888888,2.3681750924784217,12.75,159,0.1111111111111111
16943.0,United Kingdom,1,414.0,5,29.4,259.898,8.840068027210885,241.38,24,0.4
16944.0,United Kingdom,1,1.0,1,27.0,101.36,3.754074074074074,8.5,7,0.0
16945.0,United Kingdom,1,710.0,33,178.45454545454547,259.0351515151515,1.451546951944303,14.95,231,0.06060606060606061
16946.0,United Kingdom,1,265.0,5,101.8,244.408,2.4008644400785855,39.95,69,0.2
16947.0,United Kingdom,1,412.0,5,131.0,191.042,1.4583358778625954,9.95,50,1.0
16948.0,United Kingdom,1,519.0,7,298.7142857142857,124.11,0.415480631276901,29.95,20,0.0
16949.0,United Kingdom,1,314.0,6,131.83333333333334,214.37833333333333,1.6261314791403287,125.0,57,0.16666666666666666
16950.0,United Kingdom,1,629.0,10,246.0,361.23699999999997,1.4684430894308942,16.95,111,0.2
16951.0,United Kingdom,1,171.0,3,439.3333333333333,425.9166666666667,0.9694613050075872,15.95,73,0.3333333333333333
16952.0,United Kingdom,1,620.0,5,68.8,159.756,2.32203488372093,12.75,76,0.0
16953.0,United Kingdom,1,1.0,1,10.0,20.8,2.08,2.08,1,0.0
16954.0,United Kingdom,1,691.0,20,204.3,304.094,1.4884679393049438,12.75,83,0.05
16955.0,United Kingdom,1,494.0,6,120.5,186.71833333333333,1.5495297372060857,16.95,33,0.5
16956.0,United Kingdom,1,1.0,1,114.0,308.74,2.708245614035088,14.95,16,1.0
16957.0,United Kingdom,1,43.0,2,86.0,208.32,2.4223255813953486,9.95,15,0.0
16958.0,United Kingdom,1,1.0,1,561.0,809.44,1.4428520499108735,15.95,69,0.0
16959.0,United Kingdom,1,1.0,1,49.0,117.35,2.394897959183673,4.95,7,0.0
16960.0,United Kingdom,1,610.0,8,189.375,255.42875,1.3487986798679867,12.75,334,0.125
16961.0,United Kingdom,1,417.0,3,160.66666666666666,264.8533333333333,1.6484647302904563,16.95,52,1.0
16962.0,United Kingdom,1,1.0,1,158.0,251.04,1.5888607594936708,9.95,15,0.0
16963.0,United Kingdom,1,1.0,1,35.0,110.55000000000001,3.158571428571429,4.95,7,0.0
16964.0,United Kingdom,1,1.0,2,24.5,103.925,4.2418367346938775,7.35,6,0.0
16965.0,United Kingdom,1,1.0,1,291.0,201.19,0.6913745704467353,7.95,26,0.0
16966.0,United Kingdom,1,233.0,7,283.0,307.8528571428571,1.0878192831903077,3.25,8,0.42857142857142855
16967.0,United Kingdom,1,1.0,1,333.0,319.02,0.958018018018018,2.1,21,0.0
16968.0,United Kingdom,1,104.0,2,163.0,219.715,1.3479447852760735,9.95,31,0.0
16969.0,United Kingdom,1,153.0,3,272.0,216.8033333333333,0.7970710784313725,15.0,42,0.0
16970.0,United Kingdom,1,1.0,1,12.0,71.4,5.95,5.95,2,0.0
16971.0,United Kingdom,1,1.0,1,72.0,357.21,4.96125,125.0,40,1.0
16972.0,United Kingdom,1,75.0,2,95.0,393.125,4.1381578947368425,10.95,54,0.0
16973.0,United Kingdom,1,1.0,1,60.0,127.0,2.1166666666666667,2.95,6,0.0
16974.0,United Kingdom,1,43.0,2,35.0,182.75,5.2214285714285715,5.95,5,0.0
16975.0,United Kingdom,1,83.0,3,195.33333333333334,308.70666666666665,1.5804095563139933,12.75,44,0.6666666666666666
16976.0,United Kingdom,1,1.0,1,88.0,251.51999999999998,2.858181818181818,10.95,2,0.0
16977.0,United Kingdom,1,237.0,4,35.5,124.0,3.492957746478873,9.95,25,0.0
16978.0,United Kingdom,1,590.0,3,95.0,256.29333333333335,2.697824561403509,19.95,65,0.0
16979.0,United Kingdom,1,448.0,9,161.22222222222223,317.7488888888889,1.9708752584424536,12.75,82,0.3333333333333333
16980.0,United Kingdom,1,174.0,3,346.3333333333333,491.11000000000007,1.418026948989413,9.95,91,0.0
16982.0,United Kingdom,1,1.0,1,182.0,384.06,2.11021978021978,4.25,22,0.0
16983.0,United Kingdom,1,435.0,11,218.27272727272728,322.43,1.4771886713869222,16.95,151,0.09090909090909091
16984.0,United Kingdom,1,555.0,9,592.2222222222222,1194.9777777777776,2.0177861163227018,45.95,669,1.1111111111111112
16985.0,United Kingdom,1,713.0,23,134.91304347826087,474.92,3.5201933612632934,295.0,130,0.13043478260869565
16986.0,United Kingdom,1,645.0,11,230.8181818181818,444.4318181818182,1.9254627806222921,19.95,65,0.0
16987.0,United Kingdom,1,735.0,11,61.72727272727273,230.53636363636363,3.734756995581738,21.95,155,0.09090909090909091
16988.0,United Kingdom,1,375.0,2,79.0,191.335,2.4219620253164558,14.95,20,0.0
16989.0,United Kingdom,1,144.0,6,205.5,188.875,0.9190997566909975,4.95,7,0.0
16990.0,United Kingdom,1,205.0,2,100.0,172.0,1.72,1.79,1,0.0
16991.0,United Kingdom,1,1.0,1,793.0,1041.21,1.313001261034048,7.95,74,0.0
16992.0,United Kingdom,1,657.0,13,158.53846153846155,421.2692307692308,2.6572052401746724,79.95,212,0.15384615384615385
16993.0,United Kingdom,1,114.0,2,142.5,975.4749999999999,6.845438596491228,16.95,19,0.5
16996.0,United Kingdom,1,388.0,9,102.11111111111111,235.95666666666668,2.3107834602829165,9.95,32,0.4444444444444444
16997.0,United Kingdom,1,38.0,3,120.0,234.0,1.95,1.95,7,0.0
16998.0,United Kingdom,1,296.0,5,20.8,80.4,3.8653846153846154,4.25,2,0.4
16999.0,United Kingdom,1,52.0,2,147.0,242.41,1.649047619047619,7.95,21,0.0
17000.0,United Kingdom,1,13.0,2,152.5,203.15,1.3321311475409836,3.75,26,0.0
17001.0,United Kingdom,1,625.0,19,199.05263157894737,349.5157894736842,1.7558963511369645,16.95,108,0.0
17002.0,United Kingdom,1,557.0,7,180.71428571428572,367.36428571428576,2.0328458498023716,12.75,64,0.14285714285714285
17003.0,United Kingdom,1,177.0,4,123.75,207.54,1.677090909090909,12.75,90,0.0
17004.0,United Kingdom,1,379.0,4,320.25,606.29,1.8931772053083527,12.5,48,0.0
17005.0,United Kingdom,1,119.0,2,393.5,371.18,0.9432782719186785,10.95,14,0.5
17006.0,United Kingdom,1,641.0,8,71.625,204.54,2.8557068062827224,15.0,103,0.0
17007.0,United Kingdom,1,388.0,7,102.42857142857143,160.0142857142857,1.5622036262203625,16.95,63,0.14285714285714285
17008.0,United Kingdom,1,1.0,1,24.0,81.36,3.39,3.39,1,0.0
17009.0,United Kingdom,1,1.0,1,336.0,242.06,0.7204166666666667,7.95,10,0.0
17010.0,United Kingdom,1,1.0,1,118.0,195.36,1.6555932203389832,4.95,11,1.0
17011.0,United Kingdom,1,622.0,3,264.0,223.89999999999998,0.8481060606060605,4.95,27,0.3333333333333333
17012.0,United Kingdom,1,1.0,1,268.0,384.16,1.4334328358208956,4.95,34,0.0
17014.0,United Kingdom,1,59.0,3,81.66666666666667,195.44333333333336,2.393183673469388,12.75,63,0.3333333333333333
17015.0,United Kingdom,1,158.0,3,660.3333333333334,614.1866666666666,0.9301161029782937,9.95,182,0.0
17016.0,United Kingdom,1,1.0,1,309.0,552.4,1.7877022653721681,16.95,41,0.0
17017.0,United Kingdom,1,735.0,29,324.0344827586207,433.68931034482756,1.3384048100457593,9.95,120,0.41379310344827586
17018.0,United Kingdom,1,695.0,6,76.0,381.2833333333333,5.01688596491228,12.5,26,0.0
17019.0,United Kingdom,1,727.0,11,220.0,332.12545454545455,1.5096611570247935,12.75,344,0.18181818181818182
17020.0,United Kingdom,1,105.0,2,430.0,467.81,1.0879302325581395,8.5,64,0.0
17021.0,United Kingdom,1,148.0,6,165.33333333333334,197.03666666666666,1.1917540322580646,16.95,35,0.0
17022.0,United Kingdom,1,402.0,2,90.0,130.0,1.4444444444444444,9.95,16,0.0
17023.0,United Kingdom,1,281.0,3,176.66666666666666,266.72666666666663,1.5097735849056604,14.95,48,0.0
17024.0,United Kingdom,1,113.0,3,23.0,31.95,1.3891304347826086,1.65,2,0.0
17025.0,United Kingdom,1,582.0,5,177.0,269.934,1.5250508474576272,5.95,31,0.0
17026.0,United Kingdom,1,233.0,3,35.666666666666664,58.60999999999999,1.643271028037383,12.75,4,0.0
17027.0,United Kingdom,1,652.0,9,72.55555555555556,147.45666666666665,2.0323277182235833,49.95,126,0.1111111111111111
17028.0,United Kingdom,1,141.0,3,285.3333333333333,531.2766666666666,1.8619509345794392,16.95,85,0.0
17029.0,United Kingdom,1,554.0,7,180.71428571428572,305.3285714285715,1.6895652173913045,7.95,19,0.0
17030.0,United Kingdom,1,1.0,1,146.0,146.87,1.005958904109589,8.5,11,0.0
17031.0,United Kingdom,1,571.0,6,265.8333333333333,462.30833333333334,1.739090909090909,2.95,34,0.0
17032.0,United Kingdom,1,183.0,8,211.875,375.575,1.7726253687315634,57.63,183,0.625
17033.0,United Kingdom,1,312.0,4,217.75,333.1975,1.5301836969001148,12.75,33,0.0
17034.0,United Kingdom,1,498.0,5,140.0,256.784,1.8341714285714288,15.0,49,0.4
17035.0,United Kingdom,1,492.0,4,81.75,153.3975,1.876422018348624,12.75,29,0.25
17036.0,United Kingdom,1,1.0,1,76.0,176.9,2.3276315789473685,16.95,12,0.0
17037.0,United Kingdom,1,1.0,1,656.0,1267.32,1.931890243902439,8.5,75,1.0
17038.0,United Kingdom,1,386.0,2,267.5,371.585,1.3891028037383177,12.75,61,0.0
17039.0,United Kingdom,1,1.0,1,689.0,1954.99,2.8374310595065313,19.95,44,0.0
17040.0,United Kingdom,1,414.0,2,94.5,231.625,2.451058201058201,12.75,15,0.0
17041.0,United Kingdom,1,575.0,6,222.83333333333334,281.0466666666667,1.2612415856394914,10.95,93,0.16666666666666666
17042.0,United Kingdom,1,246.0,5,198.8,208.87599999999998,1.0506841046277664,8.5,74,0.0
17043.0,United Kingdom,1,699.0,8,203.0,327.06875,1.6111761083743843,16.95,175,0.0
17044.0,United Kingdom,1,708.0,12,476.8333333333333,996.8583333333332,2.090580216707445,25.95,92,0.3333333333333333
17045.0,United Kingdom,1,317.0,5,58.8,165.536,2.815238095238095,39.95,44,0.0
17046.0,United Kingdom,1,464.0,5,327.2,381.214,1.1650794621026894,7.95,76,0.0
17047.0,United Kingdom,1,647.0,6,197.33333333333334,381.53833333333336,1.9334712837837837,12.75,114,0.0
17048.0,United Kingdom,1,574.0,7,152.57142857142858,295.9542857142857,1.9397752808988762,39.95,88,0.5714285714285714
17049.0,United Kingdom,1,644.0,19,225.05263157894737,523.5515789473684,2.3263517305893355,125.0,316,0.3157894736842105
17050.0,United Kingdom,1,587.0,11,222.8181818181818,426.5263636363636,1.9142350061199511,300.13,193,0.09090909090909091
17051.0,United Kingdom,1,435.0,4,128.25,178.5975,1.3925730994152046,9.95,107,0.0
17052.0,United Kingdom,1,1.0,1,261.0,413.75,1.5852490421455938,12.5,72,0.0
17053.0,United Kingdom,1,1.0,1,122.0,498.48,4.085901639344263,10.95,13,1.0
17054.0,United Kingdom,1,218.0,5,160.8,271.26599999999996,1.6869776119402984,39.95,64,0.2
17055.0,United Kingdom,1,1.0,1,87.0,239.55,2.7534482758620693,9.95,24,0.0
17056.0,United Kingdom,1,1.0,1,26.0,128.60000000000002,4.946153846153847,7.95,8,0.0
17057.0,United Kingdom,1,1.0,1,129.0,294.74,2.2848062015503876,12.75,48,0.0
17058.0,United Kingdom,1,159.0,3,197.33333333333334,393.2966666666667,1.9930574324324326,12.75,51,0.0
17059.0,United Kingdom,1,654.0,9,345.8888888888889,542.2411111111111,1.5676742691937038,12.75,349,0.1111111111111111
17060.0,United Kingdom,1,1.0,1,216.0,234.24,1.0844444444444445,2.95,5,0.0
17061.0,United Kingdom,1,160.0,11,138.72727272727272,475.65727272727275,3.428722149410223,15.95,57,0.09090909090909091
17062.0,United Kingdom,1,127.0,6,110.66666666666667,152.29833333333332,1.3761897590361445,8.95,82,0.16666666666666666
17063.0,United Kingdom,1,718.0,13,146.07692307692307,279.8869230769231,1.9160242232754081,12.75,150,0.7692307692307693
17064.0,United Kingdom,1,270.0,3,106.0,286.45,2.702358490566038,12.75,53,0.0
17065.0,United Kingdom,1,1.0,2,41.0,97.35,2.3743902439024387,9.95,6,0.5
17066.0,United Kingdom,1,1.0,1,93.0,228.34,2.455268817204301,4.95,17,0.0
17067.0,United Kingdom,1,8.0,3,107.33333333333333,151.51333333333335,1.4116149068322983,3.75,8,0.0
17068.0,United Kingdom,1,610.0,47,92.65957446808511,191.38148936170214,2.0654259471871415,12.75,250,0.0425531914893617
17069.0,United Kingdom,1,709.0,14,230.71428571428572,394.08785714285716,1.708120743034056,16.95,202,0.5
17070.0,United Kingdom,1,297.0,2,117.0,222.66,1.903076923076923,9.95,102,0.0
17071.0,United Kingdom,1,657.0,13,148.84615384615384,292.40000000000003,1.9644444444444447,12.75,141,0.5384615384615384
17072.0,United Kingdom,1,1.0,1,218.0,282.05,1.2938073394495413,9.95,20,0.0
17073.0,United Kingdom,1,93.0,4,189.75,361.5225,1.9052569169960474,12.5,142,0.0
17074.0,United Kingdom,1,1.0,1,19.0,203.05,10.686842105263159,12.75,4,0.0
17075.0,United Kingdom,1,709.0,10,78.7,224.173,2.8484498094027955,19.95,153,0.1
17076.0,United Kingdom,1,700.0,6,85.66666666666667,207.125,2.4178015564202333,25.0,31,0.0
17077.0,United Kingdom,1,1.0,1,36.0,306.0,8.5,8.5,1,0.0
17078.0,United Kingdom,1,1.0,2,394.0,189.1,0.4799492385786802,2.55,28,0.0
17079.0,United Kingdom,1,1.0,1,24.0,118.80000000000001,4.95,4.95,2,0.0
17080.0,United Kingdom,1,505.0,7,81.28571428571429,136.79,1.682829525483304,19.95,26,0.14285714285714285
17081.0,United Kingdom,1,631.0,6,64.83333333333333,160.73166666666665,2.4791516709511567,21.95,166,0.0
17082.0,United Kingdom,1,692.0,6,421.0,788.6716666666666,1.8733293745051465,125.0,117,0.0
17083.0,United Kingdom,1,560.0,9,217.22222222222223,449.9766666666667,2.0715038363171354,10.95,30,0.2222222222222222
17084.0,United Kingdom,1,362.0,3,1097.3333333333333,1734.3233333333335,1.580489064398542,14.95,263,0.3333333333333333
17085.0,United Kingdom,1,611.0,28,128.67857142857142,281.8360714285714,2.190233139050791,19.95,411,0.14285714285714285
17086.0,United Kingdom,1,57.0,6,309.8333333333333,341.68,1.1027864443249058,15.0,76,0.0
17087.0,United Kingdom,1,1.0,1,113.0,221.53,1.9604424778761063,5.95,12,0.0
17088.0,United Kingdom,1,226.0,4,217.0,497.7525,2.2937903225806453,25.0,96,0.0
17089.0,United Kingdom,1,1.0,1,35.0,128.45,3.6699999999999995,4.95,4,0.0
17090.0,United Kingdom,1,505.0,13,104.76923076923077,242.2676923076923,2.3123935389133625,12.75,54,0.15384615384615385
17091.0,United Kingdom,1,722.0,19,197.05263157894737,395.66578947368424,2.007919337606838,19.95,242,0.21052631578947367
17092.0,United Kingdom,1,626.0,11,345.54545454545456,508.63272727272727,1.4719705340699816,16.95,273,0.2727272727272727
17093.0,United Kingdom,1,1.0,1,114.0,235.88,2.069122807017544,8.5,13,0.0
17094.0,United Kingdom,1,102.0,2,106.0,201.10000000000002,1.897169811320755,7.95,18,0.5
17095.0,United Kingdom,1,703.0,7,242.14285714285714,367.4642857142857,1.517551622418879,16.95,110,0.7142857142857143
17096.0,United Kingdom,1,541.0,11,142.8181818181818,341.74363636363637,2.392858052196053,16.95,162,0.5454545454545454
17097.0,Spain,1,429.0,9,65.88888888888889,129.52555555555557,1.9658178752107927,29.95,182,0.1111111111111111
17098.0,United Kingdom,1,160.0,3,41.666666666666664,197.0233333333333,4.72856,12.75,10,0.0
17099.0,United Kingdom,1,1.0,1,317.0,582.17,1.8364984227129337,14.95,40,0.0
17100.0,United Kingdom,1,1.0,2,400.0,485.87,1.214675,5.95,65,0.0
17101.0,United Kingdom,1,541.0,7,167.85714285714286,358.15000000000003,2.1336595744680853,14.95,54,0.0
17102.0,United Kingdom,1,1.0,1,2.0,25.5,12.75,12.75,1,0.0
17103.0,United Kingdom,1,1.0,1,471.0,424.3,0.9008492569002123,5.95,32,0.0
17104.0,United Kingdom,1,1.0,1,149.0,474.03000000000003,3.1814093959731546,12.75,19,0.0
17105.0,United Kingdom,1,148.0,2,346.5,332.89,0.9607215007215006,12.75,80,0.0
17106.0,United Kingdom,1,1.0,1,156.0,491.23,3.1489102564102565,12.75,51,0.0
17107.0,United Kingdom,1,645.0,10,754.4,1607.542,2.130888123011665,16.95,377,0.3
17108.0,United Kingdom,1,1.0,1,31.0,174.95,5.643548387096774,6.35,9,0.0
17109.0,United Kingdom,1,469.0,8,98.625,161.9325,1.6419011406844106,14.95,124,0.25
17110.0,United Kingdom,1,446.0,3,47.333333333333336,170.23333333333332,3.5964788732394366,12.75,38,0.0
17111.0,United Kingdom,1,379.0,2,300.5,238.29,0.7929783693843594,8.5,44,0.0
17112.0,United Kingdom,1,1.0,1,134.0,205.17,1.5311194029850745,6.95,44,0.0
17113.0,United Kingdom,1,124.0,6,152.5,387.09833333333336,2.5383497267759565,19.95,122,0.3333333333333333
17114.0,United Kingdom,1,330.0,8,27.375,101.0775,3.692328767123288,16.95,85,0.25
17115.0,United Kingdom,1,727.0,7,126.42857142857143,394.49857142857144,3.1203276836158196,12.75,102,0.8571428571428571
17116.0,United Kingdom,1,1.0,1,392.0,389.78,0.9943367346938775,4.95,47,0.0
17117.0,United Kingdom,1,1.0,1,68.0,116.19999999999999,1.7088235294117646,9.95,9,0.0
17118.0,United Kingdom,1,1.0,1,154.0,157.01999999999998,1.0196103896103894,2.55,10,0.0
17119.0,United Kingdom,1,57.0,2,167.0,303.455,1.8170958083832334,15.0,35,0.5
17120.0,United Kingdom,1,1.0,1,120.0,307.46,2.5621666666666667,12.75,18,0.0
17121.0,United Kingdom,1,1.0,1,106.0,314.74,2.969245283018868,9.95,12,0.0
17122.0,United Kingdom,1,381.0,4,92.0,142.625,1.5502717391304348,2.95,23,0.0
17123.0,United Kingdom,1,412.0,3,225.33333333333334,325.7233333333333,1.4455177514792898,9.95,37,0.0
17124.0,United Kingdom,1,1.0,1,130.0,298.89,2.299153846153846,7.95,31,0.0
17125.0,United Kingdom,1,1.0,1,291.0,259.35,0.8912371134020619,12.75,34,0.0
17126.0,United Kingdom,1,314.0,9,163.11111111111111,230.04888888888888,1.4103814713896459,12.75,295,0.2222222222222222
17127.0,United Kingdom,1,308.0,5,68.0,231.00600000000003,3.39714705882353,8.5,27,0.0
17128.0,United Kingdom,1,1.0,1,76.0,157.09,2.0669736842105264,8.5,14,0.0
17129.0,United Kingdom,1,1.0,1,5.0,31.85,6.37,8.5,2,0.0
17131.0,United Kingdom,1,71.0,5,196.6,492.634,2.505768056968464,19.95,78,0.0
17132.0,United Kingdom,1,37.0,2,490.0,636.4,1.2987755102040817,16.95,62,0.0
17133.0,United Kingdom,1,614.0,12,842.25,1218.5275,1.4467527456218463,7.49,22,0.08333333333333333
17134.0,United Kingdom,1,337.0,3,49.333333333333336,212.36666666666667,4.30472972972973,9.95,31,0.0
17135.0,United Kingdom,1,564.0,10,170.0,173.858,1.0226941176470588,85.0,98,0.1
17136.0,United Kingdom,1,1.0,1,256.0,231.68,0.905,5.95,14,0.0
17137.0,United Kingdom,1,262.0,6,116.16666666666667,188.9383333333333,1.6264418938307028,7.95,125,0.0
17138.0,United Kingdom,1,399.0,7,289.14285714285717,631.0385714285715,2.182445652173913,24.95,234,0.0
17139.0,United Kingdom,1,683.0,25,394.36,783.3783999999999,1.9864550157216756,165.0,447,0.16
17140.0,United Kingdom,1,1.0,1,302.0,465.32000000000005,1.5407947019867552,12.75,16,0.0
17141.0,United Kingdom,1,267.0,4,109.0,188.5825,1.7301146788990827,12.75,138,0.0
17142.0,United Kingdom,1,446.0,4,80.75,320.9375,3.9744582043343653,195.0,78,0.0
17143.0,United Kingdom,1,99.0,2,165.0,462.055,2.8003333333333336,19.95,82,0.0
17144.0,United Kingdom,1,84.0,2,241.5,492.285,2.038447204968944,16.95,42,0.0
17145.0,United Kingdom,1,147.0,4,647.75,780.2275,1.2045194905441914,16.95,168,0.75
17146.0,United Kingdom,1,571.0,13,168.6153846153846,450.7876923076923,2.673467153284671,85.0,164,0.23076923076923078
17147.0,United Kingdom,1,676.0,9,145.33333333333334,355.54999999999995,2.4464449541284403,14.95,99,0.7777777777777778
17148.0,United Kingdom,1,1.0,1,82.0,124.88,1.5229268292682927,2.95,9,0.0
17149.0,United Kingdom,1,1.0,1,18.0,143.10000000000002,7.950000000000001,7.95,6,0.0
17150.0,United Kingdom,1,358.0,6,67.16666666666667,229.275,3.413523573200993,19.95,64,0.0
17151.0,United Kingdom,1,1.0,1,42.0,231.90000000000003,5.521428571428572,5.95,4,0.0
17152.0,United Kingdom,1,232.0,4,144.25,504.125,3.4948006932409013,5.95,9,0.25
17153.0,United Kingdom,1,1.0,1,104.0,213.78,2.055576923076923,6.25,14,0.0
17154.0,United Kingdom,1,1.0,1,490.0,329.34,0.6721224489795918,4.25,23,0.0
17155.0,United Kingdom,1,720.0,7,141.0,127.49428571428572,0.9042147922998988,9.95,43,0.0
17156.0,United Kingdom,1,1.0,1,391.0,591.87,1.5137340153452685,4.95,39,1.0
17157.0,United Kingdom,1,729.0,19,110.10526315789474,271.15263157894736,2.462667304015296,12.75,78,0.05263157894736842
17158.0,United Kingdom,1,611.0,5,229.4,396.0,1.7262423714036617,12.75,74,0.2
17159.0,United Kingdom,1,625.0,5,269.6,419.918,1.557559347181009,12.75,115,0.2
17160.0,United Kingdom,1,705.0,17,493.52941176470586,600.5388235294117,1.2168247914183552,15.0,215,0.058823529411764705
17161.0,United Kingdom,1,1.0,1,537.0,856.01,1.5940595903165735,10.65,52,0.0
17162.0,United Kingdom,1,278.0,10,100.1,171.546,1.7137462537462538,12.75,81,0.1
17163.0,United Kingdom,1,655.0,4,132.75,174.945,1.3178531073446327,4.95,27,0.0
17164.0,United Kingdom,1,242.0,7,214.42857142857142,352.4785714285714,1.6438041305796136,15.95,92,0.14285714285714285
17165.0,United Kingdom,1,445.0,6,131.33333333333334,299.05333333333334,2.2770558375634518,12.75,77,0.3333333333333333
17166.0,United Kingdom,1,166.0,2,39.0,103.17,2.6453846153846152,6.95,11,0.5
17167.0,United Kingdom,1,67.0,3,143.0,289.0366666666667,2.0212354312354313,12.75,64,0.0
17168.0,United Kingdom,1,1.0,1,220.0,400.2,1.819090909090909,12.75,21,0.0
17169.0,United Kingdom,1,522.0,3,223.66666666666666,385.57666666666665,1.7238897168405365,12.75,64,1.0
17170.0,United Kingdom,1,16.0,2,76.0,89.34,1.1755263157894738,2.1,8,0.5
17171.0,United Kingdom,1,373.0,2,112.5,192.295,1.7092888888888889,12.75,25,0.0
17172.0,United Kingdom,1,649.0,3,405.0,318.8566666666666,0.7873004115226337,3.95,39,1.0
17173.0,United Kingdom,1,127.0,8,140.25,470.825,3.3570409982174687,10.95,36,0.125
17174.0,United Kingdom,1,1.0,1,41.0,59.9,1.4609756097560975,2.1,4,0.0
17175.0,United Kingdom,1,253.0,4,216.5,360.9225,1.667078521939954,59.95,42,0.25
17176.0,United Kingdom,1,477.0,3,192.0,300.7733333333333,1.5665277777777777,9.95,37,0.0
17177.0,United Kingdom,1,1.0,1,40.0,119.5,2.9875,14.95,29,0.0
17178.0,United Kingdom,1,1.0,1,101.0,436.71,4.3238613861386135,19.95,31,0.0
17179.0,United Kingdom,1,385.0,6,104.16666666666667,251.21,2.411616,9.95,75,0.0
17180.0,United Kingdom,1,632.0,11,166.1818181818182,205.18,1.234671772428884,14.95,189,0.2727272727272727
17181.0,United Kingdom,1,539.0,3,89.33333333333333,103.28333333333335,1.1561567164179105,45.95,28,0.0
17182.0,United Kingdom,1,297.0,2,27.0,160.65,5.95,5.95,4,0.0
17183.0,United Kingdom,1,99.0,6,216.0,557.885,2.582800925925926,16.95,42,0.3333333333333333
17184.0,United Kingdom,1,162.0,2,36.5,99.20500000000001,2.7179452054794524,7.95,14,0.0
17185.0,United Kingdom,1,8.0,3,39.666666666666664,76.48666666666666,1.928235294117647,5.45,38,0.0
17186.0,United Kingdom,1,15.0,2,100.0,72.0,0.72,0.72,1,0.0
17187.0,United Kingdom,1,301.0,2,213.0,233.855,1.0979107981220657,9.95,21,0.0
17188.0,United Kingdom,1,721.0,13,197.6153846153846,353.3023076923077,1.7878279486181394,12.75,136,0.3076923076923077
17189.0,United Kingdom,1,632.0,5,120.8,191.526,1.5854801324503311,8.5,101,0.0
17190.0,United Kingdom,1,587.0,7,317.85714285714283,249.00571428571428,0.7833887640449438,195.0,160,0.14285714285714285
17191.0,United Kingdom,1,711.0,15,147.73333333333332,288.396,1.9521389891696752,16.95,269,0.06666666666666667
17192.0,United Kingdom,1,1.0,1,46.0,77.83,1.6919565217391304,12.75,20,0.0
17193.0,United Kingdom,1,703.0,9,185.33333333333334,256.6711111111111,1.384916067146283,16.95,28,0.3333333333333333
17194.0,United Kingdom,1,258.0,3,140.0,270.8333333333333,1.9345238095238095,20.0,57,0.0
17195.0,United Kingdom,1,1.0,1,486.0,562.98,1.1583950617283951,3.75,31,0.0
17196.0,United Kingdom,1,1.0,1,168.0,352.9,2.100595238095238,9.95,84,0.0
17197.0,United Kingdom,1,1.0,1,191.0,1013.01,5.303717277486911,9.95,29,0.0
17198.0,United Kingdom,1,349.0,3,119.0,230.74,1.9389915966386555,12.75,89,0.0
17199.0,United Kingdom,1,1.0,1,304.0,145.12,0.4773684210526316,2.1,8,0.0
17200.0,United Kingdom,1,266.0,4,91.75,89.1775,0.9719618528610353,4.95,25,0.0
17201.0,United Kingdom,1,615.0,4,268.75,310.51,1.155386046511628,12.75,154,0.25
17202.0,United Kingdom,1,1.0,1,55.0,160.65,2.920909090909091,4.25,8,0.0
17203.0,United Kingdom,1,354.0,10,460.6,557.588,1.2105688232739904,12.75,195,0.0
17204.0,United Kingdom,1,373.0,9,294.55555555555554,611.6322222222223,2.076457940399849,16.95,110,0.6666666666666666
17205.0,United Kingdom,1,512.0,3,738.0,333.1166666666667,0.4513775971093044,8.5,27,0.0
17206.0,United Kingdom,1,1.0,1,76.0,204.24,2.6873684210526316,3.75,7,0.0
17207.0,United Kingdom,1,1.0,1,241.0,303.21999999999997,1.258174273858921,14.95,55,0.0
17208.0,United Kingdom,1,1.0,1,103.0,115.35000000000001,1.1199029126213593,4.25,21,0.0
17209.0,United Kingdom,1,88.0,3,243.66666666666666,203.86666666666667,0.8366621067031464,12.75,36,0.0
17210.0,United Kingdom,1,1.0,1,243.0,253.37,1.0426748971193416,3.75,47,0.0
17211.0,United Kingdom,1,701.0,13,164.69230769230768,290.2576923076923,1.7624241008874357,50.0,217,0.15384615384615385
17212.0,United Kingdom,1,234.0,3,242.33333333333334,264.80333333333334,1.092723521320495,12.75,29,0.0
17213.0,United Kingdom,1,685.0,13,160.53846153846155,374.5692307692308,2.3332055582175375,39.95,130,0.5384615384615384
17214.0,United Kingdom,1,300.0,6,46.0,178.1866666666667,3.8736231884057974,85.0,79,0.16666666666666666
17215.0,United Kingdom,1,1.0,1,104.0,186.15,1.7899038461538461,5.95,11,0.0
17216.0,United Kingdom,1,1.0,1,22.0,65.05,2.9568181818181816,8.5,13,0.0
17217.0,United Kingdom,1,386.0,2,47.5,109.0,2.294736842105263,7.95,27,0.0
17218.0,United Kingdom,1,680.0,18,114.94444444444444,216.67444444444445,1.8850362493958432,14.95,248,0.0
17219.0,United Kingdom,1,386.0,2,94.0,129.565,1.3783510638297871,8.25,43,0.0
17220.0,United Kingdom,1,665.0,21,128.52380952380952,213.41666666666666,1.660522415709522,16.95,408,0.0
17221.0,United Kingdom,1,601.0,5,143.0,195.704,1.3685594405594406,12.75,115,0.0
17222.0,United Kingdom,1,634.0,6,143.83333333333334,267.50166666666667,1.8598030127462342,19.95,94,0.0
17223.0,United Kingdom,1,66.0,3,52.666666666666664,193.56333333333336,3.6752531645569624,35.0,62,0.0
17224.0,United Kingdom,1,1.0,1,65.0,100.86,1.5516923076923077,39.95,8,0.0
17225.0,United Kingdom,1,1.0,1,36.0,131.15,3.6430555555555557,6.75,5,0.0
17226.0,United Kingdom,1,358.0,3,285.0,300.04,1.0527719298245615,12.75,51,0.0
17227.0,United Kingdom,1,676.0,12,140.16666666666666,156.64833333333334,1.1175862068965516,7.95,58,0.0
17228.0,United Kingdom,1,623.0,13,181.30769230769232,217.0223076923077,1.196983453542639,9.95,199,0.0
17229.0,United Kingdom,1,47.0,2,92.5,159.38,1.723027027027027,9.95,39,0.0
17230.0,United Kingdom,1,468.0,18,216.83333333333334,551.3861111111112,2.542902895208814,16.95,141,0.2777777777777778
17231.0,United Kingdom,1,721.0,25,149.56,287.8816,1.9248569136132656,19.95,510,0.4
17232.0,United Kingdom,1,13.0,2,101.5,210.76,2.0764532019704434,6.95,30,0.0
17233.0,United Kingdom,1,690.0,3,99.33333333333333,186.95333333333335,1.8820805369127518,14.95,56,0.0
17234.0,United Kingdom,1,1.0,1,55.0,149.89000000000001,2.7252727272727277,11.95,14,0.0
17235.0,United Kingdom,1,529.0,8,105.625,195.3725,1.8496804733727812,15.95,52,0.0
17236.0,United Kingdom,1,631.0,12,67.0,160.77166666666668,2.399577114427861,19.95,123,0.0
17237.0,United Kingdom,1,371.0,4,103.75,250.52,2.4146506024096386,12.75,76,0.0
17238.0,United Kingdom,1,737.0,32,112.3125,231.6565625,2.062607122982749,19.95,486,0.0
17239.0,United Kingdom,1,215.0,4,128.75,297.3625,2.309611650485437,9.95,18,0.5
17240.0,United Kingdom,1,1.0,1,108.0,130.6,1.2092592592592593,2.95,7,0.0
17241.0,United Kingdom,1,278.0,12,72.08333333333333,228.6783333333333,3.172416184971098,14.95,116,0.0
17242.0,United Kingdom,1,577.0,5,291.8,577.856,1.9803152844413983,4.15,44,0.0
17243.0,United Kingdom,1,738.0,69,117.47826086956522,299.0284057971014,2.545393535652603,16.95,359,0.15942028985507245
17244.0,United Kingdom,1,681.0,5,283.8,365.20799999999997,1.2868498942917548,12.75,109,0.0
17245.0,United Kingdom,1,486.0,2,153.5,185.815,1.2105211726384364,5.95,24,0.0
17246.0,United Kingdom,1,193.0,2,18.0,19.46,1.0811111111111111,9.95,6,0.0
17247.0,United Kingdom,1,1.0,1,106.0,282.19,2.6621698113207546,16.95,53,0.0
17248.0,United Kingdom,1,362.0,2,146.0,273.08,1.8704109589041096,7.49,85,0.0
17249.0,United Kingdom,1,1.0,1,79.0,68.03,0.8611392405063292,3.75,27,0.0
17250.0,United Kingdom,1,259.0,2,84.0,192.26,2.288809523809524,19.95,55,0.0
17251.0,United Kingdom,1,363.0,3,126.33333333333333,270.81,2.1436147757255934,12.75,65,0.3333333333333333
17252.0,United Kingdom,1,71.0,2,96.5,176.93,1.8334715025906736,9.95,86,0.0
17253.0,United Kingdom,1,1.0,1,43.0,178.26,4.145581395348837,15.95,18,0.0
17254.0,United Kingdom,1,398.0,3,132.66666666666666,156.91,1.1827386934673367,12.75,129,0.0
17255.0,United Kingdom,1,407.0,4,148.5,199.7825,1.3453367003367003,12.75,163,0.0
17256.0,United Kingdom,1,494.0,5,59.8,99.786,1.6686622073578596,5.95,20,0.0
17257.0,United Kingdom,1,1.0,2,94.0,96.365,1.025159574468085,5.95,14,0.0
17258.0,United Kingdom,1,270.0,2,94.0,208.65,2.21968085106383,6.35,46,0.0
17259.0,United Kingdom,1,508.0,6,147.16666666666666,251.28333333333333,1.7074745186862967,15.95,179,0.0
17260.0,United Kingdom,1,1.0,1,23.0,120.95,5.258695652173913,39.95,6,0.0
17261.0,United Kingdom,1,1.0,1,98.0,230.44,2.3514285714285714,9.95,43,0.0
17262.0,United Kingdom,1,673.0,11,57.72727272727273,226.25090909090912,3.9193070866141735,16.95,12,0.0
17263.0,United Kingdom,1,1.0,1,36.0,63.44,1.7622222222222221,6.75,23,0.0
17264.0,United Kingdom,1,1.0,1,227.0,279.59,1.2316740088105727,12.75,70,0.0
17265.0,United Kingdom,1,43.0,2,197.0,281.45,1.4286802030456853,12.5,106,0.0
17266.0,United Kingdom,1,639.0,5,50.4,103.546,2.054484126984127,9.95,95,0.0
17267.0,United Kingdom,1,1.0,2,79.5,158.81,1.9976100628930817,8.25,37,0.0
17268.0,United Kingdom,1,625.0,11,126.81818181818181,157.62636363636364,1.2429318996415772,12.75,26,0.0
17269.0,United Kingdom,1,1.0,1,336.0,537.46,1.5995833333333334,15.95,110,0.0
17270.0,United Kingdom,1,264.0,2,210.5,302.2,1.4356294536817102,21.95,45,0.0
17271.0,United Kingdom,1,1.0,1,117.0,210.39,1.7982051282051281,11.95,46,0.0
17272.0,United Kingdom,1,221.0,4,444.5,537.1575,1.2084533183352082,11.95,70,0.25
17273.0,United Kingdom,1,1.0,1,133.0,141.12,1.0610526315789475,4.95,12,0.0
17274.0,United Kingdom,1,361.0,2,136.5,288.69,2.114945054945055,9.95,76,0.0
17275.0,United Kingdom,1,1.0,1,72.0,114.52,1.5905555555555555,19.95,23,0.0
17276.0,United Kingdom,1,1.0,1,189.0,508.39,2.68989417989418,16.95,50,1.0
17277.0,United Kingdom,1,96.0,2,215.0,532.6750000000001,2.4775581395348842,9.95,67,0.0
17278.0,United Kingdom,1,325.0,2,97.5,135.62,1.390974358974359,39.95,17,0.0
17279.0,United Kingdom,1,1.0,1,48.0,187.82999999999998,3.9131249999999995,24.95,8,0.0
17280.0,United Kingdom,1,1.0,1,74.0,118.86,1.6062162162162161,2.55,6,0.0
17281.0,United Kingdom,1,300.0,6,49.166666666666664,132.975,2.7045762711864403,3.75,2,0.0
17282.0,United Kingdom,1,419.0,5,470.2,467.93199999999996,0.9951765206295193,16.95,168,0.0
17283.0,United Kingdom,1,1.0,1,179.0,188.46,1.0528491620111733,9.95,15,0.0
17284.0,United Kingdom,1,386.0,8,258.875,349.145,1.3487011105746016,229.46,285,0.375
17285.0,United Kingdom,1,36.0,2,70.0,214.17,3.0595714285714286,12.75,41,0.0
17286.0,United Kingdom,1,380.0,3,123.66666666666667,131.82666666666668,1.0659838274932616,8.5,89,0.0
17287.0,United Kingdom,1,711.0,21,94.9047619047619,185.20285714285714,1.951460110386352,29.95,279,0.09523809523809523
17288.0,United Kingdom,1,386.0,11,155.0909090909091,227.2709090909091,1.4654044548651817,19.95,233,0.0
17289.0,United Kingdom,1,611.0,9,140.0,231.04333333333332,1.6503095238095238,19.95,202,0.2222222222222222
17290.0,United Kingdom,1,724.0,8,143.375,187.68,1.3090148212728858,12.75,184,0.0
17291.0,United Kingdom,1,1.0,1,72.0,550.8000000000001,7.650000000000001,7.65,1,0.0
17292.0,United Kingdom,1,108.0,2,65.5,135.875,2.0744274809160306,9.95,14,0.0
17293.0,United Kingdom,1,729.0,17,131.41176470588235,222.0135294117647,1.689449418084154,65.0,148,0.0
17294.0,United Kingdom,1,1.0,2,148.5,233.89499999999998,1.575050505050505,12.75,17,0.0
17295.0,United Kingdom,1,37.0,3,98.0,185.65,1.894387755102041,12.75,53,0.0
17296.0,United Kingdom,1,1.0,1,216.0,338.13,1.5654166666666667,16.95,32,0.0
17297.0,United Kingdom,1,1.0,1,67.0,131.78,1.9668656716417912,9.95,49,0.0
17298.0,United Kingdom,1,541.0,5,170.8,191.512,1.1212646370023418,7.95,61,0.2
17299.0,United Kingdom,1,471.0,6,155.66666666666666,169.34666666666666,1.087880085653105,5.45,96,0.0
17300.0,United Kingdom,1,92.0,2,233.5,196.82,0.8429122055674518,8.95,37,0.0
17301.0,United Kingdom,1,604.0,2,114.5,165.215,1.4429257641921398,10.4,107,0.0
17302.0,United Kingdom,1,292.0,5,115.0,227.12600000000003,1.9750086956521742,12.75,68,0.2
17303.0,United Kingdom,1,1.0,1,144.0,250.04,1.7363888888888888,16.95,53,0.0
17304.0,United Kingdom,1,1.0,1,73.0,111.5,1.5273972602739727,8.5,5,0.0
17305.0,United Kingdom,1,1.0,1,1006.0,2135.46,2.1227236580516897,6.35,9,0.0
17306.0,United Kingdom,1,394.0,21,654.6190476190476,465.8261904761905,0.7115988943042119,3.75,17,0.09523809523809523
17307.0,United Kingdom,1,295.0,11,333.3636363636364,363.6263636363637,1.0907799290973548,6.95,22,0.36363636363636365
17308.0,United Kingdom,1,60.0,2,2574.0,2255.88,0.8764102564102565,1.45,5,0.0
17309.0,United Kingdom,1,579.0,3,64.33333333333333,110.19666666666667,1.7129015544041453,12.75,33,0.0
17310.0,United Kingdom,1,148.0,2,201.0,512.55,2.55,2.55,1,0.0
17311.0,United Kingdom,1,597.0,6,459.1666666666667,594.4266666666666,1.2945771324863884,16.95,124,0.16666666666666666
17312.0,United Kingdom,1,22.0,3,124.0,214.76666666666665,1.731989247311828,7.95,11,0.0
17313.0,United Kingdom,1,1.0,1,1402.0,2328.84,1.6610841654778887,7.65,24,1.0
17314.0,United Kingdom,1,713.0,17,215.47058823529412,288.4958823529412,1.338910728910729,15.95,200,0.29411764705882354
17315.0,United Kingdom,1,438.0,43,119.16279069767442,224.4325581395349,1.8834113973458237,16.95,385,0.13953488372093023
17316.0,United Kingdom,1,1.0,1,44.0,124.45,2.828409090909091,5.95,35,0.0
17317.0,United Kingdom,1,44.0,3,382.0,866.7800000000001,2.269057591623037,8.25,8,0.6666666666666666
17318.0,United Kingdom,1,1.0,1,60.0,164.28,2.738,9.95,17,0.0
17319.0,United Kingdom,1,1.0,1,14.0,29.1,2.0785714285714287,2.1,3,0.0
17320.0,United Kingdom,1,588.0,6,197.0,407.47499999999997,2.0684010152284262,9.95,86,0.0
17321.0,United Kingdom,1,570.0,6,136.16666666666666,290.19666666666666,2.131187270501836,39.95,241,0.0
17322.0,United Kingdom,1,361.0,5,126.2,184.518,1.462107765451664,9.95,115,0.4
17323.0,United Kingdom,1,684.0,12,120.16666666666667,130.46583333333334,1.0857073509015256,4.95,168,0.16666666666666666
17324.0,United Kingdom,1,705.0,12,123.83333333333333,181.235,1.4635397039030957,25.0,111,0.08333333333333333
17325.0,United Kingdom,1,362.0,3,155.0,203.18999999999997,1.3109032258064515,16.95,39,0.0
17326.0,United Kingdom,1,122.0,2,70.0,160.975,2.299642857142857,16.95,82,0.0
17327.0,United Kingdom,1,154.0,2,29.5,76.175,2.5822033898305086,9.95,3,0.0
17328.0,United Kingdom,1,1.0,1,86.0,104.7,1.2174418604651163,5.95,6,0.0
17329.0,United Kingdom,1,723.0,5,86.4,200.88600000000002,2.3250694444444444,8.25,80,0.0
17330.0,United Kingdom,1,626.0,4,30.5,105.95,3.4737704918032786,49.95,7,0.0
17331.0,United Kingdom,1,1.0,1,16.0,175.2,10.95,10.95,1,0.0
17332.0,United Kingdom,1,129.0,5,158.8,167.654,1.0557556675062971,15.95,82,0.0
17333.0,United Kingdom,1,1.0,1,375.0,494.25,1.318,5.95,28,0.0
17334.0,United Kingdom,1,105.0,3,188.66666666666666,211.71666666666667,1.122173144876325,12.75,20,0.3333333333333333
17335.0,United Kingdom,1,302.0,2,108.0,254.0,2.3518518518518516,9.95,34,0.0
17336.0,United Kingdom,1,1.0,1,48.0,81.12,1.6900000000000002,1.69,1,0.0
17337.0,United Kingdom,1,160.0,4,317.25,506.96750000000003,1.5980063041765171,12.75,421,0.75
17338.0,United Kingdom,1,623.0,17,345.8235294117647,714.2688235294117,2.065414186086069,14.95,590,0.17647058823529413
17339.0,United Kingdom,1,416.0,3,57.333333333333336,100.78666666666668,1.7579069767441862,3.75,10,0.3333333333333333
17340.0,United Kingdom,1,635.0,18,530.2777777777778,1096.3083333333334,2.0674227344159246,39.95,322,0.6666666666666666
17341.0,United Kingdom,1,385.0,5,175.6,275.246,1.5674601366742598,12.75,200,0.0
17342.0,United Kingdom,1,291.0,4,130.25,306.885,2.3561228406909787,65.0,31,0.75
17343.0,United Kingdom,1,382.0,6,75.66666666666667,209.99,2.7751982378854625,16.95,61,0.0
17344.0,United Kingdom,1,683.0,2,106.5,234.055,2.197699530516432,12.75,64,0.5
17345.0,United Kingdom,1,724.0,10,201.3,160.46800000000002,0.7971584699453552,16.95,174,0.2
17346.0,United Kingdom,1,598.0,26,137.1153846153846,199.09192307692308,1.4520028050490885,39.95,517,0.038461538461538464
17347.0,United Kingdom,1,1.0,1,216.0,228.96,1.06,1.06,1,0.0
17348.0,United Kingdom,1,626.0,9,310.3333333333333,275.15666666666664,0.8866487647690655,16.95,326,0.0
17349.0,United Kingdom,1,453.0,5,168.0,170.45,1.0145833333333334,12.75,74,0.0
17350.0,United Kingdom,1,669.0,7,173.71428571428572,272.29157142857144,1.5674679276315788,16.95,124,0.14285714285714285
17351.0,United Kingdom,1,694.0,12,31.916666666666668,165.68583333333333,5.191201044386423,12.75,45,0.0
17352.0,United Kingdom,1,1.0,1,15.0,36.25,2.4166666666666665,5.95,5,0.0
17353.0,United Kingdom,1,496.0,4,542.0,810.5,1.4953874538745386,2.55,7,0.75
17354.0,United Kingdom,1,379.0,4,633.75,785.865,1.2400236686390533,12.75,85,0.0
17355.0,United Kingdom,1,1.0,1,257.0,285.11,1.1093774319066148,9.95,28,0.0
17356.0,United Kingdom,1,378.0,5,185.0,189.294,1.023210810810811,4.25,73,0.0
17357.0,United Kingdom,1,1.0,2,76.5,194.07,2.536862745098039,14.95,41,0.0
17358.0,United Kingdom,1,351.0,5,88.4,173.21,1.9593891402714934,16.95,126,0.0
17359.0,United Kingdom,1,638.0,2,118.5,142.23,1.2002531645569618,12.75,36,0.0
17360.0,United Kingdom,1,418.0,6,106.0,205.23000000000002,1.9361320754716982,29.95,189,0.16666666666666666
17361.0,United Kingdom,1,628.0,5,76.6,176.128,2.299321148825065,14.95,51,0.0
17362.0,United Kingdom,1,464.0,7,78.42857142857143,146.29142857142855,1.8652823315118396,35.95,99,0.14285714285714285
17363.0,United Kingdom,1,8.0,3,174.33333333333334,313.62,1.7989674952198853,8.5,34,0.0
17364.0,United Kingdom,1,733.0,28,268.32142857142856,431.0864285714286,1.6066045521096766,358.47,513,0.10714285714285714
17365.0,United Kingdom,1,665.0,15,537.0666666666667,548.332,1.020975670307845,16.95,395,0.06666666666666667
17366.0,United Kingdom,1,25.0,2,255.0,548.12,2.1494901960784314,12.75,120,0.5
17367.0,United Kingdom,1,1.0,1,150.0,168.4,1.1226666666666667,8.5,33,0.0
17368.0,United Kingdom,1,702.0,14,167.35714285714286,201.86714285714285,1.2062057191634656,14.95,195,0.14285714285714285
17369.0,United Kingdom,1,1.0,1,1152.0,979.1999999999999,0.85,0.85,1,0.0
17370.0,United Kingdom,1,98.0,4,135.0,111.545,0.8262592592592592,8.5,31,0.0
17371.0,United Kingdom,1,715.0,6,47.166666666666664,110.425,2.341166077738516,12.75,135,0.0
17372.0,United Kingdom,1,697.0,28,67.0,156.3414285714286,2.333454157782516,16.95,412,0.10714285714285714
17373.0,United Kingdom,1,610.0,7,105.42857142857143,166.78571428571428,1.5819783197831978,7.95,65,0.0
17374.0,United Kingdom,1,178.0,3,51.666666666666664,242.37,4.691032258064516,9.95,34,0.3333333333333333
17375.0,United Kingdom,1,233.0,4,120.0,165.1375,1.3761458333333332,12.75,77,0.25
17376.0,United Kingdom,1,453.0,4,61.0,113.41,1.8591803278688523,9.95,41,0.0
17377.0,United Kingdom,1,715.0,78,94.87179487179488,227.32192307692307,2.396095945945946,16.95,505,0.16666666666666666
17378.0,United Kingdom,1,1.0,1,1.0,10.95,10.95,10.95,1,1.0
17379.0,United Kingdom,1,1.0,1,663.0,404.66,0.6103469079939668,5.45,71,0.0
17380.0,United Kingdom,1,101.0,3,84.0,215.0,2.5595238095238093,4.25,5,0.3333333333333333
17381.0,United Kingdom,1,541.0,38,1128.3947368421052,957.8592105263158,0.8488689101891369,10.95,50,0.02631578947368421
17382.0,United Kingdom,1,505.0,8,57.125,112.785,1.9743544857768052,15.0,16,0.0
17383.0,United Kingdom,1,450.0,2,81.0,154.995,1.9135185185185186,9.95,51,0.0
17384.0,United Kingdom,1,449.0,3,40.333333333333336,169.18333333333334,4.194628099173554,6.25,15,0.0
17385.0,United Kingdom,1,1.0,1,201.0,261.11,1.2990547263681593,9.95,42,0.0
17386.0,United Kingdom,1,379.0,7,279.2857142857143,401.82428571428574,1.438757033248082,3.75,32,0.0
17387.0,United Kingdom,1,15.0,2,271.0,392.055,1.4466974169741698,12.75,71,0.0
17388.0,United Kingdom,1,653.0,11,233.36363636363637,244.68818181818185,1.0485274639657187,19.95,41,0.0
17389.0,United Kingdom,1,736.0,61,293.1475409836066,938.1095081967213,3.200127502516497,14.95,63,0.26229508196721313
17390.0,United Kingdom,1,1.0,1,49.0,149.29999999999998,3.0469387755102035,4.95,12,0.0
17391.0,United Kingdom,1,2.0,2,240.0,254.4,1.06,1.06,2,0.0
17392.0,United Kingdom,1,145.0,3,164.33333333333334,208.85333333333335,1.2709127789046655,26.95,66,0.0
17393.0,United Kingdom,1,79.0,2,119.0,190.575,1.601470588235294,12.75,45,0.0
17394.0,United Kingdom,1,1.0,1,241.0,203.86999999999998,0.8459336099585061,9.95,4,0.0
17395.0,United Kingdom,1,1.0,1,66.0,97.5,1.4772727272727273,3.75,3,0.0
17396.0,United Kingdom,1,403.0,14,165.21428571428572,600.6857142857143,3.6357976653696498,18.0,29,0.14285714285714285
17397.0,United Kingdom,1,395.0,3,232.33333333333334,411.06,1.7692682926829268,16.95,132,0.0
17398.0,United Kingdom,1,142.0,3,103.33333333333333,217.79333333333332,2.1076774193548387,12.75,30,0.0
17400.0,United Kingdom,1,597.0,8,274.875,584.63125,2.1268985902683037,16.95,345,0.0
17401.0,United Kingdom,1,1.0,1,34.0,114.85,3.3779411764705882,8.5,11,0.0
17402.0,United Kingdom,1,720.0,23,63.08695652173913,201.57434782608695,3.195182632667126,35.0,105,0.13043478260869565
17403.0,United Kingdom,1,415.0,2,97.0,200.285,2.06479381443299,29.95,45,0.0
17404.0,Sweden,1,698.0,23,2203.4347826086955,2077.44,0.9428189190789085,40.0,126,0.21739130434782608
17405.0,United Kingdom,1,150.0,3,242.0,343.80333333333334,1.4206749311294766,16.95,77,0.6666666666666666
17406.0,United Kingdom,1,401.0,13,142.6153846153846,323.30384615384617,2.2669633225458465,295.0,155,0.38461538461538464
17407.0,United Kingdom,1,1.0,1,426.0,552.9,1.297887323943662,9.95,23,0.0
17408.0,United Kingdom,1,352.0,3,54.333333333333336,105.36333333333334,1.9392024539877302,12.75,7,0.3333333333333333
17409.0,United Kingdom,1,545.0,10,408.9,779.351,1.9059696747370996,14.95,50,0.0
17410.0,United Kingdom,1,200.0,5,123.2,242.94400000000002,1.971948051948052,16.95,57,0.0
17411.0,United Kingdom,1,725.0,5,121.6,285.076,2.3443750000000003,9.95,69,0.8
17412.0,United Kingdom,1,736.0,16,159.625,263.76375,1.65239624119029,295.0,161,0.1875
17413.0,United Kingdom,1,166.0,2,151.0,280.07,1.8547682119205298,10.95,10,0.0
17414.0,United Kingdom,1,694.0,6,1042.6666666666667,374.92,0.3595780051150895,0.72,6,0.0
17415.0,United Kingdom,1,1.0,1,114.0,507.84,4.454736842105263,85.0,14,0.0
17416.0,United Kingdom,1,697.0,22,398.59090909090907,786.2931818181819,1.972682175846733,79.95,324,0.13636363636363635
17417.0,United Kingdom,1,1.0,1,76.0,164.18,2.160263157894737,7.95,16,0.0
17418.0,United Kingdom,1,346.0,3,173.66666666666666,223.35333333333335,1.2861036468330136,8.25,40,0.0
17419.0,United Kingdom,1,673.0,18,160.22222222222223,340.34722222222223,2.124219833564494,85.0,203,0.1111111111111111
17420.0,United Kingdom,1,352.0,6,74.33333333333333,158.93,2.138071748878924,19.95,43,0.3333333333333333
17421.0,United Kingdom,1,350.0,3,269.0,353.1366666666667,1.3127757125154895,9.95,46,0.0
17422.0,United Kingdom,1,519.0,11,321.6363636363636,326.79636363636365,1.0160429621254947,12.75,149,0.8181818181818182
17423.0,United Kingdom,1,348.0,3,263.3333333333333,372.98333333333335,1.4163924050632912,6.75,39,0.6666666666666666
17425.0,United Kingdom,1,42.0,2,203.5,379.58500000000004,1.8652825552825554,8.25,42,0.0
17426.0,United Kingdom,1,653.0,13,399.0,621.3669230769231,1.5573105841526895,39.95,248,0.3076923076923077
17427.0,United Kingdom,1,1.0,1,34.0,100.8,2.9647058823529413,7.08,2,0.0
17428.0,United Kingdom,1,739.0,45,385.68888888888887,699.2613333333334,1.813019128831528,49.95,422,0.13333333333333333
17429.0,United Kingdom,1,302.0,5,257.2,271.492,1.0555676516329704,10.95,80,0.4
17430.0,United Kingdom,1,448.0,4,113.75,155.6425,1.3682857142857143,9.95,30,0.0
17431.0,United Kingdom,1,1.0,1,292.0,403.3,1.3811643835616438,7.65,41,0.0
17432.0,United Kingdom,1,719.0,9,112.88888888888889,194.5988888888889,1.7238090551181104,16.95,213,0.0
17433.0,United Kingdom,1,298.0,2,152.5,284.98,1.86872131147541,14.95,81,0.0
17434.0,United Kingdom,1,84.0,7,241.85714285714286,339.1171428571429,1.4021382161842884,14.95,100,0.2857142857142857
17435.0,United Kingdom,1,1.0,1,195.0,331.35,1.6992307692307693,16.95,15,0.0
17436.0,United Kingdom,1,732.0,5,35.6,106.81199999999998,3.000337078651685,7.95,8,0.4
17437.0,United Kingdom,1,1.0,1,284.0,373.17,1.3139788732394366,19.95,52,0.0
17438.0,United Kingdom,1,389.0,5,110.6,284.554,2.5728209764918626,14.95,49,0.2
17439.0,United Kingdom,1,1.0,1,370.0,325.74,0.8803783783783784,8.5,8,0.0
17440.0,United Kingdom,1,394.0,4,70.5,80.895,1.1474468085106382,3.81,4,0.5
17441.0,United Kingdom,1,1.0,1,245.0,293.35,1.1973469387755102,6.75,21,0.0
17442.0,United Kingdom,1,627.0,15,208.93333333333334,308.02000000000004,1.4742501595405233,15.95,188,0.5333333333333333
17443.0,Canada,1,1.0,1,504.0,534.24,1.06,1.06,1,0.0
17444.0,Canada,1,26.0,3,706.3333333333334,980.0133333333333,1.3874657857479944,550.94,132,0.0
17446.0,United Kingdom,1,135.0,2,99.0,60.45,0.6106060606060606,2.55,6,0.0
17447.0,United Kingdom,1,32.0,2,221.5,270.765,1.222415349887133,7.5,33,0.0
17448.0,United Kingdom,1,149.0,46,251.04347826086956,316.45586956521737,1.260562002078282,15.95,569,0.17391304347826086
17449.0,United Kingdom,1,729.0,13,195.0,380.8576923076923,1.9531163708086783,16.65,292,0.07692307692307693
17450.0,United Kingdom,1,431.0,51,1658.4705882352941,4802.828431372549,2.8959382610957416,12.98,145,0.19607843137254902
17451.0,United Kingdom,1,105.0,7,171.85714285714286,245.91428571428574,1.430922693266833,9.95,83,0.42857142857142855
17453.0,United Kingdom,1,48.0,2,109.5,243.35999999999999,2.2224657534246575,12.75,19,0.0
17454.0,United Kingdom,1,502.0,10,72.7,154.794,2.129215955983494,12.75,98,0.1
17455.0,United Kingdom,1,1.0,1,66.0,131.7,1.9954545454545454,9.95,8,0.0
17456.0,United Kingdom,1,92.0,2,254.0,487.78000000000003,1.9203937007874017,14.95,59,0.0
17457.0,United Kingdom,1,607.0,14,192.5,427.4864285714285,2.2207087198515767,12.75,30,0.2857142857142857
17458.0,United Kingdom,1,367.0,2,141.0,264.79,1.8779432624113477,8.5,81,0.0
17459.0,United Kingdom,1,18.0,2,268.5,328.65,1.224022346368715,12.5,88,0.0
17460.0,United Kingdom,1,593.0,16,59.625,134.87312500000002,2.262023060796646,12.75,93,0.3125
17461.0,United Kingdom,1,8.0,3,266.3333333333333,252.48666666666668,0.9480100125156447,14.95,104,0.0
17462.0,United Kingdom,1,225.0,2,113.5,337.84499999999997,2.9766079295154184,12.75,25,0.5
17463.0,United Kingdom,1,574.0,7,212.85714285714286,365.4157142857143,1.716718120805369,16.65,234,0.2857142857142857
17464.0,United Kingdom,1,462.0,3,217.33333333333334,333.6466666666667,1.5351840490797546,7.49,35,0.3333333333333333
17465.0,United Kingdom,1,312.0,7,211.0,363.2557142857143,1.7215910629654705,19.95,103,0.2857142857142857
17466.0,United Kingdom,1,69.0,2,153.0,381.64,2.49437908496732,24.95,41,0.0
17467.0,United Kingdom,1,1.0,1,20.0,102.6,5.13,9.95,4,0.0
17468.0,United Kingdom,1,366.0,3,61.333333333333336,64.93333333333334,1.058695652173913,1.25,8,0.0
17469.0,United Kingdom,1,708.0,17,135.52941176470588,297.13235294117646,2.1923828125,16.95,165,0.29411764705882354
17470.0,United Kingdom,1,465.0,11,248.27272727272728,238.76999999999998,0.9617246429879165,8.5,111,0.0
17471.0,United Kingdom,1,1.0,1,153.0,321.65000000000003,2.1022875816993465,4.95,19,0.0
17472.0,United Kingdom,1,438.0,4,139.5,233.775,1.6758064516129032,8.5,183,0.0
17473.0,United Kingdom,1,49.0,2,135.0,303.5,2.248148148148148,16.95,33,0.5
17474.0,United Kingdom,1,1.0,1,200.0,1047.0,5.235,10.95,6,0.0
17475.0,United Kingdom,1,1.0,1,178.0,194.37,1.0919662921348314,4.95,14,0.0
17476.0,United Kingdom,1,343.0,2,112.0,244.93,2.186875,18.95,29,1.0
17477.0,United Kingdom,1,36.0,2,112.5,572.15,5.0857777777777775,12.75,44,1.5
17478.0,United Kingdom,1,226.0,2,258.0,636.4,2.466666666666667,9.95,40,0.0
17479.0,United Kingdom,1,1.0,1,266.0,389.26,1.4633834586466166,4.95,18,0.0
17480.0,United Kingdom,1,368.0,2,296.5,451.015,1.5211298482293423,6.75,50,0.5
17481.0,United Kingdom,1,91.0,4,265.25,313.8975,1.183402450518379,9.95,69,0.25
17482.0,United Kingdom,1,92.0,2,120.5,389.095,3.2290041493775936,14.95,50,0.0
17483.0,United Kingdom,1,350.0,4,66.25,147.9325,2.2329433962264154,12.75,23,0.0
17484.0,United Kingdom,1,49.0,2,169.5,104.785,0.6182005899705014,12.75,14,0.0
17486.0,United Kingdom,1,1.0,1,191.0,396.87,2.0778534031413614,9.95,24,0.0
17487.0,United Kingdom,1,1.0,1,37.0,160.55,4.33918918918919,19.95,8,0.0
17488.0,United Kingdom,1,1.0,1,136.0,336.5,2.474264705882353,5.95,18,0.0
17489.0,United Kingdom,1,155.0,2,214.0,188.32,0.88,3.75,28,0.0
17490.0,United Kingdom,1,570.0,9,170.11111111111111,305.6111111111111,1.7965382103200522,10.95,93,0.4444444444444444
17491.0,United Kingdom,1,590.0,17,197.76470588235293,332.56882352941176,1.6816389054134444,16.95,105,0.058823529411764705
17492.0,United Kingdom,1,271.0,3,150.0,374.14000000000004,2.494266666666667,12.75,32,0.0
17493.0,United Kingdom,1,1.0,1,62.0,100.91000000000001,1.6275806451612904,5.95,8,0.0
17494.0,United Kingdom,1,1.0,1,26.0,54.699999999999996,2.1038461538461535,9.95,3,0.0
17495.0,United Kingdom,1,384.0,3,122.33333333333333,268.9066666666667,2.1981471389645777,12.75,38,0.3333333333333333
17496.0,United Kingdom,1,337.0,4,168.75,353.2225,2.0931703703703706,79.95,54,0.25
17497.0,United Kingdom,1,221.0,2,29.5,143.625,4.86864406779661,16.95,7,0.0
17498.0,United Kingdom,1,1.0,1,394.0,272.22,0.6909137055837564,4.95,17,0.0
17499.0,United Kingdom,1,273.0,2,543.0,670.695,1.2351657458563536,29.95,66,0.5
17500.0,United Kingdom,1,13.0,3,5.666666666666667,379.3333333333333,66.94117647058823,85.0,3,0.0
17501.0,United Kingdom,1,1.0,2,80.0,144.3,1.8037500000000002,12.75,18,0.0
17502.0,United Kingdom,1,21.0,4,94.0,172.275,1.832712765957447,12.75,25,0.0
17503.0,United Kingdom,1,37.0,2,243.0,279.48,1.1501234567901235,9.95,36,0.0
17504.0,United Kingdom,1,464.0,18,306.5,531.3955555555556,1.7337538517310134,16.95,244,0.05555555555555555
17505.0,United Kingdom,1,445.0,5,248.4,487.096,1.9609339774557166,15.95,83,0.0
17506.0,United Kingdom,1,1.0,1,139.0,302.2,2.17410071942446,6.25,14,1.0
17507.0,United Kingdom,1,49.0,2,179.5,302.79,1.6868523676880225,10.95,79,0.0
17508.0,Greece,1,453.0,8,361.375,572.40375,1.5839605672777584,14.95,199,0.125
17509.0,United Kingdom,1,7.0,8,441.75,764.3925,1.7303735144312395,5.95,75,0.375
17510.0,United Kingdom,1,397.0,2,211.0,257.28,1.219336492890995,12.75,28,0.0
17511.0,United Kingdom,1,736.0,60,1952.9,2868.8811666666666,1.4690363903254988,39.95,657,0.4166666666666667
17512.0,United Kingdom,1,702.0,18,301.8888888888889,303.76777777777784,1.0062237762237762,8.25,102,0.1111111111111111
17513.0,United Kingdom,1,408.0,3,146.66666666666666,386.26666666666665,2.6336363636363633,8.5,18,0.0
17514.0,United Kingdom,1,542.0,2,147.5,271.415,1.8401016949152544,8.5,72,0.0
17515.0,United Kingdom,1,520.0,9,58.666666666666664,179.71777777777777,3.063371212121212,49.95,91,0.0
17516.0,United Kingdom,1,364.0,6,87.83333333333333,159.59166666666667,1.8169829222011384,19.95,150,0.0
17517.0,United Kingdom,1,1.0,1,102.0,153.94,1.5092156862745099,12.75,11,0.0
17518.0,United Kingdom,1,197.0,2,133.5,164.71,1.2337827715355807,9.95,71,0.0
17519.0,United Kingdom,1,722.0,15,215.33333333333334,318.278,1.4780712074303406,79.95,142,0.13333333333333333
17520.0,United Kingdom,1,1.0,1,365.0,546.81,1.4981095890410958,15.95,30,0.0
17521.0,United Kingdom,1,406.0,5,161.2,255.612,1.585682382133995,24.95,65,0.2
17522.0,United Kingdom,1,218.0,5,206.8,214.142,1.0355029013539652,12.75,59,0.0
17523.0,United Kingdom,1,9.0,4,218.0,163.185,0.7485550458715596,16.95,25,0.0
17524.0,United Kingdom,1,78.0,3,120.66666666666667,179.71333333333334,1.4893370165745856,9.95,37,0.3333333333333333
17525.0,United Kingdom,1,70.0,3,112.66666666666667,387.3,3.437573964497042,7.95,19,0.0
17526.0,United Kingdom,1,719.0,12,120.16666666666667,328.27,2.7317891816920943,35.95,67,0.3333333333333333
17527.0,United Kingdom,1,166.0,4,122.0,234.8425,1.924938524590164,12.75,45,0.5
17528.0,United Kingdom,1,71.0,8,267.25,453.5625,1.6971468662301217,24.95,183,0.375
17529.0,United Kingdom,1,88.0,2,395.0,620.125,1.5699367088607594,19.95,78,0.0
17530.0,United Kingdom,1,733.0,12,147.58333333333334,236.73916666666665,1.6041050254093732,35.95,359,0.08333333333333333
17531.0,United Kingdom,1,429.0,3,157.33333333333334,422.2733333333333,2.6839406779661017,12.75,54,2.0
17532.0,United Kingdom,1,1.0,1,30.0,65.34,2.178,3.75,4,0.0
17533.0,United Kingdom,1,1.0,1,24.0,34.8,1.45,1.45,1,0.0
17534.0,United Kingdom,1,600.0,5,172.0,333.76599999999996,1.9405,12.75,76,0.0
17535.0,United Kingdom,1,1.0,1,136.0,164.4,1.2088235294117649,3.75,13,0.0
17536.0,United Kingdom,1,506.0,3,67.0,121.61,1.8150746268656717,12.75,16,0.0
17537.0,United Kingdom,1,275.0,2,350.0,448.81,1.2823142857142857,9.95,74,0.0
17538.0,United Kingdom,1,1.0,1,134.0,98.42,0.7344776119402985,4.15,9,0.0
17539.0,United Kingdom,1,110.0,4,186.75,306.6425,1.6419946452476573,16.95,132,0.75
17540.0,United Kingdom,1,576.0,6,98.0,265.1,2.705102040816327,8.5,41,0.16666666666666666
17541.0,United Kingdom,1,1.0,1,46.0,124.46,2.7056521739130432,9.95,31,0.0
17542.0,United Kingdom,1,373.0,3,108.0,113.89999999999999,1.0546296296296296,10.75,57,0.0
17543.0,United Kingdom,1,1.0,1,62.0,120.05,1.9362903225806452,8.5,13,0.0
17544.0,United Kingdom,1,1.0,3,146.33333333333334,320.23,2.188359908883827,24.95,80,0.0
17545.0,United Kingdom,1,535.0,6,122.16666666666667,241.42333333333332,1.9761800818553887,29.95,204,0.0
17547.0,United Kingdom,1,291.0,2,111.5,363.925,3.26390134529148,34.95,22,1.0
17548.0,United Kingdom,1,164.0,4,123.5,182.815,1.4802834008097165,5.95,22,0.5
17549.0,United Kingdom,1,29.0,2,105.0,74.43,0.708857142857143,7.95,5,0.0
17550.0,United Kingdom,1,474.0,9,109.88888888888889,283.0711111111111,2.5759757330637005,19.95,250,0.1111111111111111
17551.0,United Kingdom,1,1.0,1,150.0,306.84,2.0456,8.5,39,0.0
17552.0,United Kingdom,1,568.0,12,162.58333333333334,232.23083333333332,1.4283803177857508,10.65,78,0.3333333333333333
17553.0,United Kingdom,1,482.0,4,572.0,939.4,1.6423076923076922,4.95,2,0.0
17554.0,United Kingdom,1,148.0,5,352.6,390.49,1.1074588769143505,14.95,58,0.0
17555.0,United Kingdom,1,568.0,5,149.4,211.548,1.415983935742972,8.5,220,0.0
17556.0,United Kingdom,1,175.0,2,92.0,150.335,1.6340760869565218,14.95,13,0.0
17557.0,United Kingdom,1,719.0,4,77.5,143.865,1.8563225806451613,8.5,28,0.0
17558.0,United Kingdom,1,1.0,1,54.0,259.17,4.799444444444445,7.95,28,0.0
17559.0,United Kingdom,1,1.0,1,270.0,167.62,0.6208148148148148,1.65,12,0.0
17560.0,United Kingdom,1,567.0,9,178.22222222222223,210.64444444444445,1.181920199501247,12.75,37,0.0
17561.0,United Kingdom,1,715.0,4,99.0,180.585,1.8240909090909092,12.5,163,0.0
17562.0,United Kingdom,1,160.0,7,116.71428571428571,160.34,1.3737821297429622,4.95,48,0.14285714285714285
17563.0,United Kingdom,1,34.0,2,128.0,196.19,1.532734375,12.75,27,1.5
17564.0,United Kingdom,1,57.0,3,48.666666666666664,151.33666666666667,3.1096575342465753,9.95,38,0.0
17565.0,United Kingdom,1,1.0,1,67.0,131.83,1.9676119402985077,8.5,30,0.0
17566.0,United Kingdom,1,18.0,2,259.0,450.605,1.7397876447876448,14.95,113,0.0
17567.0,United Kingdom,1,435.0,9,323.1111111111111,537.5644444444445,1.663713892709766,12.75,128,0.2222222222222222
17568.0,United Kingdom,1,1.0,1,283.0,382.79,1.3526148409893994,5.95,61,0.0
17569.0,United Kingdom,1,1.0,1,159.0,344.14,2.1644025157232702,9.95,29,0.0
17570.0,United Kingdom,1,1.0,1,1.0,100.0,100.0,100.0,1,1.0
17571.0,United Kingdom,1,493.0,5,204.0,340.75,1.670343137254902,16.65,290,0.0
17572.0,United Kingdom,1,654.0,10,32.7,65.221,1.9945259938837923,9.95,14,0.0
17573.0,United Kingdom,1,65.0,3,102.66666666666667,126.86666666666667,1.2357142857142858,5.95,24,0.3333333333333333
17574.0,United Kingdom,1,1.0,1,77.0,185.65,2.4110389610389613,9.95,8,0.0
17575.0,United Kingdom,1,1.0,1,72.0,171.7,2.384722222222222,10.65,5,0.0
17576.0,United Kingdom,1,729.0,41,114.21951219512195,217.97951219512194,1.90842622250694,16.95,417,0.0975609756097561
17577.0,United Kingdom,1,24.0,2,89.5,174.375,1.9483240223463687,4.95,20,0.0
17578.0,United Kingdom,1,312.0,7,75.57142857142857,149.6185714285714,1.979829867674858,12.75,57,0.42857142857142855
17579.0,United Kingdom,1,575.0,4,93.75,188.32,2.0087466666666667,39.95,89,0.25
17580.0,United Kingdom,1,171.0,5,44.8,109.054,2.434241071428571,12.75,78,0.0
17581.0,United Kingdom,1,737.0,43,221.65116279069767,417.929534883721,1.8855282761515058,195.0,387,0.23255813953488372
17582.0,United Kingdom,1,388.0,5,121.2,290.14,2.393894389438944,12.75,92,0.2
17583.0,United Kingdom,1,1.0,1,55.0,135.95,2.4718181818181817,4.65,7,0.0
17584.0,United Kingdom,1,677.0,6,410.6666666666667,884.9033333333333,2.154797077922078,19.95,85,0.16666666666666666
17585.0,United Kingdom,1,370.0,7,362.7142857142857,299.04285714285714,0.824458448207956,19.95,295,0.0
17586.0,United Kingdom,1,1.0,1,68.0,167.4,2.461764705882353,6.75,8,0.0
17587.0,United Kingdom,1,1.0,1,68.0,181.66,2.671470588235294,12.75,42,0.0
17588.0,United Kingdom,1,538.0,7,197.0,419.9357142857143,2.131653372008702,8.95,35,0.2857142857142857
17589.0,United Kingdom,1,583.0,18,488.22222222222223,780.5483333333334,1.598756258534365,35.95,601,0.16666666666666666
17590.0,United Kingdom,1,39.0,3,276.0,493.0733333333333,1.7864975845410629,16.95,162,0.0
17591.0,United Kingdom,1,619.0,8,130.0,296.25875,2.278913461538462,45.95,93,0.125
17592.0,United Kingdom,1,1.0,1,38.0,148.3,3.9026315789473687,6.35,13,1.0
17593.0,United Kingdom,1,733.0,11,509.72727272727275,735.9818181818182,1.4438737292669876,14.95,311,0.36363636363636365
17594.0,United Kingdom,1,520.0,4,342.0,624.47,1.8259356725146199,12.75,70,0.0
17595.0,United Kingdom,1,26.0,2,114.5,194.395,1.6977729257641923,9.95,68,0.0
17596.0,United Kingdom,1,702.0,13,545.3076923076923,348.3115384615385,0.63874312314854,12.75,274,0.07692307692307693
17597.0,United Kingdom,1,371.0,5,443.0,696.818,1.5729525959367947,39.95,109,0.4
17598.0,United Kingdom,1,1.0,1,126.0,409.98,3.253809523809524,7.65,10,0.0
17599.0,United Kingdom,1,1.0,1,11.0,52.05,4.7318181818181815,6.75,3,2.0
17600.0,United Kingdom,1,1.0,1,144.0,161.67000000000002,1.1227083333333334,16.65,13,0.0
17601.0,United Kingdom,1,142.0,2,149.5,210.73999999999998,1.4096321070234112,9.95,69,0.0
17602.0,United Kingdom,1,618.0,14,424.0,532.2235714285714,1.2552442722371968,39.95,450,0.2857142857142857
17603.0,United Kingdom,1,652.0,4,160.0,448.37,2.8023125,125.0,104,1.75
17604.0,United Kingdom,1,465.0,6,102.66666666666667,157.655,1.5356006493506495,8.5,142,0.0
17605.0,United Kingdom,1,1.0,1,71.0,160.75,2.2640845070422535,8.5,13,0.0
17606.0,United Kingdom,1,1.0,1,42.0,87.30000000000001,2.0785714285714287,2.95,6,0.0
17607.0,United Kingdom,1,1.0,1,269.0,333.81,1.2409293680297397,12.75,22,0.0
17608.0,United Kingdom,1,575.0,4,134.75,124.6325,0.9249165120593692,4.95,134,0.0
17609.0,United Kingdom,1,570.0,11,120.45454545454545,172.21272727272728,1.4296905660377357,16.95,317,0.2727272727272727
17610.0,United Kingdom,1,194.0,5,180.4,305.898,1.6956651884700664,18.95,114,0.6
17611.0,United Kingdom,1,732.0,28,191.28571428571428,298.9992857142857,1.5631030619865571,16.95,722,0.25
17612.0,United Kingdom,1,670.0,18,195.61111111111111,299.71444444444444,1.532195399034365,14.95,213,0.7777777777777778
17613.0,United Kingdom,1,284.0,14,178.28571428571428,325.65357142857147,1.8265825320512823,12.75,211,0.21428571428571427
17614.0,United Kingdom,1,1.0,1,238.0,390.07,1.6389495798319327,12.75,97,0.0
17615.0,United Kingdom,1,356.0,6,64.33333333333333,122.2,1.8994818652849743,12.75,47,0.16666666666666666
17616.0,United Kingdom,1,279.0,4,72.0,183.6,2.55,2.55,1,0.0
17617.0,United Kingdom,1,1.0,1,255.0,395.33,1.550313725490196,7.49,18,1.0
17618.0,United Kingdom,1,680.0,11,165.45454545454547,370.29454545454547,2.2380439560439562,39.95,202,0.18181818181818182
17619.0,United Kingdom,1,1.0,1,127.0,218.52,1.7206299212598426,7.95,71,0.0
17620.0,United Kingdom,1,1.0,1,60.0,81.44,1.3573333333333333,8.5,4,0.0
17621.0,United Kingdom,1,411.0,6,185.0,529.1866666666666,2.8604684684684685,10.95,61,0.3333333333333333
17622.0,United Kingdom,1,2.0,2,189.5,565.105,2.982084432717678,9.95,19,0.5
17623.0,United Kingdom,1,694.0,7,114.42857142857143,340.5242857142857,2.9758676654182272,19.95,130,0.0
17624.0,United Kingdom,1,706.0,4,239.5,392.1575,1.637400835073069,21.95,91,0.0
17625.0,United Kingdom,1,707.0,8,443.875,758.475,1.7087580963108984,12.75,429,0.0
17626.0,United Kingdom,1,1.0,1,202.0,254.0,1.2574257425742574,9.95,18,0.0
17627.0,United Kingdom,1,1.0,1,676.0,296.36,0.4384023668639053,5.95,10,1.0
17628.0,United Kingdom,1,1.0,1,79.0,75.75,0.9588607594936709,5.45,5,0.0
17629.0,United Kingdom,1,417.0,10,190.3,245.552,1.2903415659485022,16.95,129,0.1
17630.0,United Kingdom,1,64.0,2,79.0,251.79999999999998,3.1873417721518984,39.95,24,0.0
17631.0,United Kingdom,1,730.0,7,84.42857142857143,142.64142857142858,1.689492385786802,16.95,66,0.0
17633.0,United Kingdom,1,359.0,7,128.42857142857142,293.91285714285715,2.2885317018909896,10.95,84,0.2857142857142857
17634.0,United Kingdom,1,302.0,9,93.33333333333333,262.4411111111111,2.811869047619048,14.95,209,0.0
17635.0,United Kingdom,1,167.0,3,256.6666666666667,421.85999999999996,1.6436103896103895,34.95,60,0.3333333333333333
17636.0,United Kingdom,1,1.0,1,182.0,285.56,1.5690109890109891,6.25,20,1.0
17637.0,United Kingdom,1,85.0,2,140.0,273.53000000000003,1.9537857142857145,12.75,35,0.0
17638.0,United Kingdom,1,75.0,2,216.0,421.2,1.95,1.95,2,0.0
17639.0,United Kingdom,1,208.0,6,96.0,102.52833333333332,1.0680034722222222,12.75,59,0.0
17640.0,United Kingdom,1,541.0,6,282.0,528.1566666666666,1.8728959810874706,12.75,48,0.3333333333333333
17642.0,United Kingdom,1,616.0,5,295.0,364.898,1.236942372881356,9.95,88,0.0
17643.0,United Kingdom,1,133.0,2,113.0,219.85,1.9455752212389381,10.95,30,0.0
17644.0,United Kingdom,1,661.0,20,173.45,301.43,1.737849524358605,14.95,160,0.4
17646.0,United Kingdom,1,505.0,12,109.0,324.89916666666664,2.9807262996941897,79.95,124,0.3333333333333333
17647.0,United Kingdom,1,605.0,3,27.333333333333332,110.55333333333333,4.044634146341463,16.95,12,0.0
17648.0,United Kingdom,1,326.0,5,190.8,443.274,2.323238993710692,12.75,114,0.2
17649.0,United Kingdom,1,335.0,3,241.0,526.2966666666667,2.1838035961272477,16.95,88,0.6666666666666666
17650.0,United Kingdom,1,1.0,1,150.0,166.08,1.1072000000000002,4.95,8,0.0
17651.0,United Kingdom,1,516.0,16,255.375,356.47,1.3958688203622125,12.75,198,0.375
17652.0,United Kingdom,1,257.0,12,209.08333333333334,405.6433333333334,1.9401036269430052,16.95,118,0.5
17653.0,United Kingdom,1,85.0,4,352.25,301.89,0.8570333569907735,20.8,44,0.25
17654.0,United Kingdom,1,1.0,1,41.0,117.55,2.8670731707317074,9.95,22,0.0
17655.0,United Kingdom,1,407.0,9,140.88888888888889,330.7088888888889,2.347302839116719,39.95,75,0.1111111111111111
17656.0,United Kingdom,1,56.0,5,279.8,334.938,1.1970621872766263,12.5,67,0.0
17657.0,United Kingdom,1,1.0,1,60.0,126.0,2.1,2.95,7,0.0
17658.0,United Kingdom,1,187.0,2,308.0,297.71,0.9665909090909091,12.75,17,0.5
17659.0,United Kingdom,1,370.0,14,125.14285714285714,256.21357142857147,2.0473687214611873,39.95,150,0.21428571428571427
17660.0,United Kingdom,1,597.0,2,134.0,179.735,1.3413059701492538,9.95,75,0.0
17662.0,United Kingdom,1,62.0,2,92.0,206.45999999999998,2.2441304347826083,7.49,14,0.0
17663.0,United Kingdom,1,621.0,17,135.11764705882354,304.4605882352941,2.253299956464954,79.95,153,0.35294117647058826
17664.0,United Kingdom,1,603.0,4,264.5,291.5575,1.102296786389414,12.75,68,0.0
17665.0,United Kingdom,1,1.0,1,690.0,563.1,0.8160869565217391,3.75,19,0.0
17666.0,United Kingdom,1,525.0,5,310.4,409.56,1.319458762886598,12.75,30,0.0
17667.0,United Kingdom,1,589.0,9,244.22222222222223,438.96666666666664,1.7974067333939945,12.75,140,0.3333333333333333
17668.0,United Kingdom,1,38.0,2,46.5,173.875,3.739247311827957,14.95,14,0.0
17669.0,United Kingdom,1,576.0,10,350.5,614.235,1.7524536376604851,7.49,85,0.0
17670.0,United Kingdom,1,1.0,1,110.0,205.7,1.8699999999999999,7.95,11,0.0
17671.0,United Kingdom,1,361.0,5,197.4,401.832,2.0356231003039515,14.95,54,0.4
17672.0,United Kingdom,1,633.0,7,394.0,825.5185714285715,2.0952248005801306,114.89,179,0.2857142857142857
17673.0,United Kingdom,1,630.0,13,256.7692307692308,325.65999999999997,1.2682983822648293,12.75,195,0.15384615384615385
17674.0,United Kingdom,1,295.0,2,336.0,275.52,0.82,2.25,19,0.0
17675.0,United Kingdom,1,729.0,70,231.14285714285714,537.7497142857143,2.3264820766378245,79.95,345,0.2857142857142857
17676.0,United Kingdom,1,616.0,10,177.4,246.51399999999998,1.3895941375422773,9.95,85,0.3
17677.0,United Kingdom,1,723.0,54,387.48148148148147,649.5612962962963,1.6763673293825272,16.95,346,0.6851851851851852
17678.0,United Kingdom,1,341.0,2,184.0,299.88,1.6297826086956522,19.95,27,0.5
17679.0,United Kingdom,1,685.0,7,250.71428571428572,511.08714285714285,2.0385242165242166,39.95,70,0.5714285714285714
17680.0,United Kingdom,1,489.0,3,51.666666666666664,165.81666666666666,3.2093548387096775,34.95,20,0.3333333333333333
17681.0,United Kingdom,1,97.0,5,90.0,146.23999999999998,1.6248888888888888,12.75,12,0.2
17682.0,United Kingdom,1,632.0,11,207.36363636363637,369.5709090909091,1.7822358614642702,15.95,85,0.09090909090909091
17683.0,United Kingdom,1,170.0,3,260.3333333333333,273.00333333333333,1.0486683738796414,12.75,41,0.0
17684.0,United Kingdom,1,1.0,1,145.0,239.41,1.651103448275862,10.95,15,0.0
17685.0,United Kingdom,1,651.0,12,293.5833333333333,457.5541666666666,1.5585154697700823,9.95,124,0.16666666666666666
17686.0,United Kingdom,1,527.0,9,398.1111111111111,921.8677777777777,2.3156042422550933,16.95,283,0.0
17687.0,United Kingdom,1,1.0,1,210.0,432.68,2.060380952380952,8.5,26,0.0
17688.0,United Kingdom,1,1.0,1,114.0,304.2,2.668421052631579,7.95,19,1.0
17689.0,United Kingdom,1,87.0,2,150.0,158.54,1.0569333333333333,1.65,17,0.0
17690.0,United Kingdom,1,645.0,20,147.2,349.995,2.3776834239130435,125.0,237,0.05
17691.0,United Kingdom,1,189.0,4,78.75,159.38750000000002,2.023968253968254,8.5,37,0.25
17692.0,United Kingdom,1,414.0,12,194.83333333333334,247.98333333333335,1.272797262617622,16.95,90,0.16666666666666666
17693.0,United Kingdom,1,1.0,1,231.0,200.47,0.8678354978354978,8.5,16,2.0
17694.0,United Kingdom,1,422.0,3,497.6666666666667,565.3233333333334,1.1359477561955793,5.95,54,0.0
17695.0,United Kingdom,1,550.0,5,361.8,349.20799999999997,0.9651962410171365,4.95,46,0.2
17696.0,United Kingdom,1,692.0,27,218.1851851851852,284.42925925925925,1.3036139874384656,14.95,191,0.7777777777777778
17697.0,United Kingdom,1,1.0,1,93.0,338.95,3.6446236559139784,12.75,19,0.0
17698.0,United Kingdom,1,1.0,1,93.0,154.95,1.6661290322580644,5.95,8,0.0
17699.0,United Kingdom,1,86.0,2,104.0,221.0,2.125,12.75,17,0.0
17700.0,United Kingdom,1,723.0,14,247.78571428571428,477.1407142857143,1.9256183338137793,125.0,259,0.21428571428571427
17701.0,United Kingdom,1,1.0,1,109.0,417.95,3.8344036697247708,12.75,24,0.0
17702.0,United Kingdom,1,371.0,6,358.8333333333333,524.0066666666667,1.4603065490013933,14.95,120,0.5
17703.0,United Kingdom,1,384.0,4,224.25,273.71,1.2205574136008919,4.15,63,0.0
17704.0,United Kingdom,1,72.0,2,171.5,442.595,2.580728862973761,10.95,27,0.0
17705.0,United Kingdom,1,574.0,11,118.27272727272727,189.44545454545457,1.6017678708685628,9.95,74,0.09090909090909091
17706.0,United Kingdom,1,686.0,31,252.38709677419354,653.9403225806452,2.591021216768916,49.95,408,0.3870967741935484
17707.0,United Kingdom,1,548.0,8,68.25,76.16250000000001,1.115934065934066,2.95,9,0.125
17708.0,United Kingdom,1,237.0,4,97.0,221.98250000000002,2.2884793814432993,8.5,57,0.0
17709.0,United Kingdom,1,435.0,5,59.0,134.202,2.2746101694915253,49.95,37,0.0
17710.0,United Kingdom,1,1.0,1,158.0,293.5,1.8575949367088607,16.95,20,0.0
17711.0,United Kingdom,1,280.0,2,123.0,192.55,1.5654471544715447,7.65,22,0.0
17712.0,United Kingdom,1,1.0,1,215.0,522.91,2.4321395348837207,39.95,29,0.0
17713.0,United Kingdom,1,167.0,4,247.25,299.5225,1.2114155712841252,24.95,55,0.0
17714.0,United Kingdom,1,194.0,5,121.6,282.036,2.319375,18.95,69,0.8
17715.0,United Kingdom,1,393.0,2,288.0,244.79999999999998,0.85,0.85,1,0.0
17716.0,United Kingdom,1,716.0,24,367.4583333333333,664.87375,1.8093854178478286,18.95,334,0.125
17717.0,United Kingdom,1,1.0,1,344.0,376.92,1.0956976744186047,9.95,26,0.0
17718.0,United Kingdom,1,413.0,2,137.0,219.59,1.6028467153284671,12.75,22,0.5
17719.0,United Kingdom,1,219.0,15,164.4,359.736,2.1881751824817517,24.95,111,0.2
17720.0,United Kingdom,1,553.0,10,158.9,266.691,1.678357457520453,39.95,81,0.2
17721.0,United Kingdom,1,1.0,1,107.0,307.21,2.8711214953271025,7.49,11,0.0
17722.0,United Kingdom,1,280.0,5,482.4,704.0440000000001,1.4594610281923717,16.95,163,0.4
17723.0,United Kingdom,1,249.0,7,130.28571428571428,482.6285714285715,3.7043859649122814,4.95,6,0.0
17724.0,United Kingdom,1,68.0,3,100.0,344.3333333333333,3.4433333333333334,12.75,38,0.3333333333333333
17725.0,United Kingdom,1,252.0,11,196.54545454545453,312.64363636363635,1.5906938020351526,16.65,115,0.2727272727272727
17726.0,United Kingdom,1,288.0,7,63.42857142857143,156.00857142857143,2.4595945945945945,12.75,52,0.14285714285714285
17727.0,United Kingdom,1,1.0,1,645.0,1060.25,1.6437984496124032,12.5,66,1.0
17728.0,United Kingdom,1,451.0,5,429.2,847.7520000000001,1.9751910531220878,16.95,196,0.6
17729.0,United Kingdom,1,1.0,1,247.0,438.65000000000003,1.7759109311740893,16.95,23,0.0
17730.0,United Kingdom,1,587.0,20,265.0,388.69,1.4667547169811321,9.95,177,0.15
17731.0,United Kingdom,1,590.0,6,117.83333333333333,284.83166666666665,2.417241867043847,16.95,82,0.16666666666666666
17732.0,United Kingdom,1,116.0,8,132.25,270.8025,2.04765595463138,21.95,90,0.25
17733.0,United Kingdom,1,224.0,2,231.5,346.095,1.4950107991360693,14.95,33,0.0
17734.0,United Kingdom,1,590.0,6,123.5,240.38666666666666,1.9464507422402157,16.95,76,0.0
17735.0,United Kingdom,1,496.0,26,410.88461538461536,645.7819230769231,1.5716867920995976,165.0,391,0.11538461538461539
17736.0,United Kingdom,1,105.0,3,79.33333333333333,125.81333333333333,1.5858823529411765,39.95,24,0.3333333333333333
17737.0,United Kingdom,1,50.0,2,54.0,84.12,1.557777777777778,4.95,8,0.0
17738.0,United Kingdom,1,612.0,13,213.53846153846155,321.81230769230774,1.5070461095100867,16.95,173,0.15384615384615385
17739.0,United Kingdom,1,722.0,18,129.72222222222223,429.4772222222222,3.310745182012848,12.75,56,0.1111111111111111
17740.0,United Kingdom,1,309.0,6,37.0,71.14999999999999,1.9229729729729728,3.75,5,0.0
17741.0,United Kingdom,1,155.0,2,57.0,50.55,0.8868421052631579,1.95,6,0.0
17742.0,United Kingdom,1,626.0,11,59.36363636363637,190.7709090909091,3.2135987748851456,45.95,52,0.0
17743.0,United Kingdom,1,1.0,1,96.0,229.2,2.3874999999999997,2.95,3,1.0
17744.0,United Kingdom,1,378.0,7,546.5714285714286,378.4485714285714,0.6924046001045479,3.95,121,0.14285714285714285
17745.0,United Kingdom,1,79.0,2,82.0,300.17,3.660609756097561,19.95,27,0.0
17746.0,United Kingdom,1,371.0,4,172.0,226.04500000000002,1.3142151162790698,12.75,32,0.75
17747.0,United Kingdom,1,1.0,1,12.0,71.4,5.95,5.95,1,1.0
17748.0,United Kingdom,1,1.0,1,111.0,358.15,3.2265765765765764,12.75,17,0.0
17749.0,United Kingdom,1,369.0,3,148.66666666666666,342.06,2.30085201793722,15.95,52,0.0
17750.0,United Kingdom,1,160.0,9,439.6666666666667,199.73,0.45427596664139497,3.29,101,0.0
17751.0,United Kingdom,1,1.0,1,147.0,157.85999999999999,1.0738775510204082,12.75,31,0.0
17752.0,United Kingdom,1,1.0,1,192.0,80.64,0.42,0.42,1,0.0
17753.0,United Kingdom,1,239.0,4,32.0,97.64,3.05125,9.95,63,0.25
17754.0,United Kingdom,1,729.0,13,341.61538461538464,352.11769230769227,1.0307430758838099,8.5,185,0.23076923076923078
17756.0,United Kingdom,1,20.0,3,133.33333333333334,244.5666666666667,1.8342500000000002,10.75,54,0.0
17757.0,United Kingdom,1,695.0,56,89.69642857142857,163.03571428571428,1.8176388612383039,12.75,362,0.07142857142857142
17758.0,United Kingdom,1,550.0,12,269.6666666666667,417.7108333333333,1.5489894932014832,15.95,403,0.0
17759.0,United Kingdom,1,567.0,5,195.2,255.382,1.3083094262295083,12.75,114,0.0
17760.0,United Kingdom,1,629.0,6,88.5,124.39833333333333,1.4056308851224104,12.75,58,0.16666666666666666
17761.0,United Kingdom,1,1.0,1,398.0,712.78,1.7909045226130653,10.95,19,0.0
17762.0,United Kingdom,1,1.0,1,129.0,129.75,1.005813953488372,4.25,16,0.0
17763.0,United Kingdom,1,397.0,4,10.25,21.5375,2.1012195121951223,9.95,11,0.25
17764.0,United Kingdom,1,687.0,5,145.8,324.728,2.22721536351166,16.95,126,0.0
17765.0,United Kingdom,1,291.0,4,49.25,132.7,2.694416243654822,39.95,71,0.0
17766.0,United Kingdom,1,1.0,2,77.5,149.805,1.932967741935484,9.95,21,0.0
17767.0,United Kingdom,1,396.0,2,99.0,206.525,2.0861111111111112,8.25,35,0.0
17768.0,United Kingdom,1,730.0,7,347.57142857142856,501.35857142857145,1.4424619810933006,15.95,134,0.14285714285714285
17769.0,United Kingdom,1,678.0,17,186.8235294117647,417.82823529411763,2.236486146095718,16.65,330,0.23529411764705882
17770.0,United Kingdom,1,85.0,5,73.0,228.654,3.1322465753424655,12.75,33,0.0
17771.0,United Kingdom,1,534.0,4,93.25,96.8525,1.038632707774799,16.95,63,0.0
17772.0,United Kingdom,1,383.0,3,40.666666666666664,128.25666666666666,3.1538524590163934,14.95,94,0.0
17773.0,United Kingdom,1,177.0,2,130.0,292.635,2.2510384615384615,9.95,48,0.0
17774.0,United Kingdom,1,574.0,9,178.77777777777777,369.78333333333336,2.0683965195773775,15.95,286,0.4444444444444444
17775.0,United Kingdom,1,1.0,1,72.0,56.4,0.7833333333333333,0.85,3,0.0
17776.0,United Kingdom,1,338.0,2,138.5,169.28,1.2222382671480145,16.95,74,0.5
17777.0,United Kingdom,1,77.0,3,169.0,221.95333333333335,1.3133333333333335,9.95,141,0.0
17778.0,United Kingdom,1,1.0,1,214.0,197.70000000000002,0.9238317757009347,3.75,10,0.0
17779.0,United Kingdom,1,123.0,3,132.33333333333334,219.52333333333334,1.6588664987405544,12.5,73,0.6666666666666666
17780.0,United Kingdom,1,18.0,3,52.666666666666664,117.63666666666667,2.233607594936709,8.5,76,0.0
17781.0,United Kingdom,1,95.0,2,17.0,94.01,5.53,12.75,12,0.0
17782.0,United Kingdom,1,1.0,2,269.0,339.51,1.2621189591078066,3.75,29,0.0
17783.0,United Kingdom,1,441.0,3,146.33333333333334,126.63666666666667,0.8653986332574033,8.5,91,0.0
17784.0,United Kingdom,1,1.0,1,72.0,112.86,1.5675,12.75,19,0.0
17785.0,United Kingdom,1,513.0,3,75.66666666666667,134.46,1.7770044052863436,12.75,48,0.0
17786.0,United Kingdom,1,233.0,2,100.0,139.37,1.3937,8.5,57,0.0
17787.0,United Kingdom,1,220.0,4,227.5,466.2975,2.049659340659341,12.75,94,0.0
17788.0,United Kingdom,1,57.0,2,105.5,558.95,5.298104265402844,8.5,3,0.0
17789.0,United Kingdom,1,381.0,2,99.5,198.575,1.9957286432160803,12.75,27,0.0
17790.0,United Kingdom,1,519.0,20,69.45,139.1805,2.0040388768898487,16.95,188,0.0
17791.0,United Kingdom,1,1.0,1,46.0,106.1,2.3065217391304347,4.95,10,0.0
17792.0,United Kingdom,1,12.0,2,75.5,185.025,2.450662251655629,12.75,45,0.0
17793.0,United Kingdom,1,1.0,1,232.0,323.04,1.3924137931034484,16.95,49,0.0
17794.0,United Kingdom,1,3.0,2,23.0,73.65,3.2021739130434783,6.75,7,0.0
17795.0,United Kingdom,1,86.0,2,170.5,175.195,1.0275366568914956,16.95,43,0.0
17796.0,United Kingdom,1,382.0,7,50.142857142857146,178.19142857142856,3.5536752136752137,12.75,149,0.0
17797.0,United Kingdom,1,703.0,8,136.25,248.23375000000001,1.8218990825688075,14.95,222,0.0
17798.0,United Kingdom,1,1.0,1,142.0,183.09,1.2893661971830985,6.35,43,0.0
17799.0,United Kingdom,1,705.0,20,185.35,317.09450000000004,1.7107876989479365,16.95,478,0.15
17800.0,United Kingdom,1,298.0,9,81.77777777777777,133.22333333333333,1.6290896739130434,9.95,51,0.0
17801.0,United Kingdom,1,241.0,3,279.3333333333333,266.10999999999996,0.9526610978520286,6.75,66,0.3333333333333333
17802.0,United Kingdom,1,645.0,10,271.1,495.29200000000003,1.8269715971966065,12.75,283,0.6
17803.0,United Kingdom,1,1.0,1,98.0,184.66,1.8842857142857143,12.75,27,0.0
17804.0,United Kingdom,1,363.0,3,65.0,128.41,1.9755384615384617,12.75,82,0.3333333333333333
17805.0,United Kingdom,1,538.0,2,563.0,463.515,0.8232948490230906,3.75,10,0.0
17806.0,United Kingdom,1,1.0,1,727.0,546.04,0.7510866574965611,4.95,43,0.0
17807.0,United Kingdom,1,310.0,3,87.33333333333333,145.95666666666668,1.671259541984733,19.95,88,0.0
17808.0,United Kingdom,1,34.0,4,35.75,65.66,1.8366433566433567,12.75,29,0.0
17809.0,United Kingdom,1,722.0,20,149.75,504.29449999999997,3.367575959933222,8.49,59,0.2
17810.0,United Kingdom,1,16.0,2,59.5,187.405,3.1496638655462186,29.95,51,0.5
17811.0,United Kingdom,1,442.0,47,113.34042553191489,204.46382978723403,1.8039797259245351,19.95,538,0.2765957446808511
17812.0,United Kingdom,1,519.0,7,66.85714285714286,135.47714285714287,2.0263675213675216,24.95,162,0.0
17813.0,United Kingdom,1,58.0,5,158.0,354.17600000000004,2.241620253164557,35.95,297,0.4
17814.0,United Kingdom,1,48.0,2,720.0,808.66,1.123138888888889,10.95,112,0.0
17815.0,United Kingdom,1,1.0,1,612.0,591.96,0.9672549019607843,1.65,13,0.0
17816.0,United Kingdom,1,689.0,6,13.333333333333334,16.018333333333334,1.201375,2.95,41,0.0
17817.0,United Kingdom,1,419.0,6,60.833333333333336,134.64166666666668,2.2132876712328766,195.0,115,0.16666666666666666
17818.0,United Kingdom,1,1.0,1,90.0,130.18,1.4464444444444444,4.95,42,0.0
17819.0,United Kingdom,1,656.0,12,134.16666666666666,501.75416666666666,3.7397826086956525,15.95,66,0.08333333333333333
17820.0,United Kingdom,1,1.0,1,112.0,183.56,1.6389285714285715,14.95,39,2.0
17821.0,United Kingdom,1,1.0,1,162.0,334.62,2.0655555555555556,4.95,6,0.0
17822.0,United Kingdom,1,141.0,5,277.8,437.7,1.5755939524838012,16.95,152,0.0
17823.0,United Kingdom,1,1.0,2,131.0,247.125,1.8864503816793894,16.95,88,0.0
17824.0,United Kingdom,1,1.0,1,408.0,298.4,0.7313725490196078,3.75,13,0.0
17825.0,United Kingdom,1,128.0,4,135.0,182.99,1.3554814814814815,5.95,24,0.0
17826.0,United Kingdom,1,1.0,1,85.0,134.59,1.5834117647058823,7.95,33,0.0
17827.0,United Kingdom,1,617.0,6,265.3333333333333,398.0083333333334,1.500031407035176,12.75,240,0.16666666666666666
17828.0,Malta,1,163.0,4,166.75,455.0225,2.7287706146926536,65.0,54,1.25
17829.0,United Arab Emirates,1,358.0,5,601.8,951.348,1.5808374875373878,12.75,121,0.2
17830.0,United Kingdom,1,288.0,3,30.666666666666668,132.9,4.333695652173913,12.75,18,0.0
17831.0,United Kingdom,1,1.0,1,12.0,35.400000000000006,2.9500000000000006,2.95,2,0.0
17832.0,United Kingdom,1,1.0,1,208.0,155.37,0.7469711538461539,5.95,61,0.0
17833.0,United Kingdom,1,1.0,1,145.0,342.36,2.361103448275862,8.95,28,0.0
17834.0,United Kingdom,1,32.0,2,343.5,365.235,1.0632751091703057,39.95,54,0.0
17835.0,United Kingdom,1,22.0,3,116.0,116.88,1.0075862068965518,7.95,45,0.0
17836.0,United Kingdom,1,1.0,1,88.0,110.21,1.2523863636363635,2.95,23,0.0
17837.0,United Kingdom,1,122.0,8,64.75,199.1725,3.076023166023166,16.95,110,0.25
17838.0,United Kingdom,1,605.0,13,276.84615384615387,445.18,1.6080411225340372,125.0,141,0.15384615384615385
17839.0,United Kingdom,1,1.0,1,285.0,338.8,1.1887719298245614,5.95,50,0.0
17840.0,United Kingdom,1,1.0,1,138.0,185.72,1.3457971014492753,9.95,44,0.0
17841.0,United Kingdom,1,737.0,211,175.23696682464455,328.6374881516587,1.8753890466531438,45.95,2116,0.3696682464454976
17842.0,United Kingdom,1,1.0,1,89.0,430.69,4.839213483146067,10.95,18,0.0
17843.0,United Kingdom,1,109.0,2,138.0,163.115,1.1819927536231885,8.95,58,0.0
17844.0,Canada,1,1.0,1,52.0,51.56,0.9915384615384616,1.25,5,0.0
17845.0,United Kingdom,1,22.0,4,49.0,149.5475,3.0519897959183675,19.95,42,0.0
17846.0,United Kingdom,1,1.0,1,1.0,2033.1,2033.1,2033.1,1,0.0
17847.0,United Kingdom,1,131.0,2,14.5,64.84500000000001,4.472068965517242,8.5,9,0.0
17848.0,United Kingdom,1,653.0,30,47.93333333333333,121.69666666666667,2.5388734353268427,49.95,105,0.03333333333333333
17849.0,United Kingdom,1,418.0,8,28.0,132.97,4.748928571428571,39.95,24,0.0
17850.0,United Kingdom,1,363.0,155,135.81935483870967,330.3798064516129,2.432494299828995,35.75,100,0.025806451612903226
17851.0,United Kingdom,1,315.0,6,156.33333333333334,260.5566666666667,1.6666737739872068,14.95,185,0.0
17852.0,United Kingdom,1,721.0,5,75.2,132.642,1.7638563829787235,9.95,82,0.0
17853.0,United Kingdom,1,330.0,3,209.0,536.0633333333334,2.5648963317384372,12.75,84,0.0
17854.0,United Kingdom,1,547.0,6,101.66666666666667,178.57500000000002,1.7564754098360655,15.95,113,0.0
17855.0,United Kingdom,1,1.0,1,197.0,208.97,1.060761421319797,9.95,17,0.0
17856.0,United Kingdom,1,281.0,4,210.5,354.5075,1.6841211401425178,15.0,12,0.5
17857.0,United Kingdom,1,638.0,24,829.4166666666666,1139.46,1.3738089018386417,250.0,21,0.08333333333333333
17858.0,United Kingdom,1,729.0,30,179.86666666666667,418.2133333333333,2.3251297257227574,30.0,173,0.06666666666666667
17859.0,United Kingdom,1,1.0,1,127.0,148.21,1.1670078740157481,4.95,23,0.0
17860.0,United Kingdom,1,361.0,4,178.25,190.685,1.0697615708274895,12.75,127,0.0
17861.0,United Kingdom,1,727.0,18,254.11111111111111,284.87166666666667,1.1210515959772627,16.95,329,0.2222222222222222
17862.0,United Kingdom,1,241.0,4,110.75,319.7725,2.8873363431151238,16.95,90,0.0
17863.0,United Kingdom,1,594.0,12,389.6666666666667,446.70666666666665,1.1463815226689478,12.75,154,0.0
17864.0,United Kingdom,1,416.0,5,224.2,184.864,0.824549509366637,8.5,93,0.0
17865.0,United Kingdom,1,709.0,46,282.2826086956522,573.356304347826,2.031142857142857,16.95,391,0.34782608695652173
17866.0,United Kingdom,1,584.0,3,178.33333333333334,378.31666666666666,2.1214018691588787,12.75,20,0.3333333333333333
17867.0,United Kingdom,1,708.0,15,44.8,108.08533333333335,2.412619047619048,45.95,119,0.3333333333333333
17868.0,United Kingdom,1,1.0,1,91.0,234.65,2.5785714285714287,9.95,18,0.0
17869.0,United Kingdom,1,441.0,7,70.42857142857143,117.4057142857143,1.6670182555780935,39.95,72,0.0
17870.0,United Kingdom,1,380.0,13,134.53846153846155,213.98076923076923,1.5904802744425386,16.95,215,0.07692307692307693
17871.0,United Kingdom,1,490.0,5,142.6,223.798,1.5694109396914446,14.95,64,0.0
17872.0,United Kingdom,1,1.0,1,176.0,235.87,1.3401704545454545,6.75,15,0.0
17873.0,United Kingdom,1,644.0,18,232.38888888888889,350.04055555555556,1.5062706191728426,129.38,65,0.1111111111111111
17874.0,United Kingdom,1,71.0,6,36.833333333333336,113.91000000000001,3.0925791855203624,16.95,37,0.16666666666666666
17875.0,United Kingdom,1,1.0,1,98.0,167.1,1.7051020408163264,6.75,25,0.0
17876.0,United Kingdom,1,277.0,3,652.6666666666666,1141.34,1.7487334014300306,2.55,3,0.0
17877.0,United Kingdom,1,1.0,1,98.0,237.61,2.424591836734694,9.95,12,0.0
17878.0,United Kingdom,1,353.0,3,346.0,470.77666666666664,1.360626204238921,9.95,82,0.0
17879.0,United Kingdom,1,1.0,1,45.0,178.51999999999998,3.9671111111111106,7.95,6,0.0
17880.0,United Kingdom,1,367.0,3,155.33333333333334,274.97333333333336,1.7702145922746784,7.95,43,0.0
17881.0,United Kingdom,1,1.0,1,32.0,133.35000000000002,4.167187500000001,5.95,8,0.0
17882.0,United Kingdom,1,1.0,2,67.0,156.73,2.3392537313432835,9.95,47,0.0
17883.0,United Kingdom,1,650.0,7,68.71428571428571,142.2642857142857,2.0703742203742204,12.75,155,0.14285714285714285
17884.0,United Kingdom,1,733.0,20,142.6,137.4135,0.9636290322580645,10.95,305,0.15
17885.0,United Kingdom,1,1.0,1,167.0,190.19,1.1388622754491018,8.5,50,0.0
17886.0,United Kingdom,1,559.0,6,120.83333333333333,268.06333333333333,2.218455172413793,29.95,138,0.16666666666666666
17887.0,United Kingdom,1,1.0,1,30.0,111.35,3.7116666666666664,19.95,10,0.0
17888.0,United Kingdom,1,698.0,25,61.76,72.8176,1.179041450777202,12.75,145,0.24
17889.0,United Kingdom,1,407.0,7,59.57142857142857,110.69571428571429,1.858201438848921,12.75,97,0.0
17890.0,United Kingdom,1,40.0,2,208.0,301.045,1.4473317307692308,12.75,88,0.0
17891.0,United Kingdom,1,1.0,1,393.0,203.85999999999999,0.5187277353689567,2.95,34,0.0
17892.0,United Kingdom,1,100.0,3,36.333333333333336,81.36666666666666,2.2394495412844035,12.75,27,0.0
17893.0,United Kingdom,1,1.0,1,161.0,112.25,0.6972049689440993,9.95,15,0.0
17894.0,United Kingdom,1,399.0,18,54.5,130.36722222222224,2.392059123343527,19.95,215,0.1111111111111111
17895.0,United Kingdom,1,1.0,1,130.0,98.0,0.7538461538461538,8.25,15,0.0
17896.0,United Kingdom,1,1.0,1,288.0,256.32,0.89,1.06,2,0.0
17897.0,United Kingdom,1,405.0,9,98.55555555555556,238.93111111111114,2.424329199549042,39.95,211,0.1111111111111111
17898.0,United Kingdom,1,483.0,4,62.75,74.795,1.1919521912350597,15.95,48,0.0
17899.0,United Kingdom,1,1.0,1,171.0,155.8,0.9111111111111112,16.95,29,0.0
17900.0,United Kingdom,1,1.0,2,36.5,56.099999999999994,1.5369863013698628,15.0,4,1.0
17901.0,United Kingdom,1,493.0,3,12.666666666666666,86.69333333333333,6.844210526315789,19.95,22,0.0
17902.0,United Kingdom,1,1.0,1,526.0,216.4,0.4114068441064639,3.75,24,0.0
17903.0,United Kingdom,1,1.0,1,142.0,381.09000000000003,2.6837323943661975,8.5,44,0.0
17904.0,United Kingdom,1,1.0,1,63.0,191.67,3.042380952380952,12.75,33,1.0
17905.0,United Kingdom,1,610.0,13,100.07692307692308,167.82846153846154,1.6769946195234435,125.0,129,0.07692307692307693
17906.0,United Kingdom,1,1.0,1,26.0,72.9,2.803846153846154,16.95,12,0.0
17907.0,United Kingdom,1,1.0,1,1046.0,291.76,0.27892925430210325,7.49,13,0.0
17908.0,United Kingdom,1,353.0,5,136.6,233.652,1.7104831625183017,39.95,178,0.4
17909.0,United Kingdom,1,1.0,1,41.0,132.55,3.232926829268293,12.75,8,0.0
17910.0,United Kingdom,1,1.0,1,121.0,261.7,2.162809917355372,7.95,25,0.0
17911.0,United Kingdom,1,1.0,1,223.0,366.23,1.6422869955156951,8.5,39,0.0
17912.0,United Kingdom,1,66.0,6,36.0,62.583333333333336,1.7384259259259258,12.75,48,0.16666666666666666
17913.0,United Kingdom,1,679.0,14,124.64285714285714,248.54571428571427,1.9940630372492836,12.75,224,0.0
17914.0,United Kingdom,1,1.0,1,473.0,336.43,0.7112684989429175,9.95,72,0.0
17915.0,United Kingdom,1,1.0,1,191.0,242.13,1.267696335078534,10.75,27,0.0
17916.0,United Kingdom,1,106.0,2,45.0,21.935,0.4874444444444444,3.75,15,0.0
17917.0,United Kingdom,1,318.0,3,62.333333333333336,113.75999999999999,1.8250267379679144,16.95,77,0.0
17918.0,United Kingdom,1,6.0,3,117.33333333333333,132.13,1.1261079545454544,7.95,34,0.0
17919.0,United Kingdom,1,351.0,2,726.0,920.16,1.2674380165289256,9.95,37,0.0
17920.0,United Kingdom,1,730.0,54,228.96296296296296,440.38055555555553,1.923370268521514,16.95,715,0.037037037037037035
17921.0,United Kingdom,1,449.0,10,100.2,242.35,2.4186626746506987,29.95,230,0.2
17922.0,United Kingdom,1,1.0,1,49.0,170.4,3.477551020408163,8.5,8,0.0
17923.0,United Kingdom,1,263.0,3,46.666666666666664,165.66666666666666,3.55,4.15,2,0.0
17924.0,United Kingdom,1,404.0,8,151.0,407.21250000000003,2.6967715231788083,8.15,27,0.75
17925.0,United Kingdom,1,1.0,1,72.0,244.08,3.39,3.39,1,0.0
17926.0,United Kingdom,1,447.0,5,114.4,207.098,1.8102972027972029,9.95,27,0.0
17927.0,United Kingdom,1,1.0,1,108.0,294.0,2.7222222222222223,4.95,10,0.0
17928.0,United Kingdom,1,527.0,3,74.0,113.74666666666667,1.5371171171171172,16.95,27,0.0
17929.0,United Kingdom,1,720.0,12,36.166666666666664,256.84166666666664,7.101612903225806,9.95,6,0.08333333333333333
17930.0,United Kingdom,1,611.0,13,291.9230769230769,328.86307692307696,1.126540184453228,6.35,39,0.15384615384615385
17931.0,United Kingdom,1,528.0,14,138.35714285714286,245.5207142857143,1.7745431078988125,16.95,274,0.2857142857142857
17932.0,United Kingdom,1,183.0,3,263.0,443.8566666666666,1.6876679340937895,12.75,84,0.0
17933.0,United Kingdom,1,1.0,1,63.0,114.69,1.8204761904761904,7.49,12,0.0
17934.0,United Kingdom,1,356.0,3,209.33333333333334,349.7166666666667,1.6706210191082804,16.95,36,0.0
17935.0,United Kingdom,1,598.0,7,34.857142857142854,98.02,2.8120491803278687,12.75,60,0.14285714285714285
17936.0,United Kingdom,1,1.0,1,262.0,389.84,1.4879389312977098,9.95,68,0.0
17937.0,United Kingdom,1,355.0,7,250.57142857142858,614.46,2.4522348916761687,9.95,19,0.0
17938.0,United Kingdom,1,1.0,1,53.0,144.29,2.7224528301886792,7.95,29,0.0
17939.0,United Kingdom,1,1.0,1,40.0,99.14,2.4785,4.95,12,0.0
17940.0,United Kingdom,1,688.0,16,5348.75,1899.574375,0.3551436083197009,1867.86,11,0.375
17941.0,United Kingdom,1,573.0,4,277.0,358.32,1.2935740072202166,2.55,5,0.0
17942.0,United Kingdom,1,1.0,1,38.0,77.50000000000001,2.0394736842105265,2.1,2,0.0
17944.0,United Kingdom,1,1.0,1,85.0,75.41,0.8871764705882352,7.95,24,0.0
17945.0,United Kingdom,1,1.0,3,81.33333333333333,120.11666666666667,1.4768442622950821,12.75,66,0.0
17946.0,United Kingdom,1,27.0,2,37.5,74.78999999999999,1.9943999999999997,24.95,18,0.0
17947.0,United Kingdom,1,1.0,1,168.0,176.68,1.0516666666666667,1.79,9,0.0
17948.0,United Kingdom,1,1.0,1,144.0,358.56000000000006,2.49,2.49,1,0.0
17949.0,United Kingdom,1,737.0,118,513.0338983050848,994.1871186440678,1.9378585351349567,8985.6,58,0.1694915254237288
17950.0,United Kingdom,1,633.0,7,94.42857142857143,167.0914285714286,1.769500756429652,15.95,133,0.14285714285714285
17951.0,United Kingdom,1,366.0,4,195.0,335.14500000000004,1.718692307692308,12.75,24,0.25
17952.0,United Kingdom,1,164.0,4,126.0,204.9025,1.6262103174603175,16.95,85,0.0
17953.0,United Kingdom,1,1.0,1,99.0,160.82,1.6244444444444444,8.5,20,0.0
17954.0,United Kingdom,1,726.0,19,168.57894736842104,201.96684210526314,1.1980549484857945,9.95,479,0.3684210526315789
17955.0,United Kingdom,1,468.0,6,113.5,158.31666666666666,1.3948604992657856,8.5,16,0.0
17956.0,United Kingdom,1,1.0,1,1.0,12.75,12.75,12.75,1,0.0
17957.0,United Kingdom,1,1.0,1,287.0,111.67999999999999,0.38912891986062714,5.95,31,0.0
17958.0,United Kingdom,1,613.0,2,142.0,486.93999999999994,3.4291549295774644,14.95,35,0.0
17959.0,United Kingdom,1,1.0,1,49.0,140.75,2.872448979591837,39.95,2,0.0
17960.0,United Kingdom,1,471.0,3,20.0,45.02666666666667,2.2513333333333336,7.95,37,0.0
17961.0,United Kingdom,1,718.0,100,14.92,28.679899999999996,1.9222453083109918,125.0,486,0.02
17962.0,United Kingdom,1,554.0,4,162.75,171.855,1.0559447004608293,12.75,146,0.25
17963.0,United Kingdom,1,219.0,4,86.0,162.8775,1.893924418604651,19.95,98,0.0
17964.0,United Kingdom,1,342.0,2,150.5,235.85,1.567109634551495,16.95,84,0.0
17965.0,United Kingdom,1,689.0,29,153.89655172413794,244.28206896551725,1.5873134662782882,25.0,588,0.13793103448275862
17966.0,United Kingdom,1,654.0,10,394.3,197.442,0.5007405528785189,12.5,82,0.0
17967.0,United Kingdom,1,46.0,2,59.0,117.11,1.984915254237288,9.95,59,0.0
17968.0,United Kingdom,1,140.0,4,91.25,152.6725,1.673123287671233,7.95,106,0.0
17969.0,United Kingdom,1,568.0,20,50.85,118.497,2.3303244837758115,45.95,113,0.35
17970.0,United Kingdom,1,1.0,1,525.0,582.59,1.109695238095238,12.75,27,0.0
17971.0,United Kingdom,1,1.0,1,62.0,161.94,2.6119354838709676,7.95,21,0.0
17972.0,United Kingdom,1,1.0,1,37.0,136.04,3.6767567567567565,15.95,30,0.0
17973.0,United Kingdom,1,1.0,1,176.0,337.04,1.915,7.95,15,0.0
17974.0,United Kingdom,1,384.0,6,207.16666666666666,309.6766666666667,1.4948189863234111,12.75,279,0.0
17975.0,United Kingdom,1,476.0,24,91.04166666666667,279.78041666666667,3.0731029748283754,16.95,243,0.08333333333333333
17976.0,United Kingdom,1,1.0,1,106.0,353.19,3.3319811320754718,12.75,56,0.0
17977.0,United Kingdom,1,372.0,2,1031.0,782.8149999999999,0.7592774005819592,19.95,94,0.5
17978.0,United Kingdom,1,367.0,4,324.5,290.21,0.8943297380585515,24.95,62,0.0
17979.0,United Kingdom,1,225.0,4,99.25,189.4275,1.9085894206549119,12.75,116,0.25
17980.0,United Kingdom,1,229.0,4,195.5,258.355,1.3215089514066498,12.75,41,0.0
17981.0,United Kingdom,1,1.0,1,260.0,239.12,0.9196923076923077,8.95,17,0.0
17982.0,United Kingdom,1,1.0,1,117.0,138.18,1.181025641025641,4.25,13,0.0
17983.0,United Kingdom,1,1.0,1,108.0,171.71,1.5899074074074075,9.95,23,0.0
17984.0,United Kingdom,1,594.0,5,194.6,238.254,1.2243268242548817,16.95,209,0.0
17985.0,United Kingdom,1,1.0,1,183.0,634.95,3.4696721311475414,12.75,20,0.0
17986.0,United Kingdom,1,1.0,1,10.0,20.8,2.08,2.08,1,0.0
17987.0,United Kingdom,1,366.0,5,203.0,200.728,0.988807881773399,9.95,139,0.2
17988.0,United Kingdom,1,722.0,14,13.285714285714286,34.96714285714286,2.6319354838709677,39.95,115,0.07142857142857142
17989.0,United Kingdom,1,1.0,1,329.0,228.82999999999998,0.695531914893617,4.65,26,0.0
17990.0,United Kingdom,1,497.0,6,129.5,254.6016666666667,1.9660360360360363,5.95,40,0.16666666666666666
17991.0,United Kingdom,1,367.0,3,33.333333333333336,106.85000000000001,3.2055000000000002,19.95,37,0.0
17992.0,United Kingdom,1,1.0,1,131.0,254.13,1.9399236641221373,9.95,49,0.0
17993.0,United Kingdom,1,1.0,1,112.0,235.19,2.099910714285714,12.75,60,0.0
17994.0,United Kingdom,1,500.0,11,199.45454545454547,210.3018181818182,1.0543846855059253,16.95,227,0.2727272727272727
17995.0,United Kingdom,1,107.0,3,87.66666666666667,165.16,1.8839543726235741,12.75,28,0.0
17996.0,United Kingdom,1,168.0,3,195.66666666666666,160.77666666666667,0.821686541737649,12.75,63,0.0
17997.0,United Kingdom,1,91.0,8,287.25,246.33375,0.8575587467362925,19.95,133,0.5
17998.0,United Kingdom,1,359.0,3,187.0,213.08,1.1394652406417112,45.95,57,0.3333333333333333
17999.0,United Kingdom,1,342.0,3,100.33333333333333,180.1866666666667,1.7958803986710965,16.95,125,0.0
18000.0,United Kingdom,1,1.0,1,109.0,124.25,1.139908256880734,7.95,6,0.0
18001.0,United Kingdom,1,726.0,6,148.83333333333334,158.97333333333333,1.0681298992161254,16.95,120,0.0
18002.0,United Kingdom,1,357.0,4,18.0,62.48,3.471111111111111,29.95,52,0.0
18003.0,United Kingdom,1,1.0,1,299.0,358.61,1.1993645484949833,5.95,23,0.0
18004.0,United Kingdom,1,1.0,1,78.0,169.47,2.1726923076923077,12.75,32,0.0
18005.0,United Kingdom,1,45.0,2,46.5,124.86,2.6851612903225806,16.95,52,0.0
18006.0,United Kingdom,1,700.0,4,100.75,249.465,2.476079404466501,12.75,57,0.0
18007.0,United Kingdom,1,1.0,1,252.0,220.32,0.8742857142857142,16.95,46,0.0
18008.0,United Kingdom,1,633.0,23,340.4347826086956,860.3100000000001,2.5270919540229886,19.95,77,0.0
18009.0,United Kingdom,1,418.0,8,81.625,269.47875,3.3014241960183766,15.95,145,0.75
18010.0,United Kingdom,1,1.0,1,60.0,174.8,2.9133333333333336,16.95,14,0.0
18011.0,United Kingdom,1,195.0,2,63.5,212.12,3.340472440944882,15.95,63,0.0
18012.0,United Kingdom,1,1.0,1,63.0,115.3,1.83015873015873,29.95,13,0.0
18013.0,United Kingdom,1,1.0,2,142.5,93.645,0.657157894736842,3.75,31,0.0
18014.0,United Kingdom,1,1.0,1,68.0,166.42,2.4473529411764705,7.95,29,0.0
18015.0,United Kingdom,1,1.0,1,157.0,120.03,0.7645222929936306,4.25,46,0.0
18016.0,United Kingdom,1,650.0,7,172.71428571428572,280.0657142857143,1.6215550041356492,16.95,115,0.0
18017.0,United Kingdom,1,351.0,4,100.0,172.0,1.72,1.79,1,0.0
18018.0,United Kingdom,1,313.0,4,46.5,74.4975,1.6020967741935483,29.95,43,0.25
18019.0,United Kingdom,1,1.0,1,7.0,38.45,5.492857142857143,9.95,5,0.0
18020.0,United Kingdom,1,1.0,1,67.0,190.48,2.8429850746268657,15.95,12,1.0
18021.0,United Kingdom,1,4.0,2,84.5,113.53,1.3435502958579881,10.75,32,0.0
18022.0,United Kingdom,1,512.0,5,278.0,330.358,1.1883381294964028,14.95,306,0.0
18024.0,United Kingdom,1,1.0,2,92.0,194.89,2.118369565217391,9.95,21,0.5
18025.0,United Kingdom,1,241.0,6,175.5,196.28666666666666,1.1184425451092117,8.5,83,0.0
18026.0,United Kingdom,1,6.0,2,265.0,1037.035,3.9133396226415096,12.75,12,0.0
18027.0,United Kingdom,1,1.0,1,78.0,115.31,1.4783333333333333,5.95,21,0.0
18028.0,United Kingdom,1,1.0,1,133.0,192.05,1.443984962406015,4.25,4,0.0
18029.0,United Kingdom,1,1.0,1,253.0,433.77,1.714505928853755,6.75,18,0.0
18030.0,United Kingdom,1,39.0,2,33.5,115.32499999999999,3.4425373134328354,24.95,8,0.5
18031.0,United Kingdom,1,1.0,1,300.0,462.1,1.5403333333333333,9.95,49,0.0
18032.0,United Kingdom,1,1.0,1,42.0,73.5,1.75,2.25,5,0.0
18033.0,United Kingdom,1,1.0,1,253.0,97.97,0.38723320158102764,4.25,32,0.0
18034.0,United Kingdom,1,355.0,3,330.6666666666667,264.56666666666666,0.800100806451613,6.95,182,0.0
18035.0,United Kingdom,1,351.0,5,232.2,255.348,1.0996899224806203,16.95,52,0.0
18036.0,United Kingdom,1,690.0,11,68.0,142.14909090909092,2.090427807486631,19.95,221,0.0
18037.0,United Kingdom,1,585.0,15,2.466666666666667,11.161333333333333,4.524864864864864,21.95,31,0.0
18038.0,United Kingdom,1,1.0,1,85.0,149.41,1.757764705882353,19.95,25,0.0
18039.0,United Kingdom,1,267.0,4,142.5,144.7925,1.0160877192982456,9.95,137,0.0
18040.0,United Kingdom,1,227.0,2,74.0,178.60000000000002,2.413513513513514,8.5,18,0.0
18041.0,United Kingdom,1,684.0,38,194.23684210526315,213.63394736842105,1.0998631621731474,15.95,464,0.05263157894736842
18042.0,United Kingdom,1,489.0,2,34.5,140.575,4.07463768115942,11.95,13,0.0
18043.0,United Kingdom,1,343.0,3,94.0,186.50333333333333,1.9840780141843972,16.95,106,0.0
18044.0,United Kingdom,1,557.0,18,88.77777777777777,194.75611111111112,2.1937484355444306,16.95,128,0.05555555555555555
18045.0,United Kingdom,1,1.0,1,142.0,189.4,1.3338028169014085,8.5,43,0.0
18046.0,United Kingdom,1,1.0,1,44.0,189.63,4.309772727272727,39.95,26,0.0
18047.0,United Kingdom,1,1.0,2,69.0,171.345,2.483260869565217,14.95,74,0.0
18048.0,United Kingdom,1,291.0,3,86.0,133.91,1.557093023255814,12.75,56,0.0
18049.0,United Kingdom,1,154.0,2,212.5,278.26,1.3094588235294118,14.95,82,0.0
18050.0,United Kingdom,1,35.0,2,125.0,206.03,1.64824,14.95,22,0.0
18051.0,United Kingdom,1,97.0,7,237.28571428571428,326.04,1.3740397350993379,10.95,41,0.14285714285714285
18052.0,United Kingdom,1,1.0,1,17766.0,10877.18,0.6122469886299674,1.25,16,0.0
18053.0,United Kingdom,1,458.0,3,136.33333333333334,190.35666666666665,1.3962591687041563,9.95,29,1.0
18054.0,United Kingdom,1,1.0,1,96.0,176.5,1.8385416666666667,5.95,11,0.0
18055.0,United Kingdom,1,407.0,14,253.21428571428572,728.2207142857143,2.875906911142454,19.95,320,0.07142857142857142
18056.0,United Kingdom,1,331.0,2,167.0,277.3,1.6604790419161677,35.95,28,0.5
18057.0,United Kingdom,1,298.0,3,326.0,401.18666666666667,1.2306339468302658,12.75,121,0.0
18058.0,United Kingdom,1,659.0,3,131.33333333333334,258.02,1.9646192893401013,3.75,12,0.0
18059.0,United Kingdom,1,45.0,3,87.66666666666667,102.15333333333332,1.1652471482889732,7.95,17,0.3333333333333333
18060.0,United Kingdom,1,157.0,2,451.0,592.73,1.3142572062084257,12.75,74,0.0
18061.0,United Kingdom,1,715.0,28,119.96428571428571,217.2789285714286,1.8111967847573684,11.95,30,0.03571428571428571
18062.0,United Kingdom,1,425.0,6,138.5,272.1116666666667,1.9647051744885682,14.95,46,0.5
18063.0,United Kingdom,1,244.0,2,24.0,93.30000000000001,3.8875000000000006,4.95,2,0.0
18064.0,United Kingdom,1,544.0,11,246.27272727272728,408.6390909090909,1.6592949427833148,10.95,53,0.36363636363636365
18065.0,United Kingdom,1,726.0,29,78.10344827586206,202.29758620689657,2.590123620309051,24.95,193,0.10344827586206896
18066.0,United Kingdom,1,341.0,3,178.33333333333334,480.1333333333334,2.692336448598131,14.95,37,0.0
18067.0,United Kingdom,1,1.0,1,189.0,396.33,2.0969841269841267,12.5,36,0.0
18068.0,United Kingdom,1,1.0,1,6.0,101.69999999999999,16.95,16.95,1,0.0
18069.0,United Kingdom,1,624.0,11,293.3636363636364,412.77818181818185,1.4070529903935545,12.75,602,0.18181818181818182
18070.0,United Kingdom,1,1.0,1,86.0,314.1,3.652325581395349,5.95,9,1.0
18071.0,United Kingdom,1,478.0,6,115.0,194.9466666666667,1.6951884057971016,12.75,52,0.0
18072.0,United Kingdom,1,1.0,1,288.0,247.44,0.8591666666666666,1.95,18,1.0
18073.0,United Kingdom,1,84.0,12,259.0,323.1266666666667,1.2475933075933077,15.0,23,0.08333333333333333
18074.0,United Kingdom,1,133.0,2,180.5,509.72,2.8239335180055405,12.75,37,0.0
18075.0,United Kingdom,1,476.0,20,164.05,289.1645,1.7626607741542213,21.95,180,0.55
18076.0,United Kingdom,1,1.0,1,164.0,151.49,0.923719512195122,4.25,8,0.0
18077.0,United Kingdom,1,725.0,18,170.11111111111111,229.6494444444444,1.3499967341606791,5.95,141,0.0
18078.0,United Kingdom,1,412.0,4,107.75,211.15,1.9596287703016242,14.95,65,0.0
18079.0,United Kingdom,1,447.0,5,1763.0,848.55,0.481310266591038,5.95,107,0.0
18080.0,United Kingdom,1,225.0,2,321.0,615.75,1.9182242990654206,2.55,2,0.0
18081.0,United Kingdom,1,98.0,3,65.0,114.48333333333333,1.7612820512820513,12.75,14,0.0
18082.0,United Kingdom,1,1.0,1,621.0,703.37,1.1326409017713366,8.95,62,0.0
18083.0,United Kingdom,1,1.0,1,270.0,470.73,1.7434444444444446,16.95,36,0.0
18084.0,United Kingdom,1,373.0,3,253.66666666666666,270.97666666666663,1.068239159001314,12.75,7,0.6666666666666666
18085.0,United Kingdom,1,299.0,4,126.75,335.46250000000003,2.646646942800789,5.95,42,0.0
18086.0,United Kingdom,1,1.0,1,106.0,101.34,0.9560377358490566,3.25,7,0.0
18087.0,United Kingdom,1,641.0,17,457.3529411764706,868.3247058823529,1.8985877813504821,852.8,44,0.23529411764705882
18088.0,United Kingdom,1,1.0,1,109.0,167.67000000000002,1.5382568807339452,12.75,35,0.0
18089.0,United Kingdom,1,1.0,1,95.0,428.45,4.51,19.95,9,0.0
18090.0,United Kingdom,1,1.0,1,321.0,349.4,1.088473520249221,7.95,47,0.0
18091.0,United Kingdom,1,1.0,1,539.0,360.85,0.6694805194805196,9.95,25,0.0
18092.0,United Kingdom,1,734.0,18,461.0,816.3177777777778,1.7707543986502774,10.95,42,0.1111111111111111
18093.0,United Kingdom,1,526.0,8,428.625,556.58875,1.2985447652376787,9.95,43,0.125
18094.0,United Kingdom,1,621.0,13,320.3076923076923,491.65538461538466,1.5349471661863594,8.5,55,0.15384615384615385
18095.0,United Kingdom,1,288.0,5,324.6,460.61800000000005,1.4190326555760937,9.95,37,0.0
18096.0,United Kingdom,1,503.0,6,247.16666666666666,300.88,1.217316250842886,14.95,299,0.0
18097.0,United Kingdom,1,716.0,11,249.0909090909091,423.9381818181818,1.701941605839416,15.95,86,0.2727272727272727
18098.0,United Kingdom,1,1.0,1,217.0,550.84,2.5384331797235022,14.95,85,0.0
18099.0,United Kingdom,1,1.0,1,149.0,168.31,1.1295973154362415,7.95,19,0.0
18100.0,United Kingdom,1,1.0,1,440.0,451.56,1.0262727272727272,12.75,30,0.0
18101.0,United Kingdom,1,664.0,5,50.0,125.832,2.5166399999999998,24.95,89,0.0
18102.0,United Kingdom,1,739.0,145,1252.7241379310344,4006.8071724137935,3.1984752676924773,52.78,382,0.05517241379310345
18103.0,United Kingdom,1,1.0,1,23.0,105.8,4.6,12.75,10,0.0
18104.0,United Kingdom,1,1.0,1,362.0,754.64,2.0846408839779005,8.25,38,0.0
18105.0,United Kingdom,1,1.0,1,46.0,113.48000000000002,2.4669565217391307,9.95,18,0.0
18106.0,United Kingdom,1,365.0,6,85.33333333333333,243.57666666666668,2.8544140625,12.75,126,0.0
18107.0,United Kingdom,1,1.0,1,66.0,167.13,2.5322727272727272,16.95,38,0.0
18108.0,United Kingdom,1,484.0,3,87.0,282.93666666666667,3.252145593869732,10.75,43,0.3333333333333333
18109.0,United Kingdom,1,526.0,38,127.10526315789474,253.06605263157894,1.9909958592132506,24.95,203,0.18421052631578946
18110.0,United Kingdom,1,393.0,2,93.0,217.715,2.341021505376344,8.95,58,0.5
18111.0,United Kingdom,1,1.0,1,232.0,405.85,1.7493534482758621,16.95,27,1.0
18112.0,United Kingdom,1,540.0,4,111.75,193.99,1.7359284116331097,12.75,59,0.0
18113.0,United Kingdom,1,1.0,1,72.0,76.32000000000001,1.06,1.06,1,0.0
18114.0,United Kingdom,1,1.0,1,55.0,220.1,4.001818181818182,24.95,28,0.0
18115.0,United Kingdom,1,1.0,1,3.0,9.700000000000001,3.233333333333334,5.95,3,0.0
18116.0,United Kingdom,1,345.0,13,98.53846153846153,165.71538461538464,1.6817330210772836,16.95,311,0.0
18117.0,United Kingdom,1,1.0,1,618.0,320.71999999999997,0.5189644012944983,6.75,68,0.0
18118.0,United Kingdom,1,372.0,29,110.51724137931035,215.7710344827586,1.952374414976599,16.95,444,0.20689655172413793
18119.0,United Kingdom,1,1.0,1,125.0,181.12,1.44896,11.95,29,0.0
18120.0,United Kingdom,1,1.0,1,31.0,111.15,3.585483870967742,9.95,17,0.0
18121.0,United Kingdom,1,6.0,2,225.0,336.55,1.4957777777777779,6.25,28,0.0
18122.0,United Kingdom,1,143.0,6,205.66666666666666,304.36833333333334,1.4799108589951377,39.95,239,0.0
18123.0,United Kingdom,1,490.0,3,209.66666666666666,228.1966666666667,1.0883783783783785,9.95,53,0.0
18124.0,United Kingdom,1,1.0,1,51.0,111.53,2.1868627450980394,6.95,20,0.0
18125.0,United Kingdom,1,288.0,4,201.0,285.7475,1.4216293532338309,12.75,164,0.25
18126.0,United Kingdom,1,1.0,1,144.0,206.83,1.4363194444444445,8.25,52,0.0
18127.0,United Kingdom,1,385.0,4,63.0,140.3825,2.228293650793651,25.0,56,0.0
18128.0,United Kingdom,1,1.0,1,221.0,420.03999999999996,1.9006334841628958,7.95,42,0.0
18129.0,United Kingdom,1,1.0,1,48.0,112.55,2.3447916666666666,12.75,13,0.0
18130.0,United Kingdom,1,43.0,3,274.6666666666667,353.13000000000005,1.2856674757281554,16.65,58,0.3333333333333333
18131.0,United Kingdom,1,1.0,1,552.0,222.95999999999998,0.40391304347826085,1.65,4,0.0
18132.0,United Kingdom,1,1.0,1,216.0,226.9,1.050462962962963,8.5,60,0.0
18133.0,United Kingdom,1,1.0,1,1350.0,931.4999999999999,0.69,0.69,1,1.0
18134.0,United Kingdom,1,97.0,2,64.0,222.5,3.4765625,14.95,27,0.0
18135.0,United Kingdom,1,606.0,10,75.3,124.96200000000002,1.6595219123505978,12.75,23,0.3
18136.0,United Kingdom,1,389.0,5,172.0,326.27200000000005,1.8969302325581396,9.95,77,0.8
18137.0,United Kingdom,1,1.0,2,29.5,72.995,2.474406779661017,12.75,26,0.0
18138.0,United Kingdom,1,1.0,1,38.0,152.65,4.0171052631578945,12.75,8,0.0
18139.0,United Kingdom,1,2.0,6,926.1666666666666,1406.39,1.518506388339032,4.95,35,0.3333333333333333
18140.0,West Indies,1,1.0,1,395.0,536.41,1.3579999999999999,7.95,49,0.0
18141.0,United Kingdom,1,189.0,2,216.5,441.235,2.0380369515011547,9.95,38,1.0
18142.0,United Kingdom,1,59.0,2,638.0,509.76,0.7989968652037618,4.95,9,1.0
18143.0,United Kingdom,1,26.0,2,285.0,500.08000000000004,1.7546666666666668,8.95,59,0.0
18144.0,United Kingdom,1,717.0,19,112.84210526315789,257.5236842105263,2.282159514925373,16.95,51,0.0
18145.0,United Kingdom,1,720.0,11,464.27272727272725,510.7081818181818,1.1000176228705698,29.95,250,0.09090909090909091
18146.0,United Kingdom,1,81.0,2,76.5,80.17500000000001,1.0480392156862746,5.95,10,0.0
18147.0,United Kingdom,1,64.0,2,101.5,89.66999999999999,0.8834482758620689,3.75,7,0.0
18148.0,United Kingdom,1,1.0,1,64.0,114.10000000000001,1.7828125000000001,5.95,9,0.0
18149.0,United Kingdom,1,586.0,7,131.14285714285714,232.10142857142858,1.7698366013071896,9.95,54,0.0
18150.0,United Kingdom,1,170.0,3,110.66666666666667,188.86,1.7065662650602411,6.75,29,0.0
18151.0,United Kingdom,1,512.0,6,164.33333333333334,313.24,1.9061257606490873,39.95,99,0.16666666666666666
18152.0,United Kingdom,1,1.0,1,75.0,426.69,5.6892,15.95,10,0.0
18153.0,United Kingdom,1,1.0,1,200.0,246.22,1.2311,2.95,17,0.0
18154.0,United Kingdom,1,488.0,5,125.2,186.52,1.489776357827476,12.75,34,0.0
18155.0,United Kingdom,1,217.0,3,88.66666666666667,123.87333333333333,1.3970676691729325,5.95,19,0.3333333333333333
18156.0,United Kingdom,1,358.0,2,150.5,367.47,2.4416611295681063,12.75,100,0.0
18157.0,United Kingdom,1,1.0,1,146.0,215.35,1.4749999999999999,16.95,25,0.0
18158.0,United Kingdom,1,80.0,2,177.0,226.7,1.2807909604519774,2.95,24,0.5
18159.0,United Kingdom,1,1.0,1,139.0,530.15,3.814028776978417,16.95,23,0.0
18160.0,United Kingdom,1,330.0,3,173.0,334.62666666666667,1.9342581888246628,9.95,56,0.0
18161.0,United Kingdom,1,365.0,6,160.83333333333334,300.5166666666667,1.868497409326425,12.75,57,0.16666666666666666
18162.0,United Kingdom,1,1.0,1,335.0,379.16,1.131820895522388,6.95,45,0.0
18163.0,United Kingdom,1,1.0,1,452.0,728.84,1.6124778761061949,12.75,33,1.0
18164.0,United Kingdom,1,1.0,1,184.0,399.65000000000003,2.1720108695652174,12.75,24,1.0
18165.0,United Kingdom,1,1.0,1,254.0,302.46000000000004,1.1907874015748032,4.95,10,0.0
18166.0,United Kingdom,1,1.0,1,90.0,175.5,1.95,4.95,10,0.0
18167.0,United Kingdom,1,83.0,3,127.33333333333333,461.62000000000006,3.625287958115184,10.95,24,1.0
18168.0,United Kingdom,1,561.0,16,127.75,219.185625,1.715738747553816,10.95,209,0.375
18169.0,United Kingdom,1,1.0,1,61.0,202.65,3.3221311475409836,12.75,9,0.0
18170.0,United Kingdom,1,668.0,9,131.55555555555554,319.77777777777777,2.4307432432432434,16.95,59,0.0
18171.0,United Kingdom,1,646.0,9,110.11111111111111,270.8122222222222,2.4594450050454086,49.95,76,0.2222222222222222
18172.0,United Kingdom,1,715.0,52,142.55769230769232,336.15076923076924,2.3579981114258737,295.0,176,0.21153846153846154
18173.0,United Kingdom,1,527.0,5,346.0,539.272,1.5585895953757227,9.95,34,0.0
18174.0,United Kingdom,1,597.0,2,40.0,81.25,2.03125,2.08,1,0.0
18175.0,United Kingdom,1,1.0,1,70.0,176.10000000000002,2.515714285714286,12.75,7,0.0
18176.0,United Kingdom,1,1.0,1,283.0,476.35,1.6832155477031803,10.75,30,1.0
18177.0,United Kingdom,1,694.0,9,137.66666666666666,246.31888888888886,1.7892413236481033,5.45,66,0.1111111111111111
18178.0,United Kingdom,1,532.0,11,350.0,554.8854545454545,1.585387012987013,39.95,204,0.36363636363636365
18179.0,United Kingdom,1,655.0,8,226.375,318.44375,1.4067090005521812,14.95,101,0.0
18180.0,United Kingdom,1,139.0,6,286.8333333333333,307.2916666666667,1.0713248111563045,12.75,108,0.0
18181.0,United Kingdom,1,712.0,5,104.8,241.18800000000002,2.3014122137404582,16.95,139,0.4
18182.0,United Kingdom,1,1.0,1,167.0,291.13,1.7432934131736526,5.55,10,0.0
18183.0,United Kingdom,1,48.0,2,185.5,316.035,1.7036927223719678,14.95,36,2.0
18184.0,United Kingdom,1,1.0,1,60.0,49.8,0.83,0.83,1,0.0
18185.0,United Kingdom,1,1.0,1,183.0,304.25,1.6625683060109289,12.75,17,0.0
18186.0,United Kingdom,1,1.0,1,338.0,329.58,0.9750887573964496,8.95,11,0.0
18187.0,United Kingdom,1,1.0,1,310.0,724.89,2.3383548387096775,14.95,48,2.0
18188.0,United Kingdom,1,609.0,6,314.6666666666667,546.765,1.7376006355932203,9.95,95,0.3333333333333333
18189.0,United Kingdom,1,549.0,3,278.6666666666667,467.91,1.679102870813397,8.5,79,0.6666666666666666
18190.0,United Kingdom,1,526.0,5,98.0,149.124,1.5216734693877552,12.75,34,0.2
18191.0,United Kingdom,1,217.0,2,166.0,264.7,1.594578313253012,8.25,15,0.0
18192.0,United Kingdom,1,1.0,1,339.0,957.97,2.8258702064896757,12.75,45,0.0
18193.0,United Kingdom,1,278.0,3,308.6666666666667,402.45,1.3038336933045356,35.95,66,0.6666666666666666
18194.0,United Kingdom,1,599.0,6,295.6666666666667,693.6733333333333,2.3461330326944756,8.5,23,0.16666666666666666
18195.0,United Kingdom,1,1.0,1,60.0,101.16,1.686,5.95,5,0.0
18196.0,United Kingdom,1,538.0,4,261.75,366.0775,1.3985768863419292,15.95,210,0.0
18197.0,United Kingdom,1,1.0,1,166.0,230.1,1.3861445783132529,3.75,9,1.0
18198.0,United Kingdom,1,333.0,17,239.64705882352942,319.15058823529415,1.3317525773195877,12.5,81,0.23529411764705882
18199.0,United Kingdom,1,1.0,1,99.0,344.75,3.4823232323232323,9.95,20,1.0
18200.0,United Kingdom,1,1.0,1,111.0,163.8,1.4756756756756757,5.95,29,0.0
18201.0,United Kingdom,1,1.0,1,191.0,447.53000000000003,2.343089005235602,12.75,27,0.0
18202.0,United Kingdom,1,113.0,3,193.66666666666666,465.66333333333336,2.4044578313253013,16.95,55,0.0
18203.0,United Kingdom,1,575.0,4,28.25,126.105,4.463893805309735,14.95,40,0.0
18204.0,United Kingdom,1,122.0,3,400.0,664.5666666666667,1.6614166666666668,12.75,159,0.3333333333333333
18205.0,United Kingdom,1,39.0,2,96.0,258.68,2.6945833333333336,12.75,30,0.0
18206.0,United Kingdom,1,1.0,1,246.0,314.65999999999997,1.2791056910569105,2.95,19,0.0
18207.0,United Kingdom,1,1.0,1,325.0,544.47,1.6752923076923079,18.95,31,2.0
18208.0,United Kingdom,1,1.0,1,82.0,360.08,4.391219512195121,18.95,17,0.0
18209.0,United Kingdom,1,1.0,1,58.0,139.10000000000002,2.398275862068966,5.95,8,0.0
18210.0,United Kingdom,1,382.0,7,214.14285714285714,395.54714285714283,1.8471180787191461,16.95,116,0.0
18211.0,United Kingdom,1,254.0,5,71.8,120.01399999999998,1.6715041782729803,10.75,37,0.0
18212.0,United Kingdom,1,352.0,2,83.5,273.36,3.2737724550898206,12.75,40,0.0
18213.0,United Kingdom,1,1.0,1,232.0,232.48000000000002,1.0020689655172415,5.95,15,0.0
18214.0,United Kingdom,1,25.0,4,247.25,445.085,1.8001415571284125,10.65,38,0.25
18215.0,United Kingdom,1,535.0,5,228.6,449.49800000000005,1.966307961504812,10.95,53,0.2
18216.0,United Kingdom,1,1.0,1,200.0,481.75,2.40875,25.0,26,0.0
18217.0,United Kingdom,1,498.0,4,185.0,236.26,1.277081081081081,4.95,33,0.5
18218.0,United Kingdom,1,450.0,4,269.0,285.5,1.0613382899628252,6.75,25,0.5
18219.0,United Kingdom,1,731.0,17,93.29411764705883,197.21764705882356,2.1139344262295086,25.0,87,0.11764705882352941
18220.0,United Kingdom,1,499.0,6,225.33333333333334,320.29333333333335,1.4214201183431951,12.75,17,0.8333333333333334
18221.0,United Kingdom,1,369.0,6,166.66666666666666,237.49,1.42494,12.75,71,0.3333333333333333
18222.0,United Kingdom,1,1.0,1,335.0,443.0,1.3223880597014925,14.95,19,0.0
18223.0,United Kingdom,1,732.0,26,255.53846153846155,538.4942307692307,2.1072922937989165,12.75,192,1.0
18224.0,United Kingdom,1,1.0,1,69.0,158.95000000000002,2.303623188405797,5.95,10,0.0
18225.0,United Kingdom,1,733.0,26,280.3076923076923,500.93307692307695,1.787082875960483,12.75,266,0.3076923076923077
18226.0,United Kingdom,1,601.0,26,303.1923076923077,456.88,1.5068983889382215,79.95,299,0.46153846153846156
18227.0,United Kingdom,1,268.0,2,11.0,194.375,17.670454545454547,295.0,6,0.5
18228.0,United Kingdom,1,24.0,2,119.0,389.95,3.276890756302521,9.95,23,0.5
18229.0,United Kingdom,1,726.0,28,109.67857142857143,362.5182142857143,3.3052784109410616,14.95,73,0.0
18230.0,United Kingdom,1,517.0,9,221.77777777777777,476.7844444444445,2.1498296593186375,9.95,42,0.3333333333333333
18231.0,United Kingdom,1,507.0,28,104.39285714285714,245.7489285714286,2.3540780020526855,12.75,218,0.07142857142857142
18232.0,United Kingdom,1,117.0,4,75.5,148.2425,1.963476821192053,12.75,31,0.25
18233.0,United Kingdom,1,1.0,1,4.0,440.0,110.0,110.0,1,0.0
18234.0,United Kingdom,1,1.0,1,80.0,179.6,2.245,8.5,30,0.0
18235.0,United Kingdom,1,147.0,3,526.0,598.8266666666667,1.1384537389100127,16.95,100,0.0
18236.0,United Kingdom,1,575.0,12,58.0,149.6125,2.579525862068966,12.75,80,0.0
18237.0,United Kingdom,1,133.0,5,124.4,197.42000000000002,1.5869774919614148,12.75,40,0.0
18238.0,United Kingdom,1,1.0,1,114.0,270.92,2.3764912280701758,7.95,14,0.0
18239.0,United Kingdom,1,205.0,6,140.66666666666666,285.37666666666667,2.0287440758293838,16.95,85,0.0
18240.0,United Kingdom,1,1.0,1,126.0,422.58,3.353809523809524,5.95,6,0.0
18241.0,United Kingdom,1,609.0,21,70.04761904761905,142.23761904761906,2.030584636301836,12.75,101,0.09523809523809523
18242.0,United Kingdom,1,626.0,8,252.625,450.65125,1.7838743196437408,15.95,113,0.0
18243.0,United Kingdom,1,1.0,1,221.0,515.78,2.333846153846154,7.95,26,0.0
18244.0,United Kingdom,1,73.0,2,428.0,284.32,0.6642990654205607,4.95,19,0.0
18245.0,United Kingdom,1,635.0,20,254.9,316.249,1.2406786975284425,14.95,336,0.15
18246.0,United Kingdom,1,587.0,3,71.33333333333333,252.93999999999997,3.5458878504672895,9.95,3,0.0
18247.0,United Kingdom,1,218.0,3,111.66666666666667,279.91,2.5066567164179103,12.75,28,1.0
18248.0,United Kingdom,1,65.0,2,255.5,402.01,1.5734246575342465,39.95,39,1.0
18249.0,United Kingdom,1,1.0,1,128.0,95.34,0.74484375,3.75,8,0.0
18250.0,United Kingdom,1,1.0,1,199.0,349.27,1.7551256281407035,12.75,21,1.0
18251.0,United Kingdom,1,631.0,9,4404.333333333333,2919.8733333333334,0.6629546658593809,4.25,87,0.0
18252.0,United Kingdom,1,672.0,7,133.85714285714286,220.29857142857142,1.6457737459978654,19.95,125,0.14285714285714285
18253.0,United Kingdom,1,1.0,1,128.0,317.88,2.4834375,7.49,7,0.0
18254.0,United Kingdom,1,1.0,1,188.0,267.9,1.4249999999999998,3.75,16,0.0
18255.0,United Kingdom,1,368.0,2,100.5,151.575,1.5082089552238804,4.95,16,0.0
18256.0,United Kingdom,1,1.0,1,180.0,110.7,0.615,2.1,10,1.0
18257.0,United Kingdom,1,621.0,12,197.41666666666666,383.3458333333333,1.941810890671169,15.0,219,0.5
18258.0,United Kingdom,1,109.0,6,330.1666666666667,343.27833333333336,1.0397122665320546,12.75,30,0.3333333333333333
18259.0,United Kingdom,1,708.0,7,182.0,563.1285714285715,3.0941130298273154,4.95,51,0.0
18260.0,United Kingdom,1,553.0,23,228.1304347826087,433.13521739130437,1.8986296931579951,295.0,212,0.391304347826087
18261.0,United Kingdom,1,53.0,2,73.0,162.12,2.220821917808219,9.95,19,0.0
18262.0,United Kingdom,1,463.0,3,184.0,192.51333333333332,1.0462681159420288,5.95,40,0.0
18263.0,United Kingdom,1,228.0,3,489.3333333333333,404.3866666666667,0.8264032697547684,2.89,59,0.3333333333333333
18264.0,United Kingdom,1,1.0,1,241.0,603.25,2.5031120331950207,12.75,36,0.0
18265.0,United Kingdom,1,87.0,2,155.5,400.755,2.5772025723472667,15.0,44,0.0
18266.0,United Kingdom,1,1.0,1,138.0,251.1,1.8195652173913044,4.95,14,0.0
18267.0,United Kingdom,1,1.0,1,135.0,269.37,1.9953333333333334,6.75,17,1.0
18268.0,United Kingdom,1,595.0,6,118.5,248.37166666666667,2.095963431786217,12.75,36,0.3333333333333333
18269.0,United Kingdom,1,1.0,1,76.0,168.6,2.218421052631579,4.95,7,1.0
18270.0,United Kingdom,1,395.0,3,69.66666666666667,148.18333333333334,2.1270334928229664,12.75,17,0.3333333333333333
18271.0,United Kingdom,1,123.0,2,159.5,340.425,2.1343260188087774,5.45,19,0.0
18272.0,United Kingdom,1,644.0,9,320.0,487.33111111111117,1.5229097222222223,9.95,145,0.2222222222222222
18273.0,United Kingdom,1,589.0,4,35.0,89.25,2.55,2.55,1,0.0
18274.0,United Kingdom,1,1.0,1,88.0,175.92,1.999090909090909,12.75,11,1.0
18275.0,United Kingdom,1,154.0,2,208.5,370.925,1.7790167865707434,5.95,19,0.0
18276.0,United Kingdom,1,687.0,6,207.66666666666666,276.08666666666664,1.329470304975923,12.75,81,0.6666666666666666
18277.0,United Kingdom,1,437.0,5,89.8,236.01,2.6281737193763917,79.95,53,0.6
18278.0,United Kingdom,1,332.0,2,70.0,207.10000000000002,2.958571428571429,9.95,22,0.0
18279.0,United Kingdom,1,1.0,1,630.0,231.33999999999997,0.36720634920634915,0.85,13,0.0
18280.0,United Kingdom,1,118.0,2,97.0,244.07500000000002,2.5162371134020622,12.75,28,0.5
18281.0,United Kingdom,1,398.0,2,73.0,100.57,1.3776712328767122,16.95,17,0.0
18282.0,United Kingdom,1,120.0,2,51.5,89.025,1.7286407766990293,12.75,12,0.5
18283.0,United Kingdom,1,656.0,22,78.77272727272727,124.39318181818182,1.5791402192729371,15.95,352,0.0
18284.0,United Kingdom,1,1.0,1,494.0,461.68,0.9345748987854251,50.0,28,1.0
18285.0,United Kingdom,1,1.0,1,145.0,427.0,2.9448275862068964,50.0,12,0.0
18286.0,United Kingdom,1,248.0,2,304.0,648.215,2.1322861842105265,50.0,67,0.5
18287.0,United Kingdom,1,530.0,7,430.42857142857144,597.5699999999999,1.3883139727846,50.0,120,0.14285714285714285
